2026-01-20 14:59:18,573 - INFO - === 自动交易机器人启动 ===
2026-01-20 14:59:18,573 - INFO - 当前资金: 100000.0, 持仓数: 0
2026-01-20 14:59:18,573 - INFO - --- 开始新一轮扫描 14:59:18 ---
2026-01-20 15:00:27,870 - INFO - 初筛候选股数量: 20
2026-01-20 15:00:27,871 - INFO - 正在分析: 603058 永吉股份 ...
2026-01-20 15:00:29,357 - INFO - 正在分析: 688665 四方光电 ...
2026-01-20 15:00:30,529 - INFO - 正在分析: 603567 珍宝岛 ...
2026-01-20 15:00:31,713 - INFO - 正在分析: 920914 远航精密 ...
2026-01-20 15:00:32,889 - INFO - 正在分析: 300545 联得装备 ...
2026-01-20 15:00:34,073 - INFO - 正在分析: 002816 *ST和科 ...
2026-01-20 15:00:35,252 - INFO - 正在分析: 603283 赛腾股份 ...
2026-01-20 15:00:36,439 - INFO - 正在分析: 300103 达刚控股 ...
2026-01-20 15:00:37,681 - INFO - 正在分析: 001380 华纬科技 ...
2026-01-20 15:00:38,879 - INFO - 正在分析: 688501 青达环保 ...
2026-01-20 15:00:40,063 - INFO - 正在分析: 600243 *ST海华 ...
2026-01-20 15:00:41,275 - INFO - 正在分析: 000720 新能泰山 ...
2026-01-20 15:00:42,462 - INFO - 正在分析: 603115 海星股份 ...
2026-01-20 15:00:43,652 - INFO - 正在分析: 600246 万通发展 ...
2026-01-20 15:00:44,813 - INFO - 正在分析: 688709 成都华微 ...
2026-01-20 15:00:46,007 - INFO - 正在分析: 603012 创力集团 ...
2026-01-20 15:00:47,181 - INFO - 正在分析: 603869 ST智知 ...
2026-01-20 15:00:48,371 - INFO - 正在分析: 600975 新五丰 ...
2026-01-20 15:00:49,558 - INFO - 正在分析: 002623 亚玛顿 ...
2026-01-20 15:00:50,748 - INFO - 正在分析: 603618 杭电股份 ...
2026-01-20 15:05:26,255 - INFO - === 自动交易机器人启动 ===
2026-01-20 15:05:26,255 - INFO - 当前资金: 100000.0, 持仓数: 0
2026-01-20 15:05:26,255 - INFO - --- 开始新一轮扫描 15:05:26 ---
2026-01-20 15:05:51,956 - INFO - --- 开始新一轮扫描 15:05:51 ---
2026-01-20 15:06:31,476 - INFO - 初筛候选股数量: 20
2026-01-20 15:06:31,476 - INFO - 正在分析: 920914 远航精密 ...
2026-01-20 15:06:32,613 - INFO - 正在分析: 603567 珍宝岛 ...
2026-01-20 15:06:33,689 - INFO - 正在分析: 603283 赛腾股份 ...
2026-01-20 15:06:34,779 - INFO - 正在分析: 603058 永吉股份 ...
2026-01-20 15:06:35,855 - INFO - 正在分析: 002816 *ST和科 ...
2026-01-20 15:06:36,956 - INFO - 正在分析: 300103 达刚控股 ...
2026-01-20 15:06:38,042 - INFO - 正在分析: 001380 华纬科技 ...
2026-01-20 15:06:39,101 - INFO - 正在分析: 600246 万通发展 ...
2026-01-20 15:06:40,181 - INFO - 正在分析: 000720 新能泰山 ...
2026-01-20 15:06:41,264 - INFO - 正在分析: 600243 *ST海华 ...
2026-01-20 15:06:42,349 - INFO - 正在分析: 600537 亿晶光电 ...
2026-01-20 15:06:43,432 - INFO - 正在分析: 600975 新五丰 ...
2026-01-20 15:06:44,515 - INFO - 正在分析: 300852 四会富仕 ...
2026-01-20 15:06:45,589 - INFO - 正在分析: 002623 亚玛顿 ...
2026-01-20 15:06:46,671 - INFO - 正在分析: 688709 成都华微 ...
2026-01-20 15:06:47,748 - INFO - 正在分析: 603012 创力集团 ...
2026-01-20 15:06:48,823 - INFO - 正在分析: 605116 奥锐特 ...
2026-01-20 15:06:49,899 - INFO - 正在分析: 001382 新亚电缆 ...
2026-01-20 15:06:50,981 - INFO - 正在分析: 603618 杭电股份 ...
2026-01-20 15:06:52,053 - INFO - 正在分析: 002955 鸿合科技 ...
2026-01-20 15:07:04,085 - INFO - 初筛候选股数量: 20
2026-01-20 15:07:04,086 - INFO - 正在分析: 920914 远航精密 ...
2026-01-20 15:07:05,151 - INFO - 正在分析: 603567 珍宝岛 ...
2026-01-20 15:07:06,241 - INFO - 正在分析: 603283 赛腾股份 ...
2026-01-20 15:07:07,321 - INFO - 正在分析: 603058 永吉股份 ...
2026-01-20 15:07:08,409 - INFO - 正在分析: 002816 *ST和科 ...
2026-01-20 15:07:09,484 - INFO - 正在分析: 300103 达刚控股 ...
2026-01-20 15:07:10,562 - INFO - 正在分析: 001380 华纬科技 ...
2026-01-20 15:07:11,642 - INFO - 正在分析: 600246 万通发展 ...
2026-01-20 15:07:12,710 - INFO - 正在分析: 000720 新能泰山 ...
2026-01-20 15:07:13,796 - INFO - 正在分析: 600243 *ST海华 ...
2026-01-20 15:07:14,886 - INFO - 正在分析: 600537 亿晶光电 ...
2026-01-20 15:07:15,972 - INFO - 正在分析: 600975 新五丰 ...
2026-01-20 15:07:17,058 - INFO - 正在分析: 300852 四会富仕 ...
2026-01-20 15:07:18,143 - INFO - 正在分析: 002623 亚玛顿 ...
2026-01-20 15:07:19,205 - INFO - 正在分析: 688709 成都华微 ...
2026-01-20 15:07:20,280 - INFO - 正在分析: 603012 创力集团 ...
2026-01-20 15:07:21,372 - INFO - 正在分析: 605116 奥锐特 ...
2026-01-20 15:07:22,452 - INFO - 正在分析: 001382 新亚电缆 ...
2026-01-20 15:07:23,532 - INFO - 正在分析: 603618 杭电股份 ...
2026-01-20 15:07:24,625 - INFO - 正在分析: 002955 鸿合科技 ...
2026-01-20 15:11:53,152 - INFO - --- 开始新一轮扫描 15:11:53 ---
2026-01-20 15:12:25,711 - INFO - --- 开始新一轮扫描 15:12:25 ---
2026-01-20 15:13:06,306 - INFO - 初筛候选股数量: 20
2026-01-20 15:13:06,307 - INFO - 正在分析: 920914 远航精密 ...
2026-01-20 15:13:07,505 - INFO - 正在分析: 603567 珍宝岛 ...
2026-01-20 15:13:08,675 - INFO - 正在分析: 603283 赛腾股份 ...
2026-01-20 15:13:10,172 - INFO - 正在分析: 603058 永吉股份 ...
2026-01-20 15:13:11,347 - INFO - 正在分析: 002816 *ST和科 ...
2026-01-20 15:13:12,518 - INFO - 正在分析: 300103 达刚控股 ...
2026-01-20 15:13:13,818 - INFO - 正在分析: 001380 华纬科技 ...
2026-01-20 15:13:14,988 - INFO - 正在分析: 600246 万通发展 ...
2026-01-20 15:13:16,173 - INFO - 正在分析: 000720 新能泰山 ...
2026-01-20 15:13:17,353 - INFO - 正在分析: 600243 *ST海华 ...
2026-01-20 15:13:18,538 - INFO - 正在分析: 600537 亿晶光电 ...
2026-01-20 15:13:19,711 - INFO - 正在分析: 600975 新五丰 ...
2026-01-20 15:13:20,882 - INFO - 正在分析: 300852 四会富仕 ...
2026-01-20 15:13:22,060 - INFO - 正在分析: 002623 亚玛顿 ...
2026-01-20 15:13:23,231 - INFO - 正在分析: 688709 成都华微 ...
2026-01-20 15:13:24,403 - INFO - 正在分析: 603012 创力集团 ...
2026-01-20 15:13:25,577 - INFO - 正在分析: 605116 奥锐特 ...
2026-01-20 15:13:26,756 - INFO - 正在分析: 001382 新亚电缆 ...
2026-01-20 15:13:27,918 - INFO - 正在分析: 603618 杭电股份 ...
2026-01-20 15:13:29,111 - INFO - 正在分析: 002955 鸿合科技 ...
2026-01-20 15:13:40,667 - INFO - 初筛候选股数量: 20
2026-01-20 15:13:40,668 - INFO - 正在分析: 920914 远航精密 ...
2026-01-20 15:13:42,619 - INFO - 正在分析: 603567 珍宝岛 ...
2026-01-20 15:13:44,001 - INFO - 正在分析: 603283 赛腾股份 ...
2026-01-20 15:13:45,224 - INFO - 正在分析: 603058 永吉股份 ...
2026-01-20 15:13:46,421 - INFO - 正在分析: 002816 *ST和科 ...
2026-01-20 15:13:47,600 - INFO - 正在分析: 300103 达刚控股 ...
2026-01-20 15:13:48,779 - INFO - 正在分析: 001380 华纬科技 ...
2026-01-20 15:13:50,015 - INFO - 正在分析: 600246 万通发展 ...
2026-01-20 15:13:51,201 - INFO - 正在分析: 000720 新能泰山 ...
2026-01-20 15:13:52,431 - INFO - 正在分析: 600243 *ST海华 ...
2026-01-20 15:13:53,609 - INFO - 正在分析: 600537 亿晶光电 ...
2026-01-20 15:13:54,785 - INFO - 正在分析: 600975 新五丰 ...
2026-01-20 15:13:56,001 - INFO - 正在分析: 300852 四会富仕 ...
2026-01-20 15:13:57,182 - INFO - 正在分析: 002623 亚玛顿 ...
2026-01-20 15:13:58,369 - INFO - 正在分析: 688709 成都华微 ...
2026-01-20 15:13:59,539 - INFO - 正在分析: 603012 创力集团 ...
2026-01-20 15:14:00,715 - INFO - 正在分析: 605116 奥锐特 ...
2026-01-20 15:14:01,890 - INFO - 正在分析: 001382 新亚电缆 ...
2026-01-20 15:14:03,059 - INFO - 正在分析: 603618 杭电股份 ...
2026-01-20 15:14:04,266 - INFO - 正在分析: 002955 鸿合科技 ...
2026-01-20 15:18:30,287 - INFO - --- 开始新一轮扫描 15:18:30 ---
2026-01-20 15:19:05,456 - INFO - --- 开始新一轮扫描 15:19:05 ---
2026-01-20 15:19:38,626 - INFO - 初筛候选股数量: 20
2026-01-20 15:19:38,627 - INFO - 正在分析: 920914 远航精密 ...
2026-01-20 15:19:39,928 - INFO - 正在分析: 603567 珍宝岛 ...
2026-01-20 15:19:41,223 - INFO - 正在分析: 603283 赛腾股份 ...
2026-01-20 15:19:42,512 - INFO - 正在分析: 603058 永吉股份 ...
2026-01-20 15:19:43,845 - INFO - 正在分析: 002816 *ST和科 ...
2026-01-20 15:19:45,145 - INFO - 正在分析: 300103 达刚控股 ...
2026-01-20 15:19:46,385 - INFO - 正在分析: 001380 华纬科技 ...
2026-01-20 15:19:47,619 - INFO - 正在分析: 600246 万通发展 ...
2026-01-20 15:19:48,877 - INFO - 正在分析: 000720 新能泰山 ...
2026-01-20 15:19:50,121 - INFO - 正在分析: 600243 *ST海华 ...
2026-01-20 15:19:51,368 - INFO - 正在分析: 600537 亿晶光电 ...
2026-01-20 15:19:52,606 - INFO - 正在分析: 600975 新五丰 ...
2026-01-20 15:19:53,850 - INFO - 正在分析: 300852 四会富仕 ...
2026-01-20 15:19:55,094 - INFO - 正在分析: 002623 亚玛顿 ...
2026-01-20 15:19:56,329 - INFO - 正在分析: 688709 成都华微 ...
2026-01-20 15:19:57,566 - INFO - 正在分析: 603012 创力集团 ...
2026-01-20 15:19:58,821 - INFO - 正在分析: 605116 奥锐特 ...
2026-01-20 15:20:00,088 - INFO - 正在分析: 001382 新亚电缆 ...
2026-01-20 15:20:01,318 - INFO - 正在分析: 603618 杭电股份 ...
2026-01-20 15:20:02,557 - INFO - 正在分析: 002955 鸿合科技 ...
2026-01-20 15:20:14,312 - INFO - 初筛候选股数量: 20
2026-01-20 15:20:14,316 - INFO - 正在分析: 920914 远航精密 ...
2026-01-20 15:20:15,492 - INFO - 正在分析: 603567 珍宝岛 ...
2026-01-20 15:20:16,705 - INFO - 正在分析: 603283 赛腾股份 ...
2026-01-20 15:20:17,881 - INFO - 正在分析: 603058 永吉股份 ...
2026-01-20 15:20:19,075 - INFO - 正在分析: 002816 *ST和科 ...
2026-01-20 15:20:20,280 - INFO - 正在分析: 300103 达刚控股 ...
2026-01-20 15:20:21,451 - INFO - 正在分析: 001380 华纬科技 ...
2026-01-20 15:20:22,617 - INFO - 正在分析: 600246 万通发展 ...
2026-01-20 15:20:23,814 - INFO - 正在分析: 000720 新能泰山 ...
2026-01-20 15:20:25,023 - INFO - 正在分析: 600243 *ST海华 ...
2026-01-20 15:20:26,202 - INFO - 正在分析: 600537 亿晶光电 ...
2026-01-20 15:20:27,407 - INFO - 正在分析: 600975 新五丰 ...
2026-01-20 15:20:28,588 - INFO - 正在分析: 300852 四会富仕 ...
2026-01-20 15:20:29,772 - INFO - 正在分析: 002623 亚玛顿 ...
2026-01-20 15:20:30,966 - INFO - 正在分析: 688709 成都华微 ...
2026-01-20 15:20:32,154 - INFO - 正在分析: 603012 创力集团 ...
2026-01-20 15:20:33,330 - INFO - 正在分析: 605116 奥锐特 ...
2026-01-20 15:20:34,516 - INFO - 正在分析: 001382 新亚电缆 ...
2026-01-20 15:20:35,709 - INFO - 正在分析: 603618 杭电股份 ...
2026-01-20 15:20:36,888 - INFO - 正在分析: 002955 鸿合科技 ...
2026-01-20 15:25:03,819 - INFO - --- 开始新一轮扫描 15:25:03 ---
2026-01-20 15:25:38,062 - INFO - --- 开始新一轮扫描 15:25:38 ---
2026-01-20 15:26:09,510 - INFO - 初筛候选股数量: 20
2026-01-20 15:26:09,510 - INFO - 正在分析: 920914 远航精密 ...
2026-01-20 15:26:10,579 - INFO - 正在分析: 603567 珍宝岛 ...
2026-01-20 15:26:11,683 - INFO - 正在分析: 603283 赛腾股份 ...
2026-01-20 15:26:12,766 - INFO - 正在分析: 603058 永吉股份 ...
2026-01-20 15:26:13,845 - INFO - 正在分析: 002816 *ST和科 ...
2026-01-20 15:26:14,921 - INFO - 正在分析: 300103 达刚控股 ...
2026-01-20 15:26:15,980 - INFO - 正在分析: 001380 华纬科技 ...
2026-01-20 15:26:17,052 - INFO - 正在分析: 600246 万通发展 ...
2026-01-20 15:26:18,131 - INFO - 正在分析: 000720 新能泰山 ...
2026-01-20 15:26:19,211 - INFO - 正在分析: 600243 *ST海华 ...
2026-01-20 15:26:20,276 - INFO - 正在分析: 600537 亿晶光电 ...
2026-01-20 15:26:21,351 - INFO - 正在分析: 600975 新五丰 ...
2026-01-20 15:26:22,436 - INFO - 正在分析: 300852 四会富仕 ...
2026-01-20 15:26:23,558 - INFO - 正在分析: 002623 亚玛顿 ...
2026-01-20 15:26:24,639 - INFO - 正在分析: 688709 成都华微 ...
2026-01-20 15:26:25,715 - INFO - 正在分析: 603012 创力集团 ...
2026-01-20 15:26:26,808 - INFO - 正在分析: 605116 奥锐特 ...
2026-01-20 15:26:27,897 - INFO - 正在分析: 001382 新亚电缆 ...
2026-01-20 15:26:28,982 - INFO - 正在分析: 603618 杭电股份 ...
2026-01-20 15:26:30,063 - INFO - 正在分析: 002955 鸿合科技 ...
2026-01-20 15:26:44,751 - INFO - 初筛候选股数量: 20
2026-01-20 15:26:44,752 - INFO - 正在分析: 920914 远航精密 ...
2026-01-20 15:26:45,819 - INFO - 正在分析: 603567 珍宝岛 ...
2026-01-20 15:26:46,908 - INFO - 正在分析: 603283 赛腾股份 ...
2026-01-20 15:26:47,979 - INFO - 正在分析: 603058 永吉股份 ...
2026-01-20 15:26:49,055 - INFO - 正在分析: 002816 *ST和科 ...
2026-01-20 15:26:50,133 - INFO - 正在分析: 300103 达刚控股 ...
2026-01-20 15:26:51,230 - INFO - 正在分析: 001380 华纬科技 ...
2026-01-20 15:26:52,312 - INFO - 正在分析: 600246 万通发展 ...
2026-01-20 15:26:53,396 - INFO - 正在分析: 000720 新能泰山 ...
2026-01-20 15:26:54,488 - INFO - 正在分析: 600243 *ST海华 ...
2026-01-20 15:26:55,560 - INFO - 正在分析: 600537 亿晶光电 ...
2026-01-20 15:26:56,652 - INFO - 正在分析: 600975 新五丰 ...
2026-01-20 15:26:57,738 - INFO - 正在分析: 300852 四会富仕 ...
2026-01-20 15:26:58,817 - INFO - 正在分析: 002623 亚玛顿 ...
2026-01-20 15:26:59,923 - INFO - 正在分析: 688709 成都华微 ...
2026-01-20 15:27:01,000 - INFO - 正在分析: 603012 创力集团 ...
2026-01-20 15:27:02,080 - INFO - 正在分析: 605116 奥锐特 ...
2026-01-20 15:27:03,157 - INFO - 正在分析: 001382 新亚电缆 ...
2026-01-20 15:27:04,339 - INFO - 正在分析: 603618 杭电股份 ...
2026-01-20 15:27:05,537 - INFO - 正在分析: 002955 鸿合科技 ...
2026-01-20 15:31:31,140 - INFO - --- 开始新一轮扫描 15:31:31 ---
2026-01-20 15:32:06,777 - INFO - --- 开始新一轮扫描 15:32:06 ---
2026-01-20 15:32:39,975 - INFO - === 自动交易机器人启动 ===
2026-01-20 15:32:39,976 - INFO - 当前资金: 100000.0, 持仓数: 0
2026-01-20 15:32:39,977 - INFO - --- 开始新一轮扫描 15:32:39 ---
2026-01-20 15:33:46,330 - INFO - 初筛候选股数量: 20
2026-01-20 15:33:46,331 - INFO - 正在分析: 920914 远航精密 ...
2026-01-20 15:33:47,530 - INFO - 正在分析: 603567 珍宝岛 ...
2026-01-20 15:33:48,723 - INFO - 正在分析: 603283 赛腾股份 ...
2026-01-20 15:33:49,879 - INFO - 正在分析: 603058 永吉股份 ...
2026-01-20 15:33:51,047 - INFO - 正在分析: 002816 *ST和科 ...
2026-01-20 15:33:52,233 - INFO - 正在分析: 300103 达刚控股 ...
2026-01-20 15:33:53,419 - INFO - 正在分析: 001380 华纬科技 ...
2026-01-20 15:33:54,573 - INFO - 正在分析: 600246 万通发展 ...
2026-01-20 15:33:55,750 - INFO - 正在分析: 000720 新能泰山 ...
2026-01-20 15:33:56,911 - INFO - 正在分析: 600243 *ST海华 ...
2026-01-20 15:33:58,064 - INFO - 正在分析: 600537 亿晶光电 ...
2026-01-20 15:33:59,220 - INFO - 正在分析: 600975 新五丰 ...
2026-01-20 15:34:00,392 - INFO - 正在分析: 300852 四会富仕 ...
2026-01-20 15:34:01,551 - INFO - 正在分析: 002623 亚玛顿 ...
2026-01-20 15:34:02,718 - INFO - 正在分析: 688709 成都华微 ...
2026-01-20 15:34:03,878 - INFO - 正在分析: 603012 创力集团 ...
2026-01-20 15:34:05,041 - INFO - 正在分析: 605116 奥锐特 ...
2026-01-20 15:34:06,249 - INFO - 正在分析: 001382 新亚电缆 ...
2026-01-20 15:34:07,406 - INFO - 正在分析: 603618 杭电股份 ...
2026-01-20 15:34:08,585 - INFO - 正在分析: 002955 鸿合科技 ...
2026-01-20 15:38:50,564 - INFO - === 自动交易机器人启动 ===
2026-01-20 15:38:50,564 - INFO - 当前资金: 100000.0, 持仓数: 0
2026-01-20 15:38:50,564 - INFO - --- 开始新一轮扫描 15:38:50 ---
2026-01-20 15:38:50,564 - INFO - 正在拉取全市场实时行情...
2026-01-20 15:40:02,492 - INFO - 全市场初筛命中: 309 只 (条件: 市值>30亿 & 跌幅>1% & 量比>1)
2026-01-20 15:40:06,745 - INFO - 🎯 发现目标! 思林杰 RSI=29.2
2026-01-20 15:40:06,753 - INFO - 交易执行: BUY 688115 思林杰 @ 53.5, 原因: 量价超跌 (RSI=29.2, 量比=3.0)
2026-01-20 15:40:13,535 - INFO - 🎯 发现目标! 平潭发展 RSI=22.4
2026-01-20 15:40:13,538 - INFO - 交易执行: BUY 000592 平潭发展 @ 10.63, 原因: 量价超跌 (RSI=22.4, 量比=1.9)
2026-01-20 15:40:18,912 - INFO - 🎯 发现目标! 徕木股份 RSI=29.0
2026-01-20 15:40:18,914 - INFO - 交易执行: BUY 603633 徕木股份 @ 9.21, 原因: 量价超跌 (RSI=29.0, 量比=1.8)
2026-01-20 15:40:21,596 - INFO - 🎯 发现目标! 华夏幸福 RSI=22.3
2026-01-20 15:40:21,599 - INFO - 交易执行: BUY 600340 华夏幸福 @ 1.55, 原因: 量价超跌 (RSI=22.3, 量比=1.7)
2026-01-20 15:40:22,264 - INFO - 🎯 发现目标! 鹏辉能源 RSI=22.3
2026-01-20 15:40:22,266 - INFO - 交易执行: BUY 300438 鹏辉能源 @ 46.1, 原因: 量价超跌 (RSI=22.3, 量比=1.6)
2026-01-20 15:43:25,794 - INFO - 模拟盘市值已更新: ￥100000.00
2026-01-20 15:43:25,794 - INFO - === 自动交易机器人启动 (模式: SIMULATION) ===
2026-01-20 15:43:25,795 - INFO - --- 扫描开始 15:43:25 ---
2026-01-20 15:48:26,093 - INFO - --- 扫描开始 15:48:26 ---
2026-01-20 15:53:27,372 - INFO - --- 扫描开始 15:53:27 ---
2026-01-20 15:58:28,212 - INFO - --- 扫描开始 15:58:28 ---
2026-01-20 16:03:29,083 - INFO - 休市中...
2026-01-20 16:08:29,116 - INFO - 休市中...
2026-01-20 16:13:29,124 - INFO - 休市中...
2026-01-20 16:18:29,133 - INFO - 休市中...
2026-01-20 16:23:29,164 - INFO - 休市中...
2026-01-20 16:28:29,172 - INFO - 休市中...
2026-01-20 16:33:29,184 - INFO - 休市中...
2026-01-20 16:38:29,197 - INFO - 休市中...
2026-01-20 16:43:29,207 - INFO - 休市中...
2026-01-20 16:48:29,219 - INFO - 休市中...
2026-01-20 16:53:29,229 - INFO - 休市中...
2026-01-20 16:58:29,242 - INFO - 休市中...
2026-01-20 17:03:29,250 - INFO - 休市中...
2026-01-20 17:08:29,261 - INFO - 休市中...
2026-01-20 17:13:29,272 - INFO - 休市中...
2026-01-20 17:18:29,284 - INFO - 休市中...
2026-01-20 17:23:29,295 - INFO - 休市中...
2026-01-20 17:28:29,305 - INFO - 休市中...
2026-01-20 17:33:29,321 - INFO - 休市中...
2026-01-20 17:38:29,348 - INFO - 休市中...
2026-01-20 17:43:29,359 - INFO - 休市中...
2026-01-20 17:48:29,378 - INFO - 休市中...
2026-01-20 17:53:29,394 - INFO - 休市中...
2026-01-20 17:58:29,409 - INFO - 休市中...
2026-01-20 18:03:29,420 - INFO - 休市中...
2026-01-20 18:08:29,440 - INFO - 休市中...
2026-01-20 18:16:39,364 - INFO - 休市中...
2026-01-20 18:21:39,377 - INFO - 休市中...
2026-01-20 18:26:39,381 - INFO - 休市中...
2026-01-20 18:31:39,391 - INFO - 休市中...
2026-01-20 18:36:39,400 - INFO - 休市中...
2026-01-20 18:41:39,402 - INFO - 休市中...
2026-01-20 18:46:39,414 - INFO - 休市中...
2026-01-20 18:51:39,426 - INFO - 休市中...
2026-01-20 18:56:39,443 - INFO - 休市中...
2026-01-20 19:01:39,447 - INFO - 休市中...
2026-01-20 19:06:39,455 - INFO - 休市中...
2026-01-20 19:11:39,495 - INFO - 休市中...
2026-01-20 19:16:39,503 - INFO - 休市中...
2026-01-20 19:21:39,513 - INFO - 休市中...
2026-01-20 19:26:39,524 - INFO - 休市中...
2026-01-20 19:31:39,535 - INFO - 休市中...
2026-01-20 19:36:39,551 - INFO - 休市中...
2026-01-20 19:41:39,522 - INFO - 休市中...
2026-01-20 19:46:39,531 - INFO - 休市中...
2026-01-20 19:51:39,536 - INFO - 休市中...
2026-01-20 19:56:39,575 - INFO - 休市中...
2026-01-20 20:01:39,586 - INFO - 休市中...
2026-01-20 20:06:39,599 - INFO - 休市中...
2026-01-20 20:11:39,628 - INFO - 休市中...
2026-01-20 20:16:39,638 - INFO - 休市中...
2026-01-20 20:21:39,660 - INFO - 休市中...
2026-01-20 20:26:39,670 - INFO - 休市中...
2026-01-20 20:31:39,677 - INFO - 休市中...
2026-01-20 20:36:39,690 - INFO - 休市中...
2026-01-20 20:41:39,645 - INFO - 休市中...
2026-01-20 20:46:39,670 - INFO - 休市中...
2026-01-20 20:51:39,680 - INFO - 休市中...
2026-01-20 20:56:39,702 - INFO - 休市中...
2026-01-20 21:01:39,710 - INFO - 休市中...
2026-01-20 21:06:39,718 - INFO - 休市中...
2026-01-20 21:11:39,725 - INFO - 休市中...
2026-01-20 21:16:39,738 - INFO - 休市中...
2026-01-20 21:21:39,751 - INFO - 休市中...
2026-01-20 21:26:39,765 - INFO - 休市中...
2026-01-20 21:31:39,776 - INFO - 休市中...
2026-01-20 21:36:39,792 - INFO - 休市中...
2026-01-20 22:12:01,290 - INFO - 休市中...
2026-01-20 22:33:33,436 - INFO - 休市中...
2026-01-20 22:38:33,454 - INFO - 休市中...
2026-01-20 22:43:33,465 - INFO - 休市中...
2026-01-20 22:48:33,478 - INFO - 休市中...
2026-01-20 22:53:33,491 - INFO - 休市中...
2026-01-20 22:58:33,511 - INFO - 休市中...
2026-01-20 23:03:33,521 - INFO - 休市中...
2026-01-20 23:08:33,538 - INFO - 休市中...
2026-01-20 23:13:33,554 - INFO - 休市中...
2026-01-20 23:18:33,424 - INFO - 休市中...
2026-01-20 23:23:33,429 - INFO - 休市中...
2026-01-20 23:28:33,436 - INFO - 休市中...
2026-01-21 01:07:39,719 - INFO - 休市中...
2026-01-21 02:01:47,936 - INFO - 休市中...
2026-01-21 02:06:47,950 - INFO - 休市中...
2026-01-21 02:11:47,958 - INFO - 休市中...
2026-01-21 02:16:47,966 - INFO - 休市中...
2026-01-21 02:21:47,980 - INFO - 休市中...
2026-01-21 02:26:47,997 - INFO - 休市中...
2026-01-21 02:31:48,011 - INFO - 休市中...
2026-01-21 02:36:48,021 - INFO - 休市中...
2026-01-21 02:41:48,034 - INFO - 休市中...
2026-01-21 02:46:48,050 - INFO - 休市中...
2026-01-21 02:51:48,065 - INFO - 休市中...
2026-01-21 02:56:48,078 - INFO - 休市中...
2026-01-21 03:43:32,673 - INFO - 休市中...
2026-01-21 05:07:47,316 - INFO - 休市中...
2026-01-21 06:34:34,045 - INFO - 休市中...
2026-01-21 06:55:08,028 - INFO - 休市中...
2026-01-21 08:23:04,750 - INFO - 休市中...
2026-01-21 09:04:38,864 - INFO - --- 扫描开始 09:04:38 ---
2026-01-21 09:09:39,408 - INFO - --- 扫描开始 09:09:39 ---
2026-01-21 09:14:40,232 - INFO - --- 扫描开始 09:14:40 ---
2026-01-21 09:19:41,085 - INFO - --- 扫描开始 09:19:41 ---
2026-01-21 09:24:41,938 - INFO - --- 扫描开始 09:24:41 ---
2026-01-21 09:29:42,761 - INFO - --- 扫描开始 09:29:42 ---
2026-01-21 09:34:43,627 - INFO - --- 扫描开始 09:34:43 ---
2026-01-21 09:34:44,053 - INFO - 交易执行[SIMULATION]: SELL 000592 平潭发展 @ 9.84, 原因: 止损 (-7.43%)
2026-01-21 09:34:44,546 - INFO - 拉取行情中...
2026-01-21 09:34:50,197 - ERROR - 异常: ('Connection aborted.', RemoteDisconnected('Remote end closed connection without response'))
2026-01-21 09:35:50,208 - INFO - --- 扫描开始 09:35:50 ---
2026-01-21 09:35:50,926 - INFO - 拉取行情中...
2026-01-21 09:35:57,390 - ERROR - 异常: ('Connection aborted.', RemoteDisconnected('Remote end closed connection without response'))
2026-01-21 09:36:57,398 - INFO - --- 扫描开始 09:36:57 ---
2026-01-21 09:36:58,052 - INFO - 拉取行情中...
2026-01-21 09:37:03,597 - ERROR - 异常: ('Connection aborted.', RemoteDisconnected('Remote end closed connection without response'))
2026-01-21 09:38:03,608 - INFO - --- 扫描开始 09:38:03 ---
2026-01-21 09:38:04,326 - INFO - 拉取行情中...
2026-01-21 09:38:09,609 - ERROR - 异常: ('Connection aborted.', RemoteDisconnected('Remote end closed connection without response'))
2026-01-21 09:39:09,618 - INFO - --- 扫描开始 09:39:09 ---
2026-01-21 09:39:10,674 - INFO - 拉取行情中...
2026-01-21 09:39:15,718 - ERROR - 异常: ('Connection aborted.', RemoteDisconnected('Remote end closed connection without response'))
2026-01-21 09:40:15,724 - INFO - --- 扫描开始 09:40:15 ---
2026-01-21 09:40:16,853 - INFO - 拉取行情中...
2026-01-21 09:40:22,218 - ERROR - 异常: ('Connection aborted.', RemoteDisconnected('Remote end closed connection without response'))
2026-01-21 09:41:22,228 - INFO - --- 扫描开始 09:41:22 ---
2026-01-21 09:41:22,916 - INFO - 拉取行情中...
2026-01-21 09:41:28,727 - ERROR - 异常: ('Connection aborted.', RemoteDisconnected('Remote end closed connection without response'))
2026-01-21 09:42:28,738 - INFO - --- 扫描开始 09:42:28 ---
2026-01-21 09:42:29,473 - INFO - 拉取行情中...
2026-01-21 09:42:34,974 - ERROR - 异常: ('Connection aborted.', RemoteDisconnected('Remote end closed connection without response'))
2026-01-21 09:43:34,986 - INFO - --- 扫描开始 09:43:34 ---
2026-01-21 09:43:35,683 - INFO - 拉取行情中...
2026-01-21 09:43:41,458 - ERROR - 异常: ('Connection aborted.', RemoteDisconnected('Remote end closed connection without response'))
2026-01-21 09:44:41,498 - INFO - --- 扫描开始 09:44:41 ---
2026-01-21 09:44:41,930 - INFO - 拉取行情中...
2026-01-21 09:44:47,934 - ERROR - 异常: ('Connection aborted.', RemoteDisconnected('Remote end closed connection without response'))
2026-01-21 09:45:47,940 - INFO - --- 扫描开始 09:45:47 ---
2026-01-21 09:45:48,483 - INFO - 拉取行情中...
2026-01-21 09:45:53,807 - ERROR - 异常: ('Connection aborted.', RemoteDisconnected('Remote end closed connection without response'))
2026-01-21 09:46:53,817 - INFO - --- 扫描开始 09:46:53 ---
2026-01-21 09:46:54,281 - INFO - 拉取行情中...
2026-01-21 09:46:59,578 - ERROR - 异常: ('Connection aborted.', RemoteDisconnected('Remote end closed connection without response'))
2026-01-21 09:47:59,587 - INFO - --- 扫描开始 09:47:59 ---
2026-01-21 09:48:00,325 - INFO - 拉取行情中...
2026-01-21 09:48:05,035 - ERROR - 异常: ('Connection aborted.', RemoteDisconnected('Remote end closed connection without response'))
2026-01-21 09:49:05,039 - INFO - --- 扫描开始 09:49:05 ---
2026-01-21 09:49:05,144 - ERROR - 计算失败 688115: ('Connection aborted.', RemoteDisconnected('Remote end closed connection without response'))
2026-01-21 09:49:05,244 - ERROR - 计算失败 603633: ('Connection aborted.', RemoteDisconnected('Remote end closed connection without response'))
2026-01-21 09:49:05,332 - ERROR - 计算失败 600340: ('Connection aborted.', RemoteDisconnected('Remote end closed connection without response'))
2026-01-21 09:49:05,411 - ERROR - 计算失败 300438: ('Connection aborted.', RemoteDisconnected('Remote end closed connection without response'))
2026-01-21 09:49:05,412 - INFO - 拉取行情中...
2026-01-21 09:49:10,640 - ERROR - 异常: ('Connection aborted.', RemoteDisconnected('Remote end closed connection without response'))
2026-01-21 09:50:10,650 - INFO - --- 扫描开始 09:50:10 ---
2026-01-21 09:50:11,981 - INFO - 拉取行情中...
2026-01-21 09:50:17,914 - ERROR - 异常: ('Connection aborted.', RemoteDisconnected('Remote end closed connection without response'))
2026-01-21 09:51:17,931 - INFO - --- 扫描开始 09:51:17 ---
2026-01-21 09:51:18,208 - ERROR - 计算失败 688115: ('Connection aborted.', RemoteDisconnected('Remote end closed connection without response'))
2026-01-21 09:51:18,464 - ERROR - 计算失败 603633: ('Connection aborted.', RemoteDisconnected('Remote end closed connection without response'))
2026-01-21 09:51:18,717 - ERROR - 计算失败 600340: ('Connection aborted.', RemoteDisconnected('Remote end closed connection without response'))
2026-01-21 09:51:19,120 - INFO - 拉取行情中...
2026-01-21 09:51:25,434 - ERROR - 异常: ('Connection aborted.', RemoteDisconnected('Remote end closed connection without response'))
2026-01-21 09:52:25,440 - INFO - --- 扫描开始 09:52:25 ---
2026-01-21 09:52:25,673 - ERROR - 计算失败 688115: ('Connection aborted.', RemoteDisconnected('Remote end closed connection without response'))
2026-01-21 09:52:25,900 - ERROR - 计算失败 603633: ('Connection aborted.', RemoteDisconnected('Remote end closed connection without response'))
2026-01-21 09:52:26,131 - ERROR - 计算失败 600340: ('Connection aborted.', RemoteDisconnected('Remote end closed connection without response'))
2026-01-21 09:52:26,364 - ERROR - 计算失败 300438: ('Connection aborted.', RemoteDisconnected('Remote end closed connection without response'))
2026-01-21 09:52:26,364 - INFO - 拉取行情中...
2026-01-21 09:52:31,607 - ERROR - 异常: ('Connection aborted.', RemoteDisconnected('Remote end closed connection without response'))
2026-01-21 09:53:31,616 - INFO - --- 扫描开始 09:53:31 ---
2026-01-21 09:53:31,781 - ERROR - 计算失败 688115: ('Connection aborted.', RemoteDisconnected('Remote end closed connection without response'))
2026-01-21 09:53:31,944 - ERROR - 计算失败 603633: ('Connection aborted.', RemoteDisconnected('Remote end closed connection without response'))
2026-01-21 09:53:32,102 - ERROR - 计算失败 600340: ('Connection aborted.', RemoteDisconnected('Remote end closed connection without response'))
2026-01-21 09:53:32,290 - ERROR - 计算失败 300438: ('Connection aborted.', RemoteDisconnected('Remote end closed connection without response'))
2026-01-21 09:53:32,291 - INFO - 拉取行情中...
2026-01-21 09:53:37,624 - ERROR - 异常: ('Connection aborted.', RemoteDisconnected('Remote end closed connection without response'))
2026-01-21 09:54:37,632 - INFO - --- 扫描开始 09:54:37 ---
2026-01-21 09:54:37,842 - ERROR - 计算失败 688115: ('Connection aborted.', RemoteDisconnected('Remote end closed connection without response'))
2026-01-21 09:54:38,001 - ERROR - 计算失败 603633: ('Connection aborted.', RemoteDisconnected('Remote end closed connection without response'))
2026-01-21 09:54:38,161 - ERROR - 计算失败 600340: ('Connection aborted.', RemoteDisconnected('Remote end closed connection without response'))
2026-01-21 09:54:38,319 - ERROR - 计算失败 300438: ('Connection aborted.', RemoteDisconnected('Remote end closed connection without response'))
2026-01-21 09:54:38,319 - INFO - 拉取行情中...
2026-01-21 09:54:42,850 - ERROR - 异常: ('Connection aborted.', RemoteDisconnected('Remote end closed connection without response'))
2026-01-21 09:55:42,860 - INFO - --- 扫描开始 09:55:42 ---
2026-01-21 09:55:43,942 - INFO - 拉取行情中...
2026-01-21 09:55:49,204 - ERROR - 异常: ('Connection aborted.', RemoteDisconnected('Remote end closed connection without response'))
2026-01-21 09:56:49,210 - INFO - --- 扫描开始 09:56:49 ---
2026-01-21 09:56:49,362 - ERROR - 计算失败 688115: ('Connection aborted.', RemoteDisconnected('Remote end closed connection without response'))
2026-01-21 09:56:49,495 - ERROR - 计算失败 603633: ('Connection aborted.', RemoteDisconnected('Remote end closed connection without response'))
2026-01-21 09:56:49,625 - ERROR - 计算失败 600340: ('Connection aborted.', RemoteDisconnected('Remote end closed connection without response'))
2026-01-21 09:56:49,774 - ERROR - 计算失败 300438: ('Connection aborted.', RemoteDisconnected('Remote end closed connection without response'))
2026-01-21 09:56:49,774 - INFO - 拉取行情中...
2026-01-21 09:56:55,195 - ERROR - 异常: ('Connection aborted.', RemoteDisconnected('Remote end closed connection without response'))
2026-01-21 09:57:55,206 - INFO - --- 扫描开始 09:57:55 ---
2026-01-21 09:57:55,379 - ERROR - 计算失败 688115: ('Connection aborted.', RemoteDisconnected('Remote end closed connection without response'))
2026-01-21 09:57:55,525 - ERROR - 计算失败 603633: ('Connection aborted.', RemoteDisconnected('Remote end closed connection without response'))
2026-01-21 09:57:55,661 - ERROR - 计算失败 600340: ('Connection aborted.', RemoteDisconnected('Remote end closed connection without response'))
2026-01-21 09:57:55,797 - ERROR - 计算失败 300438: ('Connection aborted.', RemoteDisconnected('Remote end closed connection without response'))
2026-01-21 09:57:55,797 - INFO - 拉取行情中...
2026-01-21 09:58:01,778 - ERROR - 异常: ('Connection aborted.', RemoteDisconnected('Remote end closed connection without response'))
2026-01-21 09:59:01,787 - INFO - --- 扫描开始 09:59:01 ---
2026-01-21 09:59:02,052 - ERROR - 计算失败 688115: ('Connection aborted.', RemoteDisconnected('Remote end closed connection without response'))
2026-01-21 09:59:02,292 - ERROR - 计算失败 603633: ('Connection aborted.', RemoteDisconnected('Remote end closed connection without response'))
2026-01-21 09:59:02,530 - ERROR - 计算失败 600340: ('Connection aborted.', RemoteDisconnected('Remote end closed connection without response'))
2026-01-21 09:59:02,780 - ERROR - 计算失败 300438: ('Connection aborted.', RemoteDisconnected('Remote end closed connection without response'))
2026-01-21 09:59:02,781 - INFO - 拉取行情中...
2026-01-21 09:59:08,116 - ERROR - 异常: ('Connection aborted.', RemoteDisconnected('Remote end closed connection without response'))
2026-01-21 10:00:08,122 - INFO - --- 扫描开始 10:00:08 ---
2026-01-21 10:00:08,305 - ERROR - 计算失败 688115: ('Connection aborted.', RemoteDisconnected('Remote end closed connection without response'))
2026-01-21 10:00:08,462 - ERROR - 计算失败 603633: ('Connection aborted.', RemoteDisconnected('Remote end closed connection without response'))
2026-01-21 10:00:08,618 - ERROR - 计算失败 600340: ('Connection aborted.', RemoteDisconnected('Remote end closed connection without response'))
2026-01-21 10:00:08,775 - ERROR - 计算失败 300438: ('Connection aborted.', RemoteDisconnected('Remote end closed connection without response'))
2026-01-21 10:00:08,775 - INFO - 拉取行情中...
2026-01-21 10:00:14,130 - ERROR - 异常: ('Connection aborted.', RemoteDisconnected('Remote end closed connection without response'))
2026-01-21 10:01:14,138 - INFO - --- 扫描开始 10:01:14 ---
2026-01-21 10:01:14,287 - ERROR - 计算失败 688115: ('Connection aborted.', RemoteDisconnected('Remote end closed connection without response'))
2026-01-21 10:01:14,442 - ERROR - 计算失败 603633: ('Connection aborted.', RemoteDisconnected('Remote end closed connection without response'))
2026-01-21 10:01:14,562 - ERROR - 计算失败 600340: ('Connection aborted.', RemoteDisconnected('Remote end closed connection without response'))
2026-01-21 10:01:14,677 - ERROR - 计算失败 300438: ('Connection aborted.', RemoteDisconnected('Remote end closed connection without response'))
2026-01-21 10:01:14,678 - INFO - 拉取行情中...
2026-01-21 10:01:20,056 - ERROR - 异常: ('Connection aborted.', RemoteDisconnected('Remote end closed connection without response'))
2026-01-21 10:02:20,063 - INFO - --- 扫描开始 10:02:20 ---
2026-01-21 10:02:20,249 - ERROR - 计算失败 688115: ('Connection aborted.', RemoteDisconnected('Remote end closed connection without response'))
2026-01-21 10:02:20,374 - ERROR - 计算失败 603633: ('Connection aborted.', RemoteDisconnected('Remote end closed connection without response'))
2026-01-21 10:02:20,513 - ERROR - 计算失败 600340: ('Connection aborted.', RemoteDisconnected('Remote end closed connection without response'))
2026-01-21 10:02:20,642 - ERROR - 计算失败 300438: ('Connection aborted.', RemoteDisconnected('Remote end closed connection without response'))
2026-01-21 10:02:20,642 - INFO - 拉取行情中...
2026-01-21 10:02:25,249 - ERROR - 异常: ('Connection aborted.', RemoteDisconnected('Remote end closed connection without response'))
2026-01-21 10:03:25,254 - INFO - --- 扫描开始 10:03:25 ---
2026-01-21 10:03:25,423 - ERROR - 计算失败 688115: ('Connection aborted.', RemoteDisconnected('Remote end closed connection without response'))
2026-01-21 10:03:25,568 - ERROR - 计算失败 603633: ('Connection aborted.', RemoteDisconnected('Remote end closed connection without response'))
2026-01-21 10:03:25,723 - ERROR - 计算失败 600340: ('Connection aborted.', RemoteDisconnected('Remote end closed connection without response'))
2026-01-21 10:03:25,907 - ERROR - 计算失败 300438: ('Connection aborted.', RemoteDisconnected('Remote end closed connection without response'))
2026-01-21 10:03:25,908 - INFO - 拉取行情中...
2026-01-21 10:03:30,873 - ERROR - 异常: ('Connection aborted.', RemoteDisconnected('Remote end closed connection without response'))
2026-01-21 10:04:30,882 - INFO - --- 扫描开始 10:04:30 ---
2026-01-21 10:04:31,165 - ERROR - 计算失败 688115: ('Connection aborted.', RemoteDisconnected('Remote end closed connection without response'))
2026-01-21 10:04:31,430 - ERROR - 计算失败 603633: ('Connection aborted.', RemoteDisconnected('Remote end closed connection without response'))
2026-01-21 10:04:31,687 - ERROR - 计算失败 600340: ('Connection aborted.', RemoteDisconnected('Remote end closed connection without response'))
2026-01-21 10:04:31,966 - ERROR - 计算失败 300438: ('Connection aborted.', RemoteDisconnected('Remote end closed connection without response'))
2026-01-21 10:04:31,966 - INFO - 拉取行情中...
2026-01-21 10:04:37,432 - ERROR - 异常: ('Connection aborted.', RemoteDisconnected('Remote end closed connection without response'))
2026-01-21 10:05:37,438 - INFO - --- 扫描开始 10:05:37 ---
2026-01-21 10:05:37,725 - ERROR - 计算失败 688115: ('Connection aborted.', RemoteDisconnected('Remote end closed connection without response'))
2026-01-21 10:05:38,043 - ERROR - 计算失败 603633: ('Connection aborted.', RemoteDisconnected('Remote end closed connection without response'))
2026-01-21 10:05:38,305 - ERROR - 计算失败 600340: ('Connection aborted.', RemoteDisconnected('Remote end closed connection without response'))
2026-01-21 10:05:38,560 - ERROR - 计算失败 300438: ('Connection aborted.', RemoteDisconnected('Remote end closed connection without response'))
2026-01-21 10:05:38,561 - INFO - 拉取行情中...
2026-01-21 10:05:44,124 - ERROR - 异常: ('Connection aborted.', RemoteDisconnected('Remote end closed connection without response'))
2026-01-21 10:06:44,133 - INFO - --- 扫描开始 10:06:44 ---
2026-01-21 10:06:44,297 - ERROR - 计算失败 688115: ('Connection aborted.', RemoteDisconnected('Remote end closed connection without response'))
2026-01-21 10:06:44,433 - ERROR - 计算失败 603633: ('Connection aborted.', RemoteDisconnected('Remote end closed connection without response'))
2026-01-21 10:06:44,563 - ERROR - 计算失败 600340: ('Connection aborted.', RemoteDisconnected('Remote end closed connection without response'))
2026-01-21 10:06:44,707 - ERROR - 计算失败 300438: ('Connection aborted.', RemoteDisconnected('Remote end closed connection without response'))
2026-01-21 10:06:44,707 - INFO - 拉取行情中...
2026-01-21 10:06:50,031 - ERROR - 异常: ('Connection aborted.', RemoteDisconnected('Remote end closed connection without response'))
2026-01-21 10:07:50,037 - INFO - --- 扫描开始 10:07:50 ---
2026-01-21 10:07:51,400 - INFO - 拉取行情中...
2026-01-21 10:07:57,400 - ERROR - 异常: ('Connection aborted.', RemoteDisconnected('Remote end closed connection without response'))
2026-01-21 10:08:57,411 - INFO - --- 扫描开始 10:08:57 ---
2026-01-21 10:08:57,601 - ERROR - 计算失败 688115: ('Connection aborted.', RemoteDisconnected('Remote end closed connection without response'))
2026-01-21 10:08:57,768 - ERROR - 计算失败 603633: ('Connection aborted.', RemoteDisconnected('Remote end closed connection without response'))
2026-01-21 10:08:57,911 - ERROR - 计算失败 600340: ('Connection aborted.', RemoteDisconnected('Remote end closed connection without response'))
2026-01-21 10:08:58,067 - ERROR - 计算失败 300438: ('Connection aborted.', RemoteDisconnected('Remote end closed connection without response'))
2026-01-21 10:08:58,068 - INFO - 拉取行情中...
2026-01-21 10:10:12,319 - INFO - 初筛命中: 668
2026-01-21 10:10:12,580 - ERROR - 计算失败 002358: ('Connection aborted.', RemoteDisconnected('Remote end closed connection without response'))
2026-01-21 10:10:13,338 - ERROR - 计算失败 688687: ('Connection aborted.', RemoteDisconnected('Remote end closed connection without response'))
2026-01-21 10:10:14,094 - ERROR - 计算失败 600187: ('Connection aborted.', RemoteDisconnected('Remote end closed connection without response'))
2026-01-21 10:10:14,825 - ERROR - 计算失败 605366: ('Connection aborted.', RemoteDisconnected('Remote end closed connection without response'))
2026-01-21 10:10:15,579 - ERROR - 计算失败 000523: ('Connection aborted.', RemoteDisconnected('Remote end closed connection without response'))
2026-01-21 10:10:16,333 - ERROR - 计算失败 600073: ('Connection aborted.', RemoteDisconnected('Remote end closed connection without response'))
2026-01-21 10:10:17,100 - ERROR - 计算失败 600774: ('Connection aborted.', RemoteDisconnected('Remote end closed connection without response'))
2026-01-21 10:10:17,873 - ERROR - 计算失败 601678: ('Connection aborted.', RemoteDisconnected('Remote end closed connection without response'))
2026-01-21 10:10:18,648 - ERROR - 计算失败 920261: ('Connection aborted.', RemoteDisconnected('Remote end closed connection without response'))
2026-01-21 10:10:19,416 - ERROR - 计算失败 002810: ('Connection aborted.', RemoteDisconnected('Remote end closed connection without response'))
2026-01-21 10:10:20,170 - ERROR - 计算失败 300668: ('Connection aborted.', RemoteDisconnected('Remote end closed connection without response'))
2026-01-21 10:10:20,938 - ERROR - 计算失败 603421: ('Connection aborted.', RemoteDisconnected('Remote end closed connection without response'))
2026-01-21 10:10:21,697 - ERROR - 计算失败 002039: ('Connection aborted.', RemoteDisconnected('Remote end closed connection without response'))
2026-01-21 10:10:22,473 - ERROR - 计算失败 605339: ('Connection aborted.', RemoteDisconnected('Remote end closed connection without response'))
2026-01-21 10:10:23,246 - ERROR - 计算失败 600597: ('Connection aborted.', RemoteDisconnected('Remote end closed connection without response'))
2026-01-21 10:10:24,013 - ERROR - 计算失败 000949: ('Connection aborted.', RemoteDisconnected('Remote end closed connection without response'))
2026-01-21 10:10:24,771 - ERROR - 计算失败 002302: ('Connection aborted.', RemoteDisconnected('Remote end closed connection without response'))
2026-01-21 10:10:25,539 - ERROR - 计算失败 600675: ('Connection aborted.', RemoteDisconnected('Remote end closed connection without response'))
2026-01-21 10:10:26,294 - ERROR - 计算失败 000600: ('Connection aborted.', RemoteDisconnected('Remote end closed connection without response'))
2026-01-21 10:10:27,084 - ERROR - 计算失败 000031: ('Connection aborted.', RemoteDisconnected('Remote end closed connection without response'))
2026-01-21 10:10:27,840 - ERROR - 计算失败 603466: ('Connection aborted.', RemoteDisconnected('Remote end closed connection without response'))
2026-01-21 10:10:28,608 - ERROR - 计算失败 600984: ('Connection aborted.', RemoteDisconnected('Remote end closed connection without response'))
2026-01-21 10:10:29,367 - ERROR - 计算失败 000729: ('Connection aborted.', RemoteDisconnected('Remote end closed connection without response'))
2026-01-21 10:10:30,128 - ERROR - 计算失败 000417: ('Connection aborted.', RemoteDisconnected('Remote end closed connection without response'))
2026-01-21 10:10:30,884 - ERROR - 计算失败 600076: ('Connection aborted.', RemoteDisconnected('Remote end closed connection without response'))
2026-01-21 10:10:31,656 - ERROR - 计算失败 002201: ('Connection aborted.', RemoteDisconnected('Remote end closed connection without response'))
2026-01-21 10:10:32,395 - ERROR - 计算失败 600595: ('Connection aborted.', RemoteDisconnected('Remote end closed connection without response'))
2026-01-21 10:10:33,168 - ERROR - 计算失败 300242: ('Connection aborted.', RemoteDisconnected('Remote end closed connection without response'))
2026-01-21 10:10:33,918 - ERROR - 计算失败 001270: ('Connection aborted.', RemoteDisconnected('Remote end closed connection without response'))
2026-01-21 10:10:34,711 - ERROR - 计算失败 600343: ('Connection aborted.', RemoteDisconnected('Remote end closed connection without response'))
2026-01-21 10:10:35,488 - ERROR - 计算失败 688352: ('Connection aborted.', RemoteDisconnected('Remote end closed connection without response'))
2026-01-21 10:10:36,251 - ERROR - 计算失败 000833: ('Connection aborted.', RemoteDisconnected('Remote end closed connection without response'))
2026-01-21 10:10:37,015 - ERROR - 计算失败 603828: ('Connection aborted.', RemoteDisconnected('Remote end closed connection without response'))
2026-01-21 10:10:37,791 - ERROR - 计算失败 605368: ('Connection aborted.', RemoteDisconnected('Remote end closed connection without response'))
2026-01-21 10:10:38,552 - ERROR - 计算失败 601000: ('Connection aborted.', RemoteDisconnected('Remote end closed connection without response'))
2026-01-21 10:10:39,316 - ERROR - 计算失败 301601: ('Connection aborted.', RemoteDisconnected('Remote end closed connection without response'))
2026-01-21 10:10:40,080 - ERROR - 计算失败 605028: ('Connection aborted.', RemoteDisconnected('Remote end closed connection without response'))
2026-01-21 10:10:40,838 - ERROR - 计算失败 603332: ('Connection aborted.', RemoteDisconnected('Remote end closed connection without response'))
2026-01-21 10:10:41,601 - ERROR - 计算失败 002339: ('Connection aborted.', RemoteDisconnected('Remote end closed connection without response'))
2026-01-21 10:10:42,363 - ERROR - 计算失败 605399: ('Connection aborted.', RemoteDisconnected('Remote end closed connection without response'))
2026-01-21 10:10:43,115 - ERROR - 计算失败 601686: ('Connection aborted.', RemoteDisconnected('Remote end closed connection without response'))
2026-01-21 10:10:43,880 - ERROR - 计算失败 603070: ('Connection aborted.', RemoteDisconnected('Remote end closed connection without response'))
2026-01-21 10:10:44,695 - ERROR - 计算失败 300162: ('Connection aborted.', RemoteDisconnected('Remote end closed connection without response'))
2026-01-21 10:10:45,459 - ERROR - 计算失败 603966: ('Connection aborted.', RemoteDisconnected('Remote end closed connection without response'))
2026-01-21 10:10:46,210 - ERROR - 计算失败 000514: ('Connection aborted.', RemoteDisconnected('Remote end closed connection without response'))
2026-01-21 10:10:46,977 - ERROR - 计算失败 600408: ('Connection aborted.', RemoteDisconnected('Remote end closed connection without response'))
2026-01-21 10:10:47,735 - ERROR - 计算失败 603919: ('Connection aborted.', RemoteDisconnected('Remote end closed connection without response'))
2026-01-21 10:10:48,525 - ERROR - 计算失败 600403: ('Connection aborted.', RemoteDisconnected('Remote end closed connection without response'))
2026-01-21 10:10:49,315 - ERROR - 计算失败 002640: ('Connection aborted.', RemoteDisconnected('Remote end closed connection without response'))
2026-01-21 10:10:50,080 - ERROR - 计算失败 300871: ('Connection aborted.', RemoteDisconnected('Remote end closed connection without response'))
2026-01-21 10:15:50,581 - INFO - --- 扫描开始 10:15:50 ---
2026-01-21 10:15:50,922 - ERROR - 计算失败 688115: ('Connection aborted.', RemoteDisconnected('Remote end closed connection without response'))
2026-01-21 10:15:51,357 - ERROR - 计算失败 603633: ('Connection aborted.', RemoteDisconnected('Remote end closed connection without response'))
2026-01-21 10:15:51,790 - ERROR - 计算失败 600340: ('Connection aborted.', RemoteDisconnected('Remote end closed connection without response'))
2026-01-21 10:15:52,129 - ERROR - 计算失败 300438: ('Connection aborted.', RemoteDisconnected('Remote end closed connection without response'))
2026-01-21 10:15:52,130 - INFO - 拉取行情中...
2026-01-21 10:15:58,751 - ERROR - 异常: ('Connection aborted.', RemoteDisconnected('Remote end closed connection without response'))
2026-01-21 10:16:58,761 - INFO - --- 扫描开始 10:16:58 ---
2026-01-21 10:16:59,040 - ERROR - 计算失败 688115: ('Connection aborted.', RemoteDisconnected('Remote end closed connection without response'))
2026-01-21 10:16:59,315 - ERROR - 计算失败 603633: ('Connection aborted.', RemoteDisconnected('Remote end closed connection without response'))
2026-01-21 10:16:59,581 - ERROR - 计算失败 600340: ('Connection aborted.', RemoteDisconnected('Remote end closed connection without response'))
2026-01-21 10:16:59,840 - ERROR - 计算失败 300438: ('Connection aborted.', RemoteDisconnected('Remote end closed connection without response'))
2026-01-21 10:16:59,840 - INFO - 拉取行情中...
2026-01-21 10:17:06,096 - ERROR - 异常: ('Connection aborted.', RemoteDisconnected('Remote end closed connection without response'))
2026-01-21 10:18:06,104 - INFO - --- 扫描开始 10:18:06 ---
2026-01-21 10:18:07,305 - ERROR - 计算失败 688115: ('Connection aborted.', RemoteDisconnected('Remote end closed connection without response'))
2026-01-21 10:18:07,402 - ERROR - 计算失败 603633: ('Connection aborted.', RemoteDisconnected('Remote end closed connection without response'))
2026-01-21 10:18:07,759 - ERROR - 计算失败 600340: ('Connection aborted.', RemoteDisconnected('Remote end closed connection without response'))
2026-01-21 10:18:08,301 - ERROR - 计算失败 300438: ('Connection aborted.', RemoteDisconnected('Remote end closed connection without response'))
2026-01-21 10:18:08,301 - INFO - 拉取行情中...
2026-01-21 10:18:14,510 - ERROR - 异常: ('Connection aborted.', RemoteDisconnected('Remote end closed connection without response'))
2026-01-21 10:19:14,520 - INFO - --- 扫描开始 10:19:14 ---
2026-01-21 10:19:14,620 - ERROR - 计算失败 688115: ('Connection aborted.', RemoteDisconnected('Remote end closed connection without response'))
2026-01-21 10:19:14,708 - ERROR - 计算失败 603633: ('Connection aborted.', RemoteDisconnected('Remote end closed connection without response'))
2026-01-21 10:19:14,797 - ERROR - 计算失败 600340: ('Connection aborted.', RemoteDisconnected('Remote end closed connection without response'))
2026-01-21 10:19:14,885 - ERROR - 计算失败 300438: ('Connection aborted.', RemoteDisconnected('Remote end closed connection without response'))
2026-01-21 10:19:14,885 - INFO - 拉取行情中...
2026-01-21 10:19:21,027 - ERROR - 异常: ('Connection aborted.', RemoteDisconnected('Remote end closed connection without response'))
2026-01-21 10:20:21,036 - INFO - --- 扫描开始 10:20:21 ---
2026-01-21 10:20:21,217 - ERROR - 计算失败 688115: ('Connection aborted.', RemoteDisconnected('Remote end closed connection without response'))
2026-01-21 10:20:21,370 - ERROR - 计算失败 603633: ('Connection aborted.', RemoteDisconnected('Remote end closed connection without response'))
2026-01-21 10:20:21,536 - ERROR - 计算失败 600340: ('Connection aborted.', RemoteDisconnected('Remote end closed connection without response'))
2026-01-21 10:20:21,671 - ERROR - 计算失败 300438: ('Connection aborted.', RemoteDisconnected('Remote end closed connection without response'))
2026-01-21 10:20:21,671 - INFO - 拉取行情中...
2026-01-21 10:20:27,393 - ERROR - 异常: ('Connection aborted.', RemoteDisconnected('Remote end closed connection without response'))
2026-01-21 10:21:27,405 - INFO - --- 扫描开始 10:21:27 ---
2026-01-21 10:21:27,607 - ERROR - 计算失败 688115: ('Connection aborted.', RemoteDisconnected('Remote end closed connection without response'))
2026-01-21 10:21:27,780 - ERROR - 计算失败 603633: ('Connection aborted.', RemoteDisconnected('Remote end closed connection without response'))
2026-01-21 10:21:27,922 - ERROR - 计算失败 600340: ('Connection aborted.', RemoteDisconnected('Remote end closed connection without response'))
2026-01-21 10:21:28,082 - ERROR - 计算失败 300438: ('Connection aborted.', RemoteDisconnected('Remote end closed connection without response'))
2026-01-21 10:21:28,083 - INFO - 拉取行情中...
2026-01-21 10:21:34,133 - ERROR - 异常: ('Connection aborted.', RemoteDisconnected('Remote end closed connection without response'))
2026-01-21 10:22:34,141 - INFO - --- 扫描开始 10:22:34 ---
2026-01-21 10:22:34,418 - ERROR - 计算失败 688115: ('Connection aborted.', RemoteDisconnected('Remote end closed connection without response'))
2026-01-21 10:22:34,644 - ERROR - 计算失败 603633: ('Connection aborted.', RemoteDisconnected('Remote end closed connection without response'))
2026-01-21 10:22:34,817 - ERROR - 计算失败 600340: ('Connection aborted.', RemoteDisconnected('Remote end closed connection without response'))
2026-01-21 10:22:34,967 - ERROR - 计算失败 300438: ('Connection aborted.', RemoteDisconnected('Remote end closed connection without response'))
2026-01-21 10:22:34,968 - INFO - 拉取行情中...
2026-01-21 10:22:40,015 - ERROR - 异常: ('Connection aborted.', RemoteDisconnected('Remote end closed connection without response'))
2026-01-21 10:23:40,022 - INFO - --- 扫描开始 10:23:40 ---
2026-01-21 10:23:40,133 - ERROR - 计算失败 688115: ('Connection aborted.', RemoteDisconnected('Remote end closed connection without response'))
2026-01-21 10:23:40,226 - ERROR - 计算失败 603633: ('Connection aborted.', RemoteDisconnected('Remote end closed connection without response'))
2026-01-21 10:23:40,325 - ERROR - 计算失败 600340: ('Connection aborted.', RemoteDisconnected('Remote end closed connection without response'))
2026-01-21 10:23:40,427 - ERROR - 计算失败 300438: ('Connection aborted.', RemoteDisconnected('Remote end closed connection without response'))
2026-01-21 10:23:40,428 - INFO - 拉取行情中...
2026-01-21 10:23:45,417 - ERROR - 异常: ('Connection aborted.', RemoteDisconnected('Remote end closed connection without response'))
2026-01-21 10:24:45,430 - INFO - --- 扫描开始 10:24:45 ---
2026-01-21 10:24:45,527 - ERROR - 计算失败 688115: ('Connection aborted.', RemoteDisconnected('Remote end closed connection without response'))
2026-01-21 10:24:45,613 - ERROR - 计算失败 603633: ('Connection aborted.', RemoteDisconnected('Remote end closed connection without response'))
2026-01-21 10:24:45,730 - ERROR - 计算失败 600340: ('Connection aborted.', RemoteDisconnected('Remote end closed connection without response'))
2026-01-21 10:24:45,815 - ERROR - 计算失败 300438: ('Connection aborted.', RemoteDisconnected('Remote end closed connection without response'))
2026-01-21 10:24:45,816 - INFO - 拉取行情中...
2026-01-21 10:24:51,772 - ERROR - 异常: ('Connection aborted.', RemoteDisconnected('Remote end closed connection without response'))
2026-01-21 10:25:51,782 - INFO - --- 扫描开始 10:25:51 ---
2026-01-21 10:25:51,922 - ERROR - 计算失败 688115: ('Connection aborted.', RemoteDisconnected('Remote end closed connection without response'))
2026-01-21 10:25:52,029 - ERROR - 计算失败 603633: ('Connection aborted.', RemoteDisconnected('Remote end closed connection without response'))
2026-01-21 10:25:52,115 - ERROR - 计算失败 600340: ('Connection aborted.', RemoteDisconnected('Remote end closed connection without response'))
2026-01-21 10:25:52,237 - ERROR - 计算失败 300438: ('Connection aborted.', RemoteDisconnected('Remote end closed connection without response'))
2026-01-21 10:25:52,237 - INFO - 拉取行情中...
2026-01-21 10:25:57,653 - ERROR - 异常: ('Connection aborted.', RemoteDisconnected('Remote end closed connection without response'))
2026-01-21 10:26:57,665 - INFO - --- 扫描开始 10:26:57 ---
2026-01-21 10:26:57,813 - ERROR - 计算失败 688115: ('Connection aborted.', RemoteDisconnected('Remote end closed connection without response'))
2026-01-21 10:26:57,912 - ERROR - 计算失败 603633: ('Connection aborted.', RemoteDisconnected('Remote end closed connection without response'))
2026-01-21 10:26:58,005 - ERROR - 计算失败 600340: ('Connection aborted.', RemoteDisconnected('Remote end closed connection without response'))
2026-01-21 10:26:58,102 - ERROR - 计算失败 300438: ('Connection aborted.', RemoteDisconnected('Remote end closed connection without response'))
2026-01-21 10:26:58,102 - INFO - 拉取行情中...
2026-01-21 10:27:03,204 - ERROR - 异常: ('Connection aborted.', RemoteDisconnected('Remote end closed connection without response'))
2026-01-21 10:28:03,209 - INFO - --- 扫描开始 10:28:03 ---
2026-01-21 10:28:03,361 - ERROR - 计算失败 688115: ('Connection aborted.', RemoteDisconnected('Remote end closed connection without response'))
2026-01-21 10:28:03,461 - ERROR - 计算失败 603633: ('Connection aborted.', RemoteDisconnected('Remote end closed connection without response'))
2026-01-21 10:28:03,546 - ERROR - 计算失败 600340: ('Connection aborted.', RemoteDisconnected('Remote end closed connection without response'))
2026-01-21 10:28:03,723 - ERROR - 计算失败 300438: ('Connection aborted.', RemoteDisconnected('Remote end closed connection without response'))
2026-01-21 10:28:03,723 - INFO - 拉取行情中...
2026-01-21 10:28:09,067 - ERROR - 异常: ('Connection aborted.', RemoteDisconnected('Remote end closed connection without response'))
2026-01-21 10:29:09,072 - INFO - --- 扫描开始 10:29:09 ---
2026-01-21 10:29:09,460 - INFO - 拉取行情中...
2026-01-21 10:29:14,978 - ERROR - 异常: ('Connection aborted.', RemoteDisconnected('Remote end closed connection without response'))
2026-01-21 10:30:15,021 - INFO - --- 扫描开始 10:30:15 ---
2026-01-21 10:30:16,192 - INFO - 拉取行情中...
2026-01-21 10:30:20,542 - ERROR - 异常: ('Connection aborted.', RemoteDisconnected('Remote end closed connection without response'))
2026-01-21 10:31:20,551 - INFO - --- 扫描开始 10:31:20 ---
2026-01-21 10:31:21,750 - INFO - 拉取行情中...
2026-01-21 10:31:27,505 - ERROR - 异常: ('Connection aborted.', RemoteDisconnected('Remote end closed connection without response'))
2026-01-21 10:32:27,514 - INFO - --- 扫描开始 10:32:27 ---
2026-01-21 10:32:28,579 - INFO - 拉取行情中...
2026-01-21 10:32:34,134 - ERROR - 异常: ('Connection aborted.', RemoteDisconnected('Remote end closed connection without response'))
2026-01-21 10:33:34,141 - INFO - --- 扫描开始 10:33:34 ---
2026-01-21 10:33:34,962 - INFO - 拉取行情中...
2026-01-21 10:33:40,494 - ERROR - 异常: ('Connection aborted.', RemoteDisconnected('Remote end closed connection without response'))
2026-01-21 10:34:40,502 - INFO - --- 扫描开始 10:34:40 ---
2026-01-21 10:34:42,207 - INFO - 拉取行情中...
2026-01-21 10:34:49,404 - ERROR - 异常: ('Connection aborted.', RemoteDisconnected('Remote end closed connection without response'))
2026-01-21 10:35:49,414 - INFO - --- 扫描开始 10:35:49 ---
2026-01-21 10:35:49,890 - INFO - 拉取行情中...
2026-01-21 10:35:55,226 - ERROR - 异常: ('Connection aborted.', RemoteDisconnected('Remote end closed connection without response'))
2026-01-21 10:36:55,236 - INFO - --- 扫描开始 10:36:55 ---
2026-01-21 10:36:58,898 - INFO - 拉取行情中...
2026-01-21 10:37:05,070 - ERROR - 异常: ('Connection aborted.', RemoteDisconnected('Remote end closed connection without response'))
2026-01-21 10:38:05,081 - INFO - --- 扫描开始 10:38:05 ---
2026-01-21 10:38:06,434 - INFO - 拉取行情中...
2026-01-21 10:38:12,036 - ERROR - 异常: ('Connection aborted.', RemoteDisconnected('Remote end closed connection without response'))
2026-01-21 10:39:12,047 - INFO - --- 扫描开始 10:39:12 ---
2026-01-21 10:39:12,870 - INFO - 拉取行情中...
2026-01-21 10:39:18,297 - ERROR - 异常: ('Connection aborted.', RemoteDisconnected('Remote end closed connection without response'))
2026-01-21 10:40:18,304 - INFO - --- 扫描开始 10:40:18 ---
2026-01-21 10:40:19,083 - INFO - 拉取行情中...
2026-01-21 10:40:25,598 - ERROR - 异常: ('Connection aborted.', RemoteDisconnected('Remote end closed connection without response'))
2026-01-21 10:41:25,604 - INFO - --- 扫描开始 10:41:25 ---
2026-01-21 10:41:26,325 - INFO - 拉取行情中...
2026-01-21 10:41:32,269 - ERROR - 异常: ('Connection aborted.', RemoteDisconnected('Remote end closed connection without response'))
2026-01-21 10:42:32,280 - INFO - --- 扫描开始 10:42:32 ---
2026-01-21 10:42:33,128 - INFO - 拉取行情中...
2026-01-21 10:42:39,062 - ERROR - 异常: ('Connection aborted.', RemoteDisconnected('Remote end closed connection without response'))
2026-01-21 10:43:39,072 - INFO - --- 扫描开始 10:43:39 ---
2026-01-21 10:43:39,532 - INFO - 拉取行情中...
2026-01-21 10:43:45,702 - ERROR - 异常: ('Connection aborted.', RemoteDisconnected('Remote end closed connection without response'))
2026-01-21 10:44:45,727 - INFO - --- 扫描开始 10:44:45 ---
2026-01-21 10:44:46,442 - INFO - 拉取行情中...
2026-01-21 10:44:51,669 - ERROR - 异常: ('Connection aborted.', RemoteDisconnected('Remote end closed connection without response'))
2026-01-21 10:45:51,697 - INFO - --- 扫描开始 10:45:51 ---
2026-01-21 10:45:52,599 - INFO - 拉取行情中...
2026-01-21 10:45:57,976 - ERROR - 异常: ('Connection aborted.', RemoteDisconnected('Remote end closed connection without response'))
2026-01-21 10:46:57,987 - INFO - --- 扫描开始 10:46:57 ---
2026-01-21 10:46:59,393 - INFO - 拉取行情中...
2026-01-21 10:47:05,552 - ERROR - 异常: ('Connection aborted.', RemoteDisconnected('Remote end closed connection without response'))
2026-01-21 10:48:05,564 - INFO - --- 扫描开始 10:48:05 ---
2026-01-21 10:48:05,748 - ERROR - 计算失败 688115: ('Connection aborted.', RemoteDisconnected('Remote end closed connection without response'))
2026-01-21 10:48:05,916 - ERROR - 计算失败 603633: ('Connection aborted.', RemoteDisconnected('Remote end closed connection without response'))
2026-01-21 10:48:06,055 - ERROR - 计算失败 600340: ('Connection aborted.', RemoteDisconnected('Remote end closed connection without response'))
2026-01-21 10:48:06,200 - ERROR - 计算失败 300438: ('Connection aborted.', RemoteDisconnected('Remote end closed connection without response'))
2026-01-21 10:48:06,200 - INFO - 拉取行情中...
2026-01-21 10:48:12,495 - ERROR - 异常: ('Connection aborted.', RemoteDisconnected('Remote end closed connection without response'))
2026-01-21 10:49:12,503 - INFO - --- 扫描开始 10:49:12 ---
2026-01-21 10:49:12,675 - ERROR - 计算失败 688115: ('Connection aborted.', RemoteDisconnected('Remote end closed connection without response'))
2026-01-21 10:49:12,813 - ERROR - 计算失败 603633: ('Connection aborted.', RemoteDisconnected('Remote end closed connection without response'))
2026-01-21 10:49:12,974 - ERROR - 计算失败 600340: ('Connection aborted.', RemoteDisconnected('Remote end closed connection without response'))
2026-01-21 10:49:13,209 - ERROR - 计算失败 300438: ('Connection aborted.', RemoteDisconnected('Remote end closed connection without response'))
2026-01-21 10:49:13,209 - INFO - 拉取行情中...
2026-01-21 10:49:19,034 - ERROR - 异常: ('Connection aborted.', RemoteDisconnected('Remote end closed connection without response'))
2026-01-21 10:50:19,040 - INFO - --- 扫描开始 10:50:19 ---
2026-01-21 10:50:19,586 - ERROR - 计算失败 603633: ('Connection aborted.', RemoteDisconnected('Remote end closed connection without response'))
2026-01-21 10:50:19,745 - ERROR - 计算失败 600340: ('Connection aborted.', RemoteDisconnected('Remote end closed connection without response'))
2026-01-21 10:50:19,907 - ERROR - 计算失败 300438: ('Connection aborted.', RemoteDisconnected('Remote end closed connection without response'))
2026-01-21 10:50:19,908 - INFO - 拉取行情中...
2026-01-21 10:50:24,797 - ERROR - 异常: ('Connection aborted.', RemoteDisconnected('Remote end closed connection without response'))
2026-01-21 10:51:24,809 - INFO - --- 扫描开始 10:51:24 ---
2026-01-21 10:51:24,988 - ERROR - 计算失败 688115: ('Connection aborted.', RemoteDisconnected('Remote end closed connection without response'))
2026-01-21 10:51:25,147 - ERROR - 计算失败 603633: ('Connection aborted.', RemoteDisconnected('Remote end closed connection without response'))
2026-01-21 10:51:25,321 - ERROR - 计算失败 600340: ('Connection aborted.', RemoteDisconnected('Remote end closed connection without response'))
2026-01-21 10:51:25,479 - ERROR - 计算失败 300438: ('Connection aborted.', RemoteDisconnected('Remote end closed connection without response'))
2026-01-21 10:51:25,480 - INFO - 拉取行情中...
2026-01-21 10:51:30,480 - ERROR - 异常: ('Connection aborted.', RemoteDisconnected('Remote end closed connection without response'))
2026-01-21 10:52:30,489 - INFO - --- 扫描开始 10:52:30 ---
2026-01-21 10:52:30,661 - ERROR - 计算失败 688115: ('Connection aborted.', RemoteDisconnected('Remote end closed connection without response'))
2026-01-21 10:52:30,819 - ERROR - 计算失败 603633: ('Connection aborted.', RemoteDisconnected('Remote end closed connection without response'))
2026-01-21 10:52:30,959 - ERROR - 计算失败 600340: ('Connection aborted.', RemoteDisconnected('Remote end closed connection without response'))
2026-01-21 10:52:31,107 - ERROR - 计算失败 300438: ('Connection aborted.', RemoteDisconnected('Remote end closed connection without response'))
2026-01-21 10:52:31,107 - INFO - 拉取行情中...
2026-01-21 10:52:35,800 - ERROR - 异常: ('Connection aborted.', RemoteDisconnected('Remote end closed connection without response'))
2026-01-21 10:53:35,808 - INFO - --- 扫描开始 10:53:35 ---
2026-01-21 10:53:36,911 - INFO - 拉取行情中...
2026-01-21 10:53:42,432 - ERROR - 异常: ('Connection aborted.', RemoteDisconnected('Remote end closed connection without response'))
2026-01-21 10:54:42,444 - INFO - --- 扫描开始 10:54:42 ---
2026-01-21 10:54:43,456 - INFO - 拉取行情中...
2026-01-21 10:54:49,140 - ERROR - 异常: ('Connection aborted.', RemoteDisconnected('Remote end closed connection without response'))
2026-01-21 10:55:49,147 - INFO - --- 扫描开始 10:55:49 ---
2026-01-21 10:55:49,256 - ERROR - 计算失败 688115: ('Connection aborted.', RemoteDisconnected('Remote end closed connection without response'))
2026-01-21 10:55:49,373 - ERROR - 计算失败 603633: ('Connection aborted.', RemoteDisconnected('Remote end closed connection without response'))
2026-01-21 10:55:49,576 - ERROR - 计算失败 600340: ('Connection aborted.', RemoteDisconnected('Remote end closed connection without response'))
2026-01-21 10:55:49,699 - ERROR - 计算失败 300438: ('Connection aborted.', RemoteDisconnected('Remote end closed connection without response'))
2026-01-21 10:55:49,699 - INFO - 拉取行情中...
2026-01-21 10:55:55,752 - ERROR - 异常: ('Connection aborted.', RemoteDisconnected('Remote end closed connection without response'))
2026-01-21 10:56:55,763 - INFO - --- 扫描开始 10:56:55 ---
2026-01-21 10:56:56,884 - INFO - 拉取行情中...
2026-01-21 10:57:02,066 - ERROR - 异常: ('Connection aborted.', RemoteDisconnected('Remote end closed connection without response'))
2026-01-21 10:58:02,100 - INFO - --- 扫描开始 10:58:02 ---
2026-01-21 10:58:03,461 - INFO - 拉取行情中...
2026-01-21 10:58:08,554 - ERROR - 异常: ('Connection aborted.', RemoteDisconnected('Remote end closed connection without response'))
2026-01-21 10:59:08,565 - INFO - --- 扫描开始 10:59:08 ---
2026-01-21 10:59:09,641 - INFO - 拉取行情中...
2026-01-21 10:59:15,041 - ERROR - 异常: ('Connection aborted.', RemoteDisconnected('Remote end closed connection without response'))
2026-01-21 11:00:15,045 - INFO - --- 扫描开始 11:00:15 ---
2026-01-21 11:00:16,097 - INFO - 拉取行情中...
2026-01-21 11:00:21,464 - ERROR - 异常: ('Connection aborted.', RemoteDisconnected('Remote end closed connection without response'))
2026-01-21 11:01:21,466 - INFO - --- 扫描开始 11:01:21 ---
2026-01-21 11:01:21,758 - ERROR - 计算失败 688115: ('Connection aborted.', RemoteDisconnected('Remote end closed connection without response'))
2026-01-21 11:01:22,029 - ERROR - 计算失败 603633: ('Connection aborted.', RemoteDisconnected('Remote end closed connection without response'))
2026-01-21 11:01:22,292 - ERROR - 计算失败 600340: ('Connection aborted.', RemoteDisconnected('Remote end closed connection without response'))
2026-01-21 11:01:22,620 - ERROR - 计算失败 300438: ('Connection aborted.', RemoteDisconnected('Remote end closed connection without response'))
2026-01-21 11:01:22,621 - INFO - 拉取行情中...
2026-01-21 11:01:28,774 - ERROR - 异常: ('Connection aborted.', RemoteDisconnected('Remote end closed connection without response'))
2026-01-21 11:02:28,799 - INFO - --- 扫描开始 11:02:28 ---
2026-01-21 11:02:28,918 - ERROR - 计算失败 688115: ('Connection aborted.', RemoteDisconnected('Remote end closed connection without response'))
2026-01-21 11:02:29,006 - ERROR - 计算失败 603633: ('Connection aborted.', RemoteDisconnected('Remote end closed connection without response'))
2026-01-21 11:02:29,117 - ERROR - 计算失败 600340: ('Connection aborted.', RemoteDisconnected('Remote end closed connection without response'))
2026-01-21 11:02:29,212 - ERROR - 计算失败 300438: ('Connection aborted.', RemoteDisconnected('Remote end closed connection without response'))
2026-01-21 11:02:29,213 - INFO - 拉取行情中...
2026-01-21 11:02:34,484 - ERROR - 异常: ('Connection aborted.', RemoteDisconnected('Remote end closed connection without response'))
2026-01-21 11:03:34,497 - INFO - --- 扫描开始 11:03:34 ---
2026-01-21 11:03:34,602 - ERROR - 计算失败 688115: ('Connection aborted.', RemoteDisconnected('Remote end closed connection without response'))
2026-01-21 11:03:34,697 - ERROR - 计算失败 603633: ('Connection aborted.', RemoteDisconnected('Remote end closed connection without response'))
2026-01-21 11:03:34,805 - ERROR - 计算失败 600340: ('Connection aborted.', RemoteDisconnected('Remote end closed connection without response'))
2026-01-21 11:03:34,897 - ERROR - 计算失败 300438: ('Connection aborted.', RemoteDisconnected('Remote end closed connection without response'))
2026-01-21 11:03:34,898 - INFO - 拉取行情中...
2026-01-21 11:03:40,418 - ERROR - 异常: ('Connection aborted.', RemoteDisconnected('Remote end closed connection without response'))
2026-01-21 11:04:40,430 - INFO - --- 扫描开始 11:04:40 ---
2026-01-21 11:04:40,663 - ERROR - 计算失败 688115: ('Connection aborted.', RemoteDisconnected('Remote end closed connection without response'))
2026-01-21 11:04:40,889 - ERROR - 计算失败 603633: ('Connection aborted.', RemoteDisconnected('Remote end closed connection without response'))
2026-01-21 11:04:41,130 - ERROR - 计算失败 600340: ('Connection aborted.', RemoteDisconnected('Remote end closed connection without response'))
2026-01-21 11:04:41,324 - ERROR - 计算失败 300438: ('Connection aborted.', RemoteDisconnected('Remote end closed connection without response'))
2026-01-21 11:04:41,325 - INFO - 拉取行情中...
2026-01-21 11:04:46,775 - ERROR - 异常: ('Connection aborted.', RemoteDisconnected('Remote end closed connection without response'))
2026-01-21 11:05:46,785 - INFO - --- 扫描开始 11:05:46 ---
2026-01-21 11:05:46,975 - ERROR - 计算失败 688115: ('Connection aborted.', RemoteDisconnected('Remote end closed connection without response'))
2026-01-21 11:05:47,192 - ERROR - 计算失败 603633: ('Connection aborted.', RemoteDisconnected('Remote end closed connection without response'))
2026-01-21 11:05:47,396 - ERROR - 计算失败 600340: ('Connection aborted.', RemoteDisconnected('Remote end closed connection without response'))
2026-01-21 11:05:47,564 - ERROR - 计算失败 300438: ('Connection aborted.', RemoteDisconnected('Remote end closed connection without response'))
2026-01-21 11:05:47,565 - INFO - 拉取行情中...
2026-01-21 11:05:53,205 - ERROR - 异常: ('Connection aborted.', RemoteDisconnected('Remote end closed connection without response'))
2026-01-21 11:06:53,217 - INFO - --- 扫描开始 11:06:53 ---
2026-01-21 11:06:53,392 - ERROR - 计算失败 688115: ('Connection aborted.', RemoteDisconnected('Remote end closed connection without response'))
2026-01-21 11:06:53,534 - ERROR - 计算失败 603633: ('Connection aborted.', RemoteDisconnected('Remote end closed connection without response'))
2026-01-21 11:06:53,688 - ERROR - 计算失败 600340: ('Connection aborted.', RemoteDisconnected('Remote end closed connection without response'))
2026-01-21 11:06:53,838 - ERROR - 计算失败 300438: ('Connection aborted.', RemoteDisconnected('Remote end closed connection without response'))
2026-01-21 11:06:53,839 - INFO - 拉取行情中...
2026-01-21 11:06:59,351 - ERROR - 异常: ('Connection aborted.', RemoteDisconnected('Remote end closed connection without response'))
2026-01-21 11:07:59,361 - INFO - --- 扫描开始 11:07:59 ---
2026-01-21 11:07:59,544 - ERROR - 计算失败 688115: ('Connection aborted.', RemoteDisconnected('Remote end closed connection without response'))
2026-01-21 11:07:59,713 - ERROR - 计算失败 603633: ('Connection aborted.', RemoteDisconnected('Remote end closed connection without response'))
2026-01-21 11:07:59,893 - ERROR - 计算失败 600340: ('Connection aborted.', RemoteDisconnected('Remote end closed connection without response'))
2026-01-21 11:08:00,051 - ERROR - 计算失败 300438: ('Connection aborted.', RemoteDisconnected('Remote end closed connection without response'))
2026-01-21 11:08:00,051 - INFO - 拉取行情中...
2026-01-21 11:08:05,782 - ERROR - 异常: ('Connection aborted.', RemoteDisconnected('Remote end closed connection without response'))
2026-01-21 11:09:05,793 - INFO - --- 扫描开始 11:09:05 ---
2026-01-21 11:09:06,887 - INFO - 拉取行情中...
2026-01-21 11:09:12,910 - ERROR - 异常: ('Connection aborted.', RemoteDisconnected('Remote end closed connection without response'))
2026-01-21 11:10:12,925 - INFO - --- 扫描开始 11:10:12 ---
2026-01-21 11:10:13,947 - INFO - 拉取行情中...
2026-01-21 11:10:20,027 - ERROR - 异常: ('Connection aborted.', RemoteDisconnected('Remote end closed connection without response'))
2026-01-21 11:11:20,037 - INFO - --- 扫描开始 11:11:20 ---
2026-01-21 11:11:20,260 - ERROR - 计算失败 688115: ('Connection aborted.', RemoteDisconnected('Remote end closed connection without response'))
2026-01-21 11:11:20,450 - ERROR - 计算失败 603633: ('Connection aborted.', RemoteDisconnected('Remote end closed connection without response'))
2026-01-21 11:11:20,617 - ERROR - 计算失败 600340: ('Connection aborted.', RemoteDisconnected('Remote end closed connection without response'))
2026-01-21 11:11:20,786 - ERROR - 计算失败 300438: ('Connection aborted.', RemoteDisconnected('Remote end closed connection without response'))
2026-01-21 11:11:20,787 - INFO - 拉取行情中...
2026-01-21 11:11:26,021 - ERROR - 异常: ('Connection aborted.', RemoteDisconnected('Remote end closed connection without response'))
2026-01-21 11:12:26,031 - INFO - --- 扫描开始 11:12:26 ---
2026-01-21 11:12:26,197 - ERROR - 计算失败 688115: ('Connection aborted.', RemoteDisconnected('Remote end closed connection without response'))
2026-01-21 11:12:26,363 - ERROR - 计算失败 603633: ('Connection aborted.', RemoteDisconnected('Remote end closed connection without response'))
2026-01-21 11:12:26,526 - ERROR - 计算失败 600340: ('Connection aborted.', RemoteDisconnected('Remote end closed connection without response'))
2026-01-21 11:12:26,680 - ERROR - 计算失败 300438: ('Connection aborted.', RemoteDisconnected('Remote end closed connection without response'))
2026-01-21 11:12:26,681 - INFO - 拉取行情中...
2026-01-21 11:12:31,294 - ERROR - 异常: ('Connection aborted.', RemoteDisconnected('Remote end closed connection without response'))
2026-01-21 11:13:31,306 - INFO - --- 扫描开始 11:13:31 ---
2026-01-21 11:13:31,485 - ERROR - 计算失败 688115: ('Connection aborted.', RemoteDisconnected('Remote end closed connection without response'))
2026-01-21 11:13:31,617 - ERROR - 计算失败 603633: ('Connection aborted.', RemoteDisconnected('Remote end closed connection without response'))
2026-01-21 11:13:31,808 - ERROR - 计算失败 600340: ('Connection aborted.', RemoteDisconnected('Remote end closed connection without response'))
2026-01-21 11:13:31,980 - ERROR - 计算失败 300438: ('Connection aborted.', RemoteDisconnected('Remote end closed connection without response'))
2026-01-21 11:13:31,981 - INFO - 拉取行情中...
2026-01-21 11:13:37,729 - ERROR - 异常: ('Connection aborted.', RemoteDisconnected('Remote end closed connection without response'))
2026-01-21 11:14:37,738 - INFO - --- 扫描开始 11:14:37 ---
2026-01-21 11:14:37,935 - ERROR - 计算失败 688115: ('Connection aborted.', RemoteDisconnected('Remote end closed connection without response'))
2026-01-21 11:14:38,118 - ERROR - 计算失败 603633: ('Connection aborted.', RemoteDisconnected('Remote end closed connection without response'))
2026-01-21 11:14:38,342 - ERROR - 计算失败 600340: ('Connection aborted.', RemoteDisconnected('Remote end closed connection without response'))
2026-01-21 11:14:38,508 - ERROR - 计算失败 300438: ('Connection aborted.', RemoteDisconnected('Remote end closed connection without response'))
2026-01-21 11:14:38,509 - INFO - 拉取行情中...
2026-01-21 11:14:43,880 - ERROR - 异常: ('Connection aborted.', RemoteDisconnected('Remote end closed connection without response'))
2026-01-21 11:15:43,889 - INFO - --- 扫描开始 11:15:43 ---
2026-01-21 11:15:44,088 - ERROR - 计算失败 688115: ('Connection aborted.', RemoteDisconnected('Remote end closed connection without response'))
2026-01-21 11:15:44,257 - ERROR - 计算失败 603633: ('Connection aborted.', RemoteDisconnected('Remote end closed connection without response'))
2026-01-21 11:15:44,437 - ERROR - 计算失败 600340: ('Connection aborted.', RemoteDisconnected('Remote end closed connection without response'))
2026-01-21 11:15:44,601 - ERROR - 计算失败 300438: ('Connection aborted.', RemoteDisconnected('Remote end closed connection without response'))
2026-01-21 11:15:44,602 - INFO - 拉取行情中...
2026-01-21 11:15:50,361 - ERROR - 异常: ('Connection aborted.', RemoteDisconnected('Remote end closed connection without response'))
2026-01-21 11:16:50,368 - INFO - --- 扫描开始 11:16:50 ---
2026-01-21 11:16:50,482 - ERROR - 计算失败 688115: ('Connection aborted.', RemoteDisconnected('Remote end closed connection without response'))
2026-01-21 11:16:50,574 - ERROR - 计算失败 603633: ('Connection aborted.', RemoteDisconnected('Remote end closed connection without response'))
2026-01-21 11:16:50,681 - ERROR - 计算失败 600340: ('Connection aborted.', RemoteDisconnected('Remote end closed connection without response'))
2026-01-21 11:16:50,785 - ERROR - 计算失败 300438: ('Connection aborted.', RemoteDisconnected('Remote end closed connection without response'))
2026-01-21 11:16:50,786 - INFO - 拉取行情中...
2026-01-21 11:16:56,082 - ERROR - 异常: ('Connection aborted.', RemoteDisconnected('Remote end closed connection without response'))
2026-01-21 11:17:56,098 - INFO - --- 扫描开始 11:17:56 ---
2026-01-21 11:17:56,220 - ERROR - 计算失败 688115: ('Connection aborted.', RemoteDisconnected('Remote end closed connection without response'))
2026-01-21 11:17:56,316 - ERROR - 计算失败 603633: ('Connection aborted.', RemoteDisconnected('Remote end closed connection without response'))
2026-01-21 11:17:56,411 - ERROR - 计算失败 600340: ('Connection aborted.', RemoteDisconnected('Remote end closed connection without response'))
2026-01-21 11:17:56,514 - ERROR - 计算失败 300438: ('Connection aborted.', RemoteDisconnected('Remote end closed connection without response'))
2026-01-21 11:17:56,515 - INFO - 拉取行情中...
2026-01-21 11:19:17,862 - INFO - 初筛命中: 379
2026-01-21 11:19:18,034 - ERROR - 计算失败 688687: ('Connection aborted.', RemoteDisconnected('Remote end closed connection without response'))
2026-01-21 11:19:18,691 - ERROR - 计算失败 600187: ('Connection aborted.', RemoteDisconnected('Remote end closed connection without response'))
2026-01-21 11:19:19,349 - ERROR - 计算失败 605366: ('Connection aborted.', RemoteDisconnected('Remote end closed connection without response'))
2026-01-21 11:19:20,016 - ERROR - 计算失败 600076: ('Connection aborted.', RemoteDisconnected('Remote end closed connection without response'))
2026-01-21 11:19:20,722 - ERROR - 计算失败 000523: ('Connection aborted.', RemoteDisconnected('Remote end closed connection without response'))
2026-01-21 11:19:21,402 - ERROR - 计算失败 002039: ('Connection aborted.', RemoteDisconnected('Remote end closed connection without response'))
2026-01-21 11:19:22,110 - ERROR - 计算失败 601677: ('Connection aborted.', RemoteDisconnected('Remote end closed connection without response'))
2026-01-21 11:19:22,774 - ERROR - 计算失败 600774: ('Connection aborted.', RemoteDisconnected('Remote end closed connection without response'))
2026-01-21 11:19:23,493 - ERROR - 计算失败 600073: ('Connection aborted.', RemoteDisconnected('Remote end closed connection without response'))
2026-01-21 11:19:24,172 - ERROR - 计算失败 601678: ('Connection aborted.', RemoteDisconnected('Remote end closed connection without response'))
2026-01-21 11:19:24,846 - ERROR - 计算失败 300668: ('Connection aborted.', RemoteDisconnected('Remote end closed connection without response'))
2026-01-21 11:19:25,502 - ERROR - 计算失败 600597: ('Connection aborted.', RemoteDisconnected('Remote end closed connection without response'))
2026-01-21 11:19:26,184 - ERROR - 计算失败 603421: ('Connection aborted.', RemoteDisconnected('Remote end closed connection without response'))
2026-01-21 11:19:26,856 - ERROR - 计算失败 605339: ('Connection aborted.', RemoteDisconnected('Remote end closed connection without response'))
2026-01-21 11:19:27,527 - ERROR - 计算失败 002302: ('Connection aborted.', RemoteDisconnected('Remote end closed connection without response'))
2026-01-21 11:19:28,213 - ERROR - 计算失败 600675: ('Connection aborted.', RemoteDisconnected('Remote end closed connection without response'))
2026-01-21 11:19:28,896 - ERROR - 计算失败 603466: ('Connection aborted.', RemoteDisconnected('Remote end closed connection without response'))
2026-01-21 11:19:29,564 - ERROR - 计算失败 000600: ('Connection aborted.', RemoteDisconnected('Remote end closed connection without response'))
2026-01-21 11:19:30,233 - ERROR - 计算失败 600984: ('Connection aborted.', RemoteDisconnected('Remote end closed connection without response'))
2026-01-21 11:19:30,908 - ERROR - 计算失败 000729: ('Connection aborted.', RemoteDisconnected('Remote end closed connection without response'))
2026-01-21 11:19:31,588 - ERROR - 计算失败 000031: ('Connection aborted.', RemoteDisconnected('Remote end closed connection without response'))
2026-01-21 11:19:32,283 - ERROR - 计算失败 300242: ('Connection aborted.', RemoteDisconnected('Remote end closed connection without response'))
2026-01-21 11:19:32,927 - ERROR - 计算失败 688352: ('Connection aborted.', RemoteDisconnected('Remote end closed connection without response'))
2026-01-21 11:19:33,582 - ERROR - 计算失败 603919: ('Connection aborted.', RemoteDisconnected('Remote end closed connection without response'))
2026-01-21 11:19:34,283 - ERROR - 计算失败 600595: ('Connection aborted.', RemoteDisconnected('Remote end closed connection without response'))
2026-01-21 11:19:34,972 - ERROR - 计算失败 603966: ('Connection aborted.', RemoteDisconnected('Remote end closed connection without response'))
2026-01-21 11:19:35,648 - ERROR - 计算失败 002201: ('Connection aborted.', RemoteDisconnected('Remote end closed connection without response'))
2026-01-21 11:19:36,327 - ERROR - 计算失败 000417: ('Connection aborted.', RemoteDisconnected('Remote end closed connection without response'))
2026-01-21 11:19:37,006 - ERROR - 计算失败 000514: ('Connection aborted.', RemoteDisconnected('Remote end closed connection without response'))
2026-01-21 11:19:37,723 - ERROR - 计算失败 002546: ('Connection aborted.', RemoteDisconnected('Remote end closed connection without response'))
2026-01-21 11:19:38,416 - ERROR - 计算失败 600408: ('Connection aborted.', RemoteDisconnected('Remote end closed connection without response'))
2026-01-21 11:19:39,092 - ERROR - 计算失败 601000: ('Connection aborted.', RemoteDisconnected('Remote end closed connection without response'))
2026-01-21 11:19:39,783 - ERROR - 计算失败 300871: ('Connection aborted.', RemoteDisconnected('Remote end closed connection without response'))
2026-01-21 11:19:40,447 - ERROR - 计算失败 605028: ('Connection aborted.', RemoteDisconnected('Remote end closed connection without response'))
2026-01-21 11:19:41,111 - ERROR - 计算失败 001270: ('Connection aborted.', RemoteDisconnected('Remote end closed connection without response'))
2026-01-21 11:19:41,773 - ERROR - 计算失败 605399: ('Connection aborted.', RemoteDisconnected('Remote end closed connection without response'))
2026-01-21 11:19:42,451 - ERROR - 计算失败 603332: ('Connection aborted.', RemoteDisconnected('Remote end closed connection without response'))
2026-01-21 11:19:43,112 - ERROR - 计算失败 000833: ('Connection aborted.', RemoteDisconnected('Remote end closed connection without response'))
2026-01-21 11:19:43,801 - ERROR - 计算失败 301601: ('Connection aborted.', RemoteDisconnected('Remote end closed connection without response'))
2026-01-21 11:19:44,473 - ERROR - 计算失败 600343: ('Connection aborted.', RemoteDisconnected('Remote end closed connection without response'))
2026-01-21 11:19:45,123 - ERROR - 计算失败 301609: ('Connection aborted.', RemoteDisconnected('Remote end closed connection without response'))
2026-01-21 11:19:45,822 - ERROR - 计算失败 603828: ('Connection aborted.', RemoteDisconnected('Remote end closed connection without response'))
2026-01-21 11:19:46,487 - ERROR - 计算失败 002956: ('Connection aborted.', RemoteDisconnected('Remote end closed connection without response'))
2026-01-21 11:19:47,166 - ERROR - 计算失败 000560: ('Connection aborted.', RemoteDisconnected('Remote end closed connection without response'))
2026-01-21 11:19:47,830 - ERROR - 计算失败 603682: ('Connection aborted.', RemoteDisconnected('Remote end closed connection without response'))
2026-01-21 11:19:48,501 - ERROR - 计算失败 003039: ('Connection aborted.', RemoteDisconnected('Remote end closed connection without response'))
2026-01-21 11:19:49,178 - ERROR - 计算失败 000592: ('Connection aborted.', RemoteDisconnected('Remote end closed connection without response'))
2026-01-21 11:19:49,862 - ERROR - 计算失败 601686: ('Connection aborted.', RemoteDisconnected('Remote end closed connection without response'))
2026-01-21 11:19:50,511 - ERROR - 计算失败 002005: ('Connection aborted.', RemoteDisconnected('Remote end closed connection without response'))
2026-01-21 11:19:51,213 - ERROR - 计算失败 000799: ('Connection aborted.', RemoteDisconnected('Remote end closed connection without response'))
2026-01-21 11:24:51,736 - INFO - --- 扫描开始 11:24:51 ---
2026-01-21 11:24:51,957 - ERROR - 计算失败 688115: ('Connection aborted.', RemoteDisconnected('Remote end closed connection without response'))
2026-01-21 11:24:52,164 - ERROR - 计算失败 603633: ('Connection aborted.', RemoteDisconnected('Remote end closed connection without response'))
2026-01-21 11:24:52,359 - ERROR - 计算失败 600340: ('Connection aborted.', RemoteDisconnected('Remote end closed connection without response'))
2026-01-21 11:24:52,523 - ERROR - 计算失败 300438: ('Connection aborted.', RemoteDisconnected('Remote end closed connection without response'))
2026-01-21 11:24:52,523 - INFO - 拉取行情中...
2026-01-21 11:24:58,581 - ERROR - 异常: ('Connection aborted.', RemoteDisconnected('Remote end closed connection without response'))
2026-01-21 11:25:58,590 - INFO - --- 扫描开始 11:25:58 ---
2026-01-21 11:25:58,734 - ERROR - 计算失败 688115: ('Connection aborted.', RemoteDisconnected('Remote end closed connection without response'))
2026-01-21 11:25:58,873 - ERROR - 计算失败 603633: ('Connection aborted.', RemoteDisconnected('Remote end closed connection without response'))
2026-01-21 11:25:58,987 - ERROR - 计算失败 600340: ('Connection aborted.', RemoteDisconnected('Remote end closed connection without response'))
2026-01-21 11:25:59,079 - ERROR - 计算失败 300438: ('Connection aborted.', RemoteDisconnected('Remote end closed connection without response'))
2026-01-21 11:25:59,079 - INFO - 拉取行情中...
2026-01-21 11:26:04,152 - ERROR - 异常: ('Connection aborted.', RemoteDisconnected('Remote end closed connection without response'))
2026-01-21 11:27:04,162 - INFO - --- 扫描开始 11:27:04 ---
2026-01-21 11:27:04,269 - ERROR - 计算失败 688115: ('Connection aborted.', RemoteDisconnected('Remote end closed connection without response'))
2026-01-21 11:27:04,402 - ERROR - 计算失败 603633: ('Connection aborted.', RemoteDisconnected('Remote end closed connection without response'))
2026-01-21 11:27:04,492 - ERROR - 计算失败 600340: ('Connection aborted.', RemoteDisconnected('Remote end closed connection without response'))
2026-01-21 11:27:04,638 - ERROR - 计算失败 300438: ('Connection aborted.', RemoteDisconnected('Remote end closed connection without response'))
2026-01-21 11:27:04,638 - INFO - 拉取行情中...
2026-01-21 11:27:10,390 - ERROR - 异常: ('Connection aborted.', RemoteDisconnected('Remote end closed connection without response'))
2026-01-21 11:28:10,394 - INFO - --- 扫描开始 11:28:10 ---
2026-01-21 11:28:11,149 - INFO - 拉取行情中...
2026-01-21 11:28:15,682 - ERROR - 异常: ('Connection aborted.', RemoteDisconnected('Remote end closed connection without response'))
2026-01-21 11:29:15,688 - INFO - --- 扫描开始 11:29:15 ---
2026-01-21 11:29:16,443 - INFO - 拉取行情中...
2026-01-21 11:29:23,611 - ERROR - 异常: ('Connection aborted.', RemoteDisconnected('Remote end closed connection without response'))
2026-01-21 11:30:23,618 - INFO - --- 扫描开始 11:30:23 ---
2026-01-21 11:30:24,345 - INFO - 拉取行情中...
2026-01-21 11:30:29,596 - ERROR - 异常: ('Connection aborted.', RemoteDisconnected('Remote end closed connection without response'))
2026-01-21 11:31:29,602 - INFO - --- 扫描开始 11:31:29 ---
2026-01-21 11:31:30,356 - INFO - 拉取行情中...
2026-01-21 11:31:36,219 - ERROR - 异常: ('Connection aborted.', RemoteDisconnected('Remote end closed connection without response'))
2026-01-21 11:32:36,229 - INFO - --- 扫描开始 11:32:36 ---
2026-01-21 11:32:36,999 - INFO - 拉取行情中...
2026-01-21 11:32:42,851 - ERROR - 异常: ('Connection aborted.', RemoteDisconnected('Remote end closed connection without response'))
2026-01-21 11:33:42,859 - INFO - --- 扫描开始 11:33:42 ---
2026-01-21 11:33:43,538 - INFO - 拉取行情中...
2026-01-21 11:33:49,621 - ERROR - 异常: ('Connection aborted.', RemoteDisconnected('Remote end closed connection without response'))
2026-01-21 11:34:49,633 - INFO - --- 扫描开始 11:34:49 ---
2026-01-21 11:34:50,466 - INFO - 拉取行情中...
2026-01-21 11:34:56,131 - ERROR - 异常: ('Connection aborted.', RemoteDisconnected('Remote end closed connection without response'))
2026-01-21 11:35:56,142 - INFO - --- 扫描开始 11:35:56 ---
2026-01-21 11:35:57,487 - INFO - 拉取行情中...
2026-01-21 11:36:03,567 - ERROR - 异常: ('Connection aborted.', RemoteDisconnected('Remote end closed connection without response'))
2026-01-21 11:37:03,574 - INFO - --- 扫描开始 11:37:03 ---
2026-01-21 11:37:04,476 - INFO - 拉取行情中...
2026-01-21 11:37:09,880 - ERROR - 异常: ('Connection aborted.', RemoteDisconnected('Remote end closed connection without response'))
2026-01-21 11:38:09,887 - INFO - --- 扫描开始 11:38:09 ---
2026-01-21 11:38:10,591 - INFO - 拉取行情中...
2026-01-21 11:38:15,615 - ERROR - 异常: ('Connection aborted.', RemoteDisconnected('Remote end closed connection without response'))
2026-01-21 11:39:15,626 - INFO - --- 扫描开始 11:39:15 ---
2026-01-21 11:39:16,334 - INFO - 拉取行情中...
2026-01-21 11:39:21,779 - ERROR - 异常: ('Connection aborted.', RemoteDisconnected('Remote end closed connection without response'))
2026-01-21 11:40:21,789 - INFO - --- 扫描开始 11:40:21 ---
2026-01-21 11:40:22,533 - INFO - 拉取行情中...
2026-01-21 11:40:28,083 - ERROR - 异常: ('Connection aborted.', RemoteDisconnected('Remote end closed connection without response'))
2026-01-21 11:41:28,088 - INFO - --- 扫描开始 11:41:28 ---
2026-01-21 11:41:29,487 - INFO - 拉取行情中...
2026-01-21 11:41:34,082 - ERROR - 异常: ('Connection aborted.', RemoteDisconnected('Remote end closed connection without response'))
2026-01-21 11:42:34,096 - INFO - --- 扫描开始 11:42:34 ---
2026-01-21 11:42:35,136 - INFO - 拉取行情中...
2026-01-21 11:42:41,034 - ERROR - 异常: ('Connection aborted.', RemoteDisconnected('Remote end closed connection without response'))
2026-01-21 11:43:41,045 - INFO - --- 扫描开始 11:43:41 ---
2026-01-21 11:43:41,800 - INFO - 拉取行情中...
2026-01-21 11:43:47,855 - ERROR - 异常: ('Connection aborted.', RemoteDisconnected('Remote end closed connection without response'))
2026-01-21 11:44:47,866 - INFO - --- 扫描开始 11:44:47 ---
2026-01-21 11:44:48,613 - INFO - 拉取行情中...
2026-01-21 11:44:53,634 - ERROR - 异常: ('Connection aborted.', RemoteDisconnected('Remote end closed connection without response'))
2026-01-21 11:45:53,643 - INFO - --- 扫描开始 11:45:53 ---
2026-01-21 11:45:54,359 - INFO - 拉取行情中...
2026-01-21 11:46:00,045 - ERROR - 异常: ('Connection aborted.', RemoteDisconnected('Remote end closed connection without response'))
2026-01-21 11:47:00,077 - INFO - --- 扫描开始 11:47:00 ---
2026-01-21 11:47:00,767 - INFO - 拉取行情中...
2026-01-21 11:48:12,760 - INFO - 初筛命中: 373
2026-01-21 11:48:37,177 - INFO - 🎯 发现目标: 航天动力
2026-01-21 11:48:37,184 - INFO - 交易执行[SIMULATION]: BUY 600343 航天动力 @ 31.31, 原因: 量价超跌 (RSI=24.9)
2026-01-21 11:53:37,705 - INFO - --- 扫描开始 11:53:37 ---
2026-01-21 11:53:37,848 - ERROR - 计算失败 688115: ('Connection aborted.', RemoteDisconnected('Remote end closed connection without response'))
2026-01-21 11:53:37,979 - ERROR - 计算失败 603633: ('Connection aborted.', RemoteDisconnected('Remote end closed connection without response'))
2026-01-21 11:53:38,135 - ERROR - 计算失败 600340: ('Connection aborted.', RemoteDisconnected('Remote end closed connection without response'))
2026-01-21 11:53:38,282 - ERROR - 计算失败 300438: ('Connection aborted.', RemoteDisconnected('Remote end closed connection without response'))
2026-01-21 11:53:38,402 - ERROR - 计算失败 600343: ('Connection aborted.', RemoteDisconnected('Remote end closed connection without response'))
2026-01-21 11:58:38,415 - INFO - --- 扫描开始 11:58:38 ---
2026-01-21 11:58:38,576 - ERROR - 计算失败 688115: ('Connection aborted.', RemoteDisconnected('Remote end closed connection without response'))
2026-01-21 11:58:38,721 - ERROR - 计算失败 603633: ('Connection aborted.', RemoteDisconnected('Remote end closed connection without response'))
2026-01-21 11:58:38,883 - ERROR - 计算失败 600340: ('Connection aborted.', RemoteDisconnected('Remote end closed connection without response'))
2026-01-21 11:58:39,033 - ERROR - 计算失败 300438: ('Connection aborted.', RemoteDisconnected('Remote end closed connection without response'))
2026-01-21 11:58:39,177 - ERROR - 计算失败 600343: ('Connection aborted.', RemoteDisconnected('Remote end closed connection without response'))
2026-01-21 12:03:39,192 - INFO - --- 扫描开始 12:03:39 ---
2026-01-21 12:03:39,509 - ERROR - 计算失败 688115: ('Connection aborted.', RemoteDisconnected('Remote end closed connection without response'))
2026-01-21 12:03:40,015 - ERROR - 计算失败 603633: ('Connection aborted.', RemoteDisconnected('Remote end closed connection without response'))
2026-01-21 12:03:40,506 - ERROR - 计算失败 600340: ('Connection aborted.', RemoteDisconnected('Remote end closed connection without response'))
2026-01-21 12:03:41,029 - ERROR - 计算失败 300438: ('Connection aborted.', RemoteDisconnected('Remote end closed connection without response'))
2026-01-21 12:03:41,191 - ERROR - 计算失败 600343: ('Connection aborted.', RemoteDisconnected('Remote end closed connection without response'))
2026-01-21 12:08:41,205 - INFO - --- 扫描开始 12:08:41 ---
2026-01-21 12:08:41,409 - ERROR - 计算失败 688115: ('Connection aborted.', RemoteDisconnected('Remote end closed connection without response'))
2026-01-21 12:08:41,547 - ERROR - 计算失败 603633: ('Connection aborted.', RemoteDisconnected('Remote end closed connection without response'))
2026-01-21 12:08:41,707 - ERROR - 计算失败 600340: ('Connection aborted.', RemoteDisconnected('Remote end closed connection without response'))
2026-01-21 12:08:41,856 - ERROR - 计算失败 300438: ('Connection aborted.', RemoteDisconnected('Remote end closed connection without response'))
2026-01-21 12:08:42,011 - ERROR - 计算失败 600343: ('Connection aborted.', RemoteDisconnected('Remote end closed connection without response'))
2026-01-21 12:13:42,021 - INFO - --- 扫描开始 12:13:42 ---
2026-01-21 12:13:42,182 - ERROR - 计算失败 688115: ('Connection aborted.', RemoteDisconnected('Remote end closed connection without response'))
2026-01-21 12:13:42,324 - ERROR - 计算失败 603633: ('Connection aborted.', RemoteDisconnected('Remote end closed connection without response'))
2026-01-21 12:13:42,452 - ERROR - 计算失败 600340: ('Connection aborted.', RemoteDisconnected('Remote end closed connection without response'))
2026-01-21 12:13:42,621 - ERROR - 计算失败 300438: ('Connection aborted.', RemoteDisconnected('Remote end closed connection without response'))
2026-01-21 12:13:42,777 - ERROR - 计算失败 600343: ('Connection aborted.', RemoteDisconnected('Remote end closed connection without response'))
2026-01-21 12:18:42,794 - INFO - --- 扫描开始 12:18:42 ---
2026-01-21 12:18:43,083 - ERROR - 计算失败 688115: ('Connection aborted.', RemoteDisconnected('Remote end closed connection without response'))
2026-01-21 12:18:43,326 - ERROR - 计算失败 603633: ('Connection aborted.', RemoteDisconnected('Remote end closed connection without response'))
2026-01-21 12:18:43,554 - ERROR - 计算失败 600340: ('Connection aborted.', RemoteDisconnected('Remote end closed connection without response'))
2026-01-21 12:18:43,796 - ERROR - 计算失败 300438: ('Connection aborted.', RemoteDisconnected('Remote end closed connection without response'))
2026-01-21 12:18:44,031 - ERROR - 计算失败 600343: ('Connection aborted.', RemoteDisconnected('Remote end closed connection without response'))
2026-01-21 12:23:44,076 - INFO - --- 扫描开始 12:23:44 ---
2026-01-21 12:23:44,219 - ERROR - 计算失败 688115: ('Connection aborted.', RemoteDisconnected('Remote end closed connection without response'))
2026-01-21 12:23:44,363 - ERROR - 计算失败 603633: ('Connection aborted.', RemoteDisconnected('Remote end closed connection without response'))
2026-01-21 12:23:44,490 - ERROR - 计算失败 600340: ('Connection aborted.', RemoteDisconnected('Remote end closed connection without response'))
2026-01-21 12:23:44,637 - ERROR - 计算失败 300438: ('Connection aborted.', RemoteDisconnected('Remote end closed connection without response'))
2026-01-21 12:23:44,779 - ERROR - 计算失败 600343: ('Connection aborted.', RemoteDisconnected('Remote end closed connection without response'))
2026-01-21 12:28:44,801 - INFO - --- 扫描开始 12:28:44 ---
2026-01-21 12:49:38,820 - INFO - --- 扫描开始 12:49:38 ---
2026-01-21 13:57:31,495 - INFO - --- 扫描开始 13:57:31 ---
2026-01-21 14:02:32,130 - INFO - --- 扫描开始 14:02:32 ---
2026-01-21 14:02:32,438 - ERROR - 计算失败 688115: ('Connection aborted.', RemoteDisconnected('Remote end closed connection without response'))
2026-01-21 14:02:32,680 - ERROR - 计算失败 603633: ('Connection aborted.', RemoteDisconnected('Remote end closed connection without response'))
2026-01-21 14:02:32,914 - ERROR - 计算失败 600340: ('Connection aborted.', RemoteDisconnected('Remote end closed connection without response'))
2026-01-21 14:02:33,156 - ERROR - 计算失败 300438: ('Connection aborted.', RemoteDisconnected('Remote end closed connection without response'))
2026-01-21 14:02:33,416 - ERROR - 计算失败 600343: ('Connection aborted.', RemoteDisconnected('Remote end closed connection without response'))
2026-01-21 14:07:33,426 - INFO - --- 扫描开始 14:07:33 ---
2026-01-21 14:07:33,682 - ERROR - 计算失败 688115: ('Connection aborted.', RemoteDisconnected('Remote end closed connection without response'))
2026-01-21 14:07:33,912 - ERROR - 计算失败 603633: ('Connection aborted.', RemoteDisconnected('Remote end closed connection without response'))
2026-01-21 14:07:34,163 - ERROR - 计算失败 600340: ('Connection aborted.', RemoteDisconnected('Remote end closed connection without response'))
2026-01-21 14:07:34,396 - ERROR - 计算失败 300438: ('Connection aborted.', RemoteDisconnected('Remote end closed connection without response'))
2026-01-21 14:07:34,628 - ERROR - 计算失败 600343: ('Connection aborted.', RemoteDisconnected('Remote end closed connection without response'))
2026-01-21 14:12:34,587 - INFO - --- 扫描开始 14:12:34 ---
2026-01-21 14:12:34,751 - ERROR - 计算失败 688115: ('Connection aborted.', RemoteDisconnected('Remote end closed connection without response'))
2026-01-21 14:12:34,899 - ERROR - 计算失败 603633: ('Connection aborted.', RemoteDisconnected('Remote end closed connection without response'))
2026-01-21 14:12:35,081 - ERROR - 计算失败 600340: ('Connection aborted.', RemoteDisconnected('Remote end closed connection without response'))
2026-01-21 14:12:35,235 - ERROR - 计算失败 300438: ('Connection aborted.', RemoteDisconnected('Remote end closed connection without response'))
2026-01-21 14:12:35,410 - ERROR - 计算失败 600343: ('Connection aborted.', RemoteDisconnected('Remote end closed connection without response'))
2026-01-21 14:17:35,417 - INFO - --- 扫描开始 14:17:35 ---
2026-01-21 14:17:35,603 - ERROR - 计算失败 688115: ('Connection aborted.', RemoteDisconnected('Remote end closed connection without response'))
2026-01-21 14:17:35,758 - ERROR - 计算失败 603633: ('Connection aborted.', RemoteDisconnected('Remote end closed connection without response'))
2026-01-21 14:17:35,909 - ERROR - 计算失败 600340: ('Connection aborted.', RemoteDisconnected('Remote end closed connection without response'))
2026-01-21 14:17:36,061 - ERROR - 计算失败 300438: ('Connection aborted.', RemoteDisconnected('Remote end closed connection without response'))
2026-01-21 14:17:36,212 - ERROR - 计算失败 600343: ('Connection aborted.', RemoteDisconnected('Remote end closed connection without response'))
2026-01-21 14:22:36,216 - INFO - --- 扫描开始 14:22:36 ---
2026-01-21 14:22:36,351 - ERROR - 计算失败 688115: ('Connection aborted.', RemoteDisconnected('Remote end closed connection without response'))
2026-01-21 14:22:36,496 - ERROR - 计算失败 603633: ('Connection aborted.', RemoteDisconnected('Remote end closed connection without response'))
2026-01-21 14:22:36,654 - ERROR - 计算失败 600340: ('Connection aborted.', RemoteDisconnected('Remote end closed connection without response'))
2026-01-21 14:22:36,821 - ERROR - 计算失败 300438: ('Connection aborted.', RemoteDisconnected('Remote end closed connection without response'))
2026-01-21 14:22:36,964 - ERROR - 计算失败 600343: ('Connection aborted.', RemoteDisconnected('Remote end closed connection without response'))
2026-01-21 14:27:36,942 - INFO - --- 扫描开始 14:27:36 ---
2026-01-21 14:27:37,136 - ERROR - 计算失败 688115: ('Connection aborted.', RemoteDisconnected('Remote end closed connection without response'))
2026-01-21 14:27:37,306 - ERROR - 计算失败 603633: ('Connection aborted.', RemoteDisconnected('Remote end closed connection without response'))
2026-01-21 14:27:37,469 - ERROR - 计算失败 600340: ('Connection aborted.', RemoteDisconnected('Remote end closed connection without response'))
2026-01-21 14:27:37,639 - ERROR - 计算失败 300438: ('Connection aborted.', RemoteDisconnected('Remote end closed connection without response'))
2026-01-21 14:27:37,818 - ERROR - 计算失败 600343: ('Connection aborted.', RemoteDisconnected('Remote end closed connection without response'))
2026-01-21 14:32:37,818 - INFO - --- 扫描开始 14:32:37 ---
2026-01-21 14:32:38,003 - ERROR - 计算失败 688115: ('Connection aborted.', RemoteDisconnected('Remote end closed connection without response'))
2026-01-21 14:32:38,165 - ERROR - 计算失败 603633: ('Connection aborted.', RemoteDisconnected('Remote end closed connection without response'))
2026-01-21 14:32:38,313 - ERROR - 计算失败 600340: ('Connection aborted.', RemoteDisconnected('Remote end closed connection without response'))
2026-01-21 14:32:38,508 - ERROR - 计算失败 300438: ('Connection aborted.', RemoteDisconnected('Remote end closed connection without response'))
2026-01-21 14:32:38,663 - ERROR - 计算失败 600343: ('Connection aborted.', RemoteDisconnected('Remote end closed connection without response'))
2026-01-21 14:37:38,670 - INFO - --- 扫描开始 14:37:38 ---
2026-01-21 14:37:38,913 - ERROR - 计算失败 688115: ('Connection aborted.', RemoteDisconnected('Remote end closed connection without response'))
2026-01-21 14:37:39,156 - ERROR - 计算失败 603633: ('Connection aborted.', RemoteDisconnected('Remote end closed connection without response'))
2026-01-21 14:37:39,380 - ERROR - 计算失败 600340: ('Connection aborted.', RemoteDisconnected('Remote end closed connection without response'))
2026-01-21 14:37:39,605 - ERROR - 计算失败 300438: ('Connection aborted.', RemoteDisconnected('Remote end closed connection without response'))
2026-01-21 14:37:39,835 - ERROR - 计算失败 600343: ('Connection aborted.', RemoteDisconnected('Remote end closed connection without response'))
2026-01-21 14:42:39,850 - INFO - --- 扫描开始 14:42:39 ---
2026-01-21 14:42:40,164 - ERROR - 计算失败 688115: ('Connection aborted.', RemoteDisconnected('Remote end closed connection without response'))
2026-01-21 14:42:40,435 - ERROR - 计算失败 603633: ('Connection aborted.', RemoteDisconnected('Remote end closed connection without response'))
2026-01-21 14:42:40,701 - ERROR - 计算失败 600340: ('Connection aborted.', RemoteDisconnected('Remote end closed connection without response'))
2026-01-21 14:42:40,951 - ERROR - 计算失败 300438: ('Connection aborted.', RemoteDisconnected('Remote end closed connection without response'))
2026-01-21 14:42:41,202 - ERROR - 计算失败 600343: ('Connection aborted.', RemoteDisconnected('Remote end closed connection without response'))
2026-01-21 14:47:41,208 - INFO - --- 扫描开始 14:47:41 ---
2026-01-21 14:47:41,376 - ERROR - 计算失败 688115: ('Connection aborted.', RemoteDisconnected('Remote end closed connection without response'))
2026-01-21 14:47:41,521 - ERROR - 计算失败 603633: ('Connection aborted.', RemoteDisconnected('Remote end closed connection without response'))
2026-01-21 14:47:41,668 - ERROR - 计算失败 600340: ('Connection aborted.', RemoteDisconnected('Remote end closed connection without response'))
2026-01-21 14:47:41,795 - ERROR - 计算失败 300438: ('Connection aborted.', RemoteDisconnected('Remote end closed connection without response'))
2026-01-21 14:47:41,951 - ERROR - 计算失败 600343: ('Connection aborted.', RemoteDisconnected('Remote end closed connection without response'))
2026-01-21 14:52:41,959 - INFO - --- 扫描开始 14:52:41 ---
2026-01-21 14:57:42,856 - INFO - --- 扫描开始 14:57:42 ---
2026-01-21 15:02:44,152 - INFO - --- 扫描开始 15:02:44 ---
2026-01-21 15:07:45,336 - INFO - --- 扫描开始 15:07:45 ---
2026-01-21 15:07:45,437 - ERROR - 计算失败 688115: ('Connection aborted.', RemoteDisconnected('Remote end closed connection without response'))
2026-01-21 15:07:45,527 - ERROR - 计算失败 603633: ('Connection aborted.', RemoteDisconnected('Remote end closed connection without response'))
2026-01-21 15:07:45,609 - ERROR - 计算失败 600340: ('Connection aborted.', RemoteDisconnected('Remote end closed connection without response'))
2026-01-21 15:07:45,697 - ERROR - 计算失败 300438: ('Connection aborted.', RemoteDisconnected('Remote end closed connection without response'))
2026-01-21 15:07:45,792 - ERROR - 计算失败 600343: ('Connection aborted.', RemoteDisconnected('Remote end closed connection without response'))
2026-01-21 15:12:45,845 - INFO - --- 扫描开始 15:12:45 ---
2026-01-21 15:12:46,025 - ERROR - 计算失败 688115: ('Connection aborted.', RemoteDisconnected('Remote end closed connection without response'))
2026-01-21 15:12:46,185 - ERROR - 计算失败 603633: ('Connection aborted.', RemoteDisconnected('Remote end closed connection without response'))
2026-01-21 15:12:46,353 - ERROR - 计算失败 600340: ('Connection aborted.', RemoteDisconnected('Remote end closed connection without response'))
2026-01-21 15:12:46,508 - ERROR - 计算失败 300438: ('Connection aborted.', RemoteDisconnected('Remote end closed connection without response'))
2026-01-21 15:12:46,677 - ERROR - 计算失败 600343: ('Connection aborted.', RemoteDisconnected('Remote end closed connection without response'))
2026-01-21 15:17:46,697 - INFO - --- 扫描开始 15:17:46 ---
2026-01-21 15:22:48,229 - INFO - --- 扫描开始 15:22:48 ---
2026-01-21 15:22:48,406 - ERROR - 计算失败 688115: ('Connection aborted.', RemoteDisconnected('Remote end closed connection without response'))
2026-01-21 15:22:48,547 - ERROR - 计算失败 603633: ('Connection aborted.', RemoteDisconnected('Remote end closed connection without response'))
2026-01-21 15:22:48,698 - ERROR - 计算失败 600340: ('Connection aborted.', RemoteDisconnected('Remote end closed connection without response'))
2026-01-21 15:22:48,830 - ERROR - 计算失败 300438: ('Connection aborted.', RemoteDisconnected('Remote end closed connection without response'))
2026-01-21 15:22:48,980 - ERROR - 计算失败 600343: ('Connection aborted.', RemoteDisconnected('Remote end closed connection without response'))
2026-01-21 15:27:48,994 - INFO - --- 扫描开始 15:27:48 ---
2026-01-21 15:27:49,233 - ERROR - 计算失败 688115: ('Connection aborted.', RemoteDisconnected('Remote end closed connection without response'))
2026-01-21 15:27:49,476 - ERROR - 计算失败 603633: ('Connection aborted.', RemoteDisconnected('Remote end closed connection without response'))
2026-01-21 15:27:49,704 - ERROR - 计算失败 600340: ('Connection aborted.', RemoteDisconnected('Remote end closed connection without response'))
2026-01-21 15:27:49,926 - ERROR - 计算失败 300438: ('Connection aborted.', RemoteDisconnected('Remote end closed connection without response'))
2026-01-21 15:27:50,167 - ERROR - 计算失败 600343: ('Connection aborted.', RemoteDisconnected('Remote end closed connection without response'))
2026-01-21 15:32:50,181 - INFO - --- 扫描开始 15:32:50 ---
2026-01-21 15:32:50,347 - ERROR - 计算失败 688115: ('Connection aborted.', RemoteDisconnected('Remote end closed connection without response'))
2026-01-21 15:32:50,513 - ERROR - 计算失败 603633: ('Connection aborted.', RemoteDisconnected('Remote end closed connection without response'))
2026-01-21 15:32:50,667 - ERROR - 计算失败 600340: ('Connection aborted.', RemoteDisconnected('Remote end closed connection without response'))
2026-01-21 15:32:50,815 - ERROR - 计算失败 300438: ('Connection aborted.', RemoteDisconnected('Remote end closed connection without response'))
2026-01-21 15:32:50,979 - ERROR - 计算失败 600343: ('Connection aborted.', RemoteDisconnected('Remote end closed connection without response'))
2026-01-21 15:37:51,007 - INFO - --- 扫描开始 15:37:51 ---
2026-01-21 15:37:51,147 - ERROR - 计算失败 688115: ('Connection aborted.', RemoteDisconnected('Remote end closed connection without response'))
2026-01-21 15:37:51,278 - ERROR - 计算失败 603633: ('Connection aborted.', RemoteDisconnected('Remote end closed connection without response'))
2026-01-21 15:37:51,441 - ERROR - 计算失败 600340: ('Connection aborted.', RemoteDisconnected('Remote end closed connection without response'))
2026-01-21 15:37:51,584 - ERROR - 计算失败 300438: ('Connection aborted.', RemoteDisconnected('Remote end closed connection without response'))
2026-01-21 15:37:51,720 - ERROR - 计算失败 600343: ('Connection aborted.', RemoteDisconnected('Remote end closed connection without response'))
2026-01-21 15:42:51,748 - INFO - --- 扫描开始 15:42:51 ---
2026-01-21 15:47:52,545 - INFO - --- 扫描开始 15:47:52 ---
2026-01-21 15:52:53,392 - INFO - --- 扫描开始 15:52:53 ---
2026-01-21 15:52:53,509 - ERROR - 计算失败 688115: ('Connection aborted.', RemoteDisconnected('Remote end closed connection without response'))
2026-01-21 15:52:53,589 - ERROR - 计算失败 603633: ('Connection aborted.', RemoteDisconnected('Remote end closed connection without response'))
2026-01-21 15:52:53,686 - ERROR - 计算失败 600340: ('Connection aborted.', RemoteDisconnected('Remote end closed connection without response'))
2026-01-21 15:52:53,783 - ERROR - 计算失败 300438: ('Connection aborted.', RemoteDisconnected('Remote end closed connection without response'))
2026-01-21 15:52:53,858 - ERROR - 计算失败 600343: ('Connection aborted.', RemoteDisconnected('Remote end closed connection without response'))
2026-01-21 15:57:53,811 - INFO - --- 扫描开始 15:57:53 ---
2026-01-21 15:57:53,923 - ERROR - 计算失败 688115: ('Connection aborted.', RemoteDisconnected('Remote end closed connection without response'))
2026-01-21 15:57:54,012 - ERROR - 计算失败 603633: ('Connection aborted.', RemoteDisconnected('Remote end closed connection without response'))
2026-01-21 15:57:54,096 - ERROR - 计算失败 600340: ('Connection aborted.', RemoteDisconnected('Remote end closed connection without response'))
2026-01-21 15:57:54,202 - ERROR - 计算失败 300438: ('Connection aborted.', RemoteDisconnected('Remote end closed connection without response'))
2026-01-21 15:57:54,292 - ERROR - 计算失败 600343: ('Connection aborted.', RemoteDisconnected('Remote end closed connection without response'))
2026-01-21 16:02:54,299 - INFO - 休市中...
2026-01-21 16:07:54,306 - INFO - 休市中...
2026-01-21 16:12:54,310 - INFO - 休市中...
2026-01-21 16:17:54,365 - INFO - 休市中...
2026-01-21 16:22:54,374 - INFO - 休市中...
2026-01-21 16:27:54,384 - INFO - 休市中...
2026-01-21 16:32:54,394 - INFO - 休市中...
2026-01-21 16:37:54,403 - INFO - 休市中...
2026-01-21 16:42:54,411 - INFO - 休市中...
2026-01-21 16:47:54,420 - INFO - 休市中...
2026-01-21 16:52:54,426 - INFO - 休市中...
2026-01-21 16:57:54,443 - INFO - 休市中...
2026-01-21 17:02:54,449 - INFO - 休市中...
2026-01-21 17:07:54,459 - INFO - 休市中...
2026-01-21 17:12:54,468 - INFO - 休市中...
2026-01-21 17:17:54,479 - INFO - 休市中...
2026-01-21 17:22:54,486 - INFO - 休市中...
2026-01-21 17:27:54,495 - INFO - 休市中...
2026-01-21 17:32:54,504 - INFO - 休市中...
2026-01-21 17:37:54,516 - INFO - 休市中...
2026-01-21 17:42:54,526 - INFO - 休市中...
2026-01-21 17:47:54,579 - INFO - 休市中...
2026-01-21 17:52:54,594 - INFO - 休市中...
2026-01-21 17:57:54,630 - INFO - 休市中...
2026-01-21 18:02:54,646 - INFO - 休市中...
2026-01-21 18:07:54,656 - INFO - 休市中...
2026-01-21 18:12:54,670 - INFO - 休市中...
2026-01-21 18:17:54,687 - INFO - 休市中...
2026-01-21 18:22:54,707 - INFO - 休市中...
2026-01-21 18:27:54,725 - INFO - 休市中...
2026-01-21 18:32:54,734 - INFO - 休市中...
2026-01-21 18:37:54,746 - INFO - 休市中...
2026-01-21 18:42:54,761 - INFO - 休市中...
2026-01-21 18:47:54,774 - INFO - 休市中...
2026-01-21 18:52:54,791 - INFO - 休市中...
2026-01-21 18:57:54,809 - INFO - 休市中...
2026-01-21 19:02:54,820 - INFO - 休市中...
2026-01-21 19:07:54,837 - INFO - 休市中...
2026-01-21 19:12:54,847 - INFO - 休市中...
2026-01-21 19:17:54,788 - INFO - 休市中...
2026-01-21 19:22:54,800 - INFO - 休市中...
2026-01-21 19:27:54,819 - INFO - 休市中...
2026-01-21 19:32:54,832 - INFO - 休市中...
2026-01-21 19:37:54,843 - INFO - 休市中...
2026-01-21 19:42:54,853 - INFO - 休市中...
2026-01-21 19:47:54,863 - INFO - 休市中...
2026-01-21 19:52:54,799 - INFO - 休市中...
2026-01-21 19:57:54,808 - INFO - 休市中...
2026-01-21 20:02:54,814 - INFO - 休市中...
2026-01-21 20:07:54,867 - INFO - 休市中...
2026-01-21 20:12:54,873 - INFO - 休市中...
2026-01-21 20:17:54,883 - INFO - 休市中...
2026-01-21 20:22:54,893 - INFO - 休市中...
2026-01-21 20:27:54,900 - INFO - 休市中...
2026-01-21 20:32:54,908 - INFO - 休市中...
2026-01-21 20:37:54,920 - INFO - 休市中...
2026-01-21 20:42:54,933 - INFO - 休市中...
2026-01-21 20:47:54,946 - INFO - 休市中...
2026-01-21 20:52:54,959 - INFO - 休市中...
2026-01-21 20:57:54,974 - INFO - 休市中...
2026-01-21 22:09:22,868 - INFO - 休市中...
2026-01-21 22:14:22,894 - INFO - 休市中...
2026-01-21 22:19:22,907 - INFO - 休市中...
2026-01-21 22:24:22,920 - INFO - 休市中...
2026-01-21 22:29:22,928 - INFO - 休市中...
2026-01-21 22:34:22,942 - INFO - 休市中...
2026-01-21 22:39:22,958 - INFO - 休市中...
2026-01-21 22:44:22,965 - INFO - 休市中...
2026-01-21 22:49:22,980 - INFO - 休市中...
2026-01-21 22:54:22,985 - INFO - 休市中...
2026-01-21 22:59:22,999 - INFO - 休市中...
2026-01-21 23:04:23,014 - INFO - 休市中...
2026-01-21 23:42:35,852 - INFO - 休市中...
2026-01-22 00:02:53,695 - INFO - 休市中...
2026-01-22 00:07:53,707 - INFO - 休市中...
2026-01-22 00:12:53,721 - INFO - 休市中...
2026-01-22 00:17:53,646 - INFO - 休市中...
2026-01-22 00:22:53,657 - INFO - 休市中...
2026-01-22 00:27:53,669 - INFO - 休市中...
2026-01-22 00:32:53,680 - INFO - 休市中...
2026-01-22 00:37:53,692 - INFO - 休市中...
2026-01-22 00:42:53,702 - INFO - 休市中...
2026-01-22 00:47:53,716 - INFO - 休市中...
2026-01-22 00:52:53,727 - INFO - 休市中...
2026-01-22 00:57:53,732 - INFO - 休市中...
2026-01-22 02:07:28,248 - INFO - 休市中...
2026-01-22 02:27:39,800 - INFO - 休市中...
2026-01-22 02:32:39,813 - INFO - 休市中...
2026-01-22 02:37:39,826 - INFO - 休市中...
2026-01-22 02:42:39,810 - INFO - 休市中...
2026-01-22 02:47:39,825 - INFO - 休市中...
2026-01-22 02:52:39,838 - INFO - 休市中...
2026-01-22 02:57:39,843 - INFO - 休市中...
2026-01-22 03:02:39,849 - INFO - 休市中...
2026-01-22 03:07:39,854 - INFO - 休市中...
2026-01-22 03:12:39,859 - INFO - 休市中...
2026-01-22 03:17:39,872 - INFO - 休市中...
2026-01-22 03:22:39,884 - INFO - 休市中...
2026-01-22 04:24:57,069 - INFO - 休市中...
2026-01-22 04:29:57,082 - INFO - 休市中...
2026-01-22 04:34:57,095 - INFO - 休市中...
2026-01-22 04:39:57,106 - INFO - 休市中...
2026-01-22 04:44:57,116 - INFO - 休市中...
2026-01-22 04:49:57,126 - INFO - 休市中...
2026-01-22 04:54:57,137 - INFO - 休市中...
2026-01-22 04:59:57,146 - INFO - 休市中...
2026-01-22 05:04:57,161 - INFO - 休市中...
2026-01-22 05:09:57,175 - INFO - 休市中...
2026-01-22 05:14:57,184 - INFO - 休市中...
2026-01-22 05:19:57,194 - INFO - 休市中...
2026-01-22 05:24:57,125 - INFO - 休市中...
2026-01-22 05:29:57,136 - INFO - 休市中...
2026-01-22 05:34:57,146 - INFO - 休市中...
2026-01-22 06:20:28,358 - INFO - 休市中...
2026-01-22 06:40:47,056 - INFO - 休市中...
2026-01-22 06:45:47,066 - INFO - 休市中...
2026-01-22 06:50:47,078 - INFO - 休市中...
2026-01-22 06:55:47,081 - INFO - 休市中...
2026-01-22 07:00:47,091 - INFO - 休市中...
2026-01-22 07:05:47,104 - INFO - 休市中...
2026-01-22 07:10:47,116 - INFO - 休市中...
2026-01-22 07:15:47,130 - INFO - 休市中...
2026-01-22 07:20:47,140 - INFO - 休市中...
2026-01-22 07:25:47,154 - INFO - 休市中...
2026-01-22 07:30:47,164 - INFO - 休市中...
2026-01-22 07:35:47,173 - INFO - 休市中...
2026-01-22 08:53:42,787 - INFO - 休市中...
2026-01-22 09:24:29,373 - INFO - --- 扫描开始 09:24:29 ---
2026-01-22 09:29:30,346 - INFO - --- 扫描开始 09:29:30 ---
2026-01-22 09:34:31,274 - INFO - --- 扫描开始 09:34:31 ---
2026-01-22 09:34:32,816 - INFO - 交易执行[SIMULATION]: SELL 600343 航天动力 @ 29.43, 原因: 止损 (-6.00%)
2026-01-22 09:34:32,817 - INFO - 拉取行情中...
2026-01-22 09:35:40,226 - INFO - 初筛命中: 464
2026-01-22 09:41:16,827 - INFO - --- 扫描开始 09:41:16 ---
2026-01-22 09:41:17,583 - INFO - 拉取行情中...
2026-01-22 09:41:23,036 - ERROR - 异常: ('Connection aborted.', RemoteDisconnected('Remote end closed connection without response'))
2026-01-22 09:42:23,042 - INFO - --- 扫描开始 09:42:23 ---
2026-01-22 09:42:23,781 - INFO - 拉取行情中...
2026-01-22 09:42:30,082 - ERROR - 异常: ('Connection aborted.', RemoteDisconnected('Remote end closed connection without response'))
2026-01-22 09:43:30,091 - INFO - --- 扫描开始 09:43:30 ---
2026-01-22 09:43:30,792 - INFO - 拉取行情中...
2026-01-22 09:43:36,964 - ERROR - 异常: ('Connection aborted.', RemoteDisconnected('Remote end closed connection without response'))
2026-01-22 09:44:36,977 - INFO - --- 扫描开始 09:44:36 ---
2026-01-22 09:44:37,662 - INFO - 拉取行情中...
2026-01-22 09:44:42,907 - ERROR - 异常: ('Connection aborted.', RemoteDisconnected('Remote end closed connection without response'))
2026-01-22 09:45:42,920 - INFO - --- 扫描开始 09:45:42 ---
2026-01-22 09:45:43,583 - INFO - 拉取行情中...
2026-01-22 09:45:49,505 - ERROR - 异常: ('Connection aborted.', RemoteDisconnected('Remote end closed connection without response'))
2026-01-22 09:46:49,521 - INFO - --- 扫描开始 09:46:49 ---
2026-01-22 09:46:50,207 - INFO - 拉取行情中...
2026-01-22 09:46:56,016 - ERROR - 异常: ('Connection aborted.', RemoteDisconnected('Remote end closed connection without response'))
2026-01-22 09:47:56,024 - INFO - --- 扫描开始 09:47:56 ---
2026-01-22 09:47:56,777 - INFO - 拉取行情中...
2026-01-22 09:48:02,245 - ERROR - 异常: ('Connection aborted.', RemoteDisconnected('Remote end closed connection without response'))
2026-01-22 09:49:02,249 - INFO - --- 扫描开始 09:49:02 ---
2026-01-22 09:49:02,994 - INFO - 拉取行情中...
2026-01-22 09:49:09,298 - ERROR - 异常: ('Connection aborted.', RemoteDisconnected('Remote end closed connection without response'))
2026-01-22 09:50:09,307 - INFO - --- 扫描开始 09:50:09 ---
2026-01-22 09:50:10,106 - INFO - 拉取行情中...
2026-01-22 09:50:15,372 - ERROR - 异常: ('Connection aborted.', RemoteDisconnected('Remote end closed connection without response'))
2026-01-22 09:51:15,433 - INFO - --- 扫描开始 09:51:15 ---
2026-01-22 09:51:16,187 - INFO - 拉取行情中...
2026-01-22 09:51:21,353 - ERROR - 异常: ('Connection aborted.', RemoteDisconnected('Remote end closed connection without response'))
2026-01-22 09:52:21,363 - INFO - --- 扫描开始 09:52:21 ---
2026-01-22 09:52:22,043 - INFO - 拉取行情中...
2026-01-22 09:52:27,177 - ERROR - 异常: ('Connection aborted.', RemoteDisconnected('Remote end closed connection without response'))
2026-01-22 09:53:27,188 - INFO - --- 扫描开始 09:53:27 ---
2026-01-22 09:53:27,630 - INFO - 拉取行情中...
2026-01-22 09:53:32,901 - ERROR - 异常: ('Connection aborted.', RemoteDisconnected('Remote end closed connection without response'))
2026-01-22 09:54:32,908 - INFO - --- 扫描开始 09:54:32 ---
2026-01-22 09:54:33,355 - INFO - 拉取行情中...
2026-01-22 09:54:38,985 - ERROR - 异常: ('Connection aborted.', RemoteDisconnected('Remote end closed connection without response'))
2026-01-22 09:55:38,996 - INFO - --- 扫描开始 09:55:38 ---
2026-01-22 09:55:39,088 - ERROR - 计算失败 688115: ('Connection aborted.', RemoteDisconnected('Remote end closed connection without response'))
2026-01-22 09:55:39,178 - ERROR - 计算失败 603633: ('Connection aborted.', RemoteDisconnected('Remote end closed connection without response'))
2026-01-22 09:55:39,256 - ERROR - 计算失败 600340: ('Connection aborted.', RemoteDisconnected('Remote end closed connection without response'))
2026-01-22 09:55:39,335 - ERROR - 计算失败 300438: ('Connection aborted.', RemoteDisconnected('Remote end closed connection without response'))
2026-01-22 09:55:39,335 - INFO - 拉取行情中...
2026-01-22 09:55:44,562 - ERROR - 异常: ('Connection aborted.', RemoteDisconnected('Remote end closed connection without response'))
2026-01-22 09:56:44,575 - INFO - --- 扫描开始 09:56:44 ---
2026-01-22 09:56:44,762 - ERROR - 计算失败 688115: ('Connection aborted.', RemoteDisconnected('Remote end closed connection without response'))
2026-01-22 09:56:44,906 - ERROR - 计算失败 603633: ('Connection aborted.', RemoteDisconnected('Remote end closed connection without response'))
2026-01-22 09:56:45,063 - ERROR - 计算失败 600340: ('Connection aborted.', RemoteDisconnected('Remote end closed connection without response'))
2026-01-22 09:56:45,196 - ERROR - 计算失败 300438: ('Connection aborted.', RemoteDisconnected('Remote end closed connection without response'))
2026-01-22 09:56:45,197 - INFO - 拉取行情中...
2026-01-22 09:56:51,722 - ERROR - 异常: ('Connection aborted.', RemoteDisconnected('Remote end closed connection without response'))
2026-01-22 09:57:51,739 - INFO - --- 扫描开始 09:57:51 ---
2026-01-22 09:57:51,872 - ERROR - 计算失败 688115: ('Connection aborted.', RemoteDisconnected('Remote end closed connection without response'))
2026-01-22 09:57:51,958 - ERROR - 计算失败 603633: ('Connection aborted.', RemoteDisconnected('Remote end closed connection without response'))
2026-01-22 09:57:52,052 - ERROR - 计算失败 600340: ('Connection aborted.', RemoteDisconnected('Remote end closed connection without response'))
2026-01-22 09:57:52,138 - ERROR - 计算失败 300438: ('Connection aborted.', RemoteDisconnected('Remote end closed connection without response'))
2026-01-22 09:57:52,139 - INFO - 拉取行情中...
2026-01-22 09:57:58,275 - ERROR - 异常: ('Connection aborted.', RemoteDisconnected('Remote end closed connection without response'))
2026-01-22 09:58:58,301 - INFO - --- 扫描开始 09:58:58 ---
2026-01-22 09:58:58,428 - ERROR - 计算失败 688115: ('Connection aborted.', RemoteDisconnected('Remote end closed connection without response'))
2026-01-22 09:58:58,536 - ERROR - 计算失败 603633: ('Connection aborted.', RemoteDisconnected('Remote end closed connection without response'))
2026-01-22 09:58:58,638 - ERROR - 计算失败 600340: ('Connection aborted.', RemoteDisconnected('Remote end closed connection without response'))
2026-01-22 09:58:58,748 - ERROR - 计算失败 300438: ('Connection aborted.', RemoteDisconnected('Remote end closed connection without response'))
2026-01-22 09:58:58,748 - INFO - 拉取行情中...
2026-01-22 09:59:04,162 - ERROR - 异常: ('Connection aborted.', RemoteDisconnected('Remote end closed connection without response'))
2026-01-22 10:00:04,168 - INFO - --- 扫描开始 10:00:04 ---
2026-01-22 10:00:04,271 - ERROR - 计算失败 688115: ('Connection aborted.', RemoteDisconnected('Remote end closed connection without response'))
2026-01-22 10:00:04,370 - ERROR - 计算失败 603633: ('Connection aborted.', RemoteDisconnected('Remote end closed connection without response'))
2026-01-22 10:00:04,468 - ERROR - 计算失败 600340: ('Connection aborted.', RemoteDisconnected('Remote end closed connection without response'))
2026-01-22 10:00:04,576 - ERROR - 计算失败 300438: ('Connection aborted.', RemoteDisconnected('Remote end closed connection without response'))
2026-01-22 10:00:04,577 - INFO - 拉取行情中...
2026-01-22 10:00:10,822 - ERROR - 异常: ('Connection aborted.', RemoteDisconnected('Remote end closed connection without response'))
2026-01-22 10:01:10,832 - INFO - --- 扫描开始 10:01:10 ---
2026-01-22 10:01:12,204 - INFO - 拉取行情中...
2026-01-22 10:01:17,348 - ERROR - 异常: ('Connection aborted.', RemoteDisconnected('Remote end closed connection without response'))
2026-01-22 10:02:17,356 - INFO - --- 扫描开始 10:02:17 ---
2026-01-22 10:02:18,382 - INFO - 拉取行情中...
2026-01-22 10:02:24,055 - ERROR - 异常: ('Connection aborted.', RemoteDisconnected('Remote end closed connection without response'))
2026-01-22 10:03:24,063 - INFO - --- 扫描开始 10:03:24 ---
2026-01-22 10:03:24,244 - ERROR - 计算失败 688115: ('Connection aborted.', RemoteDisconnected('Remote end closed connection without response'))
2026-01-22 10:03:24,417 - ERROR - 计算失败 603633: ('Connection aborted.', RemoteDisconnected('Remote end closed connection without response'))
2026-01-22 10:03:24,568 - ERROR - 计算失败 600340: ('Connection aborted.', RemoteDisconnected('Remote end closed connection without response'))
2026-01-22 10:03:24,703 - ERROR - 计算失败 300438: ('Connection aborted.', RemoteDisconnected('Remote end closed connection without response'))
2026-01-22 10:03:24,704 - INFO - 拉取行情中...
2026-01-22 10:03:30,344 - ERROR - 异常: ('Connection aborted.', RemoteDisconnected('Remote end closed connection without response'))
2026-01-22 10:04:30,348 - INFO - --- 扫描开始 10:04:30 ---
2026-01-22 10:04:30,535 - ERROR - 计算失败 688115: ('Connection aborted.', RemoteDisconnected('Remote end closed connection without response'))
2026-01-22 10:04:30,691 - ERROR - 计算失败 603633: ('Connection aborted.', RemoteDisconnected('Remote end closed connection without response'))
2026-01-22 10:04:30,843 - ERROR - 计算失败 600340: ('Connection aborted.', RemoteDisconnected('Remote end closed connection without response'))
2026-01-22 10:04:30,990 - ERROR - 计算失败 300438: ('Connection aborted.', RemoteDisconnected('Remote end closed connection without response'))
2026-01-22 10:04:30,991 - INFO - 拉取行情中...
2026-01-22 10:04:36,754 - ERROR - 异常: ('Connection aborted.', RemoteDisconnected('Remote end closed connection without response'))
2026-01-22 10:05:36,766 - INFO - --- 扫描开始 10:05:36 ---
2026-01-22 10:05:37,051 - ERROR - 计算失败 688115: ('Connection aborted.', RemoteDisconnected('Remote end closed connection without response'))
2026-01-22 10:05:37,339 - ERROR - 计算失败 603633: ('Connection aborted.', RemoteDisconnected('Remote end closed connection without response'))
2026-01-22 10:05:37,584 - ERROR - 计算失败 600340: ('Connection aborted.', RemoteDisconnected('Remote end closed connection without response'))
2026-01-22 10:05:37,850 - ERROR - 计算失败 300438: ('Connection aborted.', RemoteDisconnected('Remote end closed connection without response'))
2026-01-22 10:05:37,850 - INFO - 拉取行情中...
2026-01-22 10:05:43,440 - ERROR - 异常: ('Connection aborted.', RemoteDisconnected('Remote end closed connection without response'))
2026-01-22 10:06:43,456 - INFO - --- 扫描开始 10:06:43 ---
2026-01-22 10:06:43,941 - ERROR - 计算失败 688115: ('Connection aborted.', RemoteDisconnected('Remote end closed connection without response'))
2026-01-22 10:06:44,104 - ERROR - 计算失败 603633: ('Connection aborted.', RemoteDisconnected('Remote end closed connection without response'))
2026-01-22 10:06:44,259 - ERROR - 计算失败 600340: ('Connection aborted.', RemoteDisconnected('Remote end closed connection without response'))
2026-01-22 10:06:44,424 - ERROR - 计算失败 300438: ('Connection aborted.', RemoteDisconnected('Remote end closed connection without response'))
2026-01-22 10:06:44,425 - INFO - 拉取行情中...
2026-01-22 10:06:50,039 - ERROR - 异常: ('Connection aborted.', RemoteDisconnected('Remote end closed connection without response'))
2026-01-22 10:07:50,052 - INFO - --- 扫描开始 10:07:50 ---
2026-01-22 10:07:50,257 - ERROR - 计算失败 688115: ('Connection aborted.', RemoteDisconnected('Remote end closed connection without response'))
2026-01-22 10:07:50,433 - ERROR - 计算失败 603633: ('Connection aborted.', RemoteDisconnected('Remote end closed connection without response'))
2026-01-22 10:07:50,588 - ERROR - 计算失败 600340: ('Connection aborted.', RemoteDisconnected('Remote end closed connection without response'))
2026-01-22 10:07:50,738 - ERROR - 计算失败 300438: ('Connection aborted.', RemoteDisconnected('Remote end closed connection without response'))
2026-01-22 10:07:50,739 - INFO - 拉取行情中...
2026-01-22 10:07:56,653 - ERROR - 异常: ('Connection aborted.', RemoteDisconnected('Remote end closed connection without response'))
2026-01-22 10:08:56,662 - INFO - --- 扫描开始 10:08:56 ---
2026-01-22 10:08:56,838 - ERROR - 计算失败 688115: ('Connection aborted.', RemoteDisconnected('Remote end closed connection without response'))
2026-01-22 10:08:56,985 - ERROR - 计算失败 603633: ('Connection aborted.', RemoteDisconnected('Remote end closed connection without response'))
2026-01-22 10:08:57,124 - ERROR - 计算失败 600340: ('Connection aborted.', RemoteDisconnected('Remote end closed connection without response'))
2026-01-22 10:08:57,281 - ERROR - 计算失败 300438: ('Connection aborted.', RemoteDisconnected('Remote end closed connection without response'))
2026-01-22 10:08:57,282 - INFO - 拉取行情中...
2026-01-22 10:09:03,007 - ERROR - 异常: ('Connection aborted.', RemoteDisconnected('Remote end closed connection without response'))
2026-01-22 10:10:03,020 - INFO - --- 扫描开始 10:10:03 ---
2026-01-22 10:10:03,212 - ERROR - 计算失败 688115: ('Connection aborted.', RemoteDisconnected('Remote end closed connection without response'))
2026-01-22 10:10:03,378 - ERROR - 计算失败 603633: ('Connection aborted.', RemoteDisconnected('Remote end closed connection without response'))
2026-01-22 10:10:03,559 - ERROR - 计算失败 600340: ('Connection aborted.', RemoteDisconnected('Remote end closed connection without response'))
2026-01-22 10:10:03,978 - ERROR - 计算失败 300438: ('Connection aborted.', RemoteDisconnected('Remote end closed connection without response'))
2026-01-22 10:10:03,978 - INFO - 拉取行情中...
2026-01-22 10:10:10,182 - ERROR - 异常: ('Connection aborted.', RemoteDisconnected('Remote end closed connection without response'))
2026-01-22 10:11:10,194 - INFO - --- 扫描开始 10:11:10 ---
2026-01-22 10:11:10,362 - ERROR - 计算失败 688115: ('Connection aborted.', RemoteDisconnected('Remote end closed connection without response'))
2026-01-22 10:11:10,514 - ERROR - 计算失败 603633: ('Connection aborted.', RemoteDisconnected('Remote end closed connection without response'))
2026-01-22 10:11:10,669 - ERROR - 计算失败 600340: ('Connection aborted.', RemoteDisconnected('Remote end closed connection without response'))
2026-01-22 10:11:10,818 - ERROR - 计算失败 300438: ('Connection aborted.', RemoteDisconnected('Remote end closed connection without response'))
2026-01-22 10:11:10,819 - INFO - 拉取行情中...
2026-01-22 10:11:16,408 - ERROR - 异常: ('Connection aborted.', RemoteDisconnected('Remote end closed connection without response'))
2026-01-22 10:12:16,414 - INFO - --- 扫描开始 10:12:16 ---
2026-01-22 10:12:16,514 - ERROR - 计算失败 688115: ('Connection aborted.', RemoteDisconnected('Remote end closed connection without response'))
2026-01-22 10:12:16,613 - ERROR - 计算失败 603633: ('Connection aborted.', RemoteDisconnected('Remote end closed connection without response'))
2026-01-22 10:12:16,704 - ERROR - 计算失败 600340: ('Connection aborted.', RemoteDisconnected('Remote end closed connection without response'))
2026-01-22 10:12:16,794 - ERROR - 计算失败 300438: ('Connection aborted.', RemoteDisconnected('Remote end closed connection without response'))
2026-01-22 10:12:16,794 - INFO - 拉取行情中...
2026-01-22 10:12:21,403 - ERROR - 异常: ('Connection aborted.', RemoteDisconnected('Remote end closed connection without response'))
2026-01-22 10:13:21,418 - INFO - --- 扫描开始 10:13:21 ---
2026-01-22 10:13:21,947 - ERROR - 计算失败 688115: ('Connection aborted.', RemoteDisconnected('Remote end closed connection without response'))
2026-01-22 10:13:22,096 - ERROR - 计算失败 603633: ('Connection aborted.', RemoteDisconnected('Remote end closed connection without response'))
2026-01-22 10:13:22,249 - ERROR - 计算失败 600340: ('Connection aborted.', RemoteDisconnected('Remote end closed connection without response'))
2026-01-22 10:13:22,406 - ERROR - 计算失败 300438: ('Connection aborted.', RemoteDisconnected('Remote end closed connection without response'))
2026-01-22 10:13:22,406 - INFO - 拉取行情中...
2026-01-22 10:14:28,535 - INFO - 初筛命中: 729
2026-01-22 10:14:28,681 - ERROR - 计算失败 000910: ('Connection aborted.', RemoteDisconnected('Remote end closed connection without response'))
2026-01-22 10:14:29,343 - ERROR - 计算失败 000045: ('Connection aborted.', RemoteDisconnected('Remote end closed connection without response'))
2026-01-22 10:14:29,997 - ERROR - 计算失败 000048: ('Connection aborted.', RemoteDisconnected('Remote end closed connection without response'))
2026-01-22 10:14:30,684 - ERROR - 计算失败 002498: ('Connection aborted.', RemoteDisconnected('Remote end closed connection without response'))
2026-01-22 10:14:31,369 - ERROR - 计算失败 605299: ('Connection aborted.', RemoteDisconnected('Remote end closed connection without response'))
2026-01-22 10:14:32,061 - ERROR - 计算失败 601616: ('Connection aborted.', RemoteDisconnected('Remote end closed connection without response'))
2026-01-22 10:14:32,734 - ERROR - 计算失败 603257: ('Connection aborted.', RemoteDisconnected('Remote end closed connection without response'))
2026-01-22 10:14:33,406 - ERROR - 计算失败 002358: ('Connection aborted.', RemoteDisconnected('Remote end closed connection without response'))
2026-01-22 10:14:34,087 - ERROR - 计算失败 600160: ('Connection aborted.', RemoteDisconnected('Remote end closed connection without response'))
2026-01-22 10:14:34,760 - ERROR - 计算失败 002995: ('Connection aborted.', RemoteDisconnected('Remote end closed connection without response'))
2026-01-22 10:14:35,444 - ERROR - 计算失败 002662: ('Connection aborted.', RemoteDisconnected('Remote end closed connection without response'))
2026-01-22 10:14:36,113 - ERROR - 计算失败 000506: ('Connection aborted.', RemoteDisconnected('Remote end closed connection without response'))
2026-01-22 10:14:36,785 - ERROR - 计算失败 688380: ('Connection aborted.', RemoteDisconnected('Remote end closed connection without response'))
2026-01-22 10:14:37,456 - ERROR - 计算失败 002196: ('Connection aborted.', RemoteDisconnected('Remote end closed connection without response'))
2026-01-22 10:14:38,120 - ERROR - 计算失败 603330: ('Connection aborted.', RemoteDisconnected('Remote end closed connection without response'))
2026-01-22 10:14:38,796 - ERROR - 计算失败 002440: ('Connection aborted.', RemoteDisconnected('Remote end closed connection without response'))
2026-01-22 10:14:39,501 - ERROR - 计算失败 688401: ('Connection aborted.', RemoteDisconnected('Remote end closed connection without response'))
2026-01-22 10:14:40,195 - ERROR - 计算失败 603567: ('Connection aborted.', RemoteDisconnected('Remote end closed connection without response'))
2026-01-22 10:14:41,145 - ERROR - 计算失败 688099: ('Connection aborted.', RemoteDisconnected('Remote end closed connection without response'))
2026-01-22 10:14:41,829 - ERROR - 计算失败 603931: ('Connection aborted.', RemoteDisconnected('Remote end closed connection without response'))
2026-01-22 10:14:42,518 - ERROR - 计算失败 605158: ('Connection aborted.', RemoteDisconnected('Remote end closed connection without response'))
2026-01-22 10:14:43,206 - ERROR - 计算失败 600230: ('Connection aborted.', RemoteDisconnected('Remote end closed connection without response'))
2026-01-22 10:14:43,905 - ERROR - 计算失败 002734: ('Connection aborted.', RemoteDisconnected('Remote end closed connection without response'))
2026-01-22 10:14:44,571 - ERROR - 计算失败 002838: ('Connection aborted.', RemoteDisconnected('Remote end closed connection without response'))
2026-01-22 10:14:45,246 - ERROR - 计算失败 603916: ('Connection aborted.', RemoteDisconnected('Remote end closed connection without response'))
2026-01-22 10:14:45,931 - ERROR - 计算失败 002431: ('Connection aborted.', RemoteDisconnected('Remote end closed connection without response'))
2026-01-22 10:14:46,599 - ERROR - 计算失败 002581: ('Connection aborted.', RemoteDisconnected('Remote end closed connection without response'))
2026-01-22 10:14:47,295 - ERROR - 计算失败 002614: ('Connection aborted.', RemoteDisconnected('Remote end closed connection without response'))
2026-01-22 10:14:47,961 - ERROR - 计算失败 688576: ('Connection aborted.', RemoteDisconnected('Remote end closed connection without response'))
2026-01-22 10:14:48,635 - ERROR - 计算失败 301283: ('Connection aborted.', RemoteDisconnected('Remote end closed connection without response'))
2026-01-22 10:14:49,322 - ERROR - 计算失败 300655: ('Connection aborted.', RemoteDisconnected('Remote end closed connection without response'))
2026-01-22 10:14:49,985 - ERROR - 计算失败 601908: ('Connection aborted.', RemoteDisconnected('Remote end closed connection without response'))
2026-01-22 10:14:50,666 - ERROR - 计算失败 688035: ('Connection aborted.', RemoteDisconnected('Remote end closed connection without response'))
2026-01-22 10:14:51,339 - ERROR - 计算失败 300573: ('Connection aborted.', RemoteDisconnected('Remote end closed connection without response'))
2026-01-22 10:14:52,031 - ERROR - 计算失败 600745: ('Connection aborted.', RemoteDisconnected('Remote end closed connection without response'))
2026-01-22 10:14:52,701 - ERROR - 计算失败 688378: ('Connection aborted.', RemoteDisconnected('Remote end closed connection without response'))
2026-01-22 10:14:53,390 - ERROR - 计算失败 300836: ('Connection aborted.', RemoteDisconnected('Remote end closed connection without response'))
2026-01-22 10:14:54,085 - ERROR - 计算失败 300651: ('Connection aborted.', RemoteDisconnected('Remote end closed connection without response'))
2026-01-22 10:14:54,779 - ERROR - 计算失败 600853: ('Connection aborted.', RemoteDisconnected('Remote end closed connection without response'))
2026-01-22 10:14:55,730 - ERROR - 计算失败 301383: ('Connection aborted.', RemoteDisconnected('Remote end closed connection without response'))
2026-01-22 10:14:56,409 - ERROR - 计算失败 300798: ('Connection aborted.', RemoteDisconnected('Remote end closed connection without response'))
2026-01-22 10:14:57,097 - ERROR - 计算失败 600610: ('Connection aborted.', RemoteDisconnected('Remote end closed connection without response'))
2026-01-22 10:14:57,797 - ERROR - 计算失败 301590: ('Connection aborted.', RemoteDisconnected('Remote end closed connection without response'))
2026-01-22 10:14:58,449 - ERROR - 计算失败 601127: ('Connection aborted.', RemoteDisconnected('Remote end closed connection without response'))
2026-01-22 10:14:59,119 - ERROR - 计算失败 001287: ('Connection aborted.', RemoteDisconnected('Remote end closed connection without response'))
2026-01-22 10:14:59,783 - ERROR - 计算失败 301026: ('Connection aborted.', RemoteDisconnected('Remote end closed connection without response'))
2026-01-22 10:15:00,446 - ERROR - 计算失败 300214: ('Connection aborted.', RemoteDisconnected('Remote end closed connection without response'))
2026-01-22 10:15:01,111 - ERROR - 计算失败 002612: ('Connection aborted.', RemoteDisconnected('Remote end closed connection without response'))
2026-01-22 10:15:01,758 - ERROR - 计算失败 603980: ('Connection aborted.', RemoteDisconnected('Remote end closed connection without response'))
2026-01-22 10:15:02,436 - ERROR - 计算失败 600774: ('Connection aborted.', RemoteDisconnected('Remote end closed connection without response'))
2026-01-22 10:20:02,953 - INFO - --- 扫描开始 10:20:02 ---
2026-01-22 10:20:03,219 - ERROR - 计算失败 688115: ('Connection aborted.', RemoteDisconnected('Remote end closed connection without response'))
2026-01-22 10:20:03,470 - ERROR - 计算失败 603633: ('Connection aborted.', RemoteDisconnected('Remote end closed connection without response'))
2026-01-22 10:20:03,722 - ERROR - 计算失败 600340: ('Connection aborted.', RemoteDisconnected('Remote end closed connection without response'))
2026-01-22 10:20:03,973 - ERROR - 计算失败 300438: ('Connection aborted.', RemoteDisconnected('Remote end closed connection without response'))
2026-01-22 10:20:03,973 - INFO - 拉取行情中...
2026-01-22 10:20:09,507 - ERROR - 异常: ('Connection aborted.', RemoteDisconnected('Remote end closed connection without response'))
2026-01-22 10:21:09,517 - INFO - --- 扫描开始 10:21:09 ---
2026-01-22 10:21:09,714 - ERROR - 计算失败 688115: ('Connection aborted.', RemoteDisconnected('Remote end closed connection without response'))
2026-01-22 10:21:09,922 - ERROR - 计算失败 603633: ('Connection aborted.', RemoteDisconnected('Remote end closed connection without response'))
2026-01-22 10:21:10,105 - ERROR - 计算失败 600340: ('Connection aborted.', RemoteDisconnected('Remote end closed connection without response'))
2026-01-22 10:21:10,300 - ERROR - 计算失败 300438: ('Connection aborted.', RemoteDisconnected('Remote end closed connection without response'))
2026-01-22 10:21:10,301 - INFO - 拉取行情中...
2026-01-22 10:21:15,567 - ERROR - 异常: ('Connection aborted.', RemoteDisconnected('Remote end closed connection without response'))
2026-01-22 10:22:15,579 - INFO - --- 扫描开始 10:22:15 ---
2026-01-22 10:22:15,744 - ERROR - 计算失败 688115: ('Connection aborted.', RemoteDisconnected('Remote end closed connection without response'))
2026-01-22 10:22:15,917 - ERROR - 计算失败 603633: ('Connection aborted.', RemoteDisconnected('Remote end closed connection without response'))
2026-01-22 10:22:16,631 - ERROR - 计算失败 600340: ('Connection aborted.', RemoteDisconnected('Remote end closed connection without response'))
2026-01-22 10:22:16,802 - ERROR - 计算失败 300438: ('Connection aborted.', RemoteDisconnected('Remote end closed connection without response'))
2026-01-22 10:22:16,802 - INFO - 拉取行情中...
2026-01-22 10:22:22,408 - ERROR - 异常: ('Connection aborted.', RemoteDisconnected('Remote end closed connection without response'))
2026-01-22 10:23:22,415 - INFO - --- 扫描开始 10:23:22 ---
2026-01-22 10:23:22,618 - ERROR - 计算失败 688115: ('Connection aborted.', RemoteDisconnected('Remote end closed connection without response'))
2026-01-22 10:23:22,758 - ERROR - 计算失败 603633: ('Connection aborted.', RemoteDisconnected('Remote end closed connection without response'))
2026-01-22 10:23:22,909 - ERROR - 计算失败 600340: ('Connection aborted.', RemoteDisconnected('Remote end closed connection without response'))
2026-01-22 10:23:23,052 - ERROR - 计算失败 300438: ('Connection aborted.', RemoteDisconnected('Remote end closed connection without response'))
2026-01-22 10:23:23,052 - INFO - 拉取行情中...
2026-01-22 10:23:28,366 - ERROR - 异常: ('Connection aborted.', RemoteDisconnected('Remote end closed connection without response'))
2026-01-22 10:24:28,374 - INFO - --- 扫描开始 10:24:28 ---
2026-01-22 10:24:28,550 - ERROR - 计算失败 688115: ('Connection aborted.', RemoteDisconnected('Remote end closed connection without response'))
2026-01-22 10:24:28,721 - ERROR - 计算失败 603633: ('Connection aborted.', RemoteDisconnected('Remote end closed connection without response'))
2026-01-22 10:24:28,889 - ERROR - 计算失败 600340: ('Connection aborted.', RemoteDisconnected('Remote end closed connection without response'))
2026-01-22 10:24:29,042 - ERROR - 计算失败 300438: ('Connection aborted.', RemoteDisconnected('Remote end closed connection without response'))
2026-01-22 10:24:29,043 - INFO - 拉取行情中...
2026-01-22 10:24:34,855 - ERROR - 异常: ('Connection aborted.', RemoteDisconnected('Remote end closed connection without response'))
2026-01-22 10:25:34,865 - INFO - --- 扫描开始 10:25:34 ---
2026-01-22 10:25:35,042 - ERROR - 计算失败 688115: ('Connection aborted.', RemoteDisconnected('Remote end closed connection without response'))
2026-01-22 10:25:35,192 - ERROR - 计算失败 603633: ('Connection aborted.', RemoteDisconnected('Remote end closed connection without response'))
2026-01-22 10:25:35,323 - ERROR - 计算失败 600340: ('Connection aborted.', RemoteDisconnected('Remote end closed connection without response'))
2026-01-22 10:25:35,474 - ERROR - 计算失败 300438: ('Connection aborted.', RemoteDisconnected('Remote end closed connection without response'))
2026-01-22 10:25:35,474 - INFO - 拉取行情中...
2026-01-22 10:25:41,122 - ERROR - 异常: ('Connection aborted.', RemoteDisconnected('Remote end closed connection without response'))
2026-01-22 10:26:41,132 - INFO - --- 扫描开始 10:26:41 ---
2026-01-22 10:26:41,316 - ERROR - 计算失败 688115: ('Connection aborted.', RemoteDisconnected('Remote end closed connection without response'))
2026-01-22 10:26:41,472 - ERROR - 计算失败 603633: ('Connection aborted.', RemoteDisconnected('Remote end closed connection without response'))
2026-01-22 10:26:41,643 - ERROR - 计算失败 600340: ('Connection aborted.', RemoteDisconnected('Remote end closed connection without response'))
2026-01-22 10:26:41,798 - ERROR - 计算失败 300438: ('Connection aborted.', RemoteDisconnected('Remote end closed connection without response'))
2026-01-22 10:26:41,799 - INFO - 拉取行情中...
2026-01-22 10:26:46,925 - ERROR - 异常: ('Connection aborted.', RemoteDisconnected('Remote end closed connection without response'))
2026-01-22 10:27:46,939 - INFO - --- 扫描开始 10:27:46 ---
2026-01-22 10:27:47,089 - ERROR - 计算失败 688115: ('Connection aborted.', RemoteDisconnected('Remote end closed connection without response'))
2026-01-22 10:27:47,181 - ERROR - 计算失败 603633: ('Connection aborted.', RemoteDisconnected('Remote end closed connection without response'))
2026-01-22 10:27:47,285 - ERROR - 计算失败 600340: ('Connection aborted.', RemoteDisconnected('Remote end closed connection without response'))
2026-01-22 10:27:47,376 - ERROR - 计算失败 300438: ('Connection aborted.', RemoteDisconnected('Remote end closed connection without response'))
2026-01-22 10:27:47,377 - INFO - 拉取行情中...
2026-01-22 10:27:53,334 - ERROR - 异常: ('Connection aborted.', RemoteDisconnected('Remote end closed connection without response'))
2026-01-22 10:28:53,344 - INFO - --- 扫描开始 10:28:53 ---
2026-01-22 10:28:53,454 - ERROR - 计算失败 688115: ('Connection aborted.', RemoteDisconnected('Remote end closed connection without response'))
2026-01-22 10:28:53,551 - ERROR - 计算失败 603633: ('Connection aborted.', RemoteDisconnected('Remote end closed connection without response'))
2026-01-22 10:28:53,653 - ERROR - 计算失败 600340: ('Connection aborted.', RemoteDisconnected('Remote end closed connection without response'))
2026-01-22 10:28:53,743 - ERROR - 计算失败 300438: ('Connection aborted.', RemoteDisconnected('Remote end closed connection without response'))
2026-01-22 10:28:53,744 - INFO - 拉取行情中...
2026-01-22 10:28:59,058 - ERROR - 异常: ('Connection aborted.', RemoteDisconnected('Remote end closed connection without response'))
2026-01-22 10:29:59,068 - INFO - --- 扫描开始 10:29:59 ---
2026-01-22 10:29:59,252 - ERROR - 计算失败 688115: ('Connection aborted.', RemoteDisconnected('Remote end closed connection without response'))
2026-01-22 10:29:59,419 - ERROR - 计算失败 603633: ('Connection aborted.', RemoteDisconnected('Remote end closed connection without response'))
2026-01-22 10:29:59,586 - ERROR - 计算失败 600340: ('Connection aborted.', RemoteDisconnected('Remote end closed connection without response'))
2026-01-22 10:29:59,763 - ERROR - 计算失败 300438: ('Connection aborted.', RemoteDisconnected('Remote end closed connection without response'))
2026-01-22 10:29:59,764 - INFO - 拉取行情中...
2026-01-22 10:30:05,148 - ERROR - 异常: ('Connection aborted.', RemoteDisconnected('Remote end closed connection without response'))
2026-01-22 10:31:05,158 - INFO - --- 扫描开始 10:31:05 ---
2026-01-22 10:31:06,298 - INFO - 拉取行情中...
2026-01-22 10:31:11,160 - ERROR - 异常: ('Connection aborted.', RemoteDisconnected('Remote end closed connection without response'))
2026-01-22 10:32:11,166 - INFO - --- 扫描开始 10:32:11 ---
2026-01-22 10:32:11,685 - INFO - 拉取行情中...
2026-01-22 10:32:17,004 - ERROR - 异常: ('Connection aborted.', RemoteDisconnected('Remote end closed connection without response'))
2026-01-22 10:33:17,014 - INFO - --- 扫描开始 10:33:17 ---
2026-01-22 10:33:17,465 - INFO - 拉取行情中...
2026-01-22 10:33:22,426 - ERROR - 异常: ('Connection aborted.', RemoteDisconnected('Remote end closed connection without response'))
2026-01-22 10:34:22,432 - INFO - --- 扫描开始 10:34:22 ---
2026-01-22 10:34:22,986 - ERROR - 计算失败 688115: ('Connection aborted.', RemoteDisconnected('Remote end closed connection without response'))
2026-01-22 10:34:23,162 - ERROR - 计算失败 603633: ('Connection aborted.', RemoteDisconnected('Remote end closed connection without response'))
2026-01-22 10:34:23,612 - ERROR - 计算失败 600340: ('Connection aborted.', RemoteDisconnected('Remote end closed connection without response'))
2026-01-22 10:34:23,773 - ERROR - 计算失败 300438: ('Connection aborted.', RemoteDisconnected('Remote end closed connection without response'))
2026-01-22 10:34:23,774 - INFO - 拉取行情中...
2026-01-22 10:34:28,908 - ERROR - 异常: ('Connection aborted.', RemoteDisconnected('Remote end closed connection without response'))
2026-01-22 10:35:28,917 - INFO - --- 扫描开始 10:35:28 ---
2026-01-22 10:35:29,177 - ERROR - 计算失败 688115: ('Connection aborted.', RemoteDisconnected('Remote end closed connection without response'))
2026-01-22 10:35:29,365 - ERROR - 计算失败 603633: ('Connection aborted.', RemoteDisconnected('Remote end closed connection without response'))
2026-01-22 10:35:29,533 - ERROR - 计算失败 600340: ('Connection aborted.', RemoteDisconnected('Remote end closed connection without response'))
2026-01-22 10:35:29,670 - ERROR - 计算失败 300438: ('Connection aborted.', RemoteDisconnected('Remote end closed connection without response'))
2026-01-22 10:35:29,672 - INFO - 拉取行情中...
2026-01-22 10:35:34,896 - ERROR - 异常: ('Connection aborted.', RemoteDisconnected('Remote end closed connection without response'))
2026-01-22 10:36:34,908 - INFO - --- 扫描开始 10:36:34 ---
2026-01-22 10:36:35,359 - INFO - 拉取行情中...
2026-01-22 10:36:40,423 - ERROR - 异常: ('Connection aborted.', RemoteDisconnected('Remote end closed connection without response'))
2026-01-22 10:37:40,429 - INFO - --- 扫描开始 10:37:40 ---
2026-01-22 10:37:40,916 - INFO - 拉取行情中...
2026-01-22 10:37:46,095 - ERROR - 异常: ('Connection aborted.', RemoteDisconnected('Remote end closed connection without response'))
2026-01-22 10:38:46,105 - INFO - --- 扫描开始 10:38:46 ---
2026-01-22 10:38:46,556 - INFO - 拉取行情中...
2026-01-22 10:38:52,548 - ERROR - 异常: ('Connection aborted.', RemoteDisconnected('Remote end closed connection without response'))
2026-01-22 10:39:52,552 - INFO - --- 扫描开始 10:39:52 ---
2026-01-22 10:39:53,332 - INFO - 拉取行情中...
2026-01-22 10:39:58,291 - ERROR - 异常: ('Connection aborted.', RemoteDisconnected('Remote end closed connection without response'))
2026-01-22 10:40:58,299 - INFO - --- 扫描开始 10:40:58 ---
2026-01-22 10:40:59,368 - INFO - 拉取行情中...
2026-01-22 10:41:05,087 - ERROR - 异常: ('Connection aborted.', RemoteDisconnected('Remote end closed connection without response'))
2026-01-22 10:42:05,098 - INFO - --- 扫描开始 10:42:05 ---
2026-01-22 10:42:05,841 - INFO - 拉取行情中...
2026-01-22 10:42:11,468 - ERROR - 异常: ('Connection aborted.', RemoteDisconnected('Remote end closed connection without response'))
2026-01-22 10:43:11,482 - INFO - --- 扫描开始 10:43:11 ---
2026-01-22 10:43:12,593 - INFO - 拉取行情中...
2026-01-22 10:43:25,611 - ERROR - 异常: ('Connection aborted.', RemoteDisconnected('Remote end closed connection without response'))
2026-01-22 10:44:25,618 - INFO - --- 扫描开始 10:44:25 ---
2026-01-22 10:44:26,270 - INFO - 拉取行情中...
2026-01-22 10:44:32,280 - ERROR - 异常: ('Connection aborted.', RemoteDisconnected('Remote end closed connection without response'))
2026-01-22 10:45:32,305 - INFO - --- 扫描开始 10:45:32 ---
2026-01-22 10:45:33,055 - INFO - 拉取行情中...
2026-01-22 10:45:38,628 - ERROR - 异常: ('Connection aborted.', RemoteDisconnected('Remote end closed connection without response'))
2026-01-22 10:46:38,636 - INFO - --- 扫描开始 10:46:38 ---
2026-01-22 10:46:39,146 - INFO - 拉取行情中...
2026-01-22 10:46:43,857 - ERROR - 异常: ('Connection aborted.', RemoteDisconnected('Remote end closed connection without response'))
2026-01-22 10:47:43,867 - INFO - --- 扫描开始 10:47:43 ---
2026-01-22 10:47:44,306 - INFO - 拉取行情中...
2026-01-22 10:47:49,581 - ERROR - 异常: ('Connection aborted.', RemoteDisconnected('Remote end closed connection without response'))
2026-01-22 10:48:49,589 - INFO - --- 扫描开始 10:48:49 ---
2026-01-22 10:48:50,375 - INFO - 拉取行情中...
2026-01-22 10:48:56,689 - ERROR - 异常: ('Connection aborted.', RemoteDisconnected('Remote end closed connection without response'))
2026-01-22 10:49:56,697 - INFO - --- 扫描开始 10:49:56 ---
2026-01-22 10:49:56,874 - ERROR - 计算失败 688115: ('Connection aborted.', RemoteDisconnected('Remote end closed connection without response'))
2026-01-22 10:49:57,034 - ERROR - 计算失败 603633: ('Connection aborted.', RemoteDisconnected('Remote end closed connection without response'))
2026-01-22 10:49:57,174 - ERROR - 计算失败 600340: ('Connection aborted.', RemoteDisconnected('Remote end closed connection without response'))
2026-01-22 10:49:57,317 - ERROR - 计算失败 300438: ('Connection aborted.', RemoteDisconnected('Remote end closed connection without response'))
2026-01-22 10:49:57,317 - INFO - 拉取行情中...
2026-01-22 10:50:03,402 - ERROR - 异常: ('Connection aborted.', RemoteDisconnected('Remote end closed connection without response'))
2026-01-22 10:51:03,414 - INFO - --- 扫描开始 10:51:03 ---
2026-01-22 10:51:03,610 - ERROR - 计算失败 688115: ('Connection aborted.', RemoteDisconnected('Remote end closed connection without response'))
2026-01-22 10:51:03,763 - ERROR - 计算失败 603633: ('Connection aborted.', RemoteDisconnected('Remote end closed connection without response'))
2026-01-22 10:51:03,919 - ERROR - 计算失败 600340: ('Connection aborted.', RemoteDisconnected('Remote end closed connection without response'))
2026-01-22 10:51:04,076 - ERROR - 计算失败 300438: ('Connection aborted.', RemoteDisconnected('Remote end closed connection without response'))
2026-01-22 10:51:04,077 - INFO - 拉取行情中...
2026-01-22 10:51:10,279 - ERROR - 异常: ('Connection aborted.', RemoteDisconnected('Remote end closed connection without response'))
2026-01-22 10:52:10,300 - INFO - --- 扫描开始 10:52:10 ---
2026-01-22 10:52:10,454 - ERROR - 计算失败 688115: ('Connection aborted.', RemoteDisconnected('Remote end closed connection without response'))
2026-01-22 10:52:10,588 - ERROR - 计算失败 603633: ('Connection aborted.', RemoteDisconnected('Remote end closed connection without response'))
2026-01-22 10:52:10,735 - ERROR - 计算失败 600340: ('Connection aborted.', RemoteDisconnected('Remote end closed connection without response'))
2026-01-22 10:52:10,895 - ERROR - 计算失败 300438: ('Connection aborted.', RemoteDisconnected('Remote end closed connection without response'))
2026-01-22 10:52:10,896 - INFO - 拉取行情中...
2026-01-22 10:52:16,939 - ERROR - 异常: ('Connection aborted.', RemoteDisconnected('Remote end closed connection without response'))
2026-01-22 10:53:16,958 - INFO - --- 扫描开始 10:53:16 ---
2026-01-22 10:53:17,150 - ERROR - 计算失败 688115: ('Connection aborted.', RemoteDisconnected('Remote end closed connection without response'))
2026-01-22 10:53:17,307 - ERROR - 计算失败 603633: ('Connection aborted.', RemoteDisconnected('Remote end closed connection without response'))
2026-01-22 10:53:17,475 - ERROR - 计算失败 600340: ('Connection aborted.', RemoteDisconnected('Remote end closed connection without response'))
2026-01-22 10:53:17,649 - ERROR - 计算失败 300438: ('Connection aborted.', RemoteDisconnected('Remote end closed connection without response'))
2026-01-22 10:53:17,650 - INFO - 拉取行情中...
2026-01-22 10:53:22,742 - ERROR - 异常: ('Connection aborted.', RemoteDisconnected('Remote end closed connection without response'))
2026-01-22 10:54:22,749 - INFO - --- 扫描开始 10:54:22 ---
2026-01-22 10:54:23,176 - ERROR - 计算失败 688115: ('Connection aborted.', RemoteDisconnected('Remote end closed connection without response'))
2026-01-22 10:54:23,365 - ERROR - 计算失败 603633: ('Connection aborted.', RemoteDisconnected('Remote end closed connection without response'))
2026-01-22 10:54:23,528 - ERROR - 计算失败 600340: ('Connection aborted.', RemoteDisconnected('Remote end closed connection without response'))
2026-01-22 10:54:23,701 - ERROR - 计算失败 300438: ('Connection aborted.', RemoteDisconnected('Remote end closed connection without response'))
2026-01-22 10:54:23,701 - INFO - 拉取行情中...
2026-01-22 10:54:30,405 - ERROR - 异常: ('Connection aborted.', RemoteDisconnected('Remote end closed connection without response'))
2026-01-22 10:55:30,414 - INFO - --- 扫描开始 10:55:30 ---
2026-01-22 10:55:31,575 - INFO - 拉取行情中...
2026-01-22 10:55:37,268 - ERROR - 异常: ('Connection aborted.', RemoteDisconnected('Remote end closed connection without response'))
2026-01-22 10:56:37,277 - INFO - --- 扫描开始 10:56:37 ---
2026-01-22 10:56:37,467 - ERROR - 计算失败 688115: ('Connection aborted.', RemoteDisconnected('Remote end closed connection without response'))
2026-01-22 10:56:37,651 - ERROR - 计算失败 603633: ('Connection aborted.', RemoteDisconnected('Remote end closed connection without response'))
2026-01-22 10:56:37,824 - ERROR - 计算失败 600340: ('Connection aborted.', RemoteDisconnected('Remote end closed connection without response'))
2026-01-22 10:56:37,989 - ERROR - 计算失败 300438: ('Connection aborted.', RemoteDisconnected('Remote end closed connection without response'))
2026-01-22 10:56:37,989 - INFO - 拉取行情中...
2026-01-22 10:56:42,507 - ERROR - 异常: ('Connection aborted.', RemoteDisconnected('Remote end closed connection without response'))
2026-01-22 10:57:42,513 - INFO - --- 扫描开始 10:57:42 ---
2026-01-22 10:57:42,708 - ERROR - 计算失败 688115: ('Connection aborted.', RemoteDisconnected('Remote end closed connection without response'))
2026-01-22 10:57:42,852 - ERROR - 计算失败 603633: ('Connection aborted.', RemoteDisconnected('Remote end closed connection without response'))
2026-01-22 10:57:42,998 - ERROR - 计算失败 600340: ('Connection aborted.', RemoteDisconnected('Remote end closed connection without response'))
2026-01-22 10:57:43,147 - ERROR - 计算失败 300438: ('Connection aborted.', RemoteDisconnected('Remote end closed connection without response'))
2026-01-22 10:57:43,147 - INFO - 拉取行情中...
2026-01-22 10:57:48,783 - ERROR - 异常: ('Connection aborted.', RemoteDisconnected('Remote end closed connection without response'))
2026-01-22 10:58:48,797 - INFO - --- 扫描开始 10:58:48 ---
2026-01-22 10:58:49,038 - ERROR - 计算失败 688115: ('Connection aborted.', RemoteDisconnected('Remote end closed connection without response'))
2026-01-22 10:58:49,181 - ERROR - 计算失败 603633: ('Connection aborted.', RemoteDisconnected('Remote end closed connection without response'))
2026-01-22 10:58:49,340 - ERROR - 计算失败 600340: ('Connection aborted.', RemoteDisconnected('Remote end closed connection without response'))
2026-01-22 10:58:49,585 - ERROR - 计算失败 300438: ('Connection aborted.', RemoteDisconnected('Remote end closed connection without response'))
2026-01-22 10:58:49,586 - INFO - 拉取行情中...
2026-01-22 10:58:55,966 - ERROR - 异常: ('Connection aborted.', RemoteDisconnected('Remote end closed connection without response'))
2026-01-22 10:59:55,975 - INFO - --- 扫描开始 10:59:55 ---
2026-01-22 10:59:56,142 - ERROR - 计算失败 688115: ('Connection aborted.', RemoteDisconnected('Remote end closed connection without response'))
2026-01-22 10:59:56,304 - ERROR - 计算失败 603633: ('Connection aborted.', RemoteDisconnected('Remote end closed connection without response'))
2026-01-22 10:59:56,471 - ERROR - 计算失败 600340: ('Connection aborted.', RemoteDisconnected('Remote end closed connection without response'))
2026-01-22 10:59:56,883 - ERROR - 计算失败 300438: ('Connection aborted.', RemoteDisconnected('Remote end closed connection without response'))
2026-01-22 10:59:56,884 - INFO - 拉取行情中...
2026-01-22 11:00:02,191 - ERROR - 异常: ('Connection aborted.', RemoteDisconnected('Remote end closed connection without response'))
2026-01-22 11:01:02,202 - INFO - --- 扫描开始 11:01:02 ---
2026-01-22 11:01:02,374 - ERROR - 计算失败 688115: ('Connection aborted.', RemoteDisconnected('Remote end closed connection without response'))
2026-01-22 11:01:02,553 - ERROR - 计算失败 603633: ('Connection aborted.', RemoteDisconnected('Remote end closed connection without response'))
2026-01-22 11:01:02,714 - ERROR - 计算失败 600340: ('Connection aborted.', RemoteDisconnected('Remote end closed connection without response'))
2026-01-22 11:01:02,900 - ERROR - 计算失败 300438: ('Connection aborted.', RemoteDisconnected('Remote end closed connection without response'))
2026-01-22 11:01:02,901 - INFO - 拉取行情中...
2026-01-22 11:01:07,424 - ERROR - 异常: ('Connection aborted.', RemoteDisconnected('Remote end closed connection without response'))
2026-01-22 11:02:07,433 - INFO - --- 扫描开始 11:02:07 ---
2026-01-22 11:02:07,658 - ERROR - 计算失败 688115: ('Connection aborted.', RemoteDisconnected('Remote end closed connection without response'))
2026-01-22 11:02:07,816 - ERROR - 计算失败 603633: ('Connection aborted.', RemoteDisconnected('Remote end closed connection without response'))
2026-01-22 11:02:07,982 - ERROR - 计算失败 600340: ('Connection aborted.', RemoteDisconnected('Remote end closed connection without response'))
2026-01-22 11:02:08,140 - ERROR - 计算失败 300438: ('Connection aborted.', RemoteDisconnected('Remote end closed connection without response'))
2026-01-22 11:02:08,141 - INFO - 拉取行情中...
2026-01-22 11:02:14,082 - ERROR - 异常: ('Connection aborted.', RemoteDisconnected('Remote end closed connection without response'))
2026-01-22 11:03:14,092 - INFO - --- 扫描开始 11:03:14 ---
2026-01-22 11:03:14,352 - ERROR - 计算失败 688115: ('Connection aborted.', RemoteDisconnected('Remote end closed connection without response'))
2026-01-22 11:03:14,597 - ERROR - 计算失败 603633: ('Connection aborted.', RemoteDisconnected('Remote end closed connection without response'))
2026-01-22 11:03:14,832 - ERROR - 计算失败 600340: ('Connection aborted.', RemoteDisconnected('Remote end closed connection without response'))
2026-01-22 11:03:15,079 - ERROR - 计算失败 300438: ('Connection aborted.', RemoteDisconnected('Remote end closed connection without response'))
2026-01-22 11:03:15,080 - INFO - 拉取行情中...
2026-01-22 11:03:20,982 - ERROR - 异常: ('Connection aborted.', RemoteDisconnected('Remote end closed connection without response'))
2026-01-22 11:04:20,991 - INFO - --- 扫描开始 11:04:20 ---
2026-01-22 11:04:21,180 - ERROR - 计算失败 688115: ('Connection aborted.', RemoteDisconnected('Remote end closed connection without response'))
2026-01-22 11:04:21,329 - ERROR - 计算失败 603633: ('Connection aborted.', RemoteDisconnected('Remote end closed connection without response'))
2026-01-22 11:04:21,507 - ERROR - 计算失败 600340: ('Connection aborted.', RemoteDisconnected('Remote end closed connection without response'))
2026-01-22 11:04:21,704 - ERROR - 计算失败 300438: ('Connection aborted.', RemoteDisconnected('Remote end closed connection without response'))
2026-01-22 11:04:21,704 - INFO - 拉取行情中...
2026-01-22 11:04:28,015 - ERROR - 异常: ('Connection aborted.', RemoteDisconnected('Remote end closed connection without response'))
2026-01-22 11:05:28,024 - INFO - --- 扫描开始 11:05:28 ---
2026-01-22 11:05:28,132 - ERROR - 计算失败 688115: ('Connection aborted.', RemoteDisconnected('Remote end closed connection without response'))
2026-01-22 11:05:28,256 - ERROR - 计算失败 603633: ('Connection aborted.', RemoteDisconnected('Remote end closed connection without response'))
2026-01-22 11:05:28,419 - ERROR - 计算失败 600340: ('Connection aborted.', RemoteDisconnected('Remote end closed connection without response'))
2026-01-22 11:05:28,509 - ERROR - 计算失败 300438: ('Connection aborted.', RemoteDisconnected('Remote end closed connection without response'))
2026-01-22 11:05:28,509 - INFO - 拉取行情中...
2026-01-22 11:05:33,788 - ERROR - 异常: ('Connection aborted.', RemoteDisconnected('Remote end closed connection without response'))
2026-01-22 11:06:33,800 - INFO - --- 扫描开始 11:06:33 ---
2026-01-22 11:06:34,057 - ERROR - 计算失败 688115: ('Connection aborted.', RemoteDisconnected('Remote end closed connection without response'))
2026-01-22 11:06:34,212 - ERROR - 计算失败 603633: ('Connection aborted.', RemoteDisconnected('Remote end closed connection without response'))
2026-01-22 11:06:34,375 - ERROR - 计算失败 600340: ('Connection aborted.', RemoteDisconnected('Remote end closed connection without response'))
2026-01-22 11:06:34,626 - ERROR - 计算失败 300438: ('Connection aborted.', RemoteDisconnected('Remote end closed connection without response'))
2026-01-22 11:06:34,627 - INFO - 拉取行情中...
2026-01-22 11:06:39,782 - ERROR - 异常: ('Connection aborted.', RemoteDisconnected('Remote end closed connection without response'))
2026-01-22 11:07:39,792 - INFO - --- 扫描开始 11:07:39 ---
2026-01-22 11:07:39,893 - ERROR - 计算失败 688115: ('Connection aborted.', RemoteDisconnected('Remote end closed connection without response'))
2026-01-22 11:07:40,025 - ERROR - 计算失败 603633: ('Connection aborted.', RemoteDisconnected('Remote end closed connection without response'))
2026-01-22 11:07:40,112 - ERROR - 计算失败 600340: ('Connection aborted.', RemoteDisconnected('Remote end closed connection without response'))
2026-01-22 11:07:40,204 - ERROR - 计算失败 300438: ('Connection aborted.', RemoteDisconnected('Remote end closed connection without response'))
2026-01-22 11:07:40,205 - INFO - 拉取行情中...
2026-01-22 11:07:45,091 - ERROR - 异常: ('Connection aborted.', RemoteDisconnected('Remote end closed connection without response'))
2026-01-22 11:08:45,096 - INFO - --- 扫描开始 11:08:45 ---
2026-01-22 11:08:45,388 - ERROR - 计算失败 688115: ('Connection aborted.', RemoteDisconnected('Remote end closed connection without response'))
2026-01-22 11:08:45,647 - ERROR - 计算失败 603633: ('Connection aborted.', RemoteDisconnected('Remote end closed connection without response'))
2026-01-22 11:08:45,911 - ERROR - 计算失败 600340: ('Connection aborted.', RemoteDisconnected('Remote end closed connection without response'))
2026-01-22 11:08:46,168 - ERROR - 计算失败 300438: ('Connection aborted.', RemoteDisconnected('Remote end closed connection without response'))
2026-01-22 11:08:46,169 - INFO - 拉取行情中...
2026-01-22 11:08:52,254 - ERROR - 异常: ('Connection aborted.', RemoteDisconnected('Remote end closed connection without response'))
2026-01-22 11:09:52,267 - INFO - --- 扫描开始 11:09:52 ---
2026-01-22 11:09:52,537 - ERROR - 计算失败 688115: ('Connection aborted.', RemoteDisconnected('Remote end closed connection without response'))
2026-01-22 11:09:52,818 - ERROR - 计算失败 603633: ('Connection aborted.', RemoteDisconnected('Remote end closed connection without response'))
2026-01-22 11:09:53,086 - ERROR - 计算失败 600340: ('Connection aborted.', RemoteDisconnected('Remote end closed connection without response'))
2026-01-22 11:09:53,342 - ERROR - 计算失败 300438: ('Connection aborted.', RemoteDisconnected('Remote end closed connection without response'))
2026-01-22 11:09:53,342 - INFO - 拉取行情中...
2026-01-22 11:09:58,913 - ERROR - 异常: ('Connection aborted.', RemoteDisconnected('Remote end closed connection without response'))
2026-01-22 11:10:58,926 - INFO - --- 扫描开始 11:10:58 ---
2026-01-22 11:11:00,030 - INFO - 拉取行情中...
2026-01-22 11:11:05,343 - ERROR - 异常: ('Connection aborted.', RemoteDisconnected('Remote end closed connection without response'))
2026-01-22 11:12:05,352 - INFO - --- 扫描开始 11:12:05 ---
2026-01-22 11:12:05,532 - ERROR - 计算失败 688115: ('Connection aborted.', RemoteDisconnected('Remote end closed connection without response'))
2026-01-22 11:12:05,714 - ERROR - 计算失败 603633: ('Connection aborted.', RemoteDisconnected('Remote end closed connection without response'))
2026-01-22 11:12:05,880 - ERROR - 计算失败 600340: ('Connection aborted.', RemoteDisconnected('Remote end closed connection without response'))
2026-01-22 11:12:06,069 - ERROR - 计算失败 300438: ('Connection aborted.', RemoteDisconnected('Remote end closed connection without response'))
2026-01-22 11:12:06,069 - INFO - 拉取行情中...
2026-01-22 11:12:11,283 - ERROR - 异常: ('Connection aborted.', RemoteDisconnected('Remote end closed connection without response'))
2026-01-22 11:13:11,296 - INFO - --- 扫描开始 11:13:11 ---
2026-01-22 11:13:11,601 - ERROR - 计算失败 688115: ('Connection aborted.', RemoteDisconnected('Remote end closed connection without response'))
2026-01-22 11:13:11,850 - ERROR - 计算失败 603633: ('Connection aborted.', RemoteDisconnected('Remote end closed connection without response'))
2026-01-22 11:13:12,100 - ERROR - 计算失败 600340: ('Connection aborted.', RemoteDisconnected('Remote end closed connection without response'))
2026-01-22 11:13:12,350 - ERROR - 计算失败 300438: ('Connection aborted.', RemoteDisconnected('Remote end closed connection without response'))
2026-01-22 11:13:12,350 - INFO - 拉取行情中...
2026-01-22 11:13:17,478 - ERROR - 异常: ('Connection aborted.', RemoteDisconnected('Remote end closed connection without response'))
2026-01-22 11:14:17,490 - INFO - --- 扫描开始 11:14:17 ---
2026-01-22 11:14:17,609 - ERROR - 计算失败 688115: ('Connection aborted.', RemoteDisconnected('Remote end closed connection without response'))
2026-01-22 11:14:17,706 - ERROR - 计算失败 603633: ('Connection aborted.', RemoteDisconnected('Remote end closed connection without response'))
2026-01-22 11:14:17,800 - ERROR - 计算失败 600340: ('Connection aborted.', RemoteDisconnected('Remote end closed connection without response'))
2026-01-22 11:14:17,905 - ERROR - 计算失败 300438: ('Connection aborted.', RemoteDisconnected('Remote end closed connection without response'))
2026-01-22 11:14:17,906 - INFO - 拉取行情中...
2026-01-22 11:14:23,580 - ERROR - 异常: ('Connection aborted.', RemoteDisconnected('Remote end closed connection without response'))
2026-01-22 11:15:23,588 - INFO - --- 扫描开始 11:15:23 ---
2026-01-22 11:15:23,775 - ERROR - 计算失败 688115: ('Connection aborted.', RemoteDisconnected('Remote end closed connection without response'))
2026-01-22 11:15:23,927 - ERROR - 计算失败 603633: ('Connection aborted.', RemoteDisconnected('Remote end closed connection without response'))
2026-01-22 11:15:24,105 - ERROR - 计算失败 600340: ('Connection aborted.', RemoteDisconnected('Remote end closed connection without response'))
2026-01-22 11:15:24,290 - ERROR - 计算失败 300438: ('Connection aborted.', RemoteDisconnected('Remote end closed connection without response'))
2026-01-22 11:15:24,290 - INFO - 拉取行情中...
2026-01-22 11:15:30,003 - ERROR - 异常: ('Connection aborted.', RemoteDisconnected('Remote end closed connection without response'))
2026-01-22 11:16:30,014 - INFO - --- 扫描开始 11:16:30 ---
2026-01-22 11:16:30,229 - ERROR - 计算失败 688115: ('Connection aborted.', RemoteDisconnected('Remote end closed connection without response'))
2026-01-22 11:16:30,500 - ERROR - 计算失败 603633: ('Connection aborted.', RemoteDisconnected('Remote end closed connection without response'))
2026-01-22 11:16:30,722 - ERROR - 计算失败 600340: ('Connection aborted.', RemoteDisconnected('Remote end closed connection without response'))
2026-01-22 11:16:30,942 - ERROR - 计算失败 300438: ('Connection aborted.', RemoteDisconnected('Remote end closed connection without response'))
2026-01-22 11:16:30,942 - INFO - 拉取行情中...
2026-01-22 11:16:36,388 - ERROR - 异常: ('Connection aborted.', RemoteDisconnected('Remote end closed connection without response'))
2026-01-22 11:17:36,398 - INFO - --- 扫描开始 11:17:36 ---
2026-01-22 11:17:36,597 - ERROR - 计算失败 688115: ('Connection aborted.', RemoteDisconnected('Remote end closed connection without response'))
2026-01-22 11:17:36,740 - ERROR - 计算失败 603633: ('Connection aborted.', RemoteDisconnected('Remote end closed connection without response'))
2026-01-22 11:17:36,868 - ERROR - 计算失败 600340: ('Connection aborted.', RemoteDisconnected('Remote end closed connection without response'))
2026-01-22 11:17:37,028 - ERROR - 计算失败 300438: ('Connection aborted.', RemoteDisconnected('Remote end closed connection without response'))
2026-01-22 11:17:37,029 - INFO - 拉取行情中...
2026-01-22 11:17:42,913 - ERROR - 异常: ('Connection aborted.', RemoteDisconnected('Remote end closed connection without response'))
2026-01-22 11:18:42,927 - INFO - --- 扫描开始 11:18:42 ---
2026-01-22 11:18:43,064 - ERROR - 计算失败 688115: ('Connection aborted.', RemoteDisconnected('Remote end closed connection without response'))
2026-01-22 11:18:43,158 - ERROR - 计算失败 603633: ('Connection aborted.', RemoteDisconnected('Remote end closed connection without response'))
2026-01-22 11:18:43,252 - ERROR - 计算失败 600340: ('Connection aborted.', RemoteDisconnected('Remote end closed connection without response'))
2026-01-22 11:18:43,348 - ERROR - 计算失败 300438: ('Connection aborted.', RemoteDisconnected('Remote end closed connection without response'))
2026-01-22 11:18:43,349 - INFO - 拉取行情中...
2026-01-22 11:18:48,697 - ERROR - 异常: ('Connection aborted.', RemoteDisconnected('Remote end closed connection without response'))
2026-01-22 11:19:48,706 - INFO - --- 扫描开始 11:19:48 ---
2026-01-22 11:19:48,809 - ERROR - 计算失败 688115: ('Connection aborted.', RemoteDisconnected('Remote end closed connection without response'))
2026-01-22 11:19:48,911 - ERROR - 计算失败 603633: ('Connection aborted.', RemoteDisconnected('Remote end closed connection without response'))
2026-01-22 11:19:49,007 - ERROR - 计算失败 600340: ('Connection aborted.', RemoteDisconnected('Remote end closed connection without response'))
2026-01-22 11:19:49,131 - ERROR - 计算失败 300438: ('Connection aborted.', RemoteDisconnected('Remote end closed connection without response'))
2026-01-22 11:19:49,131 - INFO - 拉取行情中...
2026-01-22 11:19:55,380 - ERROR - 异常: ('Connection aborted.', RemoteDisconnected('Remote end closed connection without response'))
2026-01-22 11:20:55,393 - INFO - --- 扫描开始 11:20:55 ---
2026-01-22 11:20:55,505 - ERROR - 计算失败 688115: ('Connection aborted.', RemoteDisconnected('Remote end closed connection without response'))
2026-01-22 11:20:55,621 - ERROR - 计算失败 603633: ('Connection aborted.', RemoteDisconnected('Remote end closed connection without response'))
2026-01-22 11:20:55,747 - ERROR - 计算失败 600340: ('Connection aborted.', RemoteDisconnected('Remote end closed connection without response'))
2026-01-22 11:20:55,846 - ERROR - 计算失败 300438: ('Connection aborted.', RemoteDisconnected('Remote end closed connection without response'))
2026-01-22 11:20:55,847 - INFO - 拉取行情中...
2026-01-22 11:21:00,763 - ERROR - 异常: ('Connection aborted.', RemoteDisconnected('Remote end closed connection without response'))
2026-01-22 11:22:00,774 - INFO - --- 扫描开始 11:22:00 ---
2026-01-22 11:22:00,898 - ERROR - 计算失败 688115: ('Connection aborted.', RemoteDisconnected('Remote end closed connection without response'))
2026-01-22 11:22:00,997 - ERROR - 计算失败 603633: ('Connection aborted.', RemoteDisconnected('Remote end closed connection without response'))
2026-01-22 11:22:01,086 - ERROR - 计算失败 600340: ('Connection aborted.', RemoteDisconnected('Remote end closed connection without response'))
2026-01-22 11:22:01,181 - ERROR - 计算失败 300438: ('Connection aborted.', RemoteDisconnected('Remote end closed connection without response'))
2026-01-22 11:22:01,182 - INFO - 拉取行情中...
2026-01-22 11:23:12,189 - INFO - 初筛命中: 541
2026-01-22 11:23:12,333 - ERROR - 计算失败 000910: ('Connection aborted.', RemoteDisconnected('Remote end closed connection without response'))
2026-01-22 11:23:13,231 - ERROR - 计算失败 000045: ('Connection aborted.', RemoteDisconnected('Remote end closed connection without response'))
2026-01-22 11:23:13,901 - ERROR - 计算失败 000048: ('Connection aborted.', RemoteDisconnected('Remote end closed connection without response'))
2026-01-22 11:23:14,583 - ERROR - 计算失败 603257: ('Connection aborted.', RemoteDisconnected('Remote end closed connection without response'))
2026-01-22 11:23:15,544 - ERROR - 计算失败 002358: ('Connection aborted.', RemoteDisconnected('Remote end closed connection without response'))
2026-01-22 11:23:16,543 - ERROR - 计算失败 600160: ('Connection aborted.', RemoteDisconnected('Remote end closed connection without response'))
2026-01-22 11:23:17,217 - ERROR - 计算失败 601616: ('Connection aborted.', RemoteDisconnected('Remote end closed connection without response'))
2026-01-22 11:23:17,915 - ERROR - 计算失败 002185: ('Connection aborted.', RemoteDisconnected('Remote end closed connection without response'))
2026-01-22 11:23:18,591 - ERROR - 计算失败 002995: ('Connection aborted.', RemoteDisconnected('Remote end closed connection without response'))
2026-01-22 11:23:19,280 - ERROR - 计算失败 002662: ('Connection aborted.', RemoteDisconnected('Remote end closed connection without response'))
2026-01-22 11:23:19,956 - ERROR - 计算失败 600018: ('Connection aborted.', RemoteDisconnected('Remote end closed connection without response'))
2026-01-22 11:23:20,644 - ERROR - 计算失败 603567: ('Connection aborted.', RemoteDisconnected('Remote end closed connection without response'))
2026-01-22 11:23:21,419 - ERROR - 计算失败 000506: ('Connection aborted.', RemoteDisconnected('Remote end closed connection without response'))
2026-01-22 11:23:22,388 - ERROR - 计算失败 688380: ('Connection aborted.', RemoteDisconnected('Remote end closed connection without response'))
2026-01-22 11:23:23,070 - ERROR - 计算失败 002614: ('Connection aborted.', RemoteDisconnected('Remote end closed connection without response'))
2026-01-22 11:23:23,796 - ERROR - 计算失败 301283: ('Connection aborted.', RemoteDisconnected('Remote end closed connection without response'))
2026-01-22 11:23:24,460 - ERROR - 计算失败 605158: ('Connection aborted.', RemoteDisconnected('Remote end closed connection without response'))
2026-01-22 11:23:25,178 - ERROR - 计算失败 688401: ('Connection aborted.', RemoteDisconnected('Remote end closed connection without response'))
2026-01-22 11:23:25,846 - ERROR - 计算失败 002431: ('Connection aborted.', RemoteDisconnected('Remote end closed connection without response'))
2026-01-22 11:23:26,531 - ERROR - 计算失败 688257: ('Connection aborted.', RemoteDisconnected('Remote end closed connection without response'))
2026-01-22 11:23:27,211 - ERROR - 计算失败 002156: ('Connection aborted.', RemoteDisconnected('Remote end closed connection without response'))
2026-01-22 11:23:27,969 - ERROR - 计算失败 688099: ('Connection aborted.', RemoteDisconnected('Remote end closed connection without response'))
2026-01-22 11:23:28,722 - ERROR - 计算失败 002196: ('Connection aborted.', RemoteDisconnected('Remote end closed connection without response'))
2026-01-22 11:23:29,387 - ERROR - 计算失败 600015: ('Connection aborted.', RemoteDisconnected('Remote end closed connection without response'))
2026-01-22 11:23:30,055 - ERROR - 计算失败 603330: ('Connection aborted.', RemoteDisconnected('Remote end closed connection without response'))
2026-01-22 11:23:30,762 - ERROR - 计算失败 301032: ('Connection aborted.', RemoteDisconnected('Remote end closed connection without response'))
2026-01-22 11:23:31,451 - ERROR - 计算失败 002581: ('Connection aborted.', RemoteDisconnected('Remote end closed connection without response'))
2026-01-22 11:23:32,136 - ERROR - 计算失败 002838: ('Connection aborted.', RemoteDisconnected('Remote end closed connection without response'))
2026-01-22 11:23:32,804 - ERROR - 计算失败 002734: ('Connection aborted.', RemoteDisconnected('Remote end closed connection without response'))
2026-01-22 11:23:33,479 - ERROR - 计算失败 601908: ('Connection aborted.', RemoteDisconnected('Remote end closed connection without response'))
2026-01-22 11:23:34,156 - ERROR - 计算失败 600230: ('Connection aborted.', RemoteDisconnected('Remote end closed connection without response'))
2026-01-22 11:23:34,833 - ERROR - 计算失败 603980: ('Connection aborted.', RemoteDisconnected('Remote end closed connection without response'))
2026-01-22 11:23:35,527 - ERROR - 计算失败 002891: ('Connection aborted.', RemoteDisconnected('Remote end closed connection without response'))
2026-01-22 11:23:36,206 - ERROR - 计算失败 600745: ('Connection aborted.', RemoteDisconnected('Remote end closed connection without response'))
2026-01-22 11:23:36,890 - ERROR - 计算失败 002294: ('Connection aborted.', RemoteDisconnected('Remote end closed connection without response'))
2026-01-22 11:23:37,576 - ERROR - 计算失败 002005: ('Connection aborted.', RemoteDisconnected('Remote end closed connection without response'))
2026-01-22 11:23:38,251 - ERROR - 计算失败 300573: ('Connection aborted.', RemoteDisconnected('Remote end closed connection without response'))
2026-01-22 11:23:38,948 - ERROR - 计算失败 300841: ('Connection aborted.', RemoteDisconnected('Remote end closed connection without response'))
2026-01-22 11:23:39,627 - ERROR - 计算失败 600962: ('Connection aborted.', RemoteDisconnected('Remote end closed connection without response'))
2026-01-22 11:23:40,294 - ERROR - 计算失败 603916: ('Connection aborted.', RemoteDisconnected('Remote end closed connection without response'))
2026-01-22 11:23:40,985 - ERROR - 计算失败 002448: ('Connection aborted.', RemoteDisconnected('Remote end closed connection without response'))
2026-01-22 11:23:41,689 - ERROR - 计算失败 688378: ('Connection aborted.', RemoteDisconnected('Remote end closed connection without response'))
2026-01-22 11:23:42,391 - ERROR - 计算失败 601766: ('Connection aborted.', RemoteDisconnected('Remote end closed connection without response'))
2026-01-22 11:23:43,082 - ERROR - 计算失败 600000: ('Connection aborted.', RemoteDisconnected('Remote end closed connection without response'))
2026-01-22 11:23:43,776 - ERROR - 计算失败 002782: ('Connection aborted.', RemoteDisconnected('Remote end closed connection without response'))
2026-01-22 11:23:44,487 - ERROR - 计算失败 603019: ('Connection aborted.', RemoteDisconnected('Remote end closed connection without response'))
2026-01-22 11:23:45,209 - ERROR - 计算失败 300214: ('Connection aborted.', RemoteDisconnected('Remote end closed connection without response'))
2026-01-22 11:23:45,912 - ERROR - 计算失败 601127: ('Connection aborted.', RemoteDisconnected('Remote end closed connection without response'))
2026-01-22 11:23:46,672 - ERROR - 计算失败 603931: ('Connection aborted.', RemoteDisconnected('Remote end closed connection without response'))
2026-01-22 11:23:47,337 - ERROR - 计算失败 300651: ('Connection aborted.', RemoteDisconnected('Remote end closed connection without response'))
2026-01-22 11:28:47,856 - INFO - --- 扫描开始 11:28:47 ---
2026-01-22 11:28:48,991 - INFO - 拉取行情中...
2026-01-22 11:28:54,260 - ERROR - 异常: ('Connection aborted.', RemoteDisconnected('Remote end closed connection without response'))
2026-01-22 11:29:54,267 - INFO - --- 扫描开始 11:29:54 ---
2026-01-22 11:29:54,987 - INFO - 拉取行情中...
2026-01-22 11:30:00,592 - ERROR - 异常: ('Connection aborted.', RemoteDisconnected('Remote end closed connection without response'))
2026-01-22 11:31:00,607 - INFO - --- 扫描开始 11:31:00 ---
2026-01-22 11:31:01,415 - INFO - 拉取行情中...
2026-01-22 11:31:06,747 - ERROR - 异常: ('Connection aborted.', RemoteDisconnected('Remote end closed connection without response'))
2026-01-22 11:32:06,758 - INFO - --- 扫描开始 11:32:06 ---
2026-01-22 11:32:08,538 - INFO - 拉取行情中...
2026-01-22 11:32:13,142 - ERROR - 异常: ('Connection aborted.', RemoteDisconnected('Remote end closed connection without response'))
2026-01-22 11:33:13,151 - INFO - --- 扫描开始 11:33:13 ---
2026-01-22 11:33:13,889 - INFO - 拉取行情中...
2026-01-22 11:33:19,886 - ERROR - 异常: ('Connection aborted.', RemoteDisconnected('Remote end closed connection without response'))
2026-01-22 11:34:19,897 - INFO - --- 扫描开始 11:34:19 ---
2026-01-22 11:34:20,653 - INFO - 拉取行情中...
2026-01-22 11:34:26,064 - ERROR - 异常: ('Connection aborted.', RemoteDisconnected('Remote end closed connection without response'))
2026-01-22 11:35:26,073 - INFO - --- 扫描开始 11:35:26 ---
2026-01-22 11:35:26,745 - INFO - 拉取行情中...
2026-01-22 11:35:31,397 - ERROR - 异常: ('Connection aborted.', RemoteDisconnected('Remote end closed connection without response'))
2026-01-22 11:36:31,406 - INFO - --- 扫描开始 11:36:31 ---
2026-01-22 11:36:32,153 - INFO - 拉取行情中...
2026-01-22 11:36:37,832 - ERROR - 异常: ('Connection aborted.', RemoteDisconnected('Remote end closed connection without response'))
2026-01-22 11:37:37,843 - INFO - --- 扫描开始 11:37:37 ---
2026-01-22 11:37:38,597 - INFO - 拉取行情中...
2026-01-22 11:37:44,469 - ERROR - 异常: ('Connection aborted.', RemoteDisconnected('Remote end closed connection without response'))
2026-01-22 11:38:44,483 - INFO - --- 扫描开始 11:38:44 ---
2026-01-22 11:38:45,221 - INFO - 拉取行情中...
2026-01-22 11:38:49,946 - ERROR - 异常: ('Connection aborted.', RemoteDisconnected('Remote end closed connection without response'))
2026-01-22 11:39:49,952 - INFO - --- 扫描开始 11:39:49 ---
2026-01-22 11:39:51,038 - INFO - 拉取行情中...
2026-01-22 11:39:56,670 - ERROR - 异常: ('Connection aborted.', RemoteDisconnected('Remote end closed connection without response'))
2026-01-22 11:40:56,678 - INFO - --- 扫描开始 11:40:56 ---
2026-01-22 11:40:57,761 - INFO - 拉取行情中...
2026-01-22 11:41:03,215 - ERROR - 异常: ('Connection aborted.', RemoteDisconnected('Remote end closed connection without response'))
2026-01-22 11:42:03,226 - INFO - --- 扫描开始 11:42:03 ---
2026-01-22 11:42:04,003 - INFO - 拉取行情中...
2026-01-22 11:42:09,724 - ERROR - 异常: ('Connection aborted.', RemoteDisconnected('Remote end closed connection without response'))
2026-01-22 11:43:09,735 - INFO - --- 扫描开始 11:43:09 ---
2026-01-22 11:43:09,908 - ERROR - 计算失败 688115: ('Connection aborted.', RemoteDisconnected('Remote end closed connection without response'))
2026-01-22 11:43:10,097 - ERROR - 计算失败 603633: ('Connection aborted.', RemoteDisconnected('Remote end closed connection without response'))
2026-01-22 11:43:10,259 - ERROR - 计算失败 600340: ('Connection aborted.', RemoteDisconnected('Remote end closed connection without response'))
2026-01-22 11:43:10,690 - ERROR - 计算失败 300438: ('Connection aborted.', RemoteDisconnected('Remote end closed connection without response'))
2026-01-22 11:43:10,691 - INFO - 拉取行情中...
2026-01-22 11:43:16,248 - ERROR - 异常: ('Connection aborted.', RemoteDisconnected('Remote end closed connection without response'))
2026-01-22 11:44:16,257 - INFO - --- 扫描开始 11:44:16 ---
2026-01-22 11:44:16,374 - ERROR - 计算失败 688115: ('Connection aborted.', RemoteDisconnected('Remote end closed connection without response'))
2026-01-22 11:44:16,464 - ERROR - 计算失败 603633: ('Connection aborted.', RemoteDisconnected('Remote end closed connection without response'))
2026-01-22 11:44:16,548 - ERROR - 计算失败 600340: ('Connection aborted.', RemoteDisconnected('Remote end closed connection without response'))
2026-01-22 11:44:16,647 - ERROR - 计算失败 300438: ('Connection aborted.', RemoteDisconnected('Remote end closed connection without response'))
2026-01-22 11:44:16,647 - INFO - 拉取行情中...
2026-01-22 11:44:22,426 - ERROR - 异常: ('Connection aborted.', RemoteDisconnected('Remote end closed connection without response'))
2026-01-22 11:45:22,438 - INFO - --- 扫描开始 11:45:22 ---
2026-01-22 11:45:22,794 - ERROR - 计算失败 688115: ('Connection aborted.', RemoteDisconnected('Remote end closed connection without response'))
2026-01-22 11:45:22,940 - ERROR - 计算失败 603633: ('Connection aborted.', RemoteDisconnected('Remote end closed connection without response'))
2026-01-22 11:45:23,054 - ERROR - 计算失败 600340: ('Connection aborted.', RemoteDisconnected('Remote end closed connection without response'))
2026-01-22 11:45:23,151 - ERROR - 计算失败 300438: ('Connection aborted.', RemoteDisconnected('Remote end closed connection without response'))
2026-01-22 11:45:23,151 - INFO - 拉取行情中...
2026-01-22 11:45:28,056 - ERROR - 异常: ('Connection aborted.', RemoteDisconnected('Remote end closed connection without response'))
2026-01-22 11:46:28,066 - INFO - --- 扫描开始 11:46:28 ---
2026-01-22 11:46:28,170 - ERROR - 计算失败 688115: ('Connection aborted.', RemoteDisconnected('Remote end closed connection without response'))
2026-01-22 11:46:28,261 - ERROR - 计算失败 603633: ('Connection aborted.', RemoteDisconnected('Remote end closed connection without response'))
2026-01-22 11:46:28,352 - ERROR - 计算失败 600340: ('Connection aborted.', RemoteDisconnected('Remote end closed connection without response'))
2026-01-22 11:46:28,464 - ERROR - 计算失败 300438: ('Connection aborted.', RemoteDisconnected('Remote end closed connection without response'))
2026-01-22 11:46:28,465 - INFO - 拉取行情中...
2026-01-22 11:46:33,894 - ERROR - 异常: ('Connection aborted.', RemoteDisconnected('Remote end closed connection without response'))
2026-01-22 11:47:33,911 - INFO - --- 扫描开始 11:47:33 ---
2026-01-22 11:47:34,074 - ERROR - 计算失败 688115: ('Connection aborted.', RemoteDisconnected('Remote end closed connection without response'))
2026-01-22 11:47:34,220 - ERROR - 计算失败 603633: ('Connection aborted.', RemoteDisconnected('Remote end closed connection without response'))
2026-01-22 11:47:34,357 - ERROR - 计算失败 600340: ('Connection aborted.', RemoteDisconnected('Remote end closed connection without response'))
2026-01-22 11:47:34,503 - ERROR - 计算失败 300438: ('Connection aborted.', RemoteDisconnected('Remote end closed connection without response'))
2026-01-22 11:47:34,504 - INFO - 拉取行情中...
2026-01-22 11:47:40,784 - ERROR - 异常: ('Connection aborted.', RemoteDisconnected('Remote end closed connection without response'))
2026-01-22 11:48:40,795 - INFO - --- 扫描开始 11:48:40 ---
2026-01-22 11:48:42,213 - INFO - 拉取行情中...
2026-01-22 11:48:47,737 - ERROR - 异常: ('Connection aborted.', RemoteDisconnected('Remote end closed connection without response'))
2026-01-22 11:49:47,743 - INFO - --- 扫描开始 11:49:47 ---
2026-01-22 11:49:48,913 - INFO - 拉取行情中...
2026-01-22 11:49:54,455 - ERROR - 异常: ('Connection aborted.', RemoteDisconnected('Remote end closed connection without response'))
2026-01-22 11:50:54,465 - INFO - --- 扫描开始 11:50:54 ---
2026-01-22 11:50:54,640 - ERROR - 计算失败 688115: ('Connection aborted.', RemoteDisconnected('Remote end closed connection without response'))
2026-01-22 11:50:54,810 - ERROR - 计算失败 603633: ('Connection aborted.', RemoteDisconnected('Remote end closed connection without response'))
2026-01-22 11:50:54,946 - ERROR - 计算失败 600340: ('Connection aborted.', RemoteDisconnected('Remote end closed connection without response'))
2026-01-22 11:50:55,091 - ERROR - 计算失败 300438: ('Connection aborted.', RemoteDisconnected('Remote end closed connection without response'))
2026-01-22 11:50:55,091 - INFO - 拉取行情中...
2026-01-22 11:51:00,110 - ERROR - 异常: ('Connection aborted.', RemoteDisconnected('Remote end closed connection without response'))
2026-01-22 11:52:00,122 - INFO - --- 扫描开始 11:52:00 ---
2026-01-22 11:52:00,347 - ERROR - 计算失败 688115: ('Connection aborted.', RemoteDisconnected('Remote end closed connection without response'))
2026-01-22 11:52:00,539 - ERROR - 计算失败 603633: ('Connection aborted.', RemoteDisconnected('Remote end closed connection without response'))
2026-01-22 11:52:00,705 - ERROR - 计算失败 600340: ('Connection aborted.', RemoteDisconnected('Remote end closed connection without response'))
2026-01-22 11:52:00,871 - ERROR - 计算失败 300438: ('Connection aborted.', RemoteDisconnected('Remote end closed connection without response'))
2026-01-22 11:52:00,872 - INFO - 拉取行情中...
2026-01-22 11:52:06,148 - ERROR - 异常: ('Connection aborted.', RemoteDisconnected('Remote end closed connection without response'))
2026-01-22 11:53:06,160 - INFO - --- 扫描开始 11:53:06 ---
2026-01-22 11:53:06,332 - ERROR - 计算失败 688115: ('Connection aborted.', RemoteDisconnected('Remote end closed connection without response'))
2026-01-22 11:53:06,504 - ERROR - 计算失败 603633: ('Connection aborted.', RemoteDisconnected('Remote end closed connection without response'))
2026-01-22 11:53:06,678 - ERROR - 计算失败 600340: ('Connection aborted.', RemoteDisconnected('Remote end closed connection without response'))
2026-01-22 11:53:07,136 - ERROR - 计算失败 300438: ('Connection aborted.', RemoteDisconnected('Remote end closed connection without response'))
2026-01-22 11:53:07,137 - INFO - 拉取行情中...
2026-01-22 11:53:13,325 - ERROR - 异常: ('Connection aborted.', RemoteDisconnected('Remote end closed connection without response'))
2026-01-22 11:54:13,336 - INFO - --- 扫描开始 11:54:13 ---
2026-01-22 11:54:13,515 - ERROR - 计算失败 688115: ('Connection aborted.', RemoteDisconnected('Remote end closed connection without response'))
2026-01-22 11:54:13,685 - ERROR - 计算失败 603633: ('Connection aborted.', RemoteDisconnected('Remote end closed connection without response'))
2026-01-22 11:54:13,924 - ERROR - 计算失败 600340: ('Connection aborted.', RemoteDisconnected('Remote end closed connection without response'))
2026-01-22 11:54:14,102 - ERROR - 计算失败 300438: ('Connection aborted.', RemoteDisconnected('Remote end closed connection without response'))
2026-01-22 11:54:14,103 - INFO - 拉取行情中...
2026-01-22 11:54:19,859 - ERROR - 异常: ('Connection aborted.', RemoteDisconnected('Remote end closed connection without response'))
2026-01-22 11:55:19,870 - INFO - --- 扫描开始 11:55:19 ---
2026-01-22 11:55:21,032 - INFO - 拉取行情中...
2026-01-22 11:55:26,313 - ERROR - 异常: ('Connection aborted.', RemoteDisconnected('Remote end closed connection without response'))
2026-01-22 11:56:26,324 - INFO - --- 扫描开始 11:56:26 ---
2026-01-22 11:56:27,652 - INFO - 拉取行情中...
2026-01-22 11:56:33,803 - ERROR - 异常: ('Connection aborted.', RemoteDisconnected('Remote end closed connection without response'))
2026-01-22 11:57:33,811 - INFO - --- 扫描开始 11:57:33 ---
2026-01-22 11:57:33,925 - ERROR - 计算失败 688115: ('Connection aborted.', RemoteDisconnected('Remote end closed connection without response'))
2026-01-22 11:57:34,164 - ERROR - 计算失败 603633: ('Connection aborted.', RemoteDisconnected('Remote end closed connection without response'))
2026-01-22 11:57:34,244 - ERROR - 计算失败 600340: ('Connection aborted.', RemoteDisconnected('Remote end closed connection without response'))
2026-01-22 11:57:34,317 - ERROR - 计算失败 300438: ('Connection aborted.', RemoteDisconnected('Remote end closed connection without response'))
2026-01-22 11:57:34,317 - INFO - 拉取行情中...
2026-01-22 11:57:40,343 - ERROR - 异常: ('Connection aborted.', RemoteDisconnected('Remote end closed connection without response'))
2026-01-22 11:58:40,363 - INFO - --- 扫描开始 11:58:40 ---
2026-01-22 11:58:40,552 - ERROR - 计算失败 688115: ('Connection aborted.', RemoteDisconnected('Remote end closed connection without response'))
2026-01-22 11:58:40,709 - ERROR - 计算失败 603633: ('Connection aborted.', RemoteDisconnected('Remote end closed connection without response'))
2026-01-22 11:58:40,866 - ERROR - 计算失败 600340: ('Connection aborted.', RemoteDisconnected('Remote end closed connection without response'))
2026-01-22 11:58:41,035 - ERROR - 计算失败 300438: ('Connection aborted.', RemoteDisconnected('Remote end closed connection without response'))
2026-01-22 11:58:41,036 - INFO - 拉取行情中...
2026-01-22 11:58:46,762 - ERROR - 异常: ('Connection aborted.', RemoteDisconnected('Remote end closed connection without response'))
2026-01-22 11:59:46,770 - INFO - --- 扫描开始 11:59:46 ---
2026-01-22 11:59:46,930 - ERROR - 计算失败 688115: ('Connection aborted.', RemoteDisconnected('Remote end closed connection without response'))
2026-01-22 11:59:47,094 - ERROR - 计算失败 603633: ('Connection aborted.', RemoteDisconnected('Remote end closed connection without response'))
2026-01-22 11:59:47,246 - ERROR - 计算失败 600340: ('Connection aborted.', RemoteDisconnected('Remote end closed connection without response'))
2026-01-22 11:59:47,399 - ERROR - 计算失败 300438: ('Connection aborted.', RemoteDisconnected('Remote end closed connection without response'))
2026-01-22 11:59:47,400 - INFO - 拉取行情中...
2026-01-22 11:59:52,898 - ERROR - 异常: ('Connection aborted.', RemoteDisconnected('Remote end closed connection without response'))
2026-01-22 12:00:52,911 - INFO - --- 扫描开始 12:00:52 ---
2026-01-22 12:00:53,097 - ERROR - 计算失败 688115: ('Connection aborted.', RemoteDisconnected('Remote end closed connection without response'))
2026-01-22 12:00:53,257 - ERROR - 计算失败 603633: ('Connection aborted.', RemoteDisconnected('Remote end closed connection without response'))
2026-01-22 12:00:53,437 - ERROR - 计算失败 600340: ('Connection aborted.', RemoteDisconnected('Remote end closed connection without response'))
2026-01-22 12:00:53,601 - ERROR - 计算失败 300438: ('Connection aborted.', RemoteDisconnected('Remote end closed connection without response'))
2026-01-22 12:00:53,602 - INFO - 拉取行情中...
2026-01-22 12:00:58,441 - ERROR - 异常: ('Connection aborted.', RemoteDisconnected('Remote end closed connection without response'))
2026-01-22 12:01:58,452 - INFO - --- 扫描开始 12:01:58 ---
2026-01-22 12:01:58,627 - ERROR - 计算失败 688115: ('Connection aborted.', RemoteDisconnected('Remote end closed connection without response'))
2026-01-22 12:01:58,778 - ERROR - 计算失败 603633: ('Connection aborted.', RemoteDisconnected('Remote end closed connection without response'))
2026-01-22 12:01:58,939 - ERROR - 计算失败 600340: ('Connection aborted.', RemoteDisconnected('Remote end closed connection without response'))
2026-01-22 12:01:59,094 - ERROR - 计算失败 300438: ('Connection aborted.', RemoteDisconnected('Remote end closed connection without response'))
2026-01-22 12:01:59,094 - INFO - 拉取行情中...
2026-01-22 12:03:10,541 - INFO - 初筛命中: 512
2026-01-22 12:03:10,684 - ERROR - 计算失败 000910: ('Connection aborted.', RemoteDisconnected('Remote end closed connection without response'))
2026-01-22 12:03:11,341 - ERROR - 计算失败 000045: ('Connection aborted.', RemoteDisconnected('Remote end closed connection without response'))
2026-01-22 12:03:12,014 - ERROR - 计算失败 000048: ('Connection aborted.', RemoteDisconnected('Remote end closed connection without response'))
2026-01-22 12:03:12,671 - ERROR - 计算失败 002437: ('Connection aborted.', RemoteDisconnected('Remote end closed connection without response'))
2026-01-22 12:03:13,350 - ERROR - 计算失败 603257: ('Connection aborted.', RemoteDisconnected('Remote end closed connection without response'))
2026-01-22 12:03:14,020 - ERROR - 计算失败 002358: ('Connection aborted.', RemoteDisconnected('Remote end closed connection without response'))
2026-01-22 12:03:14,702 - ERROR - 计算失败 600160: ('Connection aborted.', RemoteDisconnected('Remote end closed connection without response'))
2026-01-22 12:03:15,387 - ERROR - 计算失败 601616: ('Connection aborted.', RemoteDisconnected('Remote end closed connection without response'))
2026-01-22 12:03:16,056 - ERROR - 计算失败 002185: ('Connection aborted.', RemoteDisconnected('Remote end closed connection without response'))
2026-01-22 12:03:16,711 - ERROR - 计算失败 002662: ('Connection aborted.', RemoteDisconnected('Remote end closed connection without response'))
2026-01-22 12:03:17,407 - ERROR - 计算失败 600018: ('Connection aborted.', RemoteDisconnected('Remote end closed connection without response'))
2026-01-22 12:03:18,071 - ERROR - 计算失败 002431: ('Connection aborted.', RemoteDisconnected('Remote end closed connection without response'))
2026-01-22 12:03:18,734 - ERROR - 计算失败 603567: ('Connection aborted.', RemoteDisconnected('Remote end closed connection without response'))
2026-01-22 12:03:19,416 - ERROR - 计算失败 000506: ('Connection aborted.', RemoteDisconnected('Remote end closed connection without response'))
2026-01-22 12:03:20,092 - ERROR - 计算失败 002614: ('Connection aborted.', RemoteDisconnected('Remote end closed connection without response'))
2026-01-22 12:03:20,767 - ERROR - 计算失败 688380: ('Connection aborted.', RemoteDisconnected('Remote end closed connection without response'))
2026-01-22 12:03:21,436 - ERROR - 计算失败 688401: ('Connection aborted.', RemoteDisconnected('Remote end closed connection without response'))
2026-01-22 12:03:22,115 - ERROR - 计算失败 002156: ('Connection aborted.', RemoteDisconnected('Remote end closed connection without response'))
2026-01-22 12:03:22,790 - ERROR - 计算失败 301283: ('Connection aborted.', RemoteDisconnected('Remote end closed connection without response'))
2026-01-22 12:03:23,469 - ERROR - 计算失败 605158: ('Connection aborted.', RemoteDisconnected('Remote end closed connection without response'))
2026-01-22 12:03:24,140 - ERROR - 计算失败 688257: ('Connection aborted.', RemoteDisconnected('Remote end closed connection without response'))
2026-01-22 12:03:24,831 - ERROR - 计算失败 688099: ('Connection aborted.', RemoteDisconnected('Remote end closed connection without response'))
2026-01-22 12:03:25,498 - ERROR - 计算失败 600015: ('Connection aborted.', RemoteDisconnected('Remote end closed connection without response'))
2026-01-22 12:03:26,224 - ERROR - 计算失败 002196: ('Connection aborted.', RemoteDisconnected('Remote end closed connection without response'))
2026-01-22 12:03:26,899 - ERROR - 计算失败 603330: ('Connection aborted.', RemoteDisconnected('Remote end closed connection without response'))
2026-01-22 12:03:27,595 - ERROR - 计算失败 301032: ('Connection aborted.', RemoteDisconnected('Remote end closed connection without response'))
2026-01-22 12:03:28,297 - ERROR - 计算失败 001203: ('Connection aborted.', RemoteDisconnected('Remote end closed connection without response'))
2026-01-22 12:03:28,994 - ERROR - 计算失败 002581: ('Connection aborted.', RemoteDisconnected('Remote end closed connection without response'))
2026-01-22 12:03:29,636 - ERROR - 计算失败 002734: ('Connection aborted.', RemoteDisconnected('Remote end closed connection without response'))
2026-01-22 12:03:30,316 - ERROR - 计算失败 002838: ('Connection aborted.', RemoteDisconnected('Remote end closed connection without response'))
2026-01-22 12:03:30,983 - ERROR - 计算失败 601908: ('Connection aborted.', RemoteDisconnected('Remote end closed connection without response'))
2026-01-22 12:03:31,639 - ERROR - 计算失败 002294: ('Connection aborted.', RemoteDisconnected('Remote end closed connection without response'))
2026-01-22 12:03:32,314 - ERROR - 计算失败 600230: ('Connection aborted.', RemoteDisconnected('Remote end closed connection without response'))
2026-01-22 12:03:32,986 - ERROR - 计算失败 300841: ('Connection aborted.', RemoteDisconnected('Remote end closed connection without response'))
2026-01-22 12:03:33,664 - ERROR - 计算失败 002891: ('Connection aborted.', RemoteDisconnected('Remote end closed connection without response'))
2026-01-22 12:03:34,342 - ERROR - 计算失败 603980: ('Connection aborted.', RemoteDisconnected('Remote end closed connection without response'))
2026-01-22 12:03:35,019 - ERROR - 计算失败 002448: ('Connection aborted.', RemoteDisconnected('Remote end closed connection without response'))
2026-01-22 12:03:35,684 - ERROR - 计算失败 600745: ('Connection aborted.', RemoteDisconnected('Remote end closed connection without response'))
2026-01-22 12:03:36,383 - ERROR - 计算失败 002653: ('Connection aborted.', RemoteDisconnected('Remote end closed connection without response'))
2026-01-22 12:03:37,070 - ERROR - 计算失败 600000: ('Connection aborted.', RemoteDisconnected('Remote end closed connection without response'))
2026-01-22 12:03:37,756 - ERROR - 计算失败 601766: ('Connection aborted.', RemoteDisconnected('Remote end closed connection without response'))
2026-01-22 12:03:38,417 - ERROR - 计算失败 601127: ('Connection aborted.', RemoteDisconnected('Remote end closed connection without response'))
2026-01-22 12:03:39,105 - ERROR - 计算失败 300573: ('Connection aborted.', RemoteDisconnected('Remote end closed connection without response'))
2026-01-22 12:03:39,784 - ERROR - 计算失败 603916: ('Connection aborted.', RemoteDisconnected('Remote end closed connection without response'))
2026-01-22 12:03:40,440 - ERROR - 计算失败 600962: ('Connection aborted.', RemoteDisconnected('Remote end closed connection without response'))
2026-01-22 12:03:41,127 - ERROR - 计算失败 688378: ('Connection aborted.', RemoteDisconnected('Remote end closed connection without response'))
2026-01-22 12:03:41,801 - ERROR - 计算失败 603019: ('Connection aborted.', RemoteDisconnected('Remote end closed connection without response'))
2026-01-22 12:03:42,481 - ERROR - 计算失败 002782: ('Connection aborted.', RemoteDisconnected('Remote end closed connection without response'))
2026-01-22 12:03:43,172 - ERROR - 计算失败 300214: ('Connection aborted.', RemoteDisconnected('Remote end closed connection without response'))
2026-01-22 12:03:43,852 - ERROR - 计算失败 603931: ('Connection aborted.', RemoteDisconnected('Remote end closed connection without response'))
2026-01-22 12:08:44,270 - INFO - --- 扫描开始 12:08:44 ---
2026-01-22 12:08:44,426 - ERROR - 计算失败 688115: ('Connection aborted.', RemoteDisconnected('Remote end closed connection without response'))
2026-01-22 12:08:44,575 - ERROR - 计算失败 603633: ('Connection aborted.', RemoteDisconnected('Remote end closed connection without response'))
2026-01-22 12:08:44,732 - ERROR - 计算失败 600340: ('Connection aborted.', RemoteDisconnected('Remote end closed connection without response'))
2026-01-22 12:08:44,885 - ERROR - 计算失败 300438: ('Connection aborted.', RemoteDisconnected('Remote end closed connection without response'))
2026-01-22 12:08:44,886 - INFO - 拉取行情中...
2026-01-22 12:08:49,641 - ERROR - 异常: ('Connection aborted.', RemoteDisconnected('Remote end closed connection without response'))
2026-01-22 12:09:49,644 - INFO - --- 扫描开始 12:09:49 ---
2026-01-22 12:09:49,840 - ERROR - 计算失败 688115: ('Connection aborted.', RemoteDisconnected('Remote end closed connection without response'))
2026-01-22 12:09:50,009 - ERROR - 计算失败 603633: ('Connection aborted.', RemoteDisconnected('Remote end closed connection without response'))
2026-01-22 12:09:50,186 - ERROR - 计算失败 600340: ('Connection aborted.', RemoteDisconnected('Remote end closed connection without response'))
2026-01-22 12:09:50,362 - ERROR - 计算失败 300438: ('Connection aborted.', RemoteDisconnected('Remote end closed connection without response'))
2026-01-22 12:09:50,363 - INFO - 拉取行情中...
2026-01-22 12:09:55,542 - ERROR - 异常: ('Connection aborted.', RemoteDisconnected('Remote end closed connection without response'))
2026-01-22 12:10:55,560 - INFO - --- 扫描开始 12:10:55 ---
2026-01-22 12:10:55,754 - ERROR - 计算失败 688115: ('Connection aborted.', RemoteDisconnected('Remote end closed connection without response'))
2026-01-22 12:10:55,940 - ERROR - 计算失败 603633: ('Connection aborted.', RemoteDisconnected('Remote end closed connection without response'))
2026-01-22 12:10:56,098 - ERROR - 计算失败 600340: ('Connection aborted.', RemoteDisconnected('Remote end closed connection without response'))
2026-01-22 12:10:56,277 - ERROR - 计算失败 300438: ('Connection aborted.', RemoteDisconnected('Remote end closed connection without response'))
2026-01-22 12:10:56,278 - INFO - 拉取行情中...
2026-01-22 12:11:01,802 - ERROR - 异常: ('Connection aborted.', RemoteDisconnected('Remote end closed connection without response'))
2026-01-22 12:12:01,816 - INFO - --- 扫描开始 12:12:01 ---
2026-01-22 12:12:01,982 - ERROR - 计算失败 688115: ('Connection aborted.', RemoteDisconnected('Remote end closed connection without response'))
2026-01-22 12:12:02,140 - ERROR - 计算失败 603633: ('Connection aborted.', RemoteDisconnected('Remote end closed connection without response'))
2026-01-22 12:12:02,306 - ERROR - 计算失败 600340: ('Connection aborted.', RemoteDisconnected('Remote end closed connection without response'))
2026-01-22 12:12:02,473 - ERROR - 计算失败 300438: ('Connection aborted.', RemoteDisconnected('Remote end closed connection without response'))
2026-01-22 12:12:02,474 - INFO - 拉取行情中...
2026-01-22 12:12:08,347 - ERROR - 异常: ('Connection aborted.', RemoteDisconnected('Remote end closed connection without response'))
2026-01-22 12:13:08,365 - INFO - --- 扫描开始 12:13:08 ---
2026-01-22 12:13:08,525 - ERROR - 计算失败 688115: ('Connection aborted.', RemoteDisconnected('Remote end closed connection without response'))
2026-01-22 12:13:08,688 - ERROR - 计算失败 603633: ('Connection aborted.', RemoteDisconnected('Remote end closed connection without response'))
2026-01-22 12:13:08,834 - ERROR - 计算失败 600340: ('Connection aborted.', RemoteDisconnected('Remote end closed connection without response'))
2026-01-22 12:13:08,998 - ERROR - 计算失败 300438: ('Connection aborted.', RemoteDisconnected('Remote end closed connection without response'))
2026-01-22 12:13:08,999 - INFO - 拉取行情中...
2026-01-22 12:13:13,743 - ERROR - 异常: ('Connection aborted.', RemoteDisconnected('Remote end closed connection without response'))
2026-01-22 12:14:13,751 - INFO - --- 扫描开始 12:14:13 ---
2026-01-22 12:14:13,909 - ERROR - 计算失败 688115: ('Connection aborted.', RemoteDisconnected('Remote end closed connection without response'))
2026-01-22 12:14:14,058 - ERROR - 计算失败 603633: ('Connection aborted.', RemoteDisconnected('Remote end closed connection without response'))
2026-01-22 12:14:14,222 - ERROR - 计算失败 600340: ('Connection aborted.', RemoteDisconnected('Remote end closed connection without response'))
2026-01-22 12:14:14,395 - ERROR - 计算失败 300438: ('Connection aborted.', RemoteDisconnected('Remote end closed connection without response'))
2026-01-22 12:14:14,395 - INFO - 拉取行情中...
2026-01-22 12:14:19,764 - ERROR - 异常: ('Connection aborted.', RemoteDisconnected('Remote end closed connection without response'))
2026-01-22 12:15:19,781 - INFO - --- 扫描开始 12:15:19 ---
2026-01-22 12:15:20,072 - ERROR - 计算失败 688115: ('Connection aborted.', RemoteDisconnected('Remote end closed connection without response'))
2026-01-22 12:15:20,370 - ERROR - 计算失败 603633: ('Connection aborted.', RemoteDisconnected('Remote end closed connection without response'))
2026-01-22 12:15:20,655 - ERROR - 计算失败 600340: ('Connection aborted.', RemoteDisconnected('Remote end closed connection without response'))
2026-01-22 12:15:20,922 - ERROR - 计算失败 300438: ('Connection aborted.', RemoteDisconnected('Remote end closed connection without response'))
2026-01-22 12:15:20,922 - INFO - 拉取行情中...
2026-01-22 12:15:26,279 - ERROR - 异常: ('Connection aborted.', RemoteDisconnected('Remote end closed connection without response'))
2026-01-22 12:16:26,290 - INFO - --- 扫描开始 12:16:26 ---
2026-01-22 12:16:26,478 - ERROR - 计算失败 688115: ('Connection aborted.', RemoteDisconnected('Remote end closed connection without response'))
2026-01-22 12:16:26,614 - ERROR - 计算失败 603633: ('Connection aborted.', RemoteDisconnected('Remote end closed connection without response'))
2026-01-22 12:16:26,765 - ERROR - 计算失败 600340: ('Connection aborted.', RemoteDisconnected('Remote end closed connection without response'))
2026-01-22 12:16:26,922 - ERROR - 计算失败 300438: ('Connection aborted.', RemoteDisconnected('Remote end closed connection without response'))
2026-01-22 12:16:26,923 - INFO - 拉取行情中...
2026-01-22 12:16:32,259 - ERROR - 异常: ('Connection aborted.', RemoteDisconnected('Remote end closed connection without response'))
2026-01-22 12:17:32,274 - INFO - --- 扫描开始 12:17:32 ---
2026-01-22 12:17:32,392 - ERROR - 计算失败 688115: ('Connection aborted.', RemoteDisconnected('Remote end closed connection without response'))
2026-01-22 12:17:32,486 - ERROR - 计算失败 603633: ('Connection aborted.', RemoteDisconnected('Remote end closed connection without response'))
2026-01-22 12:17:32,582 - ERROR - 计算失败 600340: ('Connection aborted.', RemoteDisconnected('Remote end closed connection without response'))
2026-01-22 12:17:32,680 - ERROR - 计算失败 300438: ('Connection aborted.', RemoteDisconnected('Remote end closed connection without response'))
2026-01-22 12:17:32,681 - INFO - 拉取行情中...
2026-01-22 12:17:38,218 - ERROR - 异常: ('Connection aborted.', RemoteDisconnected('Remote end closed connection without response'))
2026-01-22 12:18:38,232 - INFO - --- 扫描开始 12:18:38 ---
2026-01-22 12:18:38,546 - ERROR - 计算失败 688115: ('Connection aborted.', RemoteDisconnected('Remote end closed connection without response'))
2026-01-22 12:18:38,808 - ERROR - 计算失败 603633: ('Connection aborted.', RemoteDisconnected('Remote end closed connection without response'))
2026-01-22 12:18:39,087 - ERROR - 计算失败 600340: ('Connection aborted.', RemoteDisconnected('Remote end closed connection without response'))
2026-01-22 12:18:39,354 - ERROR - 计算失败 300438: ('Connection aborted.', RemoteDisconnected('Remote end closed connection without response'))
2026-01-22 12:18:39,355 - INFO - 拉取行情中...
2026-01-22 12:18:44,613 - ERROR - 异常: ('Connection aborted.', RemoteDisconnected('Remote end closed connection without response'))
2026-01-22 12:19:44,628 - INFO - --- 扫描开始 12:19:44 ---
2026-01-22 12:19:45,737 - INFO - 拉取行情中...
2026-01-22 12:19:51,676 - ERROR - 异常: ('Connection aborted.', RemoteDisconnected('Remote end closed connection without response'))
2026-01-22 12:20:51,683 - INFO - --- 扫描开始 12:20:51 ---
2026-01-22 12:20:51,949 - ERROR - 计算失败 688115: ('Connection aborted.', RemoteDisconnected('Remote end closed connection without response'))
2026-01-22 12:20:52,248 - ERROR - 计算失败 603633: ('Connection aborted.', RemoteDisconnected('Remote end closed connection without response'))
2026-01-22 12:20:52,507 - ERROR - 计算失败 600340: ('Connection aborted.', RemoteDisconnected('Remote end closed connection without response'))
2026-01-22 12:20:52,818 - ERROR - 计算失败 300438: ('Connection aborted.', RemoteDisconnected('Remote end closed connection without response'))
2026-01-22 12:20:52,819 - INFO - 拉取行情中...
2026-01-22 12:20:57,925 - ERROR - 异常: ('Connection aborted.', RemoteDisconnected('Remote end closed connection without response'))
2026-01-22 12:21:57,939 - INFO - --- 扫描开始 12:21:57 ---
2026-01-22 12:21:58,567 - INFO - 拉取行情中...
2026-01-22 12:22:04,563 - ERROR - 异常: ('Connection aborted.', RemoteDisconnected('Remote end closed connection without response'))
2026-01-22 12:23:04,572 - INFO - --- 扫描开始 12:23:04 ---
2026-01-22 12:23:05,750 - INFO - 拉取行情中...
2026-01-22 12:23:11,343 - ERROR - 异常: ('Connection aborted.', RemoteDisconnected('Remote end closed connection without response'))
2026-01-22 13:17:55,427 - INFO - --- 扫描开始 13:17:55 ---
2026-01-22 13:41:37,240 - ERROR - 计算失败 300438: ('Connection aborted.', TimeoutError(60, 'Operation timed out'))
2026-01-22 13:41:37,245 - INFO - 拉取行情中...
2026-01-22 13:42:51,005 - INFO - 初筛命中: 356
2026-01-22 13:48:25,169 - INFO - --- 扫描开始 13:48:25 ---
2026-01-22 13:48:25,356 - ERROR - 计算失败 688115: ('Connection aborted.', RemoteDisconnected('Remote end closed connection without response'))
2026-01-22 13:48:25,528 - ERROR - 计算失败 603633: ('Connection aborted.', RemoteDisconnected('Remote end closed connection without response'))
2026-01-22 13:48:26,118 - ERROR - 计算失败 600340: ('Connection aborted.', RemoteDisconnected('Remote end closed connection without response'))
2026-01-22 13:48:26,273 - ERROR - 计算失败 300438: ('Connection aborted.', RemoteDisconnected('Remote end closed connection without response'))
2026-01-22 13:48:26,273 - INFO - 拉取行情中...
2026-01-22 13:48:31,668 - ERROR - 异常: ('Connection aborted.', RemoteDisconnected('Remote end closed connection without response'))
2026-01-22 13:49:31,674 - INFO - --- 扫描开始 13:49:31 ---
2026-01-22 13:49:31,835 - ERROR - 计算失败 688115: ('Connection aborted.', RemoteDisconnected('Remote end closed connection without response'))
2026-01-22 13:49:32,073 - ERROR - 计算失败 603633: ('Connection aborted.', RemoteDisconnected('Remote end closed connection without response'))
2026-01-22 13:49:32,332 - ERROR - 计算失败 600340: ('Connection aborted.', RemoteDisconnected('Remote end closed connection without response'))
2026-01-22 13:49:32,574 - ERROR - 计算失败 300438: ('Connection aborted.', RemoteDisconnected('Remote end closed connection without response'))
2026-01-22 13:49:32,575 - INFO - 拉取行情中...
2026-01-22 13:49:38,401 - ERROR - 异常: ('Connection aborted.', RemoteDisconnected('Remote end closed connection without response'))
2026-01-22 13:50:38,414 - INFO - --- 扫描开始 13:50:38 ---
2026-01-22 13:50:38,677 - ERROR - 计算失败 688115: ('Connection aborted.', RemoteDisconnected('Remote end closed connection without response'))
2026-01-22 13:50:38,936 - ERROR - 计算失败 603633: ('Connection aborted.', RemoteDisconnected('Remote end closed connection without response'))
2026-01-22 13:50:39,092 - ERROR - 计算失败 600340: ('Connection aborted.', RemoteDisconnected('Remote end closed connection without response'))
2026-01-22 13:50:39,260 - ERROR - 计算失败 300438: ('Connection aborted.', RemoteDisconnected('Remote end closed connection without response'))
2026-01-22 13:50:39,261 - INFO - 拉取行情中...
2026-01-22 13:50:45,096 - ERROR - 异常: ('Connection aborted.', RemoteDisconnected('Remote end closed connection without response'))
2026-01-22 13:51:45,105 - INFO - --- 扫描开始 13:51:45 ---
2026-01-22 13:51:45,285 - ERROR - 计算失败 688115: ('Connection aborted.', RemoteDisconnected('Remote end closed connection without response'))
2026-01-22 13:51:45,439 - ERROR - 计算失败 603633: ('Connection aborted.', RemoteDisconnected('Remote end closed connection without response'))
2026-01-22 13:51:45,595 - ERROR - 计算失败 600340: ('Connection aborted.', RemoteDisconnected('Remote end closed connection without response'))
2026-01-22 13:51:45,753 - ERROR - 计算失败 300438: ('Connection aborted.', RemoteDisconnected('Remote end closed connection without response'))
2026-01-22 13:51:45,754 - INFO - 拉取行情中...
2026-01-22 13:51:51,469 - ERROR - 异常: ('Connection aborted.', RemoteDisconnected('Remote end closed connection without response'))
2026-01-22 13:52:51,477 - INFO - --- 扫描开始 13:52:51 ---
2026-01-22 13:52:52,573 - INFO - 拉取行情中...
2026-01-22 13:52:58,198 - ERROR - 异常: ('Connection aborted.', RemoteDisconnected('Remote end closed connection without response'))
2026-01-22 13:53:58,209 - INFO - --- 扫描开始 13:53:58 ---
2026-01-22 13:53:59,287 - INFO - 拉取行情中...
2026-01-22 13:54:03,990 - ERROR - 异常: ('Connection aborted.', RemoteDisconnected('Remote end closed connection without response'))
2026-01-22 13:55:03,998 - INFO - --- 扫描开始 13:55:03 ---
2026-01-22 13:55:04,164 - ERROR - 计算失败 688115: ('Connection aborted.', RemoteDisconnected('Remote end closed connection without response'))
2026-01-22 13:55:04,324 - ERROR - 计算失败 603633: ('Connection aborted.', RemoteDisconnected('Remote end closed connection without response'))
2026-01-22 13:55:04,473 - ERROR - 计算失败 600340: ('Connection aborted.', RemoteDisconnected('Remote end closed connection without response'))
2026-01-22 13:55:04,601 - ERROR - 计算失败 300438: ('Connection aborted.', RemoteDisconnected('Remote end closed connection without response'))
2026-01-22 13:55:04,601 - INFO - 拉取行情中...
2026-01-22 13:55:10,265 - ERROR - 异常: ('Connection aborted.', RemoteDisconnected('Remote end closed connection without response'))
2026-01-22 13:56:10,272 - INFO - --- 扫描开始 13:56:10 ---
2026-01-22 13:56:10,456 - ERROR - 计算失败 688115: ('Connection aborted.', RemoteDisconnected('Remote end closed connection without response'))
2026-01-22 13:56:10,644 - ERROR - 计算失败 603633: ('Connection aborted.', RemoteDisconnected('Remote end closed connection without response'))
2026-01-22 13:56:10,803 - ERROR - 计算失败 600340: ('Connection aborted.', RemoteDisconnected('Remote end closed connection without response'))
2026-01-22 13:56:10,957 - ERROR - 计算失败 300438: ('Connection aborted.', RemoteDisconnected('Remote end closed connection without response'))
2026-01-22 13:56:10,958 - INFO - 拉取行情中...
2026-01-22 13:56:16,447 - ERROR - 异常: ('Connection aborted.', RemoteDisconnected('Remote end closed connection without response'))
2026-01-22 13:57:16,455 - INFO - --- 扫描开始 13:57:16 ---
2026-01-22 13:57:17,533 - INFO - 拉取行情中...
2026-01-22 13:57:22,914 - ERROR - 异常: ('Connection aborted.', RemoteDisconnected('Remote end closed connection without response'))
2026-01-22 13:58:22,925 - INFO - --- 扫描开始 13:58:22 ---
2026-01-22 13:58:23,110 - ERROR - 计算失败 688115: ('Connection aborted.', RemoteDisconnected('Remote end closed connection without response'))
2026-01-22 13:58:23,252 - ERROR - 计算失败 603633: ('Connection aborted.', RemoteDisconnected('Remote end closed connection without response'))
2026-01-22 13:58:23,404 - ERROR - 计算失败 600340: ('Connection aborted.', RemoteDisconnected('Remote end closed connection without response'))
2026-01-22 13:58:23,557 - ERROR - 计算失败 300438: ('Connection aborted.', RemoteDisconnected('Remote end closed connection without response'))
2026-01-22 13:58:23,558 - INFO - 拉取行情中...
2026-01-22 13:58:28,901 - ERROR - 异常: ('Connection aborted.', RemoteDisconnected('Remote end closed connection without response'))
2026-01-22 13:59:28,908 - INFO - --- 扫描开始 13:59:28 ---
2026-01-22 13:59:29,058 - ERROR - 计算失败 688115: ('Connection aborted.', RemoteDisconnected('Remote end closed connection without response'))
2026-01-22 13:59:29,187 - ERROR - 计算失败 603633: ('Connection aborted.', RemoteDisconnected('Remote end closed connection without response'))
2026-01-22 13:59:29,344 - ERROR - 计算失败 600340: ('Connection aborted.', RemoteDisconnected('Remote end closed connection without response'))
2026-01-22 13:59:29,489 - ERROR - 计算失败 300438: ('Connection aborted.', RemoteDisconnected('Remote end closed connection without response'))
2026-01-22 13:59:29,489 - INFO - 拉取行情中...
2026-01-22 13:59:34,979 - ERROR - 异常: ('Connection aborted.', RemoteDisconnected('Remote end closed connection without response'))
2026-01-22 14:00:34,985 - INFO - --- 扫描开始 14:00:34 ---
2026-01-22 14:00:35,498 - ERROR - 计算失败 688115: ('Connection aborted.', RemoteDisconnected('Remote end closed connection without response'))
2026-01-22 14:00:35,655 - ERROR - 计算失败 603633: ('Connection aborted.', RemoteDisconnected('Remote end closed connection without response'))
2026-01-22 14:00:35,820 - ERROR - 计算失败 600340: ('Connection aborted.', RemoteDisconnected('Remote end closed connection without response'))
2026-01-22 14:00:35,991 - ERROR - 计算失败 300438: ('Connection aborted.', RemoteDisconnected('Remote end closed connection without response'))
2026-01-22 14:00:35,992 - INFO - 拉取行情中...
2026-01-22 14:00:41,172 - ERROR - 异常: ('Connection aborted.', RemoteDisconnected('Remote end closed connection without response'))
2026-01-22 14:01:41,181 - INFO - --- 扫描开始 14:01:41 ---
2026-01-22 14:01:41,333 - ERROR - 计算失败 688115: ('Connection aborted.', RemoteDisconnected('Remote end closed connection without response'))
2026-01-22 14:01:41,509 - ERROR - 计算失败 603633: ('Connection aborted.', RemoteDisconnected('Remote end closed connection without response'))
2026-01-22 14:01:41,679 - ERROR - 计算失败 600340: ('Connection aborted.', RemoteDisconnected('Remote end closed connection without response'))
2026-01-22 14:01:41,840 - ERROR - 计算失败 300438: ('Connection aborted.', RemoteDisconnected('Remote end closed connection without response'))
2026-01-22 14:01:41,840 - INFO - 拉取行情中...
2026-01-22 14:01:46,520 - ERROR - 异常: ('Connection aborted.', RemoteDisconnected('Remote end closed connection without response'))
2026-01-22 14:02:46,528 - INFO - --- 扫描开始 14:02:46 ---
2026-01-22 14:02:46,834 - ERROR - 计算失败 688115: ('Connection aborted.', RemoteDisconnected('Remote end closed connection without response'))
2026-01-22 14:02:47,093 - ERROR - 计算失败 603633: ('Connection aborted.', RemoteDisconnected('Remote end closed connection without response'))
2026-01-22 14:02:47,357 - ERROR - 计算失败 600340: ('Connection aborted.', RemoteDisconnected('Remote end closed connection without response'))
2026-01-22 14:02:47,609 - ERROR - 计算失败 300438: ('Connection aborted.', RemoteDisconnected('Remote end closed connection without response'))
2026-01-22 14:02:47,610 - INFO - 拉取行情中...
2026-01-22 14:02:53,277 - ERROR - 异常: ('Connection aborted.', RemoteDisconnected('Remote end closed connection without response'))
2026-01-22 14:03:53,287 - INFO - --- 扫描开始 14:03:53 ---
2026-01-22 14:03:53,557 - ERROR - 计算失败 688115: ('Connection aborted.', RemoteDisconnected('Remote end closed connection without response'))
2026-01-22 14:03:53,811 - ERROR - 计算失败 603633: ('Connection aborted.', RemoteDisconnected('Remote end closed connection without response'))
2026-01-22 14:03:54,064 - ERROR - 计算失败 600340: ('Connection aborted.', RemoteDisconnected('Remote end closed connection without response'))
2026-01-22 14:03:54,310 - ERROR - 计算失败 300438: ('Connection aborted.', RemoteDisconnected('Remote end closed connection without response'))
2026-01-22 14:03:54,311 - INFO - 拉取行情中...
2026-01-22 14:03:59,673 - ERROR - 异常: ('Connection aborted.', RemoteDisconnected('Remote end closed connection without response'))
2026-01-22 14:04:59,679 - INFO - --- 扫描开始 14:04:59 ---
2026-01-22 14:04:59,942 - ERROR - 计算失败 688115: ('Connection aborted.', RemoteDisconnected('Remote end closed connection without response'))
2026-01-22 14:05:00,187 - ERROR - 计算失败 603633: ('Connection aborted.', RemoteDisconnected('Remote end closed connection without response'))
2026-01-22 14:05:00,443 - ERROR - 计算失败 600340: ('Connection aborted.', RemoteDisconnected('Remote end closed connection without response'))
2026-01-22 14:05:00,702 - ERROR - 计算失败 300438: ('Connection aborted.', RemoteDisconnected('Remote end closed connection without response'))
2026-01-22 14:05:00,703 - INFO - 拉取行情中...
2026-01-22 14:05:06,439 - ERROR - 异常: ('Connection aborted.', RemoteDisconnected('Remote end closed connection without response'))
2026-01-22 14:06:06,451 - INFO - --- 扫描开始 14:06:06 ---
2026-01-22 14:06:06,572 - ERROR - 计算失败 688115: ('Connection aborted.', RemoteDisconnected('Remote end closed connection without response'))
2026-01-22 14:06:06,680 - ERROR - 计算失败 603633: ('Connection aborted.', RemoteDisconnected('Remote end closed connection without response'))
2026-01-22 14:06:06,775 - ERROR - 计算失败 600340: ('Connection aborted.', RemoteDisconnected('Remote end closed connection without response'))
2026-01-22 14:06:06,874 - ERROR - 计算失败 300438: ('Connection aborted.', RemoteDisconnected('Remote end closed connection without response'))
2026-01-22 14:06:06,875 - INFO - 拉取行情中...
2026-01-22 14:06:13,436 - ERROR - 异常: ('Connection aborted.', RemoteDisconnected('Remote end closed connection without response'))
2026-01-22 14:07:13,444 - INFO - --- 扫描开始 14:07:13 ---
2026-01-22 14:07:13,569 - ERROR - 计算失败 688115: ('Connection aborted.', RemoteDisconnected('Remote end closed connection without response'))
2026-01-22 14:07:13,658 - ERROR - 计算失败 603633: ('Connection aborted.', RemoteDisconnected('Remote end closed connection without response'))
2026-01-22 14:07:13,747 - ERROR - 计算失败 600340: ('Connection aborted.', RemoteDisconnected('Remote end closed connection without response'))
2026-01-22 14:07:13,838 - ERROR - 计算失败 300438: ('Connection aborted.', RemoteDisconnected('Remote end closed connection without response'))
2026-01-22 14:07:13,839 - INFO - 拉取行情中...
2026-01-22 14:07:19,562 - ERROR - 异常: ('Connection aborted.', RemoteDisconnected('Remote end closed connection without response'))
2026-01-22 14:08:19,566 - INFO - --- 扫描开始 14:08:19 ---
2026-01-22 14:08:19,723 - ERROR - 计算失败 688115: ('Connection aborted.', RemoteDisconnected('Remote end closed connection without response'))
2026-01-22 14:08:19,918 - ERROR - 计算失败 603633: ('Connection aborted.', RemoteDisconnected('Remote end closed connection without response'))
2026-01-22 14:08:20,073 - ERROR - 计算失败 600340: ('Connection aborted.', RemoteDisconnected('Remote end closed connection without response'))
2026-01-22 14:08:20,227 - ERROR - 计算失败 300438: ('Connection aborted.', RemoteDisconnected('Remote end closed connection without response'))
2026-01-22 14:08:20,227 - INFO - 拉取行情中...
2026-01-22 14:08:25,865 - ERROR - 异常: ('Connection aborted.', RemoteDisconnected('Remote end closed connection without response'))
2026-01-22 14:09:25,878 - INFO - --- 扫描开始 14:09:25 ---
2026-01-22 14:09:26,049 - ERROR - 计算失败 688115: ('Connection aborted.', RemoteDisconnected('Remote end closed connection without response'))
2026-01-22 14:09:26,194 - ERROR - 计算失败 603633: ('Connection aborted.', RemoteDisconnected('Remote end closed connection without response'))
2026-01-22 14:09:26,334 - ERROR - 计算失败 600340: ('Connection aborted.', RemoteDisconnected('Remote end closed connection without response'))
2026-01-22 14:09:26,491 - ERROR - 计算失败 300438: ('Connection aborted.', RemoteDisconnected('Remote end closed connection without response'))
2026-01-22 14:09:26,491 - INFO - 拉取行情中...
2026-01-22 14:09:32,097 - ERROR - 异常: ('Connection aborted.', RemoteDisconnected('Remote end closed connection without response'))
2026-01-22 14:10:32,109 - INFO - --- 扫描开始 14:10:32 ---
2026-01-22 14:10:32,314 - ERROR - 计算失败 688115: ('Connection aborted.', RemoteDisconnected('Remote end closed connection without response'))
2026-01-22 14:10:32,501 - ERROR - 计算失败 603633: ('Connection aborted.', RemoteDisconnected('Remote end closed connection without response'))
2026-01-22 14:10:32,685 - ERROR - 计算失败 600340: ('Connection aborted.', RemoteDisconnected('Remote end closed connection without response'))
2026-01-22 14:10:32,853 - ERROR - 计算失败 300438: ('Connection aborted.', RemoteDisconnected('Remote end closed connection without response'))
2026-01-22 14:10:32,853 - INFO - 拉取行情中...
2026-01-22 14:10:38,882 - ERROR - 异常: ('Connection aborted.', RemoteDisconnected('Remote end closed connection without response'))
2026-01-22 14:11:38,894 - INFO - --- 扫描开始 14:11:38 ---
2026-01-22 14:11:39,063 - ERROR - 计算失败 688115: ('Connection aborted.', RemoteDisconnected('Remote end closed connection without response'))
2026-01-22 14:11:39,201 - ERROR - 计算失败 603633: ('Connection aborted.', RemoteDisconnected('Remote end closed connection without response'))
2026-01-22 14:11:39,346 - ERROR - 计算失败 600340: ('Connection aborted.', RemoteDisconnected('Remote end closed connection without response'))
2026-01-22 14:11:39,489 - ERROR - 计算失败 300438: ('Connection aborted.', RemoteDisconnected('Remote end closed connection without response'))
2026-01-22 14:11:39,490 - INFO - 拉取行情中...
2026-01-22 14:11:44,386 - ERROR - 异常: ('Connection aborted.', RemoteDisconnected('Remote end closed connection without response'))
2026-01-22 14:12:44,391 - INFO - --- 扫描开始 14:12:44 ---
2026-01-22 14:12:44,674 - ERROR - 计算失败 688115: ('Connection aborted.', RemoteDisconnected('Remote end closed connection without response'))
2026-01-22 14:12:44,937 - ERROR - 计算失败 603633: ('Connection aborted.', RemoteDisconnected('Remote end closed connection without response'))
2026-01-22 14:12:45,197 - ERROR - 计算失败 600340: ('Connection aborted.', RemoteDisconnected('Remote end closed connection without response'))
2026-01-22 14:12:45,463 - ERROR - 计算失败 300438: ('Connection aborted.', RemoteDisconnected('Remote end closed connection without response'))
2026-01-22 14:12:45,463 - INFO - 拉取行情中...
2026-01-22 14:12:51,024 - ERROR - 异常: ('Connection aborted.', RemoteDisconnected('Remote end closed connection without response'))
2026-01-22 14:13:51,036 - INFO - --- 扫描开始 14:13:51 ---
2026-01-22 14:13:51,304 - ERROR - 计算失败 688115: ('Connection aborted.', RemoteDisconnected('Remote end closed connection without response'))
2026-01-22 14:13:51,554 - ERROR - 计算失败 603633: ('Connection aborted.', RemoteDisconnected('Remote end closed connection without response'))
2026-01-22 14:13:51,817 - ERROR - 计算失败 600340: ('Connection aborted.', RemoteDisconnected('Remote end closed connection without response'))
2026-01-22 14:13:52,091 - ERROR - 计算失败 300438: ('Connection aborted.', RemoteDisconnected('Remote end closed connection without response'))
2026-01-22 14:13:52,092 - INFO - 拉取行情中...
2026-01-22 14:13:58,139 - ERROR - 异常: ('Connection aborted.', RemoteDisconnected('Remote end closed connection without response'))
2026-01-22 14:14:58,149 - INFO - --- 扫描开始 14:14:58 ---
2026-01-22 14:14:58,330 - ERROR - 计算失败 688115: ('Connection aborted.', RemoteDisconnected('Remote end closed connection without response'))
2026-01-22 14:14:58,516 - ERROR - 计算失败 603633: ('Connection aborted.', RemoteDisconnected('Remote end closed connection without response'))
2026-01-22 14:14:58,696 - ERROR - 计算失败 600340: ('Connection aborted.', RemoteDisconnected('Remote end closed connection without response'))
2026-01-22 14:14:58,870 - ERROR - 计算失败 300438: ('Connection aborted.', RemoteDisconnected('Remote end closed connection without response'))
2026-01-22 14:14:58,871 - INFO - 拉取行情中...
2026-01-22 14:15:03,909 - ERROR - 异常: ('Connection aborted.', RemoteDisconnected('Remote end closed connection without response'))
2026-01-22 14:16:03,917 - INFO - --- 扫描开始 14:16:03 ---
2026-01-22 14:16:04,108 - ERROR - 计算失败 688115: ('Connection aborted.', RemoteDisconnected('Remote end closed connection without response'))
2026-01-22 14:16:04,268 - ERROR - 计算失败 603633: ('Connection aborted.', RemoteDisconnected('Remote end closed connection without response'))
2026-01-22 14:16:04,415 - ERROR - 计算失败 600340: ('Connection aborted.', RemoteDisconnected('Remote end closed connection without response'))
2026-01-22 14:16:04,571 - ERROR - 计算失败 300438: ('Connection aborted.', RemoteDisconnected('Remote end closed connection without response'))
2026-01-22 14:16:04,572 - INFO - 拉取行情中...
2026-01-22 14:16:10,088 - ERROR - 异常: ('Connection aborted.', RemoteDisconnected('Remote end closed connection without response'))
2026-01-22 14:17:10,096 - INFO - --- 扫描开始 14:17:10 ---
2026-01-22 14:17:10,262 - ERROR - 计算失败 688115: ('Connection aborted.', RemoteDisconnected('Remote end closed connection without response'))
2026-01-22 14:17:10,410 - ERROR - 计算失败 603633: ('Connection aborted.', RemoteDisconnected('Remote end closed connection without response'))
2026-01-22 14:17:10,554 - ERROR - 计算失败 600340: ('Connection aborted.', RemoteDisconnected('Remote end closed connection without response'))
2026-01-22 14:17:10,708 - ERROR - 计算失败 300438: ('Connection aborted.', RemoteDisconnected('Remote end closed connection without response'))
2026-01-22 14:17:10,708 - INFO - 拉取行情中...
2026-01-22 14:17:15,970 - ERROR - 异常: ('Connection aborted.', RemoteDisconnected('Remote end closed connection without response'))
2026-01-22 14:18:15,980 - INFO - --- 扫描开始 14:18:15 ---
2026-01-22 14:18:16,135 - ERROR - 计算失败 688115: ('Connection aborted.', RemoteDisconnected('Remote end closed connection without response'))
2026-01-22 14:18:16,269 - ERROR - 计算失败 603633: ('Connection aborted.', RemoteDisconnected('Remote end closed connection without response'))
2026-01-22 14:18:16,410 - ERROR - 计算失败 600340: ('Connection aborted.', RemoteDisconnected('Remote end closed connection without response'))
2026-01-22 14:18:16,580 - ERROR - 计算失败 300438: ('Connection aborted.', RemoteDisconnected('Remote end closed connection without response'))
2026-01-22 14:18:16,580 - INFO - 拉取行情中...
2026-01-22 14:18:22,133 - ERROR - 异常: ('Connection aborted.', RemoteDisconnected('Remote end closed connection without response'))
2026-01-22 14:19:22,141 - INFO - --- 扫描开始 14:19:22 ---
2026-01-22 14:19:22,340 - ERROR - 计算失败 688115: ('Connection aborted.', RemoteDisconnected('Remote end closed connection without response'))
2026-01-22 14:19:22,536 - ERROR - 计算失败 603633: ('Connection aborted.', RemoteDisconnected('Remote end closed connection without response'))
2026-01-22 14:19:22,692 - ERROR - 计算失败 600340: ('Connection aborted.', RemoteDisconnected('Remote end closed connection without response'))
2026-01-22 14:19:22,838 - ERROR - 计算失败 300438: ('Connection aborted.', RemoteDisconnected('Remote end closed connection without response'))
2026-01-22 14:19:22,839 - INFO - 拉取行情中...
2026-01-22 14:19:28,213 - ERROR - 异常: ('Connection aborted.', RemoteDisconnected('Remote end closed connection without response'))
2026-01-22 14:20:28,221 - INFO - --- 扫描开始 14:20:28 ---
2026-01-22 14:20:28,355 - ERROR - 计算失败 688115: ('Connection aborted.', RemoteDisconnected('Remote end closed connection without response'))
2026-01-22 14:20:28,449 - ERROR - 计算失败 603633: ('Connection aborted.', RemoteDisconnected('Remote end closed connection without response'))
2026-01-22 14:20:28,542 - ERROR - 计算失败 600340: ('Connection aborted.', RemoteDisconnected('Remote end closed connection without response'))
2026-01-22 14:20:28,639 - ERROR - 计算失败 300438: ('Connection aborted.', RemoteDisconnected('Remote end closed connection without response'))
2026-01-22 14:20:28,642 - INFO - 拉取行情中...
2026-01-22 14:21:42,438 - INFO - 初筛命中: 267
2026-01-22 14:21:42,529 - ERROR - 计算失败 000910: ('Connection aborted.', RemoteDisconnected('Remote end closed connection without response'))
2026-01-22 14:21:43,111 - ERROR - 计算失败 000045: ('Connection aborted.', RemoteDisconnected('Remote end closed connection without response'))
2026-01-22 14:21:43,705 - ERROR - 计算失败 000048: ('Connection aborted.', RemoteDisconnected('Remote end closed connection without response'))
2026-01-22 14:21:44,290 - ERROR - 计算失败 603257: ('Connection aborted.', RemoteDisconnected('Remote end closed connection without response'))
2026-01-22 14:21:44,948 - ERROR - 计算失败 600841: ('Connection aborted.', RemoteDisconnected('Remote end closed connection without response'))
2026-01-22 14:21:45,908 - ERROR - 计算失败 600173: ('Connection aborted.', RemoteDisconnected('Remote end closed connection without response'))
2026-01-22 14:21:46,570 - ERROR - 计算失败 600160: ('Connection aborted.', RemoteDisconnected('Remote end closed connection without response'))
2026-01-22 14:21:47,287 - ERROR - 计算失败 002358: ('Connection aborted.', RemoteDisconnected('Remote end closed connection without response'))
2026-01-22 14:21:47,961 - ERROR - 计算失败 002662: ('Connection aborted.', RemoteDisconnected('Remote end closed connection without response'))
2026-01-22 14:21:48,625 - ERROR - 计算失败 002185: ('Connection aborted.', RemoteDisconnected('Remote end closed connection without response'))
2026-01-22 14:21:49,295 - ERROR - 计算失败 002614: ('Connection aborted.', RemoteDisconnected('Remote end closed connection without response'))
2026-01-22 14:21:49,943 - ERROR - 计算失败 002431: ('Connection aborted.', RemoteDisconnected('Remote end closed connection without response'))
2026-01-22 14:21:50,590 - ERROR - 计算失败 601616: ('Connection aborted.', RemoteDisconnected('Remote end closed connection without response'))
2026-01-22 14:21:51,258 - ERROR - 计算失败 002294: ('Connection aborted.', RemoteDisconnected('Remote end closed connection without response'))
2026-01-22 14:21:51,912 - ERROR - 计算失败 688401: ('Connection aborted.', RemoteDisconnected('Remote end closed connection without response'))
2026-01-22 14:21:52,582 - ERROR - 计算失败 600018: ('Connection aborted.', RemoteDisconnected('Remote end closed connection without response'))
2026-01-22 14:21:53,238 - ERROR - 计算失败 603567: ('Connection aborted.', RemoteDisconnected('Remote end closed connection without response'))
2026-01-22 14:21:53,900 - ERROR - 计算失败 301391: ('Connection aborted.', RemoteDisconnected('Remote end closed connection without response'))
2026-01-22 14:21:54,553 - ERROR - 计算失败 002891: ('Connection aborted.', RemoteDisconnected('Remote end closed connection without response'))
2026-01-22 14:21:55,218 - ERROR - 计算失败 301283: ('Connection aborted.', RemoteDisconnected('Remote end closed connection without response'))
2026-01-22 14:21:55,871 - ERROR - 计算失败 688257: ('Connection aborted.', RemoteDisconnected('Remote end closed connection without response'))
2026-01-22 14:21:56,563 - ERROR - 计算失败 603330: ('Connection aborted.', RemoteDisconnected('Remote end closed connection without response'))
2026-01-22 14:21:57,216 - ERROR - 计算失败 688099: ('Connection aborted.', RemoteDisconnected('Remote end closed connection without response'))
2026-01-22 14:21:57,886 - ERROR - 计算失败 688380: ('Connection aborted.', RemoteDisconnected('Remote end closed connection without response'))
2026-01-22 14:21:58,570 - ERROR - 计算失败 601127: ('Connection aborted.', RemoteDisconnected('Remote end closed connection without response'))
2026-01-22 14:21:59,338 - ERROR - 计算失败 301069: ('Connection aborted.', RemoteDisconnected('Remote end closed connection without response'))
2026-01-22 14:22:00,348 - ERROR - 计算失败 300841: ('Connection aborted.', RemoteDisconnected('Remote end closed connection without response'))
2026-01-22 14:27:17,365 - INFO - --- 扫描开始 14:27:17 ---
2026-01-22 14:27:18,844 - INFO - 拉取行情中...
2026-01-22 14:27:24,724 - ERROR - 异常: ('Connection aborted.', RemoteDisconnected('Remote end closed connection without response'))
2026-01-22 14:28:24,735 - INFO - --- 扫描开始 14:28:24 ---
2026-01-22 14:28:25,418 - INFO - 拉取行情中...
2026-01-22 14:28:31,794 - ERROR - 异常: ('Connection aborted.', RemoteDisconnected('Remote end closed connection without response'))
2026-01-22 14:29:31,807 - INFO - --- 扫描开始 14:29:31 ---
2026-01-22 14:29:32,475 - INFO - 拉取行情中...
2026-01-22 14:29:38,159 - ERROR - 异常: ('Connection aborted.', RemoteDisconnected('Remote end closed connection without response'))
2026-01-22 14:30:38,169 - INFO - --- 扫描开始 14:30:38 ---
2026-01-22 14:30:38,982 - INFO - 拉取行情中...
2026-01-22 14:30:44,654 - ERROR - 异常: ('Connection aborted.', RemoteDisconnected('Remote end closed connection without response'))
2026-01-22 14:31:44,666 - INFO - --- 扫描开始 14:31:44 ---
2026-01-22 14:31:45,726 - INFO - 拉取行情中...
2026-01-22 14:31:51,342 - ERROR - 异常: ('Connection aborted.', RemoteDisconnected('Remote end closed connection without response'))
2026-01-22 14:32:51,354 - INFO - --- 扫描开始 14:32:51 ---
2026-01-22 14:32:52,121 - INFO - 拉取行情中...
2026-01-22 14:32:57,297 - ERROR - 异常: ('Connection aborted.', RemoteDisconnected('Remote end closed connection without response'))
2026-01-22 14:33:57,306 - INFO - --- 扫描开始 14:33:57 ---
2026-01-22 14:33:58,353 - INFO - 拉取行情中...
2026-01-22 14:34:04,411 - ERROR - 异常: ('Connection aborted.', RemoteDisconnected('Remote end closed connection without response'))
2026-01-22 14:35:04,421 - INFO - --- 扫描开始 14:35:04 ---
2026-01-22 14:35:05,463 - INFO - 拉取行情中...
2026-01-22 14:35:11,399 - ERROR - 异常: ('Connection aborted.', RemoteDisconnected('Remote end closed connection without response'))
2026-01-22 14:36:11,411 - INFO - --- 扫描开始 14:36:11 ---
2026-01-22 14:36:12,186 - INFO - 拉取行情中...
2026-01-22 14:36:17,954 - ERROR - 异常: ('Connection aborted.', RemoteDisconnected('Remote end closed connection without response'))
2026-01-22 14:37:17,965 - INFO - --- 扫描开始 14:37:17 ---
2026-01-22 14:37:19,087 - INFO - 拉取行情中...
2026-01-22 14:37:24,509 - ERROR - 异常: ('Connection aborted.', RemoteDisconnected('Remote end closed connection without response'))
2026-01-22 14:38:24,519 - INFO - --- 扫描开始 14:38:24 ---
2026-01-22 14:38:25,827 - INFO - 拉取行情中...
2026-01-22 14:38:31,868 - ERROR - 异常: ('Connection aborted.', RemoteDisconnected('Remote end closed connection without response'))
2026-01-22 14:39:31,877 - INFO - --- 扫描开始 14:39:31 ---
2026-01-22 14:39:32,606 - INFO - 拉取行情中...
2026-01-22 14:39:37,798 - ERROR - 异常: ('Connection aborted.', RemoteDisconnected('Remote end closed connection without response'))
2026-01-22 14:40:37,806 - INFO - --- 扫描开始 14:40:37 ---
2026-01-22 14:40:37,952 - ERROR - 计算失败 688115: ('Connection aborted.', RemoteDisconnected('Remote end closed connection without response'))
2026-01-22 14:40:38,125 - ERROR - 计算失败 603633: ('Connection aborted.', RemoteDisconnected('Remote end closed connection without response'))
2026-01-22 14:40:38,268 - ERROR - 计算失败 600340: ('Connection aborted.', RemoteDisconnected('Remote end closed connection without response'))
2026-01-22 14:40:38,407 - ERROR - 计算失败 300438: ('Connection aborted.', RemoteDisconnected('Remote end closed connection without response'))
2026-01-22 14:40:38,407 - INFO - 拉取行情中...
2026-01-22 14:40:43,053 - ERROR - 异常: ('Connection aborted.', RemoteDisconnected('Remote end closed connection without response'))
2026-01-22 14:41:43,063 - INFO - --- 扫描开始 14:41:43 ---
2026-01-22 14:41:43,333 - ERROR - 计算失败 688115: ('Connection aborted.', RemoteDisconnected('Remote end closed connection without response'))
2026-01-22 14:41:43,569 - ERROR - 计算失败 603633: ('Connection aborted.', RemoteDisconnected('Remote end closed connection without response'))
2026-01-22 14:41:43,804 - ERROR - 计算失败 600340: ('Connection aborted.', RemoteDisconnected('Remote end closed connection without response'))
2026-01-22 14:41:44,040 - ERROR - 计算失败 300438: ('Connection aborted.', RemoteDisconnected('Remote end closed connection without response'))
2026-01-22 14:41:44,040 - INFO - 拉取行情中...
2026-01-22 14:41:48,596 - ERROR - 异常: ('Connection aborted.', RemoteDisconnected('Remote end closed connection without response'))
2026-01-22 14:42:48,603 - INFO - --- 扫描开始 14:42:48 ---
2026-01-22 14:42:48,845 - ERROR - 计算失败 688115: ('Connection aborted.', RemoteDisconnected('Remote end closed connection without response'))
2026-01-22 14:42:49,092 - ERROR - 计算失败 603633: ('Connection aborted.', RemoteDisconnected('Remote end closed connection without response'))
2026-01-22 14:42:49,329 - ERROR - 计算失败 600340: ('Connection aborted.', RemoteDisconnected('Remote end closed connection without response'))
2026-01-22 14:42:49,559 - ERROR - 计算失败 300438: ('Connection aborted.', RemoteDisconnected('Remote end closed connection without response'))
2026-01-22 14:42:49,560 - INFO - 拉取行情中...
2026-01-22 14:42:55,334 - ERROR - 异常: ('Connection aborted.', RemoteDisconnected('Remote end closed connection without response'))
2026-01-22 14:43:55,344 - INFO - --- 扫描开始 14:43:55 ---
2026-01-22 14:43:55,513 - ERROR - 计算失败 688115: ('Connection aborted.', RemoteDisconnected('Remote end closed connection without response'))
2026-01-22 14:43:55,656 - ERROR - 计算失败 603633: ('Connection aborted.', RemoteDisconnected('Remote end closed connection without response'))
2026-01-22 14:43:55,805 - ERROR - 计算失败 600340: ('Connection aborted.', RemoteDisconnected('Remote end closed connection without response'))
2026-01-22 14:43:55,992 - ERROR - 计算失败 300438: ('Connection aborted.', RemoteDisconnected('Remote end closed connection without response'))
2026-01-22 14:43:55,992 - INFO - 拉取行情中...
2026-01-22 14:44:01,333 - ERROR - 异常: ('Connection aborted.', RemoteDisconnected('Remote end closed connection without response'))
2026-01-22 14:45:01,355 - INFO - --- 扫描开始 14:45:01 ---
2026-01-22 14:45:01,535 - ERROR - 计算失败 688115: ('Connection aborted.', RemoteDisconnected('Remote end closed connection without response'))
2026-01-22 14:45:01,694 - ERROR - 计算失败 603633: ('Connection aborted.', RemoteDisconnected('Remote end closed connection without response'))
2026-01-22 14:45:01,848 - ERROR - 计算失败 600340: ('Connection aborted.', RemoteDisconnected('Remote end closed connection without response'))
2026-01-22 14:45:01,996 - ERROR - 计算失败 300438: ('Connection aborted.', RemoteDisconnected('Remote end closed connection without response'))
2026-01-22 14:45:01,996 - INFO - 拉取行情中...
2026-01-22 14:45:07,215 - ERROR - 异常: ('Connection aborted.', RemoteDisconnected('Remote end closed connection without response'))
2026-01-22 14:46:07,227 - INFO - --- 扫描开始 14:46:07 ---
2026-01-22 14:46:07,438 - ERROR - 计算失败 688115: ('Connection aborted.', RemoteDisconnected('Remote end closed connection without response'))
2026-01-22 14:46:07,585 - ERROR - 计算失败 603633: ('Connection aborted.', RemoteDisconnected('Remote end closed connection without response'))
2026-01-22 14:46:07,739 - ERROR - 计算失败 600340: ('Connection aborted.', RemoteDisconnected('Remote end closed connection without response'))
2026-01-22 14:46:07,903 - ERROR - 计算失败 300438: ('Connection aborted.', RemoteDisconnected('Remote end closed connection without response'))
2026-01-22 14:46:07,903 - INFO - 拉取行情中...
2026-01-22 14:46:14,394 - ERROR - 异常: ('Connection aborted.', RemoteDisconnected('Remote end closed connection without response'))
2026-01-22 14:47:14,406 - INFO - --- 扫描开始 14:47:14 ---
2026-01-22 14:47:14,677 - ERROR - 计算失败 688115: ('Connection aborted.', RemoteDisconnected('Remote end closed connection without response'))
2026-01-22 14:47:15,475 - INFO - 拉取行情中...
2026-01-22 14:48:22,709 - INFO - 初筛命中: 260
2026-01-22 14:48:34,743 - INFO - 🎯 发现目标: 卡莱特
2026-01-22 14:48:34,753 - INFO - 交易执行[SIMULATION]: BUY 301391 卡莱特 @ 75.17, 原因: 量价超跌 (RSI=20.1)
2026-01-22 14:53:35,269 - INFO - --- 扫描开始 14:53:35 ---
2026-01-22 14:53:35,463 - ERROR - 计算失败 688115: ('Connection aborted.', RemoteDisconnected('Remote end closed connection without response'))
2026-01-22 14:53:35,637 - ERROR - 计算失败 603633: ('Connection aborted.', RemoteDisconnected('Remote end closed connection without response'))
2026-01-22 14:53:35,805 - ERROR - 计算失败 600340: ('Connection aborted.', RemoteDisconnected('Remote end closed connection without response'))
2026-01-22 14:53:36,263 - ERROR - 计算失败 300438: ('Connection aborted.', RemoteDisconnected('Remote end closed connection without response'))
2026-01-22 14:53:36,449 - ERROR - 计算失败 301391: ('Connection aborted.', RemoteDisconnected('Remote end closed connection without response'))
2026-01-22 14:58:36,457 - INFO - --- 扫描开始 14:58:36 ---
2026-01-22 14:58:36,563 - ERROR - 计算失败 688115: ('Connection aborted.', RemoteDisconnected('Remote end closed connection without response'))
2026-01-22 14:58:36,658 - ERROR - 计算失败 603633: ('Connection aborted.', RemoteDisconnected('Remote end closed connection without response'))
2026-01-22 14:58:36,749 - ERROR - 计算失败 600340: ('Connection aborted.', RemoteDisconnected('Remote end closed connection without response'))
2026-01-22 14:58:36,853 - ERROR - 计算失败 300438: ('Connection aborted.', RemoteDisconnected('Remote end closed connection without response'))
2026-01-22 14:58:36,942 - ERROR - 计算失败 301391: ('Connection aborted.', RemoteDisconnected('Remote end closed connection without response'))
2026-01-22 15:03:36,959 - INFO - --- 扫描开始 15:03:36 ---
2026-01-22 15:03:37,233 - ERROR - 计算失败 688115: ('Connection aborted.', RemoteDisconnected('Remote end closed connection without response'))
2026-01-22 15:03:37,494 - ERROR - 计算失败 603633: ('Connection aborted.', RemoteDisconnected('Remote end closed connection without response'))
2026-01-22 15:03:37,756 - ERROR - 计算失败 600340: ('Connection aborted.', RemoteDisconnected('Remote end closed connection without response'))
2026-01-22 15:03:38,033 - ERROR - 计算失败 300438: ('Connection aborted.', RemoteDisconnected('Remote end closed connection without response'))
2026-01-22 15:03:38,274 - ERROR - 计算失败 301391: ('Connection aborted.', RemoteDisconnected('Remote end closed connection without response'))
2026-01-22 15:08:38,288 - INFO - --- 扫描开始 15:08:38 ---
2026-01-22 15:08:38,631 - ERROR - 计算失败 688115: ('Connection aborted.', RemoteDisconnected('Remote end closed connection without response'))
2026-01-22 15:08:39,014 - ERROR - 计算失败 603633: ('Connection aborted.', RemoteDisconnected('Remote end closed connection without response'))
2026-01-22 15:08:39,189 - ERROR - 计算失败 600340: ('Connection aborted.', RemoteDisconnected('Remote end closed connection without response'))
2026-01-22 15:08:39,368 - ERROR - 计算失败 300438: ('Connection aborted.', RemoteDisconnected('Remote end closed connection without response'))
2026-01-22 15:08:39,538 - ERROR - 计算失败 301391: ('Connection aborted.', RemoteDisconnected('Remote end closed connection without response'))
2026-01-22 15:13:39,550 - INFO - --- 扫描开始 15:13:39 ---
2026-01-22 15:18:40,561 - INFO - --- 扫描开始 15:18:40 ---
2026-01-22 15:23:42,171 - INFO - --- 扫描开始 15:23:42 ---
2026-01-22 15:28:43,174 - INFO - --- 扫描开始 15:28:43 ---
2026-01-22 15:33:44,632 - INFO - --- 扫描开始 15:33:44 ---
2026-01-22 15:38:46,021 - INFO - --- 扫描开始 15:38:46 ---
2026-01-22 15:43:46,636 - INFO - --- 扫描开始 15:43:46 ---
2026-01-22 15:48:47,588 - INFO - --- 扫描开始 15:48:47 ---
2026-01-22 15:53:49,063 - INFO - --- 扫描开始 15:53:49 ---
2026-01-22 15:58:49,693 - INFO - --- 扫描开始 15:58:49 ---
2026-01-22 16:03:50,532 - INFO - 休市中...
2026-01-22 16:08:50,545 - INFO - 休市中...
2026-01-22 16:13:50,556 - INFO - 休市中...
2026-01-22 16:18:50,573 - INFO - 休市中...
2026-01-22 16:23:50,524 - INFO - 休市中...
2026-01-22 16:28:50,535 - INFO - 休市中...
2026-01-22 16:33:50,550 - INFO - 休市中...
2026-01-22 16:38:50,561 - INFO - 休市中...
2026-01-22 16:43:50,569 - INFO - 休市中...
2026-01-22 16:48:50,579 - INFO - 休市中...
2026-01-22 16:53:50,586 - INFO - 休市中...
2026-01-22 16:58:50,600 - INFO - 休市中...
2026-01-22 17:03:50,612 - INFO - 休市中...
2026-01-22 17:08:50,622 - INFO - 休市中...
2026-01-22 17:13:50,631 - INFO - 休市中...
2026-01-22 17:18:50,638 - INFO - 休市中...
2026-01-22 17:23:50,599 - INFO - 休市中...
2026-01-22 17:28:50,606 - INFO - 休市中...
2026-01-22 17:33:50,610 - INFO - 休市中...
2026-01-22 17:38:50,640 - INFO - 休市中...
2026-01-22 17:43:50,648 - INFO - 休市中...
2026-01-22 17:48:50,658 - INFO - 休市中...
2026-01-22 17:53:50,648 - INFO - 休市中...
2026-01-22 17:58:50,651 - INFO - 休市中...
2026-01-22 18:04:48,363 - INFO - 休市中...
2026-01-22 18:09:48,377 - INFO - 休市中...
2026-01-22 18:14:48,386 - INFO - 休市中...
2026-01-22 18:19:48,392 - INFO - 休市中...
2026-01-22 18:24:48,399 - INFO - 休市中...
2026-01-22 18:29:48,405 - INFO - 休市中...
2026-01-22 18:34:48,411 - INFO - 休市中...
2026-01-22 18:39:48,420 - INFO - 休市中...
2026-01-22 18:46:17,368 - INFO - 休市中...
2026-01-22 18:51:17,384 - INFO - 休市中...
2026-01-22 18:56:17,398 - INFO - 休市中...
2026-01-22 19:01:17,403 - INFO - 休市中...
2026-01-22 19:06:17,416 - INFO - 休市中...
2026-01-22 19:11:17,428 - INFO - 休市中...
2026-01-22 19:16:17,531 - INFO - 休市中...
2026-01-22 19:23:18,152 - INFO - 休市中...
2026-01-22 19:28:18,175 - INFO - 休市中...
2026-01-22 19:33:18,192 - INFO - 休市中...
2026-01-22 19:38:18,206 - INFO - 休市中...
2026-01-22 19:43:18,219 - INFO - 休市中...
2026-01-22 19:48:18,194 - INFO - 休市中...
2026-01-22 19:53:18,206 - INFO - 休市中...
2026-01-22 19:58:18,218 - INFO - 休市中...
2026-01-22 20:03:18,248 - INFO - 休市中...
2026-01-22 20:08:18,261 - INFO - 休市中...
2026-01-22 20:13:18,279 - INFO - 休市中...
2026-01-22 20:18:18,297 - INFO - 休市中...
2026-01-22 20:23:18,314 - INFO - 休市中...
2026-01-22 20:28:18,328 - INFO - 休市中...
2026-01-22 21:05:48,476 - INFO - 休市中...
2026-01-22 22:20:25,114 - INFO - 休市中...
2026-01-22 22:25:25,126 - INFO - 休市中...
2026-01-22 22:30:25,109 - INFO - 休市中...
2026-01-22 22:35:25,120 - INFO - 休市中...
2026-01-22 22:40:25,141 - INFO - 休市中...
2026-01-22 22:45:25,122 - INFO - 休市中...
2026-01-22 22:50:25,135 - INFO - 休市中...
2026-01-22 22:55:25,149 - INFO - 休市中...
2026-01-22 23:00:25,161 - INFO - 休市中...
2026-01-22 23:05:25,173 - INFO - 休市中...
2026-01-22 23:10:25,184 - INFO - 休市中...
2026-01-22 23:15:25,197 - INFO - 休市中...
2026-01-22 23:54:49,855 - INFO - 休市中...
2026-01-23 01:18:46,686 - INFO - 休市中...
2026-01-23 01:55:06,070 - INFO - 休市中...
2026-01-23 02:00:06,082 - INFO - 休市中...
2026-01-23 02:05:06,096 - INFO - 休市中...
2026-01-23 02:10:06,106 - INFO - 休市中...
2026-01-23 02:15:06,118 - INFO - 休市中...
2026-01-23 02:20:06,127 - INFO - 休市中...
2026-01-23 02:25:06,131 - INFO - 休市中...
2026-01-23 02:30:06,141 - INFO - 休市中...
2026-01-23 02:35:06,146 - INFO - 休市中...
2026-01-23 02:40:06,162 - INFO - 休市中...
2026-01-23 02:45:06,169 - INFO - 休市中...
2026-01-23 02:50:06,183 - INFO - 休市中...
2026-01-23 03:40:53,396 - INFO - 休市中...
2026-01-23 03:45:53,411 - INFO - 休市中...
2026-01-23 03:50:53,419 - INFO - 休市中...
2026-01-23 03:55:53,389 - INFO - 休市中...
2026-01-23 04:00:53,396 - INFO - 休市中...
2026-01-23 04:05:53,411 - INFO - 休市中...
2026-01-23 04:10:53,423 - INFO - 休市中...
2026-01-23 04:15:53,433 - INFO - 休市中...
2026-01-23 04:20:53,446 - INFO - 休市中...
2026-01-23 04:25:53,515 - INFO - 休市中...
2026-01-23 04:30:53,542 - INFO - 休市中...
2026-01-23 04:35:53,551 - INFO - 休市中...
2026-01-23 04:43:45,886 - INFO - 休市中...
2026-01-23 05:04:14,839 - INFO - 休市中...
2026-01-23 06:11:22,017 - INFO - 休市中...
2026-01-23 07:12:45,017 - INFO - 休市中...
2026-01-23 07:17:45,027 - INFO - 休市中...
2026-01-23 07:22:45,040 - INFO - 休市中...
2026-01-23 07:27:45,054 - INFO - 休市中...
2026-01-23 07:32:45,070 - INFO - 休市中...
2026-01-23 07:37:45,084 - INFO - 休市中...
2026-01-23 07:42:45,087 - INFO - 休市中...
2026-01-23 07:47:45,103 - INFO - 休市中...
2026-01-23 07:52:45,108 - INFO - 休市中...
2026-01-23 07:57:45,123 - INFO - 休市中...
2026-01-23 08:02:45,138 - INFO - 休市中...
2026-01-23 08:07:45,152 - INFO - 休市中...
2026-01-23 08:46:15,274 - INFO - 休市中...
2026-01-23 09:44:47,821 - INFO - --- 扫描开始 09:44:47 ---
2026-01-23 09:44:48,508 - INFO - 交易执行[SIMULATION]: SELL 600340 华夏幸福 @ 1.75, 原因: 止盈 (12.90%)
2026-01-23 09:44:48,876 - INFO - 拉取行情中...
2026-01-23 09:45:58,635 - INFO - 初筛命中: 603
2026-01-23 09:51:33,437 - INFO - --- 扫描开始 09:51:33 ---
2026-01-23 09:51:34,518 - INFO - 拉取行情中...
2026-01-23 09:51:40,642 - ERROR - 异常: ('Connection aborted.', RemoteDisconnected('Remote end closed connection without response'))
2026-01-23 09:52:40,656 - INFO - --- 扫描开始 09:52:40 ---
2026-01-23 09:52:41,294 - INFO - 拉取行情中...
2026-01-23 09:52:47,273 - ERROR - 异常: ('Connection aborted.', RemoteDisconnected('Remote end closed connection without response'))
2026-01-23 09:53:47,282 - INFO - --- 扫描开始 09:53:47 ---
2026-01-23 09:53:47,440 - ERROR - 计算失败 688115: ('Connection aborted.', RemoteDisconnected('Remote end closed connection without response'))
2026-01-23 09:53:48,265 - INFO - 拉取行情中...
2026-01-23 09:53:54,287 - ERROR - 异常: ('Connection aborted.', RemoteDisconnected('Remote end closed connection without response'))
2026-01-23 09:54:54,300 - INFO - --- 扫描开始 09:54:54 ---
2026-01-23 09:54:54,486 - ERROR - 计算失败 688115: ('Connection aborted.', RemoteDisconnected('Remote end closed connection without response'))
2026-01-23 09:54:54,653 - ERROR - 计算失败 603633: ('Connection aborted.', RemoteDisconnected('Remote end closed connection without response'))
2026-01-23 09:54:54,814 - ERROR - 计算失败 300438: ('Connection aborted.', RemoteDisconnected('Remote end closed connection without response'))
2026-01-23 09:54:54,985 - ERROR - 计算失败 301391: ('Connection aborted.', RemoteDisconnected('Remote end closed connection without response'))
2026-01-23 09:54:54,986 - INFO - 拉取行情中...
2026-01-23 09:55:00,581 - ERROR - 异常: ('Connection aborted.', RemoteDisconnected('Remote end closed connection without response'))
2026-01-23 09:56:00,593 - INFO - --- 扫描开始 09:56:00 ---
2026-01-23 09:56:00,771 - ERROR - 计算失败 688115: ('Connection aborted.', RemoteDisconnected('Remote end closed connection without response'))
2026-01-23 09:56:00,944 - ERROR - 计算失败 603633: ('Connection aborted.', RemoteDisconnected('Remote end closed connection without response'))
2026-01-23 09:56:01,103 - ERROR - 计算失败 300438: ('Connection aborted.', RemoteDisconnected('Remote end closed connection without response'))
2026-01-23 09:56:01,267 - ERROR - 计算失败 301391: ('Connection aborted.', RemoteDisconnected('Remote end closed connection without response'))
2026-01-23 09:56:01,268 - INFO - 拉取行情中...
2026-01-23 09:56:07,537 - ERROR - 异常: ('Connection aborted.', RemoteDisconnected('Remote end closed connection without response'))
2026-01-23 09:57:07,549 - INFO - --- 扫描开始 09:57:07 ---
2026-01-23 09:57:07,750 - ERROR - 计算失败 688115: ('Connection aborted.', RemoteDisconnected('Remote end closed connection without response'))
2026-01-23 09:57:07,918 - ERROR - 计算失败 603633: ('Connection aborted.', RemoteDisconnected('Remote end closed connection without response'))
2026-01-23 09:57:08,113 - ERROR - 计算失败 300438: ('Connection aborted.', RemoteDisconnected('Remote end closed connection without response'))
2026-01-23 09:57:08,288 - ERROR - 计算失败 301391: ('Connection aborted.', RemoteDisconnected('Remote end closed connection without response'))
2026-01-23 09:57:08,288 - INFO - 拉取行情中...
2026-01-23 09:57:13,397 - ERROR - 异常: ('Connection aborted.', RemoteDisconnected('Remote end closed connection without response'))
2026-01-23 09:58:13,420 - INFO - --- 扫描开始 09:58:13 ---
2026-01-23 09:58:13,593 - ERROR - 计算失败 688115: ('Connection aborted.', RemoteDisconnected('Remote end closed connection without response'))
2026-01-23 09:58:13,839 - ERROR - 计算失败 603633: ('Connection aborted.', RemoteDisconnected('Remote end closed connection without response'))
2026-01-23 09:58:13,998 - ERROR - 计算失败 300438: ('Connection aborted.', RemoteDisconnected('Remote end closed connection without response'))
2026-01-23 09:58:14,165 - ERROR - 计算失败 301391: ('Connection aborted.', RemoteDisconnected('Remote end closed connection without response'))
2026-01-23 09:58:14,165 - INFO - 拉取行情中...
2026-01-23 09:58:20,234 - ERROR - 异常: ('Connection aborted.', RemoteDisconnected('Remote end closed connection without response'))
2026-01-23 09:59:20,244 - INFO - --- 扫描开始 09:59:20 ---
2026-01-23 09:59:20,354 - ERROR - 计算失败 688115: ('Connection aborted.', RemoteDisconnected('Remote end closed connection without response'))
2026-01-23 09:59:20,443 - ERROR - 计算失败 603633: ('Connection aborted.', RemoteDisconnected('Remote end closed connection without response'))
2026-01-23 09:59:20,563 - ERROR - 计算失败 300438: ('Connection aborted.', RemoteDisconnected('Remote end closed connection without response'))
2026-01-23 09:59:20,658 - ERROR - 计算失败 301391: ('Connection aborted.', RemoteDisconnected('Remote end closed connection without response'))
2026-01-23 09:59:20,659 - INFO - 拉取行情中...
2026-01-23 09:59:25,777 - ERROR - 异常: ('Connection aborted.', RemoteDisconnected('Remote end closed connection without response'))
2026-01-23 10:00:25,790 - INFO - --- 扫描开始 10:00:25 ---
2026-01-23 10:00:25,896 - ERROR - 计算失败 688115: ('Connection aborted.', RemoteDisconnected('Remote end closed connection without response'))
2026-01-23 10:00:25,997 - ERROR - 计算失败 603633: ('Connection aborted.', RemoteDisconnected('Remote end closed connection without response'))
2026-01-23 10:00:26,102 - ERROR - 计算失败 300438: ('Connection aborted.', RemoteDisconnected('Remote end closed connection without response'))
2026-01-23 10:00:26,207 - ERROR - 计算失败 301391: ('Connection aborted.', RemoteDisconnected('Remote end closed connection without response'))
2026-01-23 10:00:26,208 - INFO - 拉取行情中...
2026-01-23 10:00:32,251 - ERROR - 异常: ('Connection aborted.', RemoteDisconnected('Remote end closed connection without response'))
2026-01-23 10:01:32,261 - INFO - --- 扫描开始 10:01:32 ---
2026-01-23 10:01:33,669 - INFO - 拉取行情中...
2026-01-23 10:01:39,122 - ERROR - 异常: ('Connection aborted.', RemoteDisconnected('Remote end closed connection without response'))
2026-01-23 10:02:39,138 - INFO - --- 扫描开始 10:02:39 ---
2026-01-23 10:02:39,917 - INFO - 拉取行情中...
2026-01-23 10:02:46,029 - ERROR - 异常: ('Connection aborted.', RemoteDisconnected('Remote end closed connection without response'))
2026-01-23 10:03:46,043 - INFO - --- 扫描开始 10:03:46 ---
2026-01-23 10:03:46,161 - ERROR - 计算失败 688115: ('Connection aborted.', RemoteDisconnected('Remote end closed connection without response'))
2026-01-23 10:03:46,286 - ERROR - 计算失败 603633: ('Connection aborted.', RemoteDisconnected('Remote end closed connection without response'))
2026-01-23 10:03:46,413 - ERROR - 计算失败 300438: ('Connection aborted.', RemoteDisconnected('Remote end closed connection without response'))
2026-01-23 10:03:46,504 - ERROR - 计算失败 301391: ('Connection aborted.', RemoteDisconnected('Remote end closed connection without response'))
2026-01-23 10:03:46,505 - INFO - 拉取行情中...
2026-01-23 10:03:51,515 - ERROR - 异常: ('Connection aborted.', RemoteDisconnected('Remote end closed connection without response'))
2026-01-23 10:04:51,529 - INFO - --- 扫描开始 10:04:51 ---
2026-01-23 10:04:51,745 - ERROR - 计算失败 688115: ('Connection aborted.', RemoteDisconnected('Remote end closed connection without response'))
2026-01-23 10:04:51,925 - ERROR - 计算失败 603633: ('Connection aborted.', RemoteDisconnected('Remote end closed connection without response'))
2026-01-23 10:04:52,131 - ERROR - 计算失败 300438: ('Connection aborted.', RemoteDisconnected('Remote end closed connection without response'))
2026-01-23 10:04:52,304 - ERROR - 计算失败 301391: ('Connection aborted.', RemoteDisconnected('Remote end closed connection without response'))
2026-01-23 10:04:52,304 - INFO - 拉取行情中...
2026-01-23 10:04:58,783 - ERROR - 异常: ('Connection aborted.', RemoteDisconnected('Remote end closed connection without response'))
2026-01-23 10:05:58,793 - INFO - --- 扫描开始 10:05:58 ---
2026-01-23 10:05:59,037 - ERROR - 计算失败 688115: ('Connection aborted.', RemoteDisconnected('Remote end closed connection without response'))
2026-01-23 10:05:59,276 - ERROR - 计算失败 603633: ('Connection aborted.', RemoteDisconnected('Remote end closed connection without response'))
2026-01-23 10:05:59,452 - ERROR - 计算失败 300438: ('Connection aborted.', RemoteDisconnected('Remote end closed connection without response'))
2026-01-23 10:05:59,815 - ERROR - 计算失败 301391: ('Connection aborted.', RemoteDisconnected('Remote end closed connection without response'))
2026-01-23 10:05:59,816 - INFO - 拉取行情中...
2026-01-23 10:06:05,569 - ERROR - 异常: ('Connection aborted.', RemoteDisconnected('Remote end closed connection without response'))
2026-01-23 10:07:05,580 - INFO - --- 扫描开始 10:07:05 ---
2026-01-23 10:07:05,677 - ERROR - 计算失败 688115: ('Connection aborted.', RemoteDisconnected('Remote end closed connection without response'))
2026-01-23 10:07:05,778 - ERROR - 计算失败 603633: ('Connection aborted.', RemoteDisconnected('Remote end closed connection without response'))
2026-01-23 10:07:05,883 - ERROR - 计算失败 300438: ('Connection aborted.', RemoteDisconnected('Remote end closed connection without response'))
2026-01-23 10:07:05,986 - ERROR - 计算失败 301391: ('Connection aborted.', RemoteDisconnected('Remote end closed connection without response'))
2026-01-23 10:07:05,987 - INFO - 拉取行情中...
2026-01-23 10:07:11,644 - ERROR - 异常: ('Connection aborted.', RemoteDisconnected('Remote end closed connection without response'))
2026-01-23 10:08:11,653 - INFO - --- 扫描开始 10:08:11 ---
2026-01-23 10:08:12,038 - ERROR - 计算失败 688115: ('Connection aborted.', RemoteDisconnected('Remote end closed connection without response'))
2026-01-23 10:08:12,244 - ERROR - 计算失败 603633: ('Connection aborted.', RemoteDisconnected('Remote end closed connection without response'))
2026-01-23 10:08:12,398 - ERROR - 计算失败 300438: ('Connection aborted.', RemoteDisconnected('Remote end closed connection without response'))
2026-01-23 10:08:12,724 - ERROR - 计算失败 301391: ('Connection aborted.', RemoteDisconnected('Remote end closed connection without response'))
2026-01-23 10:08:12,724 - INFO - 拉取行情中...
2026-01-23 10:08:18,535 - ERROR - 异常: ('Connection aborted.', RemoteDisconnected('Remote end closed connection without response'))
2026-01-23 10:09:18,545 - INFO - --- 扫描开始 10:09:18 ---
2026-01-23 10:09:19,052 - ERROR - 计算失败 688115: ('Connection aborted.', RemoteDisconnected('Remote end closed connection without response'))
2026-01-23 10:09:19,654 - ERROR - 计算失败 603633: ('Connection aborted.', RemoteDisconnected('Remote end closed connection without response'))
2026-01-23 10:09:19,906 - ERROR - 计算失败 300438: ('Connection aborted.', RemoteDisconnected('Remote end closed connection without response'))
2026-01-23 10:09:20,208 - ERROR - 计算失败 301391: ('Connection aborted.', RemoteDisconnected('Remote end closed connection without response'))
2026-01-23 10:09:20,208 - INFO - 拉取行情中...
2026-01-23 10:09:26,022 - ERROR - 异常: ('Connection aborted.', RemoteDisconnected('Remote end closed connection without response'))
2026-01-23 10:10:26,032 - INFO - --- 扫描开始 10:10:26 ---
2026-01-23 10:10:26,372 - ERROR - 计算失败 688115: ('Connection aborted.', RemoteDisconnected('Remote end closed connection without response'))
2026-01-23 10:10:26,673 - ERROR - 计算失败 603633: ('Connection aborted.', RemoteDisconnected('Remote end closed connection without response'))
2026-01-23 10:10:26,940 - ERROR - 计算失败 300438: ('Connection aborted.', RemoteDisconnected('Remote end closed connection without response'))
2026-01-23 10:10:27,209 - ERROR - 计算失败 301391: ('Connection aborted.', RemoteDisconnected('Remote end closed connection without response'))
2026-01-23 10:10:27,210 - INFO - 拉取行情中...
2026-01-23 10:10:32,988 - ERROR - 异常: ('Connection aborted.', RemoteDisconnected('Remote end closed connection without response'))
2026-01-23 10:11:33,000 - INFO - --- 扫描开始 10:11:32 ---
2026-01-23 10:11:33,170 - ERROR - 计算失败 688115: ('Connection aborted.', RemoteDisconnected('Remote end closed connection without response'))
2026-01-23 10:11:33,330 - ERROR - 计算失败 603633: ('Connection aborted.', RemoteDisconnected('Remote end closed connection without response'))
2026-01-23 10:11:33,488 - ERROR - 计算失败 300438: ('Connection aborted.', RemoteDisconnected('Remote end closed connection without response'))
2026-01-23 10:11:33,670 - ERROR - 计算失败 301391: ('Connection aborted.', RemoteDisconnected('Remote end closed connection without response'))
2026-01-23 10:11:33,670 - INFO - 拉取行情中...
2026-01-23 10:11:39,204 - ERROR - 异常: ('Connection aborted.', RemoteDisconnected('Remote end closed connection without response'))
2026-01-23 10:12:39,213 - INFO - --- 扫描开始 10:12:39 ---
2026-01-23 10:12:39,398 - ERROR - 计算失败 688115: ('Connection aborted.', RemoteDisconnected('Remote end closed connection without response'))
2026-01-23 10:12:39,595 - ERROR - 计算失败 603633: ('Connection aborted.', RemoteDisconnected('Remote end closed connection without response'))
2026-01-23 10:12:39,784 - ERROR - 计算失败 300438: ('Connection aborted.', RemoteDisconnected('Remote end closed connection without response'))
2026-01-23 10:12:40,026 - ERROR - 计算失败 301391: ('Connection aborted.', RemoteDisconnected('Remote end closed connection without response'))
2026-01-23 10:12:40,026 - INFO - 拉取行情中...
2026-01-23 10:12:45,039 - ERROR - 异常: ('Connection aborted.', RemoteDisconnected('Remote end closed connection without response'))
2026-01-23 10:13:44,974 - INFO - --- 扫描开始 10:13:44 ---
2026-01-23 10:13:45,253 - ERROR - 计算失败 688115: ('Connection aborted.', RemoteDisconnected('Remote end closed connection without response'))
2026-01-23 10:13:45,499 - ERROR - 计算失败 603633: ('Connection aborted.', RemoteDisconnected('Remote end closed connection without response'))
2026-01-23 10:13:45,766 - ERROR - 计算失败 300438: ('Connection aborted.', RemoteDisconnected('Remote end closed connection without response'))
2026-01-23 10:13:46,004 - ERROR - 计算失败 301391: ('Connection aborted.', RemoteDisconnected('Remote end closed connection without response'))
2026-01-23 10:13:46,004 - INFO - 拉取行情中...
2026-01-23 10:13:51,000 - ERROR - 异常: ('Connection aborted.', RemoteDisconnected('Remote end closed connection without response'))
2026-01-23 10:14:51,013 - INFO - --- 扫描开始 10:14:51 ---
2026-01-23 10:14:51,265 - ERROR - 计算失败 688115: ('Connection aborted.', RemoteDisconnected('Remote end closed connection without response'))
2026-01-23 10:14:51,537 - ERROR - 计算失败 603633: ('Connection aborted.', RemoteDisconnected('Remote end closed connection without response'))
2026-01-23 10:14:51,793 - ERROR - 计算失败 300438: ('Connection aborted.', RemoteDisconnected('Remote end closed connection without response'))
2026-01-23 10:14:52,033 - ERROR - 计算失败 301391: ('Connection aborted.', RemoteDisconnected('Remote end closed connection without response'))
2026-01-23 10:14:52,033 - INFO - 拉取行情中...
2026-01-23 10:14:58,117 - ERROR - 异常: ('Connection aborted.', RemoteDisconnected('Remote end closed connection without response'))
2026-01-23 10:15:58,126 - INFO - --- 扫描开始 10:15:58 ---
2026-01-23 10:15:58,414 - ERROR - 计算失败 688115: ('Connection aborted.', RemoteDisconnected('Remote end closed connection without response'))
2026-01-23 10:15:58,724 - ERROR - 计算失败 603633: ('Connection aborted.', RemoteDisconnected('Remote end closed connection without response'))
2026-01-23 10:15:59,073 - ERROR - 计算失败 300438: ('Connection aborted.', RemoteDisconnected('Remote end closed connection without response'))
2026-01-23 10:15:59,365 - ERROR - 计算失败 301391: ('Connection aborted.', RemoteDisconnected('Remote end closed connection without response'))
2026-01-23 10:15:59,365 - INFO - 拉取行情中...
2026-01-23 10:16:04,895 - ERROR - 异常: ('Connection aborted.', RemoteDisconnected('Remote end closed connection without response'))
2026-01-23 10:17:04,907 - INFO - --- 扫描开始 10:17:04 ---
2026-01-23 10:17:05,221 - ERROR - 计算失败 688115: ('Connection aborted.', RemoteDisconnected('Remote end closed connection without response'))
2026-01-23 10:17:05,494 - ERROR - 计算失败 603633: ('Connection aborted.', RemoteDisconnected('Remote end closed connection without response'))
2026-01-23 10:17:05,742 - ERROR - 计算失败 300438: ('Connection aborted.', RemoteDisconnected('Remote end closed connection without response'))
2026-01-23 10:17:05,980 - ERROR - 计算失败 301391: ('Connection aborted.', RemoteDisconnected('Remote end closed connection without response'))
2026-01-23 10:17:05,981 - INFO - 拉取行情中...
2026-01-23 10:17:11,613 - ERROR - 异常: ('Connection aborted.', RemoteDisconnected('Remote end closed connection without response'))
2026-01-23 10:18:11,669 - INFO - --- 扫描开始 10:18:11 ---
2026-01-23 10:18:11,956 - ERROR - 计算失败 688115: ('Connection aborted.', RemoteDisconnected('Remote end closed connection without response'))
2026-01-23 10:18:12,211 - ERROR - 计算失败 603633: ('Connection aborted.', RemoteDisconnected('Remote end closed connection without response'))
2026-01-23 10:18:12,457 - ERROR - 计算失败 300438: ('Connection aborted.', RemoteDisconnected('Remote end closed connection without response'))
2026-01-23 10:18:12,697 - ERROR - 计算失败 301391: ('Connection aborted.', RemoteDisconnected('Remote end closed connection without response'))
2026-01-23 10:18:12,698 - INFO - 拉取行情中...
2026-01-23 10:18:18,295 - ERROR - 异常: ('Connection aborted.', RemoteDisconnected('Remote end closed connection without response'))
2026-01-23 10:19:18,305 - INFO - --- 扫描开始 10:19:18 ---
2026-01-23 10:19:18,449 - ERROR - 计算失败 688115: ('Connection aborted.', RemoteDisconnected('Remote end closed connection without response'))
2026-01-23 10:19:18,546 - ERROR - 计算失败 603633: ('Connection aborted.', RemoteDisconnected('Remote end closed connection without response'))
2026-01-23 10:19:18,631 - ERROR - 计算失败 300438: ('Connection aborted.', RemoteDisconnected('Remote end closed connection without response'))
2026-01-23 10:19:18,769 - ERROR - 计算失败 301391: ('Connection aborted.', RemoteDisconnected('Remote end closed connection without response'))
2026-01-23 10:19:18,769 - INFO - 拉取行情中...
2026-01-23 10:19:24,152 - ERROR - 异常: ('Connection aborted.', RemoteDisconnected('Remote end closed connection without response'))
2026-01-23 10:20:24,163 - INFO - --- 扫描开始 10:20:24 ---
2026-01-23 10:20:24,511 - ERROR - 计算失败 688115: ('Connection aborted.', RemoteDisconnected('Remote end closed connection without response'))
2026-01-23 10:20:24,706 - ERROR - 计算失败 603633: ('Connection aborted.', RemoteDisconnected('Remote end closed connection without response'))
2026-01-23 10:20:24,922 - ERROR - 计算失败 300438: ('Connection aborted.', RemoteDisconnected('Remote end closed connection without response'))
2026-01-23 10:20:25,151 - ERROR - 计算失败 301391: ('Connection aborted.', RemoteDisconnected('Remote end closed connection without response'))
2026-01-23 10:20:25,151 - INFO - 拉取行情中...
2026-01-23 10:20:30,319 - ERROR - 异常: ('Connection aborted.', RemoteDisconnected('Remote end closed connection without response'))
2026-01-23 10:21:30,329 - INFO - --- 扫描开始 10:21:30 ---
2026-01-23 10:21:30,494 - ERROR - 计算失败 688115: ('Connection aborted.', RemoteDisconnected('Remote end closed connection without response'))
2026-01-23 10:21:30,675 - ERROR - 计算失败 603633: ('Connection aborted.', RemoteDisconnected('Remote end closed connection without response'))
2026-01-23 10:21:30,816 - ERROR - 计算失败 300438: ('Connection aborted.', RemoteDisconnected('Remote end closed connection without response'))
2026-01-23 10:21:30,964 - ERROR - 计算失败 301391: ('Connection aborted.', RemoteDisconnected('Remote end closed connection without response'))
2026-01-23 10:21:30,964 - INFO - 拉取行情中...
2026-01-23 10:21:35,341 - ERROR - 异常: ('Connection aborted.', RemoteDisconnected('Remote end closed connection without response'))
2026-01-23 10:22:35,350 - INFO - --- 扫描开始 10:22:35 ---
2026-01-23 10:22:36,581 - INFO - 拉取行情中...
2026-01-23 10:22:41,824 - ERROR - 异常: ('Connection aborted.', RemoteDisconnected('Remote end closed connection without response'))
2026-01-23 10:23:41,833 - INFO - --- 扫描开始 10:23:41 ---
2026-01-23 10:23:43,252 - INFO - 拉取行情中...
2026-01-23 10:24:51,561 - INFO - 初筛命中: 589
2026-01-23 10:24:51,726 - ERROR - 计算失败 000670: ('Connection aborted.', RemoteDisconnected('Remote end closed connection without response'))
2026-01-23 10:24:52,396 - ERROR - 计算失败 000968: ('Connection aborted.', RemoteDisconnected('Remote end closed connection without response'))
2026-01-23 10:24:53,067 - ERROR - 计算失败 603517: ('Connection aborted.', RemoteDisconnected('Remote end closed connection without response'))
2026-01-23 10:24:53,745 - ERROR - 计算失败 002420: ('Connection aborted.', RemoteDisconnected('Remote end closed connection without response'))
2026-01-23 10:24:54,415 - ERROR - 计算失败 001202: ('Connection aborted.', RemoteDisconnected('Remote end closed connection without response'))
2026-01-23 10:24:55,094 - ERROR - 计算失败 000927: ('Connection aborted.', RemoteDisconnected('Remote end closed connection without response'))
2026-01-23 10:24:55,756 - ERROR - 计算失败 000839: ('Connection aborted.', RemoteDisconnected('Remote end closed connection without response'))
2026-01-23 10:24:56,429 - ERROR - 计算失败 605365: ('Connection aborted.', RemoteDisconnected('Remote end closed connection without response'))
2026-01-23 10:24:57,093 - ERROR - 计算失败 600770: ('Connection aborted.', RemoteDisconnected('Remote end closed connection without response'))
2026-01-23 10:24:57,752 - ERROR - 计算失败 300132: ('Connection aborted.', RemoteDisconnected('Remote end closed connection without response'))
2026-01-23 10:24:58,439 - ERROR - 计算失败 603216: ('Connection aborted.', RemoteDisconnected('Remote end closed connection without response'))
2026-01-23 10:24:59,123 - ERROR - 计算失败 002279: ('Connection aborted.', RemoteDisconnected('Remote end closed connection without response'))
2026-01-23 10:24:59,788 - ERROR - 计算失败 600006: ('Connection aborted.', RemoteDisconnected('Remote end closed connection without response'))
2026-01-23 10:25:00,465 - ERROR - 计算失败 300355: ('Connection aborted.', RemoteDisconnected('Remote end closed connection without response'))
2026-01-23 10:25:01,153 - ERROR - 计算失败 300737: ('Connection aborted.', RemoteDisconnected('Remote end closed connection without response'))
2026-01-23 10:25:01,844 - ERROR - 计算失败 688699: ('Connection aborted.', RemoteDisconnected('Remote end closed connection without response'))
2026-01-23 10:25:02,541 - ERROR - 计算失败 605277: ('Connection aborted.', RemoteDisconnected('Remote end closed connection without response'))
2026-01-23 10:25:03,212 - ERROR - 计算失败 300775: ('Connection aborted.', RemoteDisconnected('Remote end closed connection without response'))
2026-01-23 10:25:03,888 - ERROR - 计算失败 688787: ('Connection aborted.', RemoteDisconnected('Remote end closed connection without response'))
2026-01-23 10:25:04,586 - ERROR - 计算失败 300318: ('Connection aborted.', RemoteDisconnected('Remote end closed connection without response'))
2026-01-23 10:25:05,285 - ERROR - 计算失败 002297: ('Connection aborted.', RemoteDisconnected('Remote end closed connection without response'))
2026-01-23 10:25:06,985 - ERROR - 计算失败 300573: ('Connection aborted.', RemoteDisconnected('Remote end closed connection without response'))
2026-01-23 10:25:07,684 - ERROR - 计算失败 300592: ('Connection aborted.', RemoteDisconnected('Remote end closed connection without response'))
2026-01-23 10:25:08,365 - ERROR - 计算失败 688595: ('Connection aborted.', RemoteDisconnected('Remote end closed connection without response'))
2026-01-23 10:25:09,049 - ERROR - 计算失败 601628: ('Connection aborted.', RemoteDisconnected('Remote end closed connection without response'))
2026-01-23 10:25:09,736 - ERROR - 计算失败 000066: ('Connection aborted.', RemoteDisconnected('Remote end closed connection without response'))
2026-01-23 10:25:10,458 - ERROR - 计算失败 688059: ('Connection aborted.', RemoteDisconnected('Remote end closed connection without response'))
2026-01-23 10:25:11,146 - ERROR - 计算失败 002722: ('Connection aborted.', RemoteDisconnected('Remote end closed connection without response'))
2026-01-23 10:25:11,868 - ERROR - 计算失败 002579: ('Connection aborted.', RemoteDisconnected('Remote end closed connection without response'))
2026-01-23 10:25:12,584 - ERROR - 计算失败 688316: ('Connection aborted.', RemoteDisconnected('Remote end closed connection without response'))
2026-01-23 10:25:13,376 - ERROR - 计算失败 001215: ('Connection aborted.', RemoteDisconnected('Remote end closed connection without response'))
2026-01-23 10:25:14,057 - ERROR - 计算失败 301023: ('Connection aborted.', RemoteDisconnected('Remote end closed connection without response'))
2026-01-23 10:25:14,757 - ERROR - 计算失败 002937: ('Connection aborted.', RemoteDisconnected('Remote end closed connection without response'))
2026-01-23 10:25:15,421 - ERROR - 计算失败 001288: ('Connection aborted.', RemoteDisconnected('Remote end closed connection without response'))
2026-01-23 10:25:16,103 - ERROR - 计算失败 301286: ('Connection aborted.', RemoteDisconnected('Remote end closed connection without response'))
2026-01-23 10:25:16,798 - ERROR - 计算失败 002876: ('Connection aborted.', RemoteDisconnected('Remote end closed connection without response'))
2026-01-23 10:25:17,581 - ERROR - 计算失败 301042: ('Connection aborted.', RemoteDisconnected('Remote end closed connection without response'))
2026-01-23 10:25:18,258 - ERROR - 计算失败 301320: ('Connection aborted.', RemoteDisconnected('Remote end closed connection without response'))
2026-01-23 10:25:19,064 - ERROR - 计算失败 688082: ('Connection aborted.', RemoteDisconnected('Remote end closed connection without response'))
2026-01-23 10:25:19,790 - ERROR - 计算失败 002290: ('Connection aborted.', RemoteDisconnected('Remote end closed connection without response'))
2026-01-23 10:25:20,459 - ERROR - 计算失败 002913: ('Connection aborted.', RemoteDisconnected('Remote end closed connection without response'))
2026-01-23 10:25:21,632 - ERROR - 计算失败 688377: ('Connection aborted.', RemoteDisconnected('Remote end closed connection without response'))
2026-01-23 10:25:22,322 - ERROR - 计算失败 603010: ('Connection aborted.', RemoteDisconnected('Remote end closed connection without response'))
2026-01-23 10:25:23,029 - ERROR - 计算失败 920892: ('Connection aborted.', RemoteDisconnected('Remote end closed connection without response'))
2026-01-23 10:25:23,707 - ERROR - 计算失败 603001: ('Connection aborted.', RemoteDisconnected('Remote end closed connection without response'))
2026-01-23 10:25:24,368 - ERROR - 计算失败 300956: ('Connection aborted.', RemoteDisconnected('Remote end closed connection without response'))
2026-01-23 10:25:25,033 - ERROR - 计算失败 688150: ('Connection aborted.', RemoteDisconnected('Remote end closed connection without response'))
2026-01-23 10:25:25,698 - ERROR - 计算失败 603080: ('Connection aborted.', RemoteDisconnected('Remote end closed connection without response'))
2026-01-23 10:25:26,376 - ERROR - 计算失败 300153: ('Connection aborted.', RemoteDisconnected('Remote end closed connection without response'))
2026-01-23 10:25:27,055 - ERROR - 计算失败 001386: ('Connection aborted.', RemoteDisconnected('Remote end closed connection without response'))
2026-01-23 10:30:27,573 - INFO - --- 扫描开始 10:30:27 ---
2026-01-23 10:30:28,041 - INFO - 拉取行情中...
2026-01-23 10:30:33,173 - ERROR - 异常: ('Connection aborted.', RemoteDisconnected('Remote end closed connection without response'))
2026-01-23 10:31:33,182 - INFO - --- 扫描开始 10:31:33 ---
2026-01-23 10:31:33,700 - INFO - 拉取行情中...
2026-01-23 10:31:38,825 - ERROR - 异常: ('Connection aborted.', RemoteDisconnected('Remote end closed connection without response'))
2026-01-23 10:32:38,836 - INFO - --- 扫描开始 10:32:38 ---
2026-01-23 10:32:39,910 - INFO - 拉取行情中...
2026-01-23 10:32:45,996 - ERROR - 异常: ('Connection aborted.', RemoteDisconnected('Remote end closed connection without response'))
2026-01-23 10:33:46,010 - INFO - --- 扫描开始 10:33:46 ---
2026-01-23 10:33:47,104 - INFO - 拉取行情中...
2026-01-23 10:33:52,791 - ERROR - 异常: ('Connection aborted.', RemoteDisconnected('Remote end closed connection without response'))
2026-01-23 10:34:52,800 - INFO - --- 扫描开始 10:34:52 ---
2026-01-23 10:34:53,379 - INFO - 拉取行情中...
2026-01-23 10:34:58,934 - ERROR - 异常: ('Connection aborted.', RemoteDisconnected('Remote end closed connection without response'))
2026-01-23 10:35:58,943 - INFO - --- 扫描开始 10:35:58 ---
2026-01-23 10:35:59,945 - INFO - 拉取行情中...
2026-01-23 10:36:05,123 - ERROR - 异常: ('Connection aborted.', RemoteDisconnected('Remote end closed connection without response'))
2026-01-23 10:37:05,134 - INFO - --- 扫描开始 10:37:05 ---
2026-01-23 10:37:05,903 - INFO - 拉取行情中...
2026-01-23 10:37:11,263 - ERROR - 异常: ('Connection aborted.', RemoteDisconnected('Remote end closed connection without response'))
2026-01-23 10:38:11,274 - INFO - --- 扫描开始 10:38:11 ---
2026-01-23 10:38:11,959 - INFO - 拉取行情中...
2026-01-23 10:38:18,207 - ERROR - 异常: ('Connection aborted.', RemoteDisconnected('Remote end closed connection without response'))
2026-01-23 10:39:18,217 - INFO - --- 扫描开始 10:39:18 ---
2026-01-23 10:39:19,043 - INFO - 拉取行情中...
2026-01-23 10:39:24,688 - ERROR - 异常: ('Connection aborted.', RemoteDisconnected('Remote end closed connection without response'))
2026-01-23 10:40:24,693 - INFO - --- 扫描开始 10:40:24 ---
2026-01-23 10:40:25,562 - INFO - 拉取行情中...
2026-01-23 10:40:32,228 - ERROR - 异常: ('Connection aborted.', RemoteDisconnected('Remote end closed connection without response'))
2026-01-23 10:41:32,240 - INFO - --- 扫描开始 10:41:32 ---
2026-01-23 10:41:32,967 - INFO - 拉取行情中...
2026-01-23 10:41:39,080 - ERROR - 异常: ('Connection aborted.', RemoteDisconnected('Remote end closed connection without response'))
2026-01-23 10:42:39,090 - INFO - --- 扫描开始 10:42:39 ---
2026-01-23 10:42:39,734 - INFO - 拉取行情中...
2026-01-23 10:42:45,562 - ERROR - 异常: ('Connection aborted.', RemoteDisconnected('Remote end closed connection without response'))
2026-01-23 10:43:45,568 - INFO - --- 扫描开始 10:43:45 ---
2026-01-23 10:43:46,350 - INFO - 拉取行情中...
2026-01-23 10:43:52,174 - ERROR - 异常: ('Connection aborted.', RemoteDisconnected('Remote end closed connection without response'))
2026-01-23 10:44:52,181 - INFO - --- 扫描开始 10:44:52 ---
2026-01-23 10:44:53,315 - INFO - 拉取行情中...
2026-01-23 10:44:58,920 - ERROR - 异常: ('Connection aborted.', RemoteDisconnected('Remote end closed connection without response'))
2026-01-23 10:45:58,928 - INFO - --- 扫描开始 10:45:58 ---
2026-01-23 10:45:59,388 - INFO - 拉取行情中...
2026-01-23 10:46:04,868 - ERROR - 异常: ('Connection aborted.', RemoteDisconnected('Remote end closed connection without response'))
2026-01-23 10:47:04,871 - INFO - --- 扫描开始 10:47:04 ---
2026-01-23 10:47:05,042 - ERROR - 计算失败 688115: ('Connection aborted.', RemoteDisconnected('Remote end closed connection without response'))
2026-01-23 10:47:05,207 - ERROR - 计算失败 603633: ('Connection aborted.', RemoteDisconnected('Remote end closed connection without response'))
2026-01-23 10:47:05,369 - ERROR - 计算失败 300438: ('Connection aborted.', RemoteDisconnected('Remote end closed connection without response'))
2026-01-23 10:47:05,524 - ERROR - 计算失败 301391: ('Connection aborted.', RemoteDisconnected('Remote end closed connection without response'))
2026-01-23 10:47:05,525 - INFO - 拉取行情中...
2026-01-23 10:47:10,833 - ERROR - 异常: ('Connection aborted.', RemoteDisconnected('Remote end closed connection without response'))
2026-01-23 10:48:10,842 - INFO - --- 扫描开始 10:48:10 ---
2026-01-23 10:48:11,006 - ERROR - 计算失败 688115: ('Connection aborted.', RemoteDisconnected('Remote end closed connection without response'))
2026-01-23 10:48:11,163 - ERROR - 计算失败 603633: ('Connection aborted.', RemoteDisconnected('Remote end closed connection without response'))
2026-01-23 10:48:11,324 - ERROR - 计算失败 300438: ('Connection aborted.', RemoteDisconnected('Remote end closed connection without response'))
2026-01-23 10:48:11,478 - ERROR - 计算失败 301391: ('Connection aborted.', RemoteDisconnected('Remote end closed connection without response'))
2026-01-23 10:48:11,478 - INFO - 拉取行情中...
2026-01-23 10:48:17,233 - ERROR - 异常: ('Connection aborted.', RemoteDisconnected('Remote end closed connection without response'))
2026-01-23 10:49:17,244 - INFO - --- 扫描开始 10:49:17 ---
2026-01-23 10:49:17,484 - ERROR - 计算失败 688115: ('Connection aborted.', RemoteDisconnected('Remote end closed connection without response'))
2026-01-23 10:49:17,653 - ERROR - 计算失败 603633: ('Connection aborted.', RemoteDisconnected('Remote end closed connection without response'))
2026-01-23 10:49:17,815 - ERROR - 计算失败 300438: ('Connection aborted.', RemoteDisconnected('Remote end closed connection without response'))
2026-01-23 10:49:17,969 - ERROR - 计算失败 301391: ('Connection aborted.', RemoteDisconnected('Remote end closed connection without response'))
2026-01-23 10:49:17,970 - INFO - 拉取行情中...
2026-01-23 10:49:23,862 - ERROR - 异常: ('Connection aborted.', RemoteDisconnected('Remote end closed connection without response'))
2026-01-23 10:50:23,873 - INFO - --- 扫描开始 10:50:23 ---
2026-01-23 10:50:24,000 - ERROR - 计算失败 688115: ('Connection aborted.', RemoteDisconnected('Remote end closed connection without response'))
2026-01-23 10:50:24,095 - ERROR - 计算失败 603633: ('Connection aborted.', RemoteDisconnected('Remote end closed connection without response'))
2026-01-23 10:50:24,461 - ERROR - 计算失败 301391: ('Connection aborted.', RemoteDisconnected('Remote end closed connection without response'))
2026-01-23 10:50:24,461 - INFO - 拉取行情中...
2026-01-23 10:50:30,633 - ERROR - 异常: ('Connection aborted.', RemoteDisconnected('Remote end closed connection without response'))
2026-01-23 10:51:30,644 - INFO - --- 扫描开始 10:51:30 ---
2026-01-23 10:51:30,756 - ERROR - 计算失败 688115: ('Connection aborted.', RemoteDisconnected('Remote end closed connection without response'))
2026-01-23 10:51:30,869 - ERROR - 计算失败 603633: ('Connection aborted.', RemoteDisconnected('Remote end closed connection without response'))
2026-01-23 10:51:30,964 - ERROR - 计算失败 300438: ('Connection aborted.', RemoteDisconnected('Remote end closed connection without response'))
2026-01-23 10:51:31,057 - ERROR - 计算失败 301391: ('Connection aborted.', RemoteDisconnected('Remote end closed connection without response'))
2026-01-23 10:51:31,057 - INFO - 拉取行情中...
2026-01-23 10:51:36,651 - ERROR - 异常: ('Connection aborted.', RemoteDisconnected('Remote end closed connection without response'))
2026-01-23 10:52:36,660 - INFO - --- 扫描开始 10:52:36 ---
2026-01-23 10:52:36,921 - ERROR - 计算失败 688115: ('Connection aborted.', RemoteDisconnected('Remote end closed connection without response'))
2026-01-23 10:52:37,089 - ERROR - 计算失败 603633: ('Connection aborted.', RemoteDisconnected('Remote end closed connection without response'))
2026-01-23 10:52:37,274 - ERROR - 计算失败 300438: ('Connection aborted.', RemoteDisconnected('Remote end closed connection without response'))
2026-01-23 10:52:37,418 - ERROR - 计算失败 301391: ('Connection aborted.', RemoteDisconnected('Remote end closed connection without response'))
2026-01-23 10:52:37,418 - INFO - 拉取行情中...
2026-01-23 10:52:43,056 - ERROR - 异常: ('Connection aborted.', RemoteDisconnected('Remote end closed connection without response'))
2026-01-23 10:53:43,071 - INFO - --- 扫描开始 10:53:43 ---
2026-01-23 10:53:43,269 - ERROR - 计算失败 688115: ('Connection aborted.', RemoteDisconnected('Remote end closed connection without response'))
2026-01-23 10:53:43,432 - ERROR - 计算失败 603633: ('Connection aborted.', RemoteDisconnected('Remote end closed connection without response'))
2026-01-23 10:53:43,590 - ERROR - 计算失败 300438: ('Connection aborted.', RemoteDisconnected('Remote end closed connection without response'))
2026-01-23 10:53:43,756 - ERROR - 计算失败 301391: ('Connection aborted.', RemoteDisconnected('Remote end closed connection without response'))
2026-01-23 10:53:43,756 - INFO - 拉取行情中...
2026-01-23 10:53:49,221 - ERROR - 异常: ('Connection aborted.', RemoteDisconnected('Remote end closed connection without response'))
2026-01-23 10:54:49,226 - INFO - --- 扫描开始 10:54:49 ---
2026-01-23 10:54:49,485 - ERROR - 计算失败 688115: ('Connection aborted.', RemoteDisconnected('Remote end closed connection without response'))
2026-01-23 10:54:49,728 - ERROR - 计算失败 603633: ('Connection aborted.', RemoteDisconnected('Remote end closed connection without response'))
2026-01-23 10:54:50,003 - ERROR - 计算失败 300438: ('Connection aborted.', RemoteDisconnected('Remote end closed connection without response'))
2026-01-23 10:54:50,248 - ERROR - 计算失败 301391: ('Connection aborted.', RemoteDisconnected('Remote end closed connection without response'))
2026-01-23 10:54:50,248 - INFO - 拉取行情中...
2026-01-23 10:54:55,592 - ERROR - 异常: ('Connection aborted.', RemoteDisconnected('Remote end closed connection without response'))
2026-01-23 10:55:55,602 - INFO - --- 扫描开始 10:55:55 ---
2026-01-23 10:55:55,780 - ERROR - 计算失败 688115: ('Connection aborted.', RemoteDisconnected('Remote end closed connection without response'))
2026-01-23 10:55:55,919 - ERROR - 计算失败 603633: ('Connection aborted.', RemoteDisconnected('Remote end closed connection without response'))
2026-01-23 10:55:56,064 - ERROR - 计算失败 300438: ('Connection aborted.', RemoteDisconnected('Remote end closed connection without response'))
2026-01-23 10:55:56,193 - ERROR - 计算失败 301391: ('Connection aborted.', RemoteDisconnected('Remote end closed connection without response'))
2026-01-23 10:55:56,194 - INFO - 拉取行情中...
2026-01-23 10:56:01,748 - ERROR - 异常: ('Connection aborted.', RemoteDisconnected('Remote end closed connection without response'))
2026-01-23 10:57:01,760 - INFO - --- 扫描开始 10:57:01 ---
2026-01-23 10:57:01,976 - ERROR - 计算失败 688115: ('Connection aborted.', RemoteDisconnected('Remote end closed connection without response'))
2026-01-23 10:57:02,137 - ERROR - 计算失败 603633: ('Connection aborted.', RemoteDisconnected('Remote end closed connection without response'))
2026-01-23 10:57:02,282 - ERROR - 计算失败 300438: ('Connection aborted.', RemoteDisconnected('Remote end closed connection without response'))
2026-01-23 10:57:02,433 - ERROR - 计算失败 301391: ('Connection aborted.', RemoteDisconnected('Remote end closed connection without response'))
2026-01-23 10:57:02,433 - INFO - 拉取行情中...
2026-01-23 10:57:07,727 - ERROR - 异常: ('Connection aborted.', RemoteDisconnected('Remote end closed connection without response'))
2026-01-23 10:58:07,740 - INFO - --- 扫描开始 10:58:07 ---
2026-01-23 10:58:07,907 - ERROR - 计算失败 688115: ('Connection aborted.', RemoteDisconnected('Remote end closed connection without response'))
2026-01-23 10:58:08,066 - ERROR - 计算失败 603633: ('Connection aborted.', RemoteDisconnected('Remote end closed connection without response'))
2026-01-23 10:58:08,215 - ERROR - 计算失败 300438: ('Connection aborted.', RemoteDisconnected('Remote end closed connection without response'))
2026-01-23 10:58:08,358 - ERROR - 计算失败 301391: ('Connection aborted.', RemoteDisconnected('Remote end closed connection without response'))
2026-01-23 10:58:08,358 - INFO - 拉取行情中...
2026-01-23 10:58:14,134 - ERROR - 异常: ('Connection aborted.', RemoteDisconnected('Remote end closed connection without response'))
2026-01-23 10:59:14,153 - INFO - --- 扫描开始 10:59:14 ---
2026-01-23 10:59:14,324 - ERROR - 计算失败 688115: ('Connection aborted.', RemoteDisconnected('Remote end closed connection without response'))
2026-01-23 10:59:14,481 - ERROR - 计算失败 603633: ('Connection aborted.', RemoteDisconnected('Remote end closed connection without response'))
2026-01-23 10:59:14,650 - ERROR - 计算失败 300438: ('Connection aborted.', RemoteDisconnected('Remote end closed connection without response'))
2026-01-23 10:59:14,797 - ERROR - 计算失败 301391: ('Connection aborted.', RemoteDisconnected('Remote end closed connection without response'))
2026-01-23 10:59:14,798 - INFO - 拉取行情中...
2026-01-23 10:59:20,326 - ERROR - 异常: ('Connection aborted.', RemoteDisconnected('Remote end closed connection without response'))
2026-01-23 11:00:20,334 - INFO - --- 扫描开始 11:00:20 ---
2026-01-23 11:00:20,498 - ERROR - 计算失败 688115: ('Connection aborted.', RemoteDisconnected('Remote end closed connection without response'))
2026-01-23 11:00:20,672 - ERROR - 计算失败 603633: ('Connection aborted.', RemoteDisconnected('Remote end closed connection without response'))
2026-01-23 11:00:20,842 - ERROR - 计算失败 300438: ('Connection aborted.', RemoteDisconnected('Remote end closed connection without response'))
2026-01-23 11:00:21,017 - ERROR - 计算失败 301391: ('Connection aborted.', RemoteDisconnected('Remote end closed connection without response'))
2026-01-23 11:00:21,017 - INFO - 拉取行情中...
2026-01-23 11:00:26,603 - ERROR - 异常: ('Connection aborted.', RemoteDisconnected('Remote end closed connection without response'))
2026-01-23 11:01:26,646 - INFO - --- 扫描开始 11:01:26 ---
2026-01-23 11:01:26,918 - ERROR - 计算失败 688115: ('Connection aborted.', RemoteDisconnected('Remote end closed connection without response'))
2026-01-23 11:01:27,191 - ERROR - 计算失败 603633: ('Connection aborted.', RemoteDisconnected('Remote end closed connection without response'))
2026-01-23 11:01:27,452 - ERROR - 计算失败 300438: ('Connection aborted.', RemoteDisconnected('Remote end closed connection without response'))
2026-01-23 11:01:27,708 - ERROR - 计算失败 301391: ('Connection aborted.', RemoteDisconnected('Remote end closed connection without response'))
2026-01-23 11:01:27,708 - INFO - 拉取行情中...
2026-01-23 11:01:32,658 - ERROR - 异常: ('Connection aborted.', RemoteDisconnected('Remote end closed connection without response'))
2026-01-23 11:02:32,665 - INFO - --- 扫描开始 11:02:32 ---
2026-01-23 11:02:32,929 - ERROR - 计算失败 688115: ('Connection aborted.', RemoteDisconnected('Remote end closed connection without response'))
2026-01-23 11:02:33,190 - ERROR - 计算失败 603633: ('Connection aborted.', RemoteDisconnected('Remote end closed connection without response'))
2026-01-23 11:02:33,530 - ERROR - 计算失败 300438: ('Connection aborted.', RemoteDisconnected('Remote end closed connection without response'))
2026-01-23 11:02:33,943 - ERROR - 计算失败 301391: ('Connection aborted.', RemoteDisconnected('Remote end closed connection without response'))
2026-01-23 11:02:33,943 - INFO - 拉取行情中...
2026-01-23 11:03:48,524 - INFO - 初筛命中: 458
2026-01-23 11:03:48,668 - ERROR - 计算失败 000670: ('Connection aborted.', RemoteDisconnected('Remote end closed connection without response'))
2026-01-23 11:03:49,363 - ERROR - 计算失败 603517: ('Connection aborted.', RemoteDisconnected('Remote end closed connection without response'))
2026-01-23 11:03:50,010 - ERROR - 计算失败 000968: ('Connection aborted.', RemoteDisconnected('Remote end closed connection without response'))
2026-01-23 11:03:50,679 - ERROR - 计算失败 002131: ('Connection aborted.', RemoteDisconnected('Remote end closed connection without response'))
2026-01-23 11:03:51,324 - ERROR - 计算失败 002420: ('Connection aborted.', RemoteDisconnected('Remote end closed connection without response'))
2026-01-23 11:03:51,978 - ERROR - 计算失败 001202: ('Connection aborted.', RemoteDisconnected('Remote end closed connection without response'))
2026-01-23 11:03:52,640 - ERROR - 计算失败 000927: ('Connection aborted.', RemoteDisconnected('Remote end closed connection without response'))
2026-01-23 11:03:53,311 - ERROR - 计算失败 600770: ('Connection aborted.', RemoteDisconnected('Remote end closed connection without response'))
2026-01-23 11:03:54,775 - ERROR - 计算失败 605365: ('Connection aborted.', RemoteDisconnected('Remote end closed connection without response'))
2026-01-23 11:03:55,420 - ERROR - 计算失败 603608: ('Connection aborted.', RemoteDisconnected('Remote end closed connection without response'))
2026-01-23 11:03:56,094 - ERROR - 计算失败 300132: ('Connection aborted.', RemoteDisconnected('Remote end closed connection without response'))
2026-01-23 11:03:56,737 - ERROR - 计算失败 300737: ('Connection aborted.', RemoteDisconnected('Remote end closed connection without response'))
2026-01-23 11:03:57,380 - ERROR - 计算失败 300355: ('Connection aborted.', RemoteDisconnected('Remote end closed connection without response'))
2026-01-23 11:03:58,030 - ERROR - 计算失败 600006: ('Connection aborted.', RemoteDisconnected('Remote end closed connection without response'))
2026-01-23 11:03:58,699 - ERROR - 计算失败 002279: ('Connection aborted.', RemoteDisconnected('Remote end closed connection without response'))
2026-01-23 11:03:59,382 - ERROR - 计算失败 605277: ('Connection aborted.', RemoteDisconnected('Remote end closed connection without response'))
2026-01-23 11:04:00,039 - ERROR - 计算失败 688699: ('Connection aborted.', RemoteDisconnected('Remote end closed connection without response'))
2026-01-23 11:04:00,689 - ERROR - 计算失败 601628: ('Connection aborted.', RemoteDisconnected('Remote end closed connection without response'))
2026-01-23 11:04:01,370 - ERROR - 计算失败 300775: ('Connection aborted.', RemoteDisconnected('Remote end closed connection without response'))
2026-01-23 11:04:02,028 - ERROR - 计算失败 300671: ('Connection aborted.', RemoteDisconnected('Remote end closed connection without response'))
2026-01-23 11:04:02,686 - ERROR - 计算失败 300592: ('Connection aborted.', RemoteDisconnected('Remote end closed connection without response'))
2026-01-23 11:04:03,345 - ERROR - 计算失败 002297: ('Connection aborted.', RemoteDisconnected('Remote end closed connection without response'))
2026-01-23 11:04:04,005 - ERROR - 计算失败 300318: ('Connection aborted.', RemoteDisconnected('Remote end closed connection without response'))
2026-01-23 11:04:04,672 - ERROR - 计算失败 688787: ('Connection aborted.', RemoteDisconnected('Remote end closed connection without response'))
2026-01-23 11:04:05,412 - ERROR - 计算失败 000066: ('Connection aborted.', RemoteDisconnected('Remote end closed connection without response'))
2026-01-23 11:04:06,049 - ERROR - 计算失败 603001: ('Connection aborted.', RemoteDisconnected('Remote end closed connection without response'))
2026-01-23 11:04:06,714 - ERROR - 计算失败 688595: ('Connection aborted.', RemoteDisconnected('Remote end closed connection without response'))
2026-01-23 11:04:07,381 - ERROR - 计算失败 688316: ('Connection aborted.', RemoteDisconnected('Remote end closed connection without response'))
2026-01-23 11:04:08,061 - ERROR - 计算失败 002579: ('Connection aborted.', RemoteDisconnected('Remote end closed connection without response'))
2026-01-23 11:04:08,718 - ERROR - 计算失败 300573: ('Connection aborted.', RemoteDisconnected('Remote end closed connection without response'))
2026-01-23 11:04:09,380 - ERROR - 计算失败 688059: ('Connection aborted.', RemoteDisconnected('Remote end closed connection without response'))
2026-01-23 11:04:10,052 - ERROR - 计算失败 301023: ('Connection aborted.', RemoteDisconnected('Remote end closed connection without response'))
2026-01-23 11:04:10,730 - ERROR - 计算失败 001215: ('Connection aborted.', RemoteDisconnected('Remote end closed connection without response'))
2026-01-23 11:04:11,392 - ERROR - 计算失败 001288: ('Connection aborted.', RemoteDisconnected('Remote end closed connection without response'))
2026-01-23 11:04:12,051 - ERROR - 计算失败 002876: ('Connection aborted.', RemoteDisconnected('Remote end closed connection without response'))
2026-01-23 11:04:12,710 - ERROR - 计算失败 688082: ('Connection aborted.', RemoteDisconnected('Remote end closed connection without response'))
2026-01-23 11:04:13,375 - ERROR - 计算失败 002937: ('Connection aborted.', RemoteDisconnected('Remote end closed connection without response'))
2026-01-23 11:04:14,071 - ERROR - 计算失败 300190: ('Connection aborted.', RemoteDisconnected('Remote end closed connection without response'))
2026-01-23 11:04:14,748 - ERROR - 计算失败 301320: ('Connection aborted.', RemoteDisconnected('Remote end closed connection without response'))
2026-01-23 11:04:15,416 - ERROR - 计算失败 002290: ('Connection aborted.', RemoteDisconnected('Remote end closed connection without response'))
2026-01-23 11:04:16,080 - ERROR - 计算失败 301286: ('Connection aborted.', RemoteDisconnected('Remote end closed connection without response'))
2026-01-23 11:04:16,722 - ERROR - 计算失败 002913: ('Connection aborted.', RemoteDisconnected('Remote end closed connection without response'))
2026-01-23 11:04:17,383 - ERROR - 计算失败 301042: ('Connection aborted.', RemoteDisconnected('Remote end closed connection without response'))
2026-01-23 11:04:18,077 - ERROR - 计算失败 301068: ('Connection aborted.', RemoteDisconnected('Remote end closed connection without response'))
2026-01-23 11:04:18,735 - ERROR - 计算失败 688377: ('Connection aborted.', RemoteDisconnected('Remote end closed connection without response'))
2026-01-23 11:04:19,403 - ERROR - 计算失败 603619: ('Connection aborted.', RemoteDisconnected('Remote end closed connection without response'))
2026-01-23 11:04:20,863 - ERROR - 计算失败 688150: ('Connection aborted.', RemoteDisconnected('Remote end closed connection without response'))
2026-01-23 11:04:21,533 - ERROR - 计算失败 300696: ('Connection aborted.', RemoteDisconnected('Remote end closed connection without response'))
2026-01-23 11:09:22,042 - INFO - --- 扫描开始 11:09:22 ---
2026-01-23 11:09:22,184 - ERROR - 计算失败 688115: ('Connection aborted.', RemoteDisconnected('Remote end closed connection without response'))
2026-01-23 11:09:22,375 - ERROR - 计算失败 603633: ('Connection aborted.', RemoteDisconnected('Remote end closed connection without response'))
2026-01-23 11:09:22,517 - ERROR - 计算失败 300438: ('Connection aborted.', RemoteDisconnected('Remote end closed connection without response'))
2026-01-23 11:09:22,624 - ERROR - 计算失败 301391: ('Connection aborted.', RemoteDisconnected('Remote end closed connection without response'))
2026-01-23 11:09:22,624 - INFO - 拉取行情中...
2026-01-23 11:09:28,917 - ERROR - 异常: ('Connection aborted.', RemoteDisconnected('Remote end closed connection without response'))
2026-01-23 11:10:28,926 - INFO - --- 扫描开始 11:10:28 ---
2026-01-23 11:10:29,106 - ERROR - 计算失败 688115: ('Connection aborted.', RemoteDisconnected('Remote end closed connection without response'))
2026-01-23 11:10:29,271 - ERROR - 计算失败 603633: ('Connection aborted.', RemoteDisconnected('Remote end closed connection without response'))
2026-01-23 11:10:29,437 - ERROR - 计算失败 300438: ('Connection aborted.', RemoteDisconnected('Remote end closed connection without response'))
2026-01-23 11:10:29,614 - ERROR - 计算失败 301391: ('Connection aborted.', RemoteDisconnected('Remote end closed connection without response'))
2026-01-23 11:10:29,614 - INFO - 拉取行情中...
2026-01-23 11:10:35,762 - ERROR - 异常: ('Connection aborted.', RemoteDisconnected('Remote end closed connection without response'))
2026-01-23 11:11:35,771 - INFO - --- 扫描开始 11:11:35 ---
2026-01-23 11:11:35,934 - ERROR - 计算失败 688115: ('Connection aborted.', RemoteDisconnected('Remote end closed connection without response'))
2026-01-23 11:11:36,084 - ERROR - 计算失败 603633: ('Connection aborted.', RemoteDisconnected('Remote end closed connection without response'))
2026-01-23 11:11:36,237 - ERROR - 计算失败 300438: ('Connection aborted.', RemoteDisconnected('Remote end closed connection without response'))
2026-01-23 11:11:36,422 - ERROR - 计算失败 301391: ('Connection aborted.', RemoteDisconnected('Remote end closed connection without response'))
2026-01-23 11:11:36,423 - INFO - 拉取行情中...
2026-01-23 11:11:42,262 - ERROR - 异常: ('Connection aborted.', RemoteDisconnected('Remote end closed connection without response'))
2026-01-23 11:12:42,274 - INFO - --- 扫描开始 11:12:42 ---
2026-01-23 11:12:42,543 - ERROR - 计算失败 688115: ('Connection aborted.', RemoteDisconnected('Remote end closed connection without response'))
2026-01-23 11:12:42,825 - ERROR - 计算失败 603633: ('Connection aborted.', RemoteDisconnected('Remote end closed connection without response'))
2026-01-23 11:12:43,066 - ERROR - 计算失败 300438: ('Connection aborted.', RemoteDisconnected('Remote end closed connection without response'))
2026-01-23 11:12:43,305 - ERROR - 计算失败 301391: ('Connection aborted.', RemoteDisconnected('Remote end closed connection without response'))
2026-01-23 11:12:43,305 - INFO - 拉取行情中...
2026-01-23 11:12:48,814 - ERROR - 异常: ('Connection aborted.', RemoteDisconnected('Remote end closed connection without response'))
2026-01-23 11:13:48,823 - INFO - --- 扫描开始 11:13:48 ---
2026-01-23 11:13:49,115 - ERROR - 计算失败 688115: ('Connection aborted.', RemoteDisconnected('Remote end closed connection without response'))
2026-01-23 11:13:49,372 - ERROR - 计算失败 603633: ('Connection aborted.', RemoteDisconnected('Remote end closed connection without response'))
2026-01-23 11:13:49,617 - ERROR - 计算失败 300438: ('Connection aborted.', RemoteDisconnected('Remote end closed connection without response'))
2026-01-23 11:13:49,852 - ERROR - 计算失败 301391: ('Connection aborted.', RemoteDisconnected('Remote end closed connection without response'))
2026-01-23 11:13:49,852 - INFO - 拉取行情中...
2026-01-23 11:13:55,097 - ERROR - 异常: ('Connection aborted.', RemoteDisconnected('Remote end closed connection without response'))
2026-01-23 11:14:55,105 - INFO - --- 扫描开始 11:14:55 ---
2026-01-23 11:14:55,294 - ERROR - 计算失败 688115: ('Connection aborted.', RemoteDisconnected('Remote end closed connection without response'))
2026-01-23 11:14:55,454 - ERROR - 计算失败 603633: ('Connection aborted.', RemoteDisconnected('Remote end closed connection without response'))
2026-01-23 11:14:55,618 - ERROR - 计算失败 300438: ('Connection aborted.', RemoteDisconnected('Remote end closed connection without response'))
2026-01-23 11:14:55,788 - ERROR - 计算失败 301391: ('Connection aborted.', RemoteDisconnected('Remote end closed connection without response'))
2026-01-23 11:14:55,788 - INFO - 拉取行情中...
2026-01-23 11:15:01,681 - ERROR - 异常: ('Connection aborted.', RemoteDisconnected('Remote end closed connection without response'))
2026-01-23 11:16:01,689 - INFO - --- 扫描开始 11:16:01 ---
2026-01-23 11:16:01,852 - ERROR - 计算失败 688115: ('Connection aborted.', RemoteDisconnected('Remote end closed connection without response'))
2026-01-23 11:16:02,018 - ERROR - 计算失败 603633: ('Connection aborted.', RemoteDisconnected('Remote end closed connection without response'))
2026-01-23 11:16:02,183 - ERROR - 计算失败 300438: ('Connection aborted.', RemoteDisconnected('Remote end closed connection without response'))
2026-01-23 11:16:02,388 - ERROR - 计算失败 301391: ('Connection aborted.', RemoteDisconnected('Remote end closed connection without response'))
2026-01-23 11:16:02,389 - INFO - 拉取行情中...
2026-01-23 11:16:07,577 - ERROR - 异常: ('Connection aborted.', RemoteDisconnected('Remote end closed connection without response'))
2026-01-23 11:17:07,587 - INFO - --- 扫描开始 11:17:07 ---
2026-01-23 11:17:07,807 - ERROR - 计算失败 688115: ('Connection aborted.', RemoteDisconnected('Remote end closed connection without response'))
2026-01-23 11:17:08,012 - ERROR - 计算失败 603633: ('Connection aborted.', RemoteDisconnected('Remote end closed connection without response'))
2026-01-23 11:17:08,243 - ERROR - 计算失败 300438: ('Connection aborted.', RemoteDisconnected('Remote end closed connection without response'))
2026-01-23 11:17:08,466 - ERROR - 计算失败 301391: ('Connection aborted.', RemoteDisconnected('Remote end closed connection without response'))
2026-01-23 11:17:08,467 - INFO - 拉取行情中...
2026-01-23 11:17:14,507 - ERROR - 异常: ('Connection aborted.', RemoteDisconnected('Remote end closed connection without response'))
2026-01-23 11:18:14,515 - INFO - --- 扫描开始 11:18:14 ---
2026-01-23 11:18:14,735 - ERROR - 计算失败 688115: ('Connection aborted.', RemoteDisconnected('Remote end closed connection without response'))
2026-01-23 11:18:14,969 - ERROR - 计算失败 603633: ('Connection aborted.', RemoteDisconnected('Remote end closed connection without response'))
2026-01-23 11:18:15,126 - ERROR - 计算失败 300438: ('Connection aborted.', RemoteDisconnected('Remote end closed connection without response'))
2026-01-23 11:18:15,304 - ERROR - 计算失败 301391: ('Connection aborted.', RemoteDisconnected('Remote end closed connection without response'))
2026-01-23 11:18:15,305 - INFO - 拉取行情中...
2026-01-23 11:18:20,762 - ERROR - 异常: ('Connection aborted.', RemoteDisconnected('Remote end closed connection without response'))
2026-01-23 11:19:20,769 - INFO - --- 扫描开始 11:19:20 ---
2026-01-23 11:19:20,899 - ERROR - 计算失败 688115: ('Connection aborted.', RemoteDisconnected('Remote end closed connection without response'))
2026-01-23 11:19:20,999 - ERROR - 计算失败 603633: ('Connection aborted.', RemoteDisconnected('Remote end closed connection without response'))
2026-01-23 11:19:21,107 - ERROR - 计算失败 300438: ('Connection aborted.', RemoteDisconnected('Remote end closed connection without response'))
2026-01-23 11:19:21,215 - ERROR - 计算失败 301391: ('Connection aborted.', RemoteDisconnected('Remote end closed connection without response'))
2026-01-23 11:19:21,215 - INFO - 拉取行情中...
2026-01-23 11:19:26,775 - ERROR - 异常: ('Connection aborted.', RemoteDisconnected('Remote end closed connection without response'))
2026-01-23 11:20:26,782 - INFO - --- 扫描开始 11:20:26 ---
2026-01-23 11:20:26,923 - ERROR - 计算失败 688115: ('Connection aborted.', RemoteDisconnected('Remote end closed connection without response'))
2026-01-23 11:20:27,062 - ERROR - 计算失败 603633: ('Connection aborted.', RemoteDisconnected('Remote end closed connection without response'))
2026-01-23 11:20:27,204 - ERROR - 计算失败 300438: ('Connection aborted.', RemoteDisconnected('Remote end closed connection without response'))
2026-01-23 11:20:27,382 - ERROR - 计算失败 301391: ('Connection aborted.', RemoteDisconnected('Remote end closed connection without response'))
2026-01-23 11:20:27,383 - INFO - 拉取行情中...
2026-01-23 11:20:33,160 - ERROR - 异常: ('Connection aborted.', RemoteDisconnected('Remote end closed connection without response'))
2026-01-23 11:21:33,166 - INFO - --- 扫描开始 11:21:33 ---
2026-01-23 11:21:33,330 - ERROR - 计算失败 688115: ('Connection aborted.', RemoteDisconnected('Remote end closed connection without response'))
2026-01-23 11:21:33,474 - ERROR - 计算失败 603633: ('Connection aborted.', RemoteDisconnected('Remote end closed connection without response'))
2026-01-23 11:21:33,625 - ERROR - 计算失败 300438: ('Connection aborted.', RemoteDisconnected('Remote end closed connection without response'))
2026-01-23 11:21:33,760 - ERROR - 计算失败 301391: ('Connection aborted.', RemoteDisconnected('Remote end closed connection without response'))
2026-01-23 11:21:33,761 - INFO - 拉取行情中...
2026-01-23 11:21:38,790 - ERROR - 异常: ('Connection aborted.', RemoteDisconnected('Remote end closed connection without response'))
2026-01-23 11:22:38,798 - INFO - --- 扫描开始 11:22:38 ---
2026-01-23 11:22:38,982 - ERROR - 计算失败 688115: ('Connection aborted.', RemoteDisconnected('Remote end closed connection without response'))
2026-01-23 11:22:39,139 - ERROR - 计算失败 603633: ('Connection aborted.', RemoteDisconnected('Remote end closed connection without response'))
2026-01-23 11:22:39,271 - ERROR - 计算失败 300438: ('Connection aborted.', RemoteDisconnected('Remote end closed connection without response'))
2026-01-23 11:22:39,414 - ERROR - 计算失败 301391: ('Connection aborted.', RemoteDisconnected('Remote end closed connection without response'))
2026-01-23 11:22:39,414 - INFO - 拉取行情中...
2026-01-23 11:22:45,012 - ERROR - 异常: ('Connection aborted.', RemoteDisconnected('Remote end closed connection without response'))
2026-01-23 11:23:45,024 - INFO - --- 扫描开始 11:23:45 ---
2026-01-23 11:23:45,206 - ERROR - 计算失败 688115: ('Connection aborted.', RemoteDisconnected('Remote end closed connection without response'))
2026-01-23 11:23:45,365 - ERROR - 计算失败 603633: ('Connection aborted.', RemoteDisconnected('Remote end closed connection without response'))
2026-01-23 11:23:45,532 - ERROR - 计算失败 300438: ('Connection aborted.', RemoteDisconnected('Remote end closed connection without response'))
2026-01-23 11:23:45,695 - ERROR - 计算失败 301391: ('Connection aborted.', RemoteDisconnected('Remote end closed connection without response'))
2026-01-23 11:23:45,696 - INFO - 拉取行情中...
2026-01-23 11:23:50,873 - ERROR - 异常: ('Connection aborted.', RemoteDisconnected('Remote end closed connection without response'))
2026-01-23 11:24:50,876 - INFO - --- 扫描开始 11:24:50 ---
2026-01-23 11:24:51,149 - ERROR - 计算失败 688115: ('Connection aborted.', RemoteDisconnected('Remote end closed connection without response'))
2026-01-23 11:24:51,455 - ERROR - 计算失败 603633: ('Connection aborted.', RemoteDisconnected('Remote end closed connection without response'))
2026-01-23 11:24:51,711 - ERROR - 计算失败 300438: ('Connection aborted.', RemoteDisconnected('Remote end closed connection without response'))
2026-01-23 11:24:51,978 - ERROR - 计算失败 301391: ('Connection aborted.', RemoteDisconnected('Remote end closed connection without response'))
2026-01-23 11:24:51,978 - INFO - 拉取行情中...
2026-01-23 11:24:57,825 - ERROR - 异常: ('Connection aborted.', RemoteDisconnected('Remote end closed connection without response'))
2026-01-23 11:25:57,834 - INFO - --- 扫描开始 11:25:57 ---
2026-01-23 11:25:57,987 - ERROR - 计算失败 688115: ('Connection aborted.', RemoteDisconnected('Remote end closed connection without response'))
2026-01-23 11:25:58,135 - ERROR - 计算失败 603633: ('Connection aborted.', RemoteDisconnected('Remote end closed connection without response'))
2026-01-23 11:25:58,274 - ERROR - 计算失败 300438: ('Connection aborted.', RemoteDisconnected('Remote end closed connection without response'))
2026-01-23 11:25:58,428 - ERROR - 计算失败 301391: ('Connection aborted.', RemoteDisconnected('Remote end closed connection without response'))
2026-01-23 11:25:58,429 - INFO - 拉取行情中...
2026-01-23 11:26:03,510 - ERROR - 异常: ('Connection aborted.', RemoteDisconnected('Remote end closed connection without response'))
2026-01-23 11:27:03,516 - INFO - --- 扫描开始 11:27:03 ---
2026-01-23 11:27:03,684 - ERROR - 计算失败 688115: ('Connection aborted.', RemoteDisconnected('Remote end closed connection without response'))
2026-01-23 11:27:03,840 - ERROR - 计算失败 603633: ('Connection aborted.', RemoteDisconnected('Remote end closed connection without response'))
2026-01-23 11:27:03,981 - ERROR - 计算失败 300438: ('Connection aborted.', RemoteDisconnected('Remote end closed connection without response'))
2026-01-23 11:27:04,135 - ERROR - 计算失败 301391: ('Connection aborted.', RemoteDisconnected('Remote end closed connection without response'))
2026-01-23 11:27:04,135 - INFO - 拉取行情中...
2026-01-23 11:27:09,435 - ERROR - 异常: ('Connection aborted.', RemoteDisconnected('Remote end closed connection without response'))
2026-01-23 11:28:09,442 - INFO - --- 扫描开始 11:28:09 ---
2026-01-23 11:28:10,474 - INFO - 拉取行情中...
2026-01-23 11:28:16,754 - ERROR - 异常: ('Connection aborted.', RemoteDisconnected('Remote end closed connection without response'))
2026-01-23 11:29:16,766 - INFO - --- 扫描开始 11:29:16 ---
2026-01-23 11:29:17,566 - INFO - 拉取行情中...
2026-01-23 11:29:23,589 - ERROR - 异常: ('Connection aborted.', RemoteDisconnected('Remote end closed connection without response'))
2026-01-23 11:30:23,602 - INFO - --- 扫描开始 11:30:23 ---
2026-01-23 11:30:24,752 - INFO - 拉取行情中...
2026-01-23 11:30:29,859 - ERROR - 异常: ('Connection aborted.', RemoteDisconnected('Remote end closed connection without response'))
2026-01-23 11:31:29,866 - INFO - --- 扫描开始 11:31:29 ---
2026-01-23 11:31:31,049 - INFO - 拉取行情中...
2026-01-23 11:31:36,307 - ERROR - 异常: ('Connection aborted.', RemoteDisconnected('Remote end closed connection without response'))
2026-01-23 11:32:36,315 - INFO - --- 扫描开始 11:32:36 ---
2026-01-23 11:32:36,834 - INFO - 拉取行情中...
2026-01-23 11:32:42,862 - ERROR - 异常: ('Connection aborted.', RemoteDisconnected('Remote end closed connection without response'))
2026-01-23 11:33:42,874 - INFO - --- 扫描开始 11:33:42 ---
2026-01-23 11:33:43,550 - INFO - 拉取行情中...
2026-01-23 11:33:49,416 - ERROR - 异常: ('Connection aborted.', RemoteDisconnected('Remote end closed connection without response'))
2026-01-23 11:34:49,428 - INFO - --- 扫描开始 11:34:49 ---
2026-01-23 11:34:50,127 - INFO - 拉取行情中...
2026-01-23 11:34:55,460 - ERROR - 异常: ('Connection aborted.', RemoteDisconnected('Remote end closed connection without response'))
2026-01-23 11:35:55,490 - INFO - --- 扫描开始 11:35:55 ---
2026-01-23 11:35:55,979 - INFO - 拉取行情中...
2026-01-23 11:36:01,552 - ERROR - 异常: ('Connection aborted.', RemoteDisconnected('Remote end closed connection without response'))
2026-01-23 11:37:01,609 - INFO - --- 扫描开始 11:37:01 ---
2026-01-23 11:37:02,235 - INFO - 拉取行情中...
2026-01-23 11:37:07,882 - ERROR - 异常: ('Connection aborted.', RemoteDisconnected('Remote end closed connection without response'))
2026-01-23 11:38:07,892 - INFO - --- 扫描开始 11:38:07 ---
2026-01-23 11:38:08,371 - INFO - 拉取行情中...
2026-01-23 11:38:14,583 - ERROR - 异常: ('Connection aborted.', RemoteDisconnected('Remote end closed connection without response'))
2026-01-23 11:39:14,587 - INFO - --- 扫描开始 11:39:14 ---
2026-01-23 11:39:15,354 - INFO - 拉取行情中...
2026-01-23 11:39:20,772 - ERROR - 异常: ('Connection aborted.', RemoteDisconnected('Remote end closed connection without response'))
2026-01-23 11:40:20,781 - INFO - --- 扫描开始 11:40:20 ---
2026-01-23 11:40:22,153 - INFO - 拉取行情中...
2026-01-23 11:40:27,855 - ERROR - 异常: ('Connection aborted.', RemoteDisconnected('Remote end closed connection without response'))
2026-01-23 11:41:27,865 - INFO - --- 扫描开始 11:41:27 ---
2026-01-23 11:41:28,938 - INFO - 拉取行情中...
2026-01-23 11:42:43,893 - INFO - 初筛命中: 372
2026-01-23 11:48:19,749 - INFO - --- 扫描开始 11:48:19 ---
2026-01-23 11:48:19,946 - ERROR - 计算失败 688115: ('Connection aborted.', RemoteDisconnected('Remote end closed connection without response'))
2026-01-23 11:48:20,097 - ERROR - 计算失败 603633: ('Connection aborted.', RemoteDisconnected('Remote end closed connection without response'))
2026-01-23 11:48:20,238 - ERROR - 计算失败 300438: ('Connection aborted.', RemoteDisconnected('Remote end closed connection without response'))
2026-01-23 11:48:20,388 - ERROR - 计算失败 301391: ('Connection aborted.', RemoteDisconnected('Remote end closed connection without response'))
2026-01-23 11:48:20,389 - INFO - 拉取行情中...
2026-01-23 11:48:25,877 - ERROR - 异常: ('Connection aborted.', RemoteDisconnected('Remote end closed connection without response'))
2026-01-23 11:49:25,887 - INFO - --- 扫描开始 11:49:25 ---
2026-01-23 11:49:26,055 - ERROR - 计算失败 688115: ('Connection aborted.', RemoteDisconnected('Remote end closed connection without response'))
2026-01-23 11:49:26,214 - ERROR - 计算失败 603633: ('Connection aborted.', RemoteDisconnected('Remote end closed connection without response'))
2026-01-23 11:49:26,377 - ERROR - 计算失败 300438: ('Connection aborted.', RemoteDisconnected('Remote end closed connection without response'))
2026-01-23 11:49:26,553 - ERROR - 计算失败 301391: ('Connection aborted.', RemoteDisconnected('Remote end closed connection without response'))
2026-01-23 11:49:26,553 - INFO - 拉取行情中...
2026-01-23 11:49:31,462 - ERROR - 异常: ('Connection aborted.', RemoteDisconnected('Remote end closed connection without response'))
2026-01-23 11:50:31,469 - INFO - --- 扫描开始 11:50:31 ---
2026-01-23 11:50:31,630 - ERROR - 计算失败 688115: ('Connection aborted.', RemoteDisconnected('Remote end closed connection without response'))
2026-01-23 11:50:31,769 - ERROR - 计算失败 603633: ('Connection aborted.', RemoteDisconnected('Remote end closed connection without response'))
2026-01-23 11:50:31,940 - ERROR - 计算失败 300438: ('Connection aborted.', RemoteDisconnected('Remote end closed connection without response'))
2026-01-23 11:50:32,089 - ERROR - 计算失败 301391: ('Connection aborted.', RemoteDisconnected('Remote end closed connection without response'))
2026-01-23 11:50:32,089 - INFO - 拉取行情中...
2026-01-23 11:50:37,705 - ERROR - 异常: ('Connection aborted.', RemoteDisconnected('Remote end closed connection without response'))
2026-01-23 11:51:37,713 - INFO - --- 扫描开始 11:51:37 ---
2026-01-23 11:51:37,908 - ERROR - 计算失败 688115: ('Connection aborted.', RemoteDisconnected('Remote end closed connection without response'))
2026-01-23 11:51:38,064 - ERROR - 计算失败 603633: ('Connection aborted.', RemoteDisconnected('Remote end closed connection without response'))
2026-01-23 11:51:38,203 - ERROR - 计算失败 300438: ('Connection aborted.', RemoteDisconnected('Remote end closed connection without response'))
2026-01-23 11:51:38,349 - ERROR - 计算失败 301391: ('Connection aborted.', RemoteDisconnected('Remote end closed connection without response'))
2026-01-23 11:51:38,349 - INFO - 拉取行情中...
2026-01-23 11:51:44,101 - ERROR - 异常: ('Connection aborted.', RemoteDisconnected('Remote end closed connection without response'))
2026-01-23 11:52:44,114 - INFO - --- 扫描开始 11:52:44 ---
2026-01-23 11:52:44,303 - ERROR - 计算失败 688115: ('Connection aborted.', RemoteDisconnected('Remote end closed connection without response'))
2026-01-23 11:52:44,459 - ERROR - 计算失败 603633: ('Connection aborted.', RemoteDisconnected('Remote end closed connection without response'))
2026-01-23 11:52:44,631 - ERROR - 计算失败 300438: ('Connection aborted.', RemoteDisconnected('Remote end closed connection without response'))
2026-01-23 11:52:44,847 - ERROR - 计算失败 301391: ('Connection aborted.', RemoteDisconnected('Remote end closed connection without response'))
2026-01-23 11:52:44,847 - INFO - 拉取行情中...
2026-01-23 11:52:50,527 - ERROR - 异常: ('Connection aborted.', RemoteDisconnected('Remote end closed connection without response'))
2026-01-23 11:53:50,538 - INFO - --- 扫描开始 11:53:50 ---
2026-01-23 11:53:50,719 - ERROR - 计算失败 688115: ('Connection aborted.', RemoteDisconnected('Remote end closed connection without response'))
2026-01-23 11:53:50,877 - ERROR - 计算失败 603633: ('Connection aborted.', RemoteDisconnected('Remote end closed connection without response'))
2026-01-23 11:53:51,032 - ERROR - 计算失败 300438: ('Connection aborted.', RemoteDisconnected('Remote end closed connection without response'))
2026-01-23 11:53:51,197 - ERROR - 计算失败 301391: ('Connection aborted.', RemoteDisconnected('Remote end closed connection without response'))
2026-01-23 11:53:51,197 - INFO - 拉取行情中...
2026-01-23 11:53:55,731 - ERROR - 异常: ('Connection aborted.', RemoteDisconnected('Remote end closed connection without response'))
