[13734] [2026-01-09 06:19:21] [INFO] [ENGINE]  onInitialize: {"processId":null,"rootUri":null,"capabilities":{"workspace":{"workspaceFolders":true},"textDocument":{}},"clientInfo":{"name":"BaiduComate","version":"3.23.0"},"workspaceFolders":[{"uri":"file:///Users/xiaoliu/baidu/bpit-proc-apps/pmc/","name":"pmc"}]}
[13734] [2026-01-09 06:19:21] [INFO] [ENGINE]  kernel Initialized
[13734] [2026-01-09 06:19:21] [INFO] [ENGINE]  <--------- ENGINE sendNotification: ENGINE_PROCESS_START_SUCCESS {}
[13735] [2026-01-09 06:19:21] [INFO] [ENGINE]  onInitialize: {"processId":null,"rootUri":null,"capabilities":{"workspace":{"workspaceFolders":true},"textDocument":{}},"clientInfo":{"name":"BaiduComate","version":"3.23.0"},"workspaceFolders":[{"uri":"file:///Users/xiaoliu/baidu/bpit-proc-apps/tms/","name":"tms"}]}
[13734] [2026-01-09 06:19:21] [INFO] [BROWSERPLUGINSERVER]  WebSocket服务器启动成功: 49152
[13735] [2026-01-09 06:19:21] [INFO] [ENGINE]  kernel Initialized
[13735] [2026-01-09 06:19:21] [INFO] [ENGINE]  <--------- ENGINE sendNotification: ENGINE_PROCESS_START_SUCCESS {}
[13734] [2026-01-09 06:19:21] [VERBOSE] [PLUGINCONFIG]  Write global plugin config success to {"github":{"enabled":true,"config":{"accessToken":""}},"demo-feature":{"enabled":false,"config":{"token":"this text from cloud config"}},"iapi":{"enabled":true,"config":{"token":"","projectId":-1,"serverLanguage":"Java","serverFramework":"SpringBoot","serverDaoFramework":"JPA"}},"comate":{"enabled":true,"config":{"codeExplainPrompt":"请解释如下代码{{selectedCode}}","inlineCommentLanguage":"中文","inlineCommentMode":"完整","functionCommentIncludeFunctionParameters":"是","functionCommentLanguage":"中文","unitTestPrompt":"","unitTestAddContext":"是"}},"jarvis":{"enabled":true},"git":{"enabled":true,"config":{"githubAccessToken":"","gitlabAccessToken":"","giteeAccessToken":""}},"security":{"enabled":true,"meta":{"independentProcess":true,"enableBackgroundService":true,"defaultPermissions":[],"onlyBusinesses":true,"enableDiagnostic":true,"diagnosticCapabilityName":"diagnosticScan"}},"bfc":{"enabled":false,"config":{"projectId":""}},"appdev":{"enabled":true},"fcnap":{"enabled":true},"smartapp":{"enabled":true},"paddle":{"enabled":true},"gdp":{"enabled":true},"front-end-skills":{"enabled":true},"dev-tools":{"enabled":true},"devaux":{"enabled":true},"tor":{"enabled":true},"testmate":{"enabled":true},"cnap":{"enabled":true},"icafe":{"enabled":true},"workcard":{"enabled":true},"ipipe":{"enabled":true},"weiyun":{"enabled":true},"casebuilder":{"enabled":true},"ievalue":{"enabled":true},"springer":{"enabled":true},"mapsearch":{"enabled":true},"f2c":{"enabled":true},"centrino":{"enabled":true},"wenku":{"enabled":false},"harmonyos":{"enabled":true},"bpm":{"enabled":true},"aiscan":{"enabled":true},"robot":{"enabled":true}}
[13734] [2026-01-09 06:19:21] [VERBOSE] [PLUGINCONFIG]  Write global plugin config success to mergedConfig {"github":{"enabled":true,"config":{"accessToken":""}},"demo-feature":{"enabled":false,"config":{"token":"this text from cloud config"}},"iapi":{"enabled":true,"config":{"token":"","projectId":-1,"serverLanguage":"Java","serverFramework":"SpringBoot","serverDaoFramework":"JPA"}},"comate":{"enabled":true,"config":{"codeExplainPrompt":"请解释如下代码{{selectedCode}}","inlineCommentLanguage":"中文","inlineCommentMode":"完整","functionCommentIncludeFunctionParameters":"是","functionCommentLanguage":"中文","unitTestPrompt":"","unitTestAddContext":"是"}},"jarvis":{"enabled":true},"git":{"enabled":true,"config":{"githubAccessToken":"","gitlabAccessToken":"","giteeAccessToken":""}},"security":{"enabled":true,"meta":{"independentProcess":true,"enableBackgroundService":true,"defaultPermissions":[],"onlyBusinesses":true,"enableDiagnostic":true,"diagnosticCapabilityName":"diagnosticScan"}},"bfc":{"enabled":false,"config":{"projectId":""}},"appdev":{"enabled":true},"fcnap":{"enabled":true},"smartapp":{"enabled":true},"paddle":{"enabled":true},"gdp":{"enabled":true},"front-end-skills":{"enabled":true},"dev-tools":{"enabled":true},"devaux":{"enabled":true},"tor":{"enabled":true},"testmate":{"enabled":true},"cnap":{"enabled":true},"icafe":{"enabled":true},"workcard":{"enabled":true},"ipipe":{"enabled":true},"weiyun":{"enabled":true},"casebuilder":{"enabled":true},"ievalue":{"enabled":true},"springer":{"enabled":true},"mapsearch":{"enabled":true},"f2c":{"enabled":true},"centrino":{"enabled":true},"wenku":{"enabled":false},"harmonyos":{"enabled":true},"bpm":{"enabled":true},"aiscan":{"enabled":true},"robot":{"enabled":true}}
[13734] [2026-01-09 06:19:21] [INFO] [PLUGINCHANNEL]  {"level":"system","source":"PluginEngine","action":"PluginLoadStart","detail":{"directory":"/Users/xiaoliu/Library/Application Support/JetBrains/IntelliJIdea2025.2/plugins/comate-intellij-plugin/comate-agent/bin/comate-kernel/plugins/aiscan"}}
[13734] [2026-01-09 06:19:21] [INFO] [PLUGINCHANNEL]  pluginPid cluster 13771
[13735] [2026-01-09 06:19:21] [INFO] [BROWSERPLUGINSERVER]  WebSocket服务器启动成功: 49153
[13734] [2026-01-09 06:19:22] [INFO] [PLUGINCHANNEL]  {"level":"system","source":"PluginEngine","action":"PluginLoadFish","detail":{"directory":"/Users/xiaoliu/Library/Application Support/JetBrains/IntelliJIdea2025.2/plugins/comate-intellij-plugin/comate-agent/bin/comate-kernel/plugins/aiscan"}}
[13734] [2026-01-09 06:19:22] [INFO] [PLUGINCHANNEL]  {"level":"system","source":"PluginEngine","action":"PluginLoadStart","detail":{"directory":"/Users/xiaoliu/Library/Application Support/JetBrains/IntelliJIdea2025.2/plugins/comate-intellij-plugin/comate-agent/bin/comate-kernel/plugins/appdev"}}
[13735] [2026-01-09 06:19:22] [VERBOSE] [PLUGINCONFIG]  Write global plugin config success to {"github":{"enabled":true,"config":{"accessToken":""}},"demo-feature":{"enabled":false,"config":{"token":"this text from cloud config"}},"iapi":{"enabled":true,"config":{"token":"","projectId":-1,"serverLanguage":"Java","serverFramework":"SpringBoot","serverDaoFramework":"JPA"}},"comate":{"enabled":true,"config":{"codeExplainPrompt":"请解释如下代码{{selectedCode}}","inlineCommentLanguage":"中文","inlineCommentMode":"完整","functionCommentIncludeFunctionParameters":"是","functionCommentLanguage":"中文","unitTestPrompt":"","unitTestAddContext":"是"}},"jarvis":{"enabled":true},"git":{"enabled":true,"config":{"githubAccessToken":"","gitlabAccessToken":"","giteeAccessToken":""}},"security":{"enabled":true,"meta":{"independentProcess":true,"enableBackgroundService":true,"defaultPermissions":[],"onlyBusinesses":true,"enableDiagnostic":true,"diagnosticCapabilityName":"diagnosticScan"}},"bfc":{"enabled":false,"config":{"projectId":""}},"appdev":{"enabled":true},"fcnap":{"enabled":true},"smartapp":{"enabled":true},"paddle":{"enabled":true},"gdp":{"enabled":true},"front-end-skills":{"enabled":true},"dev-tools":{"enabled":true},"devaux":{"enabled":true},"tor":{"enabled":true},"testmate":{"enabled":true},"cnap":{"enabled":true},"icafe":{"enabled":true},"workcard":{"enabled":true},"ipipe":{"enabled":true},"weiyun":{"enabled":true},"casebuilder":{"enabled":true},"ievalue":{"enabled":true},"springer":{"enabled":true},"mapsearch":{"enabled":true},"f2c":{"enabled":true},"centrino":{"enabled":true},"wenku":{"enabled":false},"harmonyos":{"enabled":true},"bpm":{"enabled":true},"aiscan":{"enabled":true},"robot":{"enabled":true}}
[13735] [2026-01-09 06:19:22] [VERBOSE] [PLUGINCONFIG]  Write global plugin config success to mergedConfig {"github":{"enabled":true,"config":{"accessToken":""}},"demo-feature":{"enabled":false,"config":{"token":"this text from cloud config"}},"iapi":{"enabled":true,"config":{"token":"","projectId":-1,"serverLanguage":"Java","serverFramework":"SpringBoot","serverDaoFramework":"JPA"}},"comate":{"enabled":true,"config":{"codeExplainPrompt":"请解释如下代码{{selectedCode}}","inlineCommentLanguage":"中文","inlineCommentMode":"完整","functionCommentIncludeFunctionParameters":"是","functionCommentLanguage":"中文","unitTestPrompt":"","unitTestAddContext":"是"}},"jarvis":{"enabled":true},"git":{"enabled":true,"config":{"githubAccessToken":"","gitlabAccessToken":"","giteeAccessToken":""}},"security":{"enabled":true,"meta":{"independentProcess":true,"enableBackgroundService":true,"defaultPermissions":[],"onlyBusinesses":true,"enableDiagnostic":true,"diagnosticCapabilityName":"diagnosticScan"}},"bfc":{"enabled":false,"config":{"projectId":""}},"appdev":{"enabled":true},"fcnap":{"enabled":true},"smartapp":{"enabled":true},"paddle":{"enabled":true},"gdp":{"enabled":true},"front-end-skills":{"enabled":true},"dev-tools":{"enabled":true},"devaux":{"enabled":true},"tor":{"enabled":true},"testmate":{"enabled":true},"cnap":{"enabled":true},"icafe":{"enabled":true},"workcard":{"enabled":true},"ipipe":{"enabled":true},"weiyun":{"enabled":true},"casebuilder":{"enabled":true},"ievalue":{"enabled":true},"springer":{"enabled":true},"mapsearch":{"enabled":true},"f2c":{"enabled":true},"centrino":{"enabled":true},"wenku":{"enabled":false},"harmonyos":{"enabled":true},"bpm":{"enabled":true},"aiscan":{"enabled":true},"robot":{"enabled":true}}
[13735] [2026-01-09 06:19:22] [INFO] [PLUGINCHANNEL]  {"level":"system","source":"PluginEngine","action":"PluginLoadStart","detail":{"directory":"/Users/xiaoliu/Library/Application Support/JetBrains/IntelliJIdea2025.2/plugins/comate-intellij-plugin/comate-agent/bin/comate-kernel/plugins/aiscan"}}
[13735] [2026-01-09 06:19:22] [INFO] [PLUGINCHANNEL]  pluginPid cluster 13787
[13734] [2026-01-09 06:19:22] [INFO] [PLUGINCHANNEL]  {"level":"system","source":"PluginEngine","action":"PluginLoadFish","detail":{"directory":"/Users/xiaoliu/Library/Application Support/JetBrains/IntelliJIdea2025.2/plugins/comate-intellij-plugin/comate-agent/bin/comate-kernel/plugins/appdev"}}
[13734] [2026-01-09 06:19:22] [INFO] [PLUGINCHANNEL]  {"level":"system","source":"PluginEngine","action":"PluginLoadStart","detail":{"directory":"/Users/xiaoliu/Library/Application Support/JetBrains/IntelliJIdea2025.2/plugins/comate-intellij-plugin/comate-agent/bin/comate-kernel/plugins/bpm"}}
[13735] [2026-01-09 06:19:22] [INFO] [PLUGINCHANNEL]  {"level":"system","source":"PluginEngine","action":"PluginLoadFish","detail":{"directory":"/Users/xiaoliu/Library/Application Support/JetBrains/IntelliJIdea2025.2/plugins/comate-intellij-plugin/comate-agent/bin/comate-kernel/plugins/aiscan"}}
[13735] [2026-01-09 06:19:22] [INFO] [PLUGINCHANNEL]  {"level":"system","source":"PluginEngine","action":"PluginLoadStart","detail":{"directory":"/Users/xiaoliu/Library/Application Support/JetBrains/IntelliJIdea2025.2/plugins/comate-intellij-plugin/comate-agent/bin/comate-kernel/plugins/appdev"}}
[13734] [2026-01-09 06:19:22] [INFO] [PLUGINCHANNEL]  {"level":"system","source":"PluginEngine","action":"PluginLoadFish","detail":{"directory":"/Users/xiaoliu/Library/Application Support/JetBrains/IntelliJIdea2025.2/plugins/comate-intellij-plugin/comate-agent/bin/comate-kernel/plugins/bpm"}}
[13734] [2026-01-09 06:19:22] [INFO] [PLUGINCHANNEL]  {"level":"system","source":"PluginEngine","action":"PluginLoadStart","detail":{"directory":"/Users/xiaoliu/Library/Application Support/JetBrains/IntelliJIdea2025.2/plugins/comate-intellij-plugin/comate-agent/bin/comate-kernel/plugins/casebuilder"}}
[13735] [2026-01-09 06:19:22] [INFO] [PLUGINCHANNEL]  {"level":"system","source":"PluginEngine","action":"PluginLoadFish","detail":{"directory":"/Users/xiaoliu/Library/Application Support/JetBrains/IntelliJIdea2025.2/plugins/comate-intellij-plugin/comate-agent/bin/comate-kernel/plugins/appdev"}}
[13735] [2026-01-09 06:19:22] [INFO] [PLUGINCHANNEL]  {"level":"system","source":"PluginEngine","action":"PluginLoadStart","detail":{"directory":"/Users/xiaoliu/Library/Application Support/JetBrains/IntelliJIdea2025.2/plugins/comate-intellij-plugin/comate-agent/bin/comate-kernel/plugins/bpm"}}
[13734] [2026-01-09 06:19:22] [INFO] [PLUGINCHANNEL]  {"level":"system","source":"PluginEngine","action":"PluginLoadFish","detail":{"directory":"/Users/xiaoliu/Library/Application Support/JetBrains/IntelliJIdea2025.2/plugins/comate-intellij-plugin/comate-agent/bin/comate-kernel/plugins/casebuilder"}}
[13734] [2026-01-09 06:19:22] [INFO] [PLUGINCHANNEL]  {"level":"system","source":"PluginEngine","action":"PluginLoadStart","detail":{"directory":"/Users/xiaoliu/Library/Application Support/JetBrains/IntelliJIdea2025.2/plugins/comate-intellij-plugin/comate-agent/bin/comate-kernel/plugins/centrino"}}
[13735] [2026-01-09 06:19:22] [INFO] [PLUGINCHANNEL]  {"level":"system","source":"PluginEngine","action":"PluginLoadFish","detail":{"directory":"/Users/xiaoliu/Library/Application Support/JetBrains/IntelliJIdea2025.2/plugins/comate-intellij-plugin/comate-agent/bin/comate-kernel/plugins/bpm"}}
[13735] [2026-01-09 06:19:22] [INFO] [PLUGINCHANNEL]  {"level":"system","source":"PluginEngine","action":"PluginLoadStart","detail":{"directory":"/Users/xiaoliu/Library/Application Support/JetBrains/IntelliJIdea2025.2/plugins/comate-intellij-plugin/comate-agent/bin/comate-kernel/plugins/casebuilder"}}
[13734] [2026-01-09 06:19:22] [INFO] [PLUGINCHANNEL]  {"level":"system","source":"PluginEngine","action":"PluginLoadFish","detail":{"directory":"/Users/xiaoliu/Library/Application Support/JetBrains/IntelliJIdea2025.2/plugins/comate-intellij-plugin/comate-agent/bin/comate-kernel/plugins/centrino"}}
[13734] [2026-01-09 06:19:22] [INFO] [PLUGINCHANNEL]  {"level":"system","source":"PluginEngine","action":"PluginLoadStart","detail":{"directory":"/Users/xiaoliu/Library/Application Support/JetBrains/IntelliJIdea2025.2/plugins/comate-intellij-plugin/comate-agent/bin/comate-kernel/plugins/cnap"}}
[13735] [2026-01-09 06:19:22] [INFO] [PLUGINCHANNEL]  {"level":"system","source":"PluginEngine","action":"PluginLoadFish","detail":{"directory":"/Users/xiaoliu/Library/Application Support/JetBrains/IntelliJIdea2025.2/plugins/comate-intellij-plugin/comate-agent/bin/comate-kernel/plugins/casebuilder"}}
[13735] [2026-01-09 06:19:22] [INFO] [PLUGINCHANNEL]  {"level":"system","source":"PluginEngine","action":"PluginLoadStart","detail":{"directory":"/Users/xiaoliu/Library/Application Support/JetBrains/IntelliJIdea2025.2/plugins/comate-intellij-plugin/comate-agent/bin/comate-kernel/plugins/centrino"}}
[13734] [2026-01-09 06:19:22] [INFO] [PLUGINCHANNEL]  {"level":"system","source":"PluginEngine","action":"PluginLoadFish","detail":{"directory":"/Users/xiaoliu/Library/Application Support/JetBrains/IntelliJIdea2025.2/plugins/comate-intellij-plugin/comate-agent/bin/comate-kernel/plugins/cnap"}}
[13734] [2026-01-09 06:19:22] [INFO] [PLUGINCHANNEL]  {"level":"system","source":"PluginEngine","action":"PluginLoadStart","detail":{"directory":"/Users/xiaoliu/Library/Application Support/JetBrains/IntelliJIdea2025.2/plugins/comate-intellij-plugin/comate-agent/bin/comate-kernel/plugins/dev-tools"}}
[13735] [2026-01-09 06:19:22] [INFO] [PLUGINCHANNEL]  {"level":"system","source":"PluginEngine","action":"PluginLoadFish","detail":{"directory":"/Users/xiaoliu/Library/Application Support/JetBrains/IntelliJIdea2025.2/plugins/comate-intellij-plugin/comate-agent/bin/comate-kernel/plugins/centrino"}}
[13735] [2026-01-09 06:19:22] [INFO] [PLUGINCHANNEL]  {"level":"system","source":"PluginEngine","action":"PluginLoadStart","detail":{"directory":"/Users/xiaoliu/Library/Application Support/JetBrains/IntelliJIdea2025.2/plugins/comate-intellij-plugin/comate-agent/bin/comate-kernel/plugins/cnap"}}
[13734] [2026-01-09 06:19:22] [INFO] [PLUGINCHANNEL]  {"level":"system","source":"PluginEngine","action":"PluginLoadFish","detail":{"directory":"/Users/xiaoliu/Library/Application Support/JetBrains/IntelliJIdea2025.2/plugins/comate-intellij-plugin/comate-agent/bin/comate-kernel/plugins/dev-tools"}}
[13734] [2026-01-09 06:19:22] [INFO] [PLUGINCHANNEL]  {"level":"system","source":"PluginEngine","action":"PluginLoadStart","detail":{"directory":"/Users/xiaoliu/Library/Application Support/JetBrains/IntelliJIdea2025.2/plugins/comate-intellij-plugin/comate-agent/bin/comate-kernel/plugins/devaux"}}
[13735] [2026-01-09 06:19:22] [INFO] [PLUGINCHANNEL]  {"level":"system","source":"PluginEngine","action":"PluginLoadFish","detail":{"directory":"/Users/xiaoliu/Library/Application Support/JetBrains/IntelliJIdea2025.2/plugins/comate-intellij-plugin/comate-agent/bin/comate-kernel/plugins/cnap"}}
[13735] [2026-01-09 06:19:22] [INFO] [PLUGINCHANNEL]  {"level":"system","source":"PluginEngine","action":"PluginLoadStart","detail":{"directory":"/Users/xiaoliu/Library/Application Support/JetBrains/IntelliJIdea2025.2/plugins/comate-intellij-plugin/comate-agent/bin/comate-kernel/plugins/dev-tools"}}
[13735] [2026-01-09 06:19:22] [INFO] [PLUGINCHANNEL]  {"level":"system","source":"PluginEngine","action":"PluginLoadFish","detail":{"directory":"/Users/xiaoliu/Library/Application Support/JetBrains/IntelliJIdea2025.2/plugins/comate-intellij-plugin/comate-agent/bin/comate-kernel/plugins/dev-tools"}}
[13735] [2026-01-09 06:19:22] [INFO] [PLUGINCHANNEL]  {"level":"system","source":"PluginEngine","action":"PluginLoadStart","detail":{"directory":"/Users/xiaoliu/Library/Application Support/JetBrains/IntelliJIdea2025.2/plugins/comate-intellij-plugin/comate-agent/bin/comate-kernel/plugins/devaux"}}
[13734] [2026-01-09 06:19:23] [INFO] [PLUGINCHANNEL]  {"level":"system","source":"PluginEngine","action":"PluginLoadFish","detail":{"directory":"/Users/xiaoliu/Library/Application Support/JetBrains/IntelliJIdea2025.2/plugins/comate-intellij-plugin/comate-agent/bin/comate-kernel/plugins/devaux"}}
[13734] [2026-01-09 06:19:23] [INFO] [PLUGINCHANNEL]  {"level":"system","source":"PluginEngine","action":"PluginLoadStart","detail":{"directory":"/Users/xiaoliu/Library/Application Support/JetBrains/IntelliJIdea2025.2/plugins/comate-intellij-plugin/comate-agent/bin/comate-kernel/plugins/f2c"}}
[13735] [2026-01-09 06:19:23] [INFO] [PLUGINCHANNEL]  {"level":"system","source":"PluginEngine","action":"PluginLoadFish","detail":{"directory":"/Users/xiaoliu/Library/Application Support/JetBrains/IntelliJIdea2025.2/plugins/comate-intellij-plugin/comate-agent/bin/comate-kernel/plugins/devaux"}}
[13735] [2026-01-09 06:19:23] [INFO] [PLUGINCHANNEL]  {"level":"system","source":"PluginEngine","action":"PluginLoadStart","detail":{"directory":"/Users/xiaoliu/Library/Application Support/JetBrains/IntelliJIdea2025.2/plugins/comate-intellij-plugin/comate-agent/bin/comate-kernel/plugins/f2c"}}
[13735] [2026-01-09 06:34:32] [INFO] [BROWSERPLUGINSERVER]  迁移到main port作为主服务器
[13735] [2026-01-09 06:34:32] [INFO] [BROWSERPLUGINSERVER]  WebSocket服务器启动成功: 49153
[13735] [2026-01-09 06:34:32] [INFO] [PLUGINCHANNEL]  {"level":"system","source":"PluginEngine","action":"PluginLoadFish","detail":{"directory":"/Users/xiaoliu/Library/Application Support/JetBrains/IntelliJIdea2025.2/plugins/comate-intellij-plugin/comate-agent/bin/comate-kernel/plugins/f2c"}}
[13735] [2026-01-09 06:34:32] [INFO] [PLUGINCHANNEL]  {"level":"system","source":"PluginEngine","action":"PluginLoadStart","detail":{"directory":"/Users/xiaoliu/Library/Application Support/JetBrains/IntelliJIdea2025.2/plugins/comate-intellij-plugin/comate-agent/bin/comate-kernel/plugins/fcnap"}}
[13735] [2026-01-09 06:34:33] [INFO] [PLUGINCHANNEL]  {"level":"system","source":"PluginEngine","action":"PluginLoadFish","detail":{"directory":"/Users/xiaoliu/Library/Application Support/JetBrains/IntelliJIdea2025.2/plugins/comate-intellij-plugin/comate-agent/bin/comate-kernel/plugins/fcnap"}}
[13735] [2026-01-09 06:34:33] [INFO] [PLUGINCHANNEL]  {"level":"system","source":"PluginEngine","action":"PluginLoadStart","detail":{"directory":"/Users/xiaoliu/Library/Application Support/JetBrains/IntelliJIdea2025.2/plugins/comate-intellij-plugin/comate-agent/bin/comate-kernel/plugins/front-end-skills"}}
[13735] [2026-01-09 06:34:33] [INFO] [PLUGINCHANNEL]  {"level":"system","source":"PluginEngine","action":"PluginLoadFish","detail":{"directory":"/Users/xiaoliu/Library/Application Support/JetBrains/IntelliJIdea2025.2/plugins/comate-intellij-plugin/comate-agent/bin/comate-kernel/plugins/front-end-skills"}}
[13735] [2026-01-09 06:34:33] [INFO] [PLUGINCHANNEL]  {"level":"system","source":"PluginEngine","action":"PluginLoadStart","detail":{"directory":"/Users/xiaoliu/Library/Application Support/JetBrains/IntelliJIdea2025.2/plugins/comate-intellij-plugin/comate-agent/bin/comate-kernel/plugins/gdp"}}
[13735] [2026-01-09 06:34:33] [INFO] [PLUGINCHANNEL]  {"level":"system","source":"PluginEngine","action":"PluginLoadFish","detail":{"directory":"/Users/xiaoliu/Library/Application Support/JetBrains/IntelliJIdea2025.2/plugins/comate-intellij-plugin/comate-agent/bin/comate-kernel/plugins/gdp"}}
[13735] [2026-01-09 06:34:33] [INFO] [PLUGINCHANNEL]  {"level":"system","source":"PluginEngine","action":"PluginLoadStart","detail":{"directory":"/Users/xiaoliu/Library/Application Support/JetBrains/IntelliJIdea2025.2/plugins/comate-intellij-plugin/comate-agent/bin/comate-kernel/plugins/git"}}
[13735] [2026-01-09 06:34:33] [INFO] [PLUGINCHANNEL]  {"level":"system","source":"PluginEngine","action":"PluginLoadFish","detail":{"directory":"/Users/xiaoliu/Library/Application Support/JetBrains/IntelliJIdea2025.2/plugins/comate-intellij-plugin/comate-agent/bin/comate-kernel/plugins/git"}}
[13735] [2026-01-09 06:34:33] [INFO] [PLUGINCHANNEL]  {"level":"system","source":"PluginEngine","action":"PluginLoadStart","detail":{"directory":"/Users/xiaoliu/Library/Application Support/JetBrains/IntelliJIdea2025.2/plugins/comate-intellij-plugin/comate-agent/bin/comate-kernel/plugins/harmonyos"}}
[13735] [2026-01-09 06:34:33] [INFO] [PLUGINCHANNEL]  {"level":"system","source":"PluginEngine","action":"PluginLoadFish","detail":{"directory":"/Users/xiaoliu/Library/Application Support/JetBrains/IntelliJIdea2025.2/plugins/comate-intellij-plugin/comate-agent/bin/comate-kernel/plugins/harmonyos"}}
[13735] [2026-01-09 06:34:33] [INFO] [PLUGINCHANNEL]  {"level":"system","source":"PluginEngine","action":"PluginLoadStart","detail":{"directory":"/Users/xiaoliu/Library/Application Support/JetBrains/IntelliJIdea2025.2/plugins/comate-intellij-plugin/comate-agent/bin/comate-kernel/plugins/iapi"}}
[13735] [2026-01-09 06:34:33] [INFO] [PLUGINCHANNEL]  {"level":"system","source":"PluginEngine","action":"PluginLoadFish","detail":{"directory":"/Users/xiaoliu/Library/Application Support/JetBrains/IntelliJIdea2025.2/plugins/comate-intellij-plugin/comate-agent/bin/comate-kernel/plugins/iapi"}}
[13735] [2026-01-09 06:34:33] [INFO] [PLUGINCHANNEL]  {"level":"system","source":"PluginEngine","action":"PluginLoadStart","detail":{"directory":"/Users/xiaoliu/Library/Application Support/JetBrains/IntelliJIdea2025.2/plugins/comate-intellij-plugin/comate-agent/bin/comate-kernel/plugins/icafe"}}
[13735] [2026-01-09 06:34:33] [INFO] [PLUGINCHANNEL]  {"level":"system","source":"PluginEngine","action":"PluginLoadFish","detail":{"directory":"/Users/xiaoliu/Library/Application Support/JetBrains/IntelliJIdea2025.2/plugins/comate-intellij-plugin/comate-agent/bin/comate-kernel/plugins/icafe"}}
[13735] [2026-01-09 06:34:33] [INFO] [PLUGINCHANNEL]  {"level":"system","source":"PluginEngine","action":"PluginLoadStart","detail":{"directory":"/Users/xiaoliu/Library/Application Support/JetBrains/IntelliJIdea2025.2/plugins/comate-intellij-plugin/comate-agent/bin/comate-kernel/plugins/ievalue"}}
[13735] [2026-01-09 06:34:33] [INFO] [PLUGINCHANNEL]  {"level":"system","source":"PluginEngine","action":"PluginLoadFish","detail":{"directory":"/Users/xiaoliu/Library/Application Support/JetBrains/IntelliJIdea2025.2/plugins/comate-intellij-plugin/comate-agent/bin/comate-kernel/plugins/ievalue"}}
[13735] [2026-01-09 06:34:33] [INFO] [PLUGINCHANNEL]  {"level":"system","source":"PluginEngine","action":"PluginLoadStart","detail":{"directory":"/Users/xiaoliu/Library/Application Support/JetBrains/IntelliJIdea2025.2/plugins/comate-intellij-plugin/comate-agent/bin/comate-kernel/plugins/ipipe"}}
[13735] [2026-01-09 06:34:33] [INFO] [PLUGINCHANNEL]  {"level":"system","source":"PluginEngine","action":"PluginLoadFish","detail":{"directory":"/Users/xiaoliu/Library/Application Support/JetBrains/IntelliJIdea2025.2/plugins/comate-intellij-plugin/comate-agent/bin/comate-kernel/plugins/ipipe"}}
[13735] [2026-01-09 06:34:33] [INFO] [PLUGINCHANNEL]  {"level":"system","source":"PluginEngine","action":"PluginLoadStart","detail":{"directory":"/Users/xiaoliu/Library/Application Support/JetBrains/IntelliJIdea2025.2/plugins/comate-intellij-plugin/comate-agent/bin/comate-kernel/plugins/jarvis"}}
[13735] [2026-01-09 06:34:34] [INFO] [PLUGINCHANNEL]  {"level":"system","source":"PluginEngine","action":"PluginLoadFish","detail":{"directory":"/Users/xiaoliu/Library/Application Support/JetBrains/IntelliJIdea2025.2/plugins/comate-intellij-plugin/comate-agent/bin/comate-kernel/plugins/jarvis"}}
[13735] [2026-01-09 06:34:34] [INFO] [PLUGINCHANNEL]  {"level":"system","source":"PluginEngine","action":"PluginLoadStart","detail":{"directory":"/Users/xiaoliu/Library/Application Support/JetBrains/IntelliJIdea2025.2/plugins/comate-intellij-plugin/comate-agent/bin/comate-kernel/plugins/mapsearch"}}
[13735] [2026-01-09 06:34:34] [INFO] [PLUGINCHANNEL]  {"level":"system","source":"PluginEngine","action":"PluginLoadFish","detail":{"directory":"/Users/xiaoliu/Library/Application Support/JetBrains/IntelliJIdea2025.2/plugins/comate-intellij-plugin/comate-agent/bin/comate-kernel/plugins/mapsearch"}}
[13735] [2026-01-09 06:34:34] [INFO] [PLUGINCHANNEL]  {"level":"system","source":"PluginEngine","action":"PluginLoadStart","detail":{"directory":"/Users/xiaoliu/Library/Application Support/JetBrains/IntelliJIdea2025.2/plugins/comate-intellij-plugin/comate-agent/bin/comate-kernel/plugins/paddle"}}
[13735] [2026-01-09 06:34:34] [INFO] [PLUGINCHANNEL]  {"level":"system","source":"PluginEngine","action":"PluginLoadFish","detail":{"directory":"/Users/xiaoliu/Library/Application Support/JetBrains/IntelliJIdea2025.2/plugins/comate-intellij-plugin/comate-agent/bin/comate-kernel/plugins/paddle"}}
[13735] [2026-01-09 06:34:34] [INFO] [PLUGINCHANNEL]  {"level":"system","source":"PluginEngine","action":"PluginLoadStart","detail":{"directory":"/Users/xiaoliu/Library/Application Support/JetBrains/IntelliJIdea2025.2/plugins/comate-intellij-plugin/comate-agent/bin/comate-kernel/plugins/robot"}}
[13735] [2026-01-09 06:34:34] [INFO] [PLUGINCHANNEL]  {"level":"system","source":"PluginEngine","action":"PluginLoadFish","detail":{"directory":"/Users/xiaoliu/Library/Application Support/JetBrains/IntelliJIdea2025.2/plugins/comate-intellij-plugin/comate-agent/bin/comate-kernel/plugins/robot"}}
[13735] [2026-01-09 06:34:34] [INFO] [PLUGINCHANNEL]  {"level":"system","source":"PluginEngine","action":"PluginLoadStart","detail":{"directory":"/Users/xiaoliu/Library/Application Support/JetBrains/IntelliJIdea2025.2/plugins/comate-intellij-plugin/comate-agent/bin/comate-kernel/plugins/security"}}
[13735] [2026-01-09 06:34:34] [INFO] [PLUGINCHANNEL]  pluginPid security 13879
[13735] [2026-01-09 06:34:34] [INFO] [PLUGINCHANNEL]  {"level":"system","source":"PluginEngine","action":"PluginLoadFish","detail":{"directory":"/Users/xiaoliu/Library/Application Support/JetBrains/IntelliJIdea2025.2/plugins/comate-intellij-plugin/comate-agent/bin/comate-kernel/plugins/security"}}
[13735] [2026-01-09 06:34:34] [INFO] [PLUGINCHANNEL]  {"level":"system","source":"PluginEngine","action":"PluginLoadStart","detail":{"directory":"/Users/xiaoliu/Library/Application Support/JetBrains/IntelliJIdea2025.2/plugins/comate-intellij-plugin/comate-agent/bin/comate-kernel/plugins/smartapp"}}
[13735] [2026-01-09 06:34:34] [INFO] [PLUGINCHANNEL]  {"level":"system","source":"PluginEngine","action":"PluginLoadFish","detail":{"directory":"/Users/xiaoliu/Library/Application Support/JetBrains/IntelliJIdea2025.2/plugins/comate-intellij-plugin/comate-agent/bin/comate-kernel/plugins/smartapp"}}
[13735] [2026-01-09 06:34:34] [INFO] [PLUGINCHANNEL]  {"level":"system","source":"PluginEngine","action":"PluginLoadStart","detail":{"directory":"/Users/xiaoliu/Library/Application Support/JetBrains/IntelliJIdea2025.2/plugins/comate-intellij-plugin/comate-agent/bin/comate-kernel/plugins/testmate"}}
[13735] [2026-01-09 06:34:35] [INFO] [PLUGINCHANNEL]  {"level":"system","source":"PluginEngine","action":"PluginLoadFish","detail":{"directory":"/Users/xiaoliu/Library/Application Support/JetBrains/IntelliJIdea2025.2/plugins/comate-intellij-plugin/comate-agent/bin/comate-kernel/plugins/testmate"}}
[13735] [2026-01-09 06:34:35] [INFO] [PLUGINCHANNEL]  {"level":"system","source":"PluginEngine","action":"PluginLoadStart","detail":{"directory":"/Users/xiaoliu/Library/Application Support/JetBrains/IntelliJIdea2025.2/plugins/comate-intellij-plugin/comate-agent/bin/comate-kernel/plugins/tor"}}
[13735] [2026-01-09 06:34:35] [INFO] [PLUGINCHANNEL]  {"level":"system","source":"PluginEngine","action":"PluginLoadFish","detail":{"directory":"/Users/xiaoliu/Library/Application Support/JetBrains/IntelliJIdea2025.2/plugins/comate-intellij-plugin/comate-agent/bin/comate-kernel/plugins/tor"}}
[13735] [2026-01-09 06:34:35] [INFO] [PLUGINCHANNEL]  {"level":"system","source":"PluginEngine","action":"PluginLoadStart","detail":{"directory":"/Users/xiaoliu/Library/Application Support/JetBrains/IntelliJIdea2025.2/plugins/comate-intellij-plugin/comate-agent/bin/comate-kernel/plugins/weiyun"}}
[13735] [2026-01-09 06:34:35] [INFO] [PLUGINCHANNEL]  {"level":"system","source":"PluginEngine","action":"PluginLoadFish","detail":{"directory":"/Users/xiaoliu/Library/Application Support/JetBrains/IntelliJIdea2025.2/plugins/comate-intellij-plugin/comate-agent/bin/comate-kernel/plugins/weiyun"}}
[13735] [2026-01-09 06:34:35] [INFO] [PLUGINCHANNEL]  {"level":"system","source":"PluginEngine","action":"PluginLoadStart","detail":{"directory":"/Users/xiaoliu/Library/Application Support/JetBrains/IntelliJIdea2025.2/plugins/comate-intellij-plugin/comate-agent/bin/comate-kernel/plugins/workcard"}}
[13735] [2026-01-09 06:34:35] [INFO] [PLUGINCHANNEL]  {"level":"system","source":"PluginEngine","action":"PluginLoadFish","detail":{"directory":"/Users/xiaoliu/Library/Application Support/JetBrains/IntelliJIdea2025.2/plugins/comate-intellij-plugin/comate-agent/bin/comate-kernel/plugins/workcard"}}
[13735] [2026-01-09 06:34:35] [INFO] [PROMPTTEMPLATESERVICE]  PromptTemplateService init
[13735] [2026-01-09 06:46:52] [INFO] [BROWSERPLUGINSERVER]  迁移到main port作为主服务器
[13735] [2026-01-09 06:46:52] [INFO] [BROWSERPLUGINSERVER]  WebSocket服务器启动成功: 49153
[13735] [2026-01-09 06:46:53] [INFO] [SADIAGNOSTIC]  AISAService: Successfully fetched 13 agent configs
[13735] [2026-01-09 06:46:53] [INFO] [CS]  AISA Service initialized successfully
[13735] [2026-01-09 06:46:53] [INFO] [CS]  IDE: jetbrains
[13735] [2026-01-09 06:46:53] [INFO] [CS]  HTTP Proxy URL: None
[13735] [2026-01-09 06:46:53] [INFO] [CS]  HTTP No Proxy: None
[13735] [2026-01-09 06:46:53] [INFO] [CS]  HTTP HOST: None
[13735] [2026-01-09 06:46:53] [INFO] [CS]  Environment: production
[13735] [2026-01-09 06:46:53] [INFO] [CS]  Platform: internal
[13735] [2026-01-09 06:46:53] [INFO] [CS]  Api Base Url: https://comate.baidu-int.com
[13735] [2026-01-09 06:46:53] [INFO] [CS]  User Info: {"platform":"internal","ideName":"jetbrains","ideSeries":"JetBrains-Local-IntellijIdeaUltimate","ideVersion":"252.23892.409","version":"3.23.0","license":"","name":"liumandong","uid":"69e828314752","device":"db2d56f3defe668d58955316a7e83dbf","displayName":"刘满东","email":"liumandong@baidu.com","username":"liumandong","enterpriseConfig":null}
[13735] [2026-01-09 06:46:53] [INFO] [CS]  Language: zh-cn
[13735] [2026-01-09 06:46:53] [INFO] [CS]  Engine Initialized
[13735] [2026-01-09 06:46:53] [INFO] [ENGINE]  <--------- ENGINE SEND: COMATE_PLUS_INITIALIZED {}
[13735] [2026-01-09 06:46:53] [ERROR] [ENGINE]  failed to send to ide connection COMATE_PLUS_INITIALIZED {} {"code":-32601}
[13734] [2026-01-09 06:46:55] [INFO] [BROWSERPLUGINSERVER]  服务端离线: xiaoliudeMacBook-Pro.local_13735_3au5jcq
[13734] [2026-01-09 06:46:55] [INFO] [PLUGINCHANNEL]  {"level":"system","source":"PluginEngine","action":"PluginLoadFish","detail":{"directory":"/Users/xiaoliu/Library/Application Support/JetBrains/IntelliJIdea2025.2/plugins/comate-intellij-plugin/comate-agent/bin/comate-kernel/plugins/f2c"}}
[13734] [2026-01-09 06:46:55] [INFO] [PLUGINCHANNEL]  {"level":"system","source":"PluginEngine","action":"PluginLoadStart","detail":{"directory":"/Users/xiaoliu/Library/Application Support/JetBrains/IntelliJIdea2025.2/plugins/comate-intellij-plugin/comate-agent/bin/comate-kernel/plugins/fcnap"}}
[13734] [2026-01-09 06:46:55] [INFO] [PLUGINCHANNEL]  {"level":"system","source":"PluginEngine","action":"PluginLoadFish","detail":{"directory":"/Users/xiaoliu/Library/Application Support/JetBrains/IntelliJIdea2025.2/plugins/comate-intellij-plugin/comate-agent/bin/comate-kernel/plugins/fcnap"}}
[13734] [2026-01-09 06:46:55] [INFO] [PLUGINCHANNEL]  {"level":"system","source":"PluginEngine","action":"PluginLoadStart","detail":{"directory":"/Users/xiaoliu/Library/Application Support/JetBrains/IntelliJIdea2025.2/plugins/comate-intellij-plugin/comate-agent/bin/comate-kernel/plugins/front-end-skills"}}
[13734] [2026-01-09 06:46:55] [INFO] [PLUGINCHANNEL]  {"level":"system","source":"PluginEngine","action":"PluginLoadFish","detail":{"directory":"/Users/xiaoliu/Library/Application Support/JetBrains/IntelliJIdea2025.2/plugins/comate-intellij-plugin/comate-agent/bin/comate-kernel/plugins/front-end-skills"}}
[13734] [2026-01-09 06:46:55] [INFO] [PLUGINCHANNEL]  {"level":"system","source":"PluginEngine","action":"PluginLoadStart","detail":{"directory":"/Users/xiaoliu/Library/Application Support/JetBrains/IntelliJIdea2025.2/plugins/comate-intellij-plugin/comate-agent/bin/comate-kernel/plugins/gdp"}}
[13734] [2026-01-09 06:46:55] [INFO] [PLUGINCHANNEL]  {"level":"system","source":"PluginEngine","action":"PluginLoadFish","detail":{"directory":"/Users/xiaoliu/Library/Application Support/JetBrains/IntelliJIdea2025.2/plugins/comate-intellij-plugin/comate-agent/bin/comate-kernel/plugins/gdp"}}
[13734] [2026-01-09 06:46:55] [INFO] [PLUGINCHANNEL]  {"level":"system","source":"PluginEngine","action":"PluginLoadStart","detail":{"directory":"/Users/xiaoliu/Library/Application Support/JetBrains/IntelliJIdea2025.2/plugins/comate-intellij-plugin/comate-agent/bin/comate-kernel/plugins/git"}}
[13734] [2026-01-09 06:46:55] [INFO] [PLUGINCHANNEL]  {"level":"system","source":"PluginEngine","action":"PluginLoadFish","detail":{"directory":"/Users/xiaoliu/Library/Application Support/JetBrains/IntelliJIdea2025.2/plugins/comate-intellij-plugin/comate-agent/bin/comate-kernel/plugins/git"}}
[13734] [2026-01-09 06:46:55] [INFO] [PLUGINCHANNEL]  {"level":"system","source":"PluginEngine","action":"PluginLoadStart","detail":{"directory":"/Users/xiaoliu/Library/Application Support/JetBrains/IntelliJIdea2025.2/plugins/comate-intellij-plugin/comate-agent/bin/comate-kernel/plugins/harmonyos"}}
[13734] [2026-01-09 06:46:55] [INFO] [PLUGINCHANNEL]  {"level":"system","source":"PluginEngine","action":"PluginLoadFish","detail":{"directory":"/Users/xiaoliu/Library/Application Support/JetBrains/IntelliJIdea2025.2/plugins/comate-intellij-plugin/comate-agent/bin/comate-kernel/plugins/harmonyos"}}
[13734] [2026-01-09 06:46:55] [INFO] [PLUGINCHANNEL]  {"level":"system","source":"PluginEngine","action":"PluginLoadStart","detail":{"directory":"/Users/xiaoliu/Library/Application Support/JetBrains/IntelliJIdea2025.2/plugins/comate-intellij-plugin/comate-agent/bin/comate-kernel/plugins/iapi"}}
[13734] [2026-01-09 06:46:56] [INFO] [PLUGINCHANNEL]  {"level":"system","source":"PluginEngine","action":"PluginLoadFish","detail":{"directory":"/Users/xiaoliu/Library/Application Support/JetBrains/IntelliJIdea2025.2/plugins/comate-intellij-plugin/comate-agent/bin/comate-kernel/plugins/iapi"}}
[13734] [2026-01-09 06:46:56] [INFO] [PLUGINCHANNEL]  {"level":"system","source":"PluginEngine","action":"PluginLoadStart","detail":{"directory":"/Users/xiaoliu/Library/Application Support/JetBrains/IntelliJIdea2025.2/plugins/comate-intellij-plugin/comate-agent/bin/comate-kernel/plugins/icafe"}}
[13734] [2026-01-09 06:46:56] [INFO] [PLUGINCHANNEL]  {"level":"system","source":"PluginEngine","action":"PluginLoadFish","detail":{"directory":"/Users/xiaoliu/Library/Application Support/JetBrains/IntelliJIdea2025.2/plugins/comate-intellij-plugin/comate-agent/bin/comate-kernel/plugins/icafe"}}
[13734] [2026-01-09 06:46:56] [INFO] [PLUGINCHANNEL]  {"level":"system","source":"PluginEngine","action":"PluginLoadStart","detail":{"directory":"/Users/xiaoliu/Library/Application Support/JetBrains/IntelliJIdea2025.2/plugins/comate-intellij-plugin/comate-agent/bin/comate-kernel/plugins/ievalue"}}
[13734] [2026-01-09 06:46:56] [INFO] [PLUGINCHANNEL]  {"level":"system","source":"PluginEngine","action":"PluginLoadFish","detail":{"directory":"/Users/xiaoliu/Library/Application Support/JetBrains/IntelliJIdea2025.2/plugins/comate-intellij-plugin/comate-agent/bin/comate-kernel/plugins/ievalue"}}
[13734] [2026-01-09 06:46:56] [INFO] [PLUGINCHANNEL]  {"level":"system","source":"PluginEngine","action":"PluginLoadStart","detail":{"directory":"/Users/xiaoliu/Library/Application Support/JetBrains/IntelliJIdea2025.2/plugins/comate-intellij-plugin/comate-agent/bin/comate-kernel/plugins/ipipe"}}
[13734] [2026-01-09 06:46:56] [INFO] [PLUGINCHANNEL]  {"level":"system","source":"PluginEngine","action":"PluginLoadFish","detail":{"directory":"/Users/xiaoliu/Library/Application Support/JetBrains/IntelliJIdea2025.2/plugins/comate-intellij-plugin/comate-agent/bin/comate-kernel/plugins/ipipe"}}
[13734] [2026-01-09 06:46:56] [INFO] [PLUGINCHANNEL]  {"level":"system","source":"PluginEngine","action":"PluginLoadStart","detail":{"directory":"/Users/xiaoliu/Library/Application Support/JetBrains/IntelliJIdea2025.2/plugins/comate-intellij-plugin/comate-agent/bin/comate-kernel/plugins/jarvis"}}
[13734] [2026-01-09 06:46:56] [INFO] [PLUGINCHANNEL]  {"level":"system","source":"PluginEngine","action":"PluginLoadFish","detail":{"directory":"/Users/xiaoliu/Library/Application Support/JetBrains/IntelliJIdea2025.2/plugins/comate-intellij-plugin/comate-agent/bin/comate-kernel/plugins/jarvis"}}
[13734] [2026-01-09 06:46:56] [INFO] [PLUGINCHANNEL]  {"level":"system","source":"PluginEngine","action":"PluginLoadStart","detail":{"directory":"/Users/xiaoliu/Library/Application Support/JetBrains/IntelliJIdea2025.2/plugins/comate-intellij-plugin/comate-agent/bin/comate-kernel/plugins/mapsearch"}}
[13734] [2026-01-09 06:46:56] [INFO] [PLUGINCHANNEL]  {"level":"system","source":"PluginEngine","action":"PluginLoadFish","detail":{"directory":"/Users/xiaoliu/Library/Application Support/JetBrains/IntelliJIdea2025.2/plugins/comate-intellij-plugin/comate-agent/bin/comate-kernel/plugins/mapsearch"}}
[13734] [2026-01-09 06:46:56] [INFO] [PLUGINCHANNEL]  {"level":"system","source":"PluginEngine","action":"PluginLoadStart","detail":{"directory":"/Users/xiaoliu/Library/Application Support/JetBrains/IntelliJIdea2025.2/plugins/comate-intellij-plugin/comate-agent/bin/comate-kernel/plugins/paddle"}}
[13734] [2026-01-09 06:46:56] [INFO] [PLUGINCHANNEL]  {"level":"system","source":"PluginEngine","action":"PluginLoadFish","detail":{"directory":"/Users/xiaoliu/Library/Application Support/JetBrains/IntelliJIdea2025.2/plugins/comate-intellij-plugin/comate-agent/bin/comate-kernel/plugins/paddle"}}
[13734] [2026-01-09 06:46:56] [INFO] [PLUGINCHANNEL]  {"level":"system","source":"PluginEngine","action":"PluginLoadStart","detail":{"directory":"/Users/xiaoliu/Library/Application Support/JetBrains/IntelliJIdea2025.2/plugins/comate-intellij-plugin/comate-agent/bin/comate-kernel/plugins/robot"}}
[13734] [2026-01-09 06:46:56] [INFO] [PLUGINCHANNEL]  {"level":"system","source":"PluginEngine","action":"PluginLoadFish","detail":{"directory":"/Users/xiaoliu/Library/Application Support/JetBrains/IntelliJIdea2025.2/plugins/comate-intellij-plugin/comate-agent/bin/comate-kernel/plugins/robot"}}
[13734] [2026-01-09 06:46:56] [INFO] [PLUGINCHANNEL]  {"level":"system","source":"PluginEngine","action":"PluginLoadStart","detail":{"directory":"/Users/xiaoliu/Library/Application Support/JetBrains/IntelliJIdea2025.2/plugins/comate-intellij-plugin/comate-agent/bin/comate-kernel/plugins/security"}}
[13734] [2026-01-09 06:46:56] [INFO] [PLUGINCHANNEL]  pluginPid security 13899
[13734] [2026-01-09 06:46:56] [INFO] [PLUGINCHANNEL]  {"level":"system","source":"PluginEngine","action":"PluginLoadFish","detail":{"directory":"/Users/xiaoliu/Library/Application Support/JetBrains/IntelliJIdea2025.2/plugins/comate-intellij-plugin/comate-agent/bin/comate-kernel/plugins/security"}}
[13734] [2026-01-09 06:46:56] [INFO] [PLUGINCHANNEL]  {"level":"system","source":"PluginEngine","action":"PluginLoadStart","detail":{"directory":"/Users/xiaoliu/Library/Application Support/JetBrains/IntelliJIdea2025.2/plugins/comate-intellij-plugin/comate-agent/bin/comate-kernel/plugins/smartapp"}}
[13734] [2026-01-09 06:46:57] [INFO] [PLUGINCHANNEL]  {"level":"system","source":"PluginEngine","action":"PluginLoadFish","detail":{"directory":"/Users/xiaoliu/Library/Application Support/JetBrains/IntelliJIdea2025.2/plugins/comate-intellij-plugin/comate-agent/bin/comate-kernel/plugins/smartapp"}}
[13734] [2026-01-09 06:46:57] [INFO] [PLUGINCHANNEL]  {"level":"system","source":"PluginEngine","action":"PluginLoadStart","detail":{"directory":"/Users/xiaoliu/Library/Application Support/JetBrains/IntelliJIdea2025.2/plugins/comate-intellij-plugin/comate-agent/bin/comate-kernel/plugins/testmate"}}
[13734] [2026-01-09 06:46:57] [INFO] [PLUGINCHANNEL]  {"level":"system","source":"PluginEngine","action":"PluginLoadFish","detail":{"directory":"/Users/xiaoliu/Library/Application Support/JetBrains/IntelliJIdea2025.2/plugins/comate-intellij-plugin/comate-agent/bin/comate-kernel/plugins/testmate"}}
[13734] [2026-01-09 06:46:57] [INFO] [PLUGINCHANNEL]  {"level":"system","source":"PluginEngine","action":"PluginLoadStart","detail":{"directory":"/Users/xiaoliu/Library/Application Support/JetBrains/IntelliJIdea2025.2/plugins/comate-intellij-plugin/comate-agent/bin/comate-kernel/plugins/tor"}}
[13734] [2026-01-09 06:46:57] [INFO] [PLUGINCHANNEL]  {"level":"system","source":"PluginEngine","action":"PluginLoadFish","detail":{"directory":"/Users/xiaoliu/Library/Application Support/JetBrains/IntelliJIdea2025.2/plugins/comate-intellij-plugin/comate-agent/bin/comate-kernel/plugins/tor"}}
[13734] [2026-01-09 06:46:57] [INFO] [PLUGINCHANNEL]  {"level":"system","source":"PluginEngine","action":"PluginLoadStart","detail":{"directory":"/Users/xiaoliu/Library/Application Support/JetBrains/IntelliJIdea2025.2/plugins/comate-intellij-plugin/comate-agent/bin/comate-kernel/plugins/weiyun"}}
[13734] [2026-01-09 06:46:57] [INFO] [PLUGINCHANNEL]  {"level":"system","source":"PluginEngine","action":"PluginLoadFish","detail":{"directory":"/Users/xiaoliu/Library/Application Support/JetBrains/IntelliJIdea2025.2/plugins/comate-intellij-plugin/comate-agent/bin/comate-kernel/plugins/weiyun"}}
[13734] [2026-01-09 06:46:57] [INFO] [PLUGINCHANNEL]  {"level":"system","source":"PluginEngine","action":"PluginLoadStart","detail":{"directory":"/Users/xiaoliu/Library/Application Support/JetBrains/IntelliJIdea2025.2/plugins/comate-intellij-plugin/comate-agent/bin/comate-kernel/plugins/workcard"}}
[13734] [2026-01-09 06:46:57] [INFO] [PLUGINCHANNEL]  {"level":"system","source":"PluginEngine","action":"PluginLoadFish","detail":{"directory":"/Users/xiaoliu/Library/Application Support/JetBrains/IntelliJIdea2025.2/plugins/comate-intellij-plugin/comate-agent/bin/comate-kernel/plugins/workcard"}}
[13734] [2026-01-09 06:46:57] [INFO] [PROMPTTEMPLATESERVICE]  PromptTemplateService init
[13734] [2026-01-09 06:46:57] [INFO] [SADIAGNOSTIC]  AISAService: Successfully fetched 13 agent configs
[13734] [2026-01-09 06:46:57] [INFO] [CS]  AISA Service initialized successfully
[13734] [2026-01-09 06:46:57] [INFO] [CS]  IDE: jetbrains
[13734] [2026-01-09 06:46:57] [INFO] [CS]  HTTP Proxy URL: None
[13734] [2026-01-09 06:46:57] [INFO] [CS]  HTTP No Proxy: None
[13734] [2026-01-09 06:46:57] [INFO] [CS]  HTTP HOST: None
[13734] [2026-01-09 06:46:57] [INFO] [CS]  Environment: production
[13734] [2026-01-09 06:46:57] [INFO] [CS]  Platform: internal
[13734] [2026-01-09 06:46:57] [INFO] [CS]  Api Base Url: https://comate.baidu-int.com
[13734] [2026-01-09 06:46:57] [INFO] [CS]  User Info: {"platform":"internal","ideName":"jetbrains","ideSeries":"JetBrains-Local-IntellijIdeaUltimate","ideVersion":"252.23892.409","version":"3.23.0","license":"","name":"liumandong","uid":"69e828314752","device":"db2d56f3defe668d58955316a7e83dbf","displayName":"刘满东","email":"liumandong@baidu.com","username":"liumandong","enterpriseConfig":null}
[13734] [2026-01-09 06:46:57] [INFO] [CS]  Language: zh-cn
[13734] [2026-01-09 06:46:57] [INFO] [CS]  Engine Initialized
[13734] [2026-01-09 06:46:57] [INFO] [ENGINE]  <--------- ENGINE SEND: COMATE_PLUS_INITIALIZED {}
[13734] [2026-01-09 06:46:57] [ERROR] [ENGINE]  failed to send to ide connection COMATE_PLUS_INITIALIZED {} {"code":-32601}
[13734] [2026-01-09 07:03:48] [INFO] [BROWSERPLUGINSERVER]  服务端离线: xiaoliudeMacBook-Pro.local_13735_3au5jcq
[13735] [2026-01-09 07:03:48] [INFO] [BROWSERPLUGINSERVER]  服务端离线: xiaoliudeMacBook-Pro.local_13734_o5kfng8
[13735] [2026-01-09 07:03:48] [INFO] [BROWSERPLUGINSERVER]  迁移到main port作为主服务器
[13735] [2026-01-09 07:03:48] [INFO] [BROWSERPLUGINSERVER]  WebSocket服务器启动成功: 49153
[13734] [2026-01-09 07:19:13] [INFO] [BROWSERPLUGINSERVER]  服务端离线: xiaoliudeMacBook-Pro.local_13735_3au5jcq
[13735] [2026-01-09 07:19:13] [INFO] [BROWSERPLUGINSERVER]  服务端离线: xiaoliudeMacBook-Pro.local_13734_o5kfng8
[13735] [2026-01-09 07:19:13] [INFO] [BROWSERPLUGINSERVER]  迁移到main port作为主服务器
[13735] [2026-01-09 07:19:13] [INFO] [BROWSERPLUGINSERVER]  WebSocket服务器启动成功: 49153
[13734] [2026-01-09 07:36:50] [INFO] [BROWSERPLUGINSERVER]  服务端离线: xiaoliudeMacBook-Pro.local_13735_3au5jcq
[13735] [2026-01-09 07:36:50] [INFO] [BROWSERPLUGINSERVER]  服务端离线: xiaoliudeMacBook-Pro.local_13734_o5kfng8
[13735] [2026-01-09 07:36:50] [INFO] [BROWSERPLUGINSERVER]  迁移到main port作为主服务器
[13735] [2026-01-09 07:36:50] [INFO] [BROWSERPLUGINSERVER]  WebSocket服务器启动成功: 49153
[13734] [2026-01-09 07:47:52] [INFO] [BROWSERPLUGINSERVER]  服务端离线: xiaoliudeMacBook-Pro.local_13735_3au5jcq
[13735] [2026-01-09 07:47:52] [INFO] [BROWSERPLUGINSERVER]  服务端离线: xiaoliudeMacBook-Pro.local_13734_o5kfng8
[13735] [2026-01-09 07:47:52] [INFO] [BROWSERPLUGINSERVER]  迁移到main port作为主服务器
[13735] [2026-01-09 07:47:52] [INFO] [BROWSERPLUGINSERVER]  WebSocket服务器启动成功: 49153
[13734] [2026-01-09 08:04:46] [INFO] [BROWSERPLUGINSERVER]  服务端离线: xiaoliudeMacBook-Pro.local_13735_3au5jcq
[13735] [2026-01-09 08:04:46] [INFO] [BROWSERPLUGINSERVER]  服务端离线: xiaoliudeMacBook-Pro.local_13734_o5kfng8
[13735] [2026-01-09 08:04:46] [INFO] [BROWSERPLUGINSERVER]  迁移到main port作为主服务器
[13735] [2026-01-09 08:04:46] [INFO] [BROWSERPLUGINSERVER]  WebSocket服务器启动成功: 49153
[13734] [2026-01-09 08:22:11] [INFO] [BROWSERPLUGINSERVER]  服务端离线: xiaoliudeMacBook-Pro.local_13735_3au5jcq
[13735] [2026-01-09 08:22:11] [INFO] [BROWSERPLUGINSERVER]  服务端离线: xiaoliudeMacBook-Pro.local_13734_o5kfng8
[13735] [2026-01-09 08:22:11] [INFO] [BROWSERPLUGINSERVER]  迁移到main port作为主服务器
[13735] [2026-01-09 08:22:11] [INFO] [BROWSERPLUGINSERVER]  WebSocket服务器启动成功: 49153
[13734] [2026-01-09 08:39:55] [INFO] [BROWSERPLUGINSERVER]  服务端离线: xiaoliudeMacBook-Pro.local_13735_3au5jcq
[13735] [2026-01-09 08:39:55] [INFO] [BROWSERPLUGINSERVER]  服务端离线: xiaoliudeMacBook-Pro.local_13734_o5kfng8
[13735] [2026-01-09 08:39:55] [INFO] [BROWSERPLUGINSERVER]  迁移到main port作为主服务器
[13735] [2026-01-09 08:39:55] [INFO] [BROWSERPLUGINSERVER]  WebSocket服务器启动成功: 49153
[13734] [2026-01-09 08:48:52] [INFO] [BROWSERPLUGINSERVER]  服务端离线: xiaoliudeMacBook-Pro.local_13735_3au5jcq
[13735] [2026-01-09 08:48:52] [INFO] [BROWSERPLUGINSERVER]  服务端离线: xiaoliudeMacBook-Pro.local_13734_o5kfng8
[13735] [2026-01-09 08:48:52] [INFO] [BROWSERPLUGINSERVER]  迁移到main port作为主服务器
[13735] [2026-01-09 08:48:52] [INFO] [BROWSERPLUGINSERVER]  WebSocket服务器启动成功: 49153
[13735] [2026-01-09 09:04:08] [INFO] [BROWSERPLUGINSERVER]  服务端离线: xiaoliudeMacBook-Pro.local_13734_o5kfng8
[13734] [2026-01-09 09:04:08] [INFO] [BROWSERPLUGINSERVER]  服务端离线: xiaoliudeMacBook-Pro.local_13735_3au5jcq
[13735] [2026-01-09 09:04:08] [INFO] [BROWSERPLUGINSERVER]  迁移到main port作为主服务器
[13735] [2026-01-09 09:04:08] [INFO] [BROWSERPLUGINSERVER]  WebSocket服务器启动成功: 49153
[13734] [2026-01-09 09:20:44] [INFO] [BROWSERPLUGINSERVER]  服务端离线: xiaoliudeMacBook-Pro.local_13735_3au5jcq
[13735] [2026-01-09 09:20:44] [INFO] [BROWSERPLUGINSERVER]  服务端离线: xiaoliudeMacBook-Pro.local_13734_o5kfng8
[13735] [2026-01-09 09:20:44] [INFO] [BROWSERPLUGINSERVER]  迁移到main port作为主服务器
[13735] [2026-01-09 09:20:44] [INFO] [BROWSERPLUGINSERVER]  WebSocket服务器启动成功: 49153
[13734] [2026-01-09 09:36:54] [INFO] [BROWSERPLUGINSERVER]  服务端离线: xiaoliudeMacBook-Pro.local_13735_3au5jcq
[13735] [2026-01-09 09:36:54] [INFO] [BROWSERPLUGINSERVER]  服务端离线: xiaoliudeMacBook-Pro.local_13734_o5kfng8
[13735] [2026-01-09 09:36:54] [INFO] [BROWSERPLUGINSERVER]  迁移到main port作为主服务器
[13735] [2026-01-09 09:36:54] [INFO] [BROWSERPLUGINSERVER]  WebSocket服务器启动成功: 49153
[13734] [2026-01-09 10:01:15] [INFO] [PLUGINCHANNEL]  {"level":"system","source":"IdeSession","action":"HandleMessage","detail":{"actionName":"DIAGNOSTIC_SCAN"}}
[13734] [2026-01-09 10:01:15] [INFO] [PLUGINCHANNEL]  {"level":"error","source":"IdeSession","action":"PluginNotFound","detail":{"pluginName":""}}
[13734] [2026-01-09 10:01:18] [INFO] [ENGINE]  ---------> ENGINE REC: ACTION_BRANCH_CHANGE {}
[13734] [2026-01-09 10:01:34] [INFO] [PLUGINCHANNEL]  {"level":"system","source":"IdeSession","action":"HandleMessage","detail":{"actionName":"DIAGNOSTIC_SCAN"}}
[13734] [2026-01-09 10:01:34] [INFO] [PLUGINCHANNEL]  {"level":"error","source":"IdeSession","action":"PluginNotFound","detail":{"pluginName":""}}
[13734] [2026-01-09 10:01:41] [INFO] [PLUGINCHANNEL]  {"level":"system","source":"IdeSession","action":"HandleMessage","detail":{"actionName":"DIAGNOSTIC_SCAN"}}
[13734] [2026-01-09 10:01:41] [INFO] [PLUGINCHANNEL]  {"level":"error","source":"IdeSession","action":"PluginNotFound","detail":{"pluginName":""}}
[13734] [2026-01-09 10:01:43] [INFO] [PLUGINCHANNEL]  {"level":"system","source":"IdeSession","action":"HandleMessage","detail":{"actionName":"DIAGNOSTIC_SCAN"}}
[13734] [2026-01-09 10:01:43] [INFO] [PLUGINCHANNEL]  {"level":"error","source":"IdeSession","action":"PluginNotFound","detail":{"pluginName":""}}
[13734] [2026-01-09 10:01:45] [INFO] [PLUGINCHANNEL]  {"level":"system","source":"IdeSession","action":"HandleMessage","detail":{"actionName":"DIAGNOSTIC_SCAN"}}
[13734] [2026-01-09 10:01:45] [INFO] [PLUGINCHANNEL]  {"level":"error","source":"IdeSession","action":"PluginNotFound","detail":{"pluginName":""}}
[13734] [2026-01-09 10:02:16] [INFO] [PLUGINCHANNEL]  {"level":"system","source":"IdeSession","action":"HandleMessage","detail":{"actionName":"DIAGNOSTIC_SCAN"}}
[13734] [2026-01-09 10:02:16] [INFO] [PLUGINCHANNEL]  {"level":"error","source":"IdeSession","action":"PluginNotFound","detail":{"pluginName":""}}
[13734] [2026-01-09 10:02:24] [INFO] [PLUGINCHANNEL]  {"level":"system","source":"IdeSession","action":"HandleMessage","detail":{"actionName":"DIAGNOSTIC_SCAN"}}
[13734] [2026-01-09 10:02:24] [INFO] [PLUGINCHANNEL]  {"level":"error","source":"IdeSession","action":"PluginNotFound","detail":{"pluginName":""}}
[13734] [2026-01-09 10:02:28] [INFO] [PLUGINCHANNEL]  {"level":"system","source":"IdeSession","action":"HandleMessage","detail":{"actionName":"DIAGNOSTIC_SCAN"}}
[13734] [2026-01-09 10:02:28] [INFO] [PLUGINCHANNEL]  {"level":"error","source":"IdeSession","action":"PluginNotFound","detail":{"pluginName":""}}
[13734] [2026-01-09 10:02:31] [INFO] [PLUGINCHANNEL]  {"level":"system","source":"IdeSession","action":"HandleMessage","detail":{"actionName":"DIAGNOSTIC_SCAN"}}
[13734] [2026-01-09 10:02:31] [INFO] [PLUGINCHANNEL]  {"level":"error","source":"IdeSession","action":"PluginNotFound","detail":{"pluginName":""}}
[13734] [2026-01-09 10:03:04] [INFO] [PLUGINCHANNEL]  {"level":"system","source":"IdeSession","action":"HandleMessage","detail":{"actionName":"DIAGNOSTIC_SCAN"}}
[13734] [2026-01-09 10:03:04] [INFO] [PLUGINCHANNEL]  {"level":"error","source":"IdeSession","action":"PluginNotFound","detail":{"pluginName":""}}
[13734] [2026-01-09 10:03:07] [INFO] [PLUGINCHANNEL]  {"level":"system","source":"IdeSession","action":"HandleMessage","detail":{"actionName":"DIAGNOSTIC_SCAN"}}
[13734] [2026-01-09 10:03:07] [INFO] [PLUGINCHANNEL]  {"level":"error","source":"IdeSession","action":"PluginNotFound","detail":{"pluginName":""}}
[13734] [2026-01-09 10:06:11] [INFO] [PLUGINCHANNEL]  {"level":"system","source":"IdeSession","action":"HandleMessage","detail":{"actionName":"DIAGNOSTIC_SCAN"}}
[13734] [2026-01-09 10:06:11] [INFO] [PLUGINCHANNEL]  {"level":"error","source":"IdeSession","action":"PluginNotFound","detail":{"pluginName":""}}
[13734] [2026-01-09 10:06:13] [INFO] [PLUGINCHANNEL]  {"level":"system","source":"IdeSession","action":"HandleMessage","detail":{"actionName":"DIAGNOSTIC_SCAN"}}
[13734] [2026-01-09 10:06:13] [INFO] [PLUGINCHANNEL]  {"level":"error","source":"IdeSession","action":"PluginNotFound","detail":{"pluginName":""}}
[13734] [2026-01-09 10:06:14] [INFO] [PLUGINCHANNEL]  {"level":"system","source":"IdeSession","action":"HandleMessage","detail":{"actionName":"DIAGNOSTIC_SCAN"}}
[13734] [2026-01-09 10:06:14] [INFO] [PLUGINCHANNEL]  {"level":"error","source":"IdeSession","action":"PluginNotFound","detail":{"pluginName":""}}
[13734] [2026-01-09 10:06:15] [INFO] [PLUGINCHANNEL]  {"level":"warn","source":"IdeSession","action":"SessionTimeout","detail":{}}
[13734] [2026-01-09 10:06:34] [INFO] [PLUGINCHANNEL]  {"level":"warn","source":"IdeSession","action":"SessionTimeout","detail":{}}
[13734] [2026-01-09 10:06:41] [INFO] [PLUGINCHANNEL]  {"level":"warn","source":"IdeSession","action":"SessionTimeout","detail":{}}
[13734] [2026-01-09 10:06:43] [INFO] [PLUGINCHANNEL]  {"level":"warn","source":"IdeSession","action":"SessionTimeout","detail":{}}
[13734] [2026-01-09 10:06:45] [INFO] [PLUGINCHANNEL]  {"level":"warn","source":"IdeSession","action":"SessionTimeout","detail":{}}
[13734] [2026-01-09 10:07:16] [INFO] [PLUGINCHANNEL]  {"level":"warn","source":"IdeSession","action":"SessionTimeout","detail":{}}
[13734] [2026-01-09 10:07:24] [INFO] [PLUGINCHANNEL]  {"level":"warn","source":"IdeSession","action":"SessionTimeout","detail":{}}
[13734] [2026-01-09 10:07:28] [INFO] [PLUGINCHANNEL]  {"level":"warn","source":"IdeSession","action":"SessionTimeout","detail":{}}
[13734] [2026-01-09 10:07:31] [INFO] [PLUGINCHANNEL]  {"level":"warn","source":"IdeSession","action":"SessionTimeout","detail":{}}
[13734] [2026-01-09 10:08:04] [INFO] [PLUGINCHANNEL]  {"level":"warn","source":"IdeSession","action":"SessionTimeout","detail":{}}
[13734] [2026-01-09 10:08:07] [INFO] [PLUGINCHANNEL]  {"level":"warn","source":"IdeSession","action":"SessionTimeout","detail":{}}
[13734] [2026-01-09 10:11:08] [INFO] [PLUGINCHANNEL]  {"level":"system","source":"IdeSession","action":"HandleMessage","detail":{"actionName":"DIAGNOSTIC_SCAN"}}
[13734] [2026-01-09 10:11:08] [INFO] [PLUGINCHANNEL]  {"level":"error","source":"IdeSession","action":"PluginNotFound","detail":{"pluginName":""}}
[13734] [2026-01-09 10:11:11] [INFO] [PLUGINCHANNEL]  {"level":"warn","source":"IdeSession","action":"SessionTimeout","detail":{}}
[13734] [2026-01-09 10:11:12] [INFO] [PLUGINCHANNEL]  {"level":"system","source":"IdeSession","action":"HandleMessage","detail":{"actionName":"DIAGNOSTIC_SCAN"}}
[13734] [2026-01-09 10:11:12] [INFO] [PLUGINCHANNEL]  {"level":"error","source":"IdeSession","action":"PluginNotFound","detail":{"pluginName":""}}
[13734] [2026-01-09 10:11:13] [INFO] [PLUGINCHANNEL]  {"level":"warn","source":"IdeSession","action":"SessionTimeout","detail":{}}
[13734] [2026-01-09 10:11:14] [INFO] [PLUGINCHANNEL]  {"level":"warn","source":"IdeSession","action":"SessionTimeout","detail":{}}
[13734] [2026-01-09 10:11:16] [INFO] [PLUGINCHANNEL]  {"level":"system","source":"IdeSession","action":"HandleMessage","detail":{"actionName":"DIAGNOSTIC_SCAN"}}
[13734] [2026-01-09 10:11:16] [INFO] [PLUGINCHANNEL]  {"level":"error","source":"IdeSession","action":"PluginNotFound","detail":{"pluginName":""}}
[13734] [2026-01-09 10:11:17] [INFO] [PLUGINCHANNEL]  {"level":"system","source":"IdeSession","action":"HandleMessage","detail":{"actionName":"DIAGNOSTIC_SCAN"}}
[13734] [2026-01-09 10:11:17] [INFO] [PLUGINCHANNEL]  {"level":"error","source":"IdeSession","action":"PluginNotFound","detail":{"pluginName":""}}
[13734] [2026-01-09 10:11:26] [INFO] [PLUGINCHANNEL]  {"level":"system","source":"IdeSession","action":"HandleMessage","detail":{"actionName":"DIAGNOSTIC_SCAN"}}
[13734] [2026-01-09 10:11:26] [INFO] [PLUGINCHANNEL]  {"level":"error","source":"IdeSession","action":"PluginNotFound","detail":{"pluginName":""}}
[13734] [2026-01-09 10:11:27] [INFO] [PLUGINCHANNEL]  {"level":"system","source":"IdeSession","action":"HandleMessage","detail":{"actionName":"DIAGNOSTIC_SCAN"}}
[13734] [2026-01-09 10:11:27] [INFO] [PLUGINCHANNEL]  {"level":"error","source":"IdeSession","action":"PluginNotFound","detail":{"pluginName":""}}
[13734] [2026-01-09 10:11:31] [INFO] [PLUGINCHANNEL]  {"level":"system","source":"IdeSession","action":"HandleMessage","detail":{"actionName":"DIAGNOSTIC_SCAN"}}
[13734] [2026-01-09 10:11:31] [INFO] [PLUGINCHANNEL]  {"level":"error","source":"IdeSession","action":"PluginNotFound","detail":{"pluginName":""}}
[13734] [2026-01-09 10:11:38] [INFO] [PLUGINCHANNEL]  {"level":"system","source":"IdeSession","action":"HandleMessage","detail":{"actionName":"DIAGNOSTIC_SCAN"}}
[13734] [2026-01-09 10:11:38] [INFO] [PLUGINCHANNEL]  {"level":"error","source":"IdeSession","action":"PluginNotFound","detail":{"pluginName":""}}
[13734] [2026-01-09 10:11:41] [INFO] [PLUGINCHANNEL]  {"level":"system","source":"IdeSession","action":"HandleMessage","detail":{"actionName":"DIAGNOSTIC_SCAN"}}
[13734] [2026-01-09 10:11:41] [INFO] [PLUGINCHANNEL]  {"level":"error","source":"IdeSession","action":"PluginNotFound","detail":{"pluginName":""}}
[13734] [2026-01-09 10:11:44] [INFO] [PLUGINCHANNEL]  {"level":"system","source":"IdeSession","action":"HandleMessage","detail":{"actionName":"DIAGNOSTIC_SCAN"}}
[13734] [2026-01-09 10:11:44] [INFO] [PLUGINCHANNEL]  {"level":"error","source":"IdeSession","action":"PluginNotFound","detail":{"pluginName":""}}
[13734] [2026-01-09 10:11:45] [INFO] [PLUGINCHANNEL]  {"level":"system","source":"IdeSession","action":"HandleMessage","detail":{"actionName":"DIAGNOSTIC_SCAN"}}
[13734] [2026-01-09 10:11:45] [INFO] [PLUGINCHANNEL]  {"level":"error","source":"IdeSession","action":"PluginNotFound","detail":{"pluginName":""}}
[13734] [2026-01-09 10:11:46] [INFO] [PLUGINCHANNEL]  {"level":"system","source":"IdeSession","action":"HandleMessage","detail":{"actionName":"DIAGNOSTIC_SCAN"}}
[13734] [2026-01-09 10:11:46] [INFO] [PLUGINCHANNEL]  {"level":"error","source":"IdeSession","action":"PluginNotFound","detail":{"pluginName":""}}
[13734] [2026-01-09 10:11:48] [INFO] [PLUGINCHANNEL]  {"level":"system","source":"IdeSession","action":"HandleMessage","detail":{"actionName":"DIAGNOSTIC_SCAN"}}
[13734] [2026-01-09 10:11:48] [INFO] [PLUGINCHANNEL]  {"level":"error","source":"IdeSession","action":"PluginNotFound","detail":{"pluginName":""}}
[13734] [2026-01-09 10:11:49] [INFO] [PLUGINCHANNEL]  {"level":"system","source":"IdeSession","action":"HandleMessage","detail":{"actionName":"DIAGNOSTIC_SCAN"}}
[13734] [2026-01-09 10:11:49] [INFO] [PLUGINCHANNEL]  {"level":"error","source":"IdeSession","action":"PluginNotFound","detail":{"pluginName":""}}
[13734] [2026-01-09 10:11:50] [INFO] [PLUGINCHANNEL]  {"level":"system","source":"IdeSession","action":"HandleMessage","detail":{"actionName":"DIAGNOSTIC_SCAN"}}
[13734] [2026-01-09 10:11:50] [INFO] [PLUGINCHANNEL]  {"level":"error","source":"IdeSession","action":"PluginNotFound","detail":{"pluginName":""}}
[13734] [2026-01-09 10:11:53] [INFO] [PLUGINCHANNEL]  {"level":"system","source":"IdeSession","action":"HandleMessage","detail":{"actionName":"DIAGNOSTIC_SCAN"}}
[13734] [2026-01-09 10:11:53] [INFO] [PLUGINCHANNEL]  {"level":"error","source":"IdeSession","action":"PluginNotFound","detail":{"pluginName":""}}
[13734] [2026-01-09 10:11:54] [INFO] [PLUGINCHANNEL]  {"level":"system","source":"IdeSession","action":"HandleMessage","detail":{"actionName":"DIAGNOSTIC_SCAN"}}
[13734] [2026-01-09 10:11:54] [INFO] [PLUGINCHANNEL]  {"level":"error","source":"IdeSession","action":"PluginNotFound","detail":{"pluginName":""}}
[13734] [2026-01-09 10:11:56] [INFO] [PLUGINCHANNEL]  {"level":"system","source":"IdeSession","action":"HandleMessage","detail":{"actionName":"DIAGNOSTIC_SCAN"}}
[13734] [2026-01-09 10:11:56] [INFO] [PLUGINCHANNEL]  {"level":"error","source":"IdeSession","action":"PluginNotFound","detail":{"pluginName":""}}
[13734] [2026-01-09 10:11:57] [INFO] [PLUGINCHANNEL]  {"level":"system","source":"IdeSession","action":"HandleMessage","detail":{"actionName":"DIAGNOSTIC_SCAN"}}
[13734] [2026-01-09 10:11:57] [INFO] [PLUGINCHANNEL]  {"level":"error","source":"IdeSession","action":"PluginNotFound","detail":{"pluginName":""}}
[13734] [2026-01-09 10:11:57] [INFO] [PLUGINCHANNEL]  {"level":"system","source":"IdeSession","action":"HandleMessage","detail":{"actionName":"DIAGNOSTIC_SCAN"}}
[13734] [2026-01-09 10:11:57] [INFO] [PLUGINCHANNEL]  {"level":"error","source":"IdeSession","action":"PluginNotFound","detail":{"pluginName":""}}
[13734] [2026-01-09 10:11:58] [INFO] [PLUGINCHANNEL]  {"level":"system","source":"IdeSession","action":"HandleMessage","detail":{"actionName":"DIAGNOSTIC_SCAN"}}
[13734] [2026-01-09 10:11:58] [INFO] [PLUGINCHANNEL]  {"level":"error","source":"IdeSession","action":"PluginNotFound","detail":{"pluginName":""}}
[13734] [2026-01-09 10:11:59] [INFO] [PLUGINCHANNEL]  {"level":"system","source":"IdeSession","action":"HandleMessage","detail":{"actionName":"DIAGNOSTIC_SCAN"}}
[13734] [2026-01-09 10:11:59] [INFO] [PLUGINCHANNEL]  {"level":"error","source":"IdeSession","action":"PluginNotFound","detail":{"pluginName":""}}
[13734] [2026-01-09 10:12:00] [INFO] [PLUGINCHANNEL]  {"level":"system","source":"IdeSession","action":"HandleMessage","detail":{"actionName":"DIAGNOSTIC_SCAN"}}
[13734] [2026-01-09 10:12:00] [INFO] [PLUGINCHANNEL]  {"level":"error","source":"IdeSession","action":"PluginNotFound","detail":{"pluginName":""}}
[13734] [2026-01-09 10:12:02] [INFO] [PLUGINCHANNEL]  {"level":"system","source":"IdeSession","action":"HandleMessage","detail":{"actionName":"DIAGNOSTIC_SCAN"}}
[13734] [2026-01-09 10:12:02] [INFO] [PLUGINCHANNEL]  {"level":"error","source":"IdeSession","action":"PluginNotFound","detail":{"pluginName":""}}
[13734] [2026-01-09 10:12:03] [INFO] [PLUGINCHANNEL]  {"level":"system","source":"IdeSession","action":"HandleMessage","detail":{"actionName":"DIAGNOSTIC_SCAN"}}
[13734] [2026-01-09 10:12:03] [INFO] [PLUGINCHANNEL]  {"level":"error","source":"IdeSession","action":"PluginNotFound","detail":{"pluginName":""}}
[13734] [2026-01-09 10:12:05] [INFO] [PLUGINCHANNEL]  {"level":"system","source":"IdeSession","action":"HandleMessage","detail":{"actionName":"DIAGNOSTIC_SCAN"}}
[13734] [2026-01-09 10:12:05] [INFO] [PLUGINCHANNEL]  {"level":"error","source":"IdeSession","action":"PluginNotFound","detail":{"pluginName":""}}
[13734] [2026-01-09 10:12:06] [INFO] [PLUGINCHANNEL]  {"level":"system","source":"IdeSession","action":"HandleMessage","detail":{"actionName":"DIAGNOSTIC_SCAN"}}
[13734] [2026-01-09 10:12:06] [INFO] [PLUGINCHANNEL]  {"level":"error","source":"IdeSession","action":"PluginNotFound","detail":{"pluginName":""}}
[13734] [2026-01-09 10:12:06] [INFO] [PLUGINCHANNEL]  {"level":"system","source":"IdeSession","action":"HandleMessage","detail":{"actionName":"DIAGNOSTIC_SCAN"}}
[13734] [2026-01-09 10:12:06] [INFO] [PLUGINCHANNEL]  {"level":"error","source":"IdeSession","action":"PluginNotFound","detail":{"pluginName":""}}
[13734] [2026-01-09 10:12:08] [INFO] [PLUGINCHANNEL]  {"level":"system","source":"IdeSession","action":"HandleMessage","detail":{"actionName":"DIAGNOSTIC_SCAN"}}
[13734] [2026-01-09 10:12:08] [INFO] [PLUGINCHANNEL]  {"level":"error","source":"IdeSession","action":"PluginNotFound","detail":{"pluginName":""}}
[13734] [2026-01-09 10:12:08] [INFO] [PLUGINCHANNEL]  {"level":"system","source":"IdeSession","action":"HandleMessage","detail":{"actionName":"DIAGNOSTIC_SCAN"}}
[13734] [2026-01-09 10:12:08] [INFO] [PLUGINCHANNEL]  {"level":"error","source":"IdeSession","action":"PluginNotFound","detail":{"pluginName":""}}
[13734] [2026-01-09 10:12:15] [INFO] [PLUGINCHANNEL]  {"level":"system","source":"IdeSession","action":"HandleMessage","detail":{"actionName":"DIAGNOSTIC_SCAN"}}
[13734] [2026-01-09 10:12:15] [INFO] [PLUGINCHANNEL]  {"level":"error","source":"IdeSession","action":"PluginNotFound","detail":{"pluginName":""}}
[13734] [2026-01-09 10:12:16] [INFO] [PLUGINCHANNEL]  {"level":"system","source":"IdeSession","action":"HandleMessage","detail":{"actionName":"DIAGNOSTIC_SCAN"}}
[13734] [2026-01-09 10:12:16] [INFO] [PLUGINCHANNEL]  {"level":"error","source":"IdeSession","action":"PluginNotFound","detail":{"pluginName":""}}
[13734] [2026-01-09 10:12:22] [INFO] [PLUGINCHANNEL]  {"level":"system","source":"IdeSession","action":"HandleMessage","detail":{"actionName":"DIAGNOSTIC_SCAN"}}
[13734] [2026-01-09 10:12:22] [INFO] [PLUGINCHANNEL]  {"level":"error","source":"IdeSession","action":"PluginNotFound","detail":{"pluginName":""}}
[13734] [2026-01-09 10:12:26] [INFO] [PLUGINCHANNEL]  {"level":"system","source":"IdeSession","action":"HandleMessage","detail":{"actionName":"DIAGNOSTIC_SCAN"}}
[13734] [2026-01-09 10:12:26] [INFO] [PLUGINCHANNEL]  {"level":"error","source":"IdeSession","action":"PluginNotFound","detail":{"pluginName":""}}
[13734] [2026-01-09 10:15:58] [INFO] [PLUGINCHANNEL]  {"level":"system","source":"IdeSession","action":"HandleMessage","detail":{"actionName":"DIAGNOSTIC_SCAN"}}
[13734] [2026-01-09 10:15:58] [INFO] [PLUGINCHANNEL]  {"level":"error","source":"IdeSession","action":"PluginNotFound","detail":{"pluginName":""}}
[13734] [2026-01-09 10:16:01] [INFO] [PLUGINCHANNEL]  {"level":"system","source":"IdeSession","action":"HandleMessage","detail":{"actionName":"DIAGNOSTIC_SCAN"}}
[13734] [2026-01-09 10:16:01] [INFO] [PLUGINCHANNEL]  {"level":"error","source":"IdeSession","action":"PluginNotFound","detail":{"pluginName":""}}
[13734] [2026-01-09 10:16:02] [INFO] [PLUGINCHANNEL]  {"level":"system","source":"IdeSession","action":"HandleMessage","detail":{"actionName":"DIAGNOSTIC_SCAN"}}
[13734] [2026-01-09 10:16:02] [INFO] [PLUGINCHANNEL]  {"level":"error","source":"IdeSession","action":"PluginNotFound","detail":{"pluginName":""}}
[13734] [2026-01-09 10:16:04] [INFO] [PLUGINCHANNEL]  {"level":"system","source":"IdeSession","action":"HandleMessage","detail":{"actionName":"DIAGNOSTIC_SCAN"}}
[13734] [2026-01-09 10:16:04] [INFO] [PLUGINCHANNEL]  {"level":"error","source":"IdeSession","action":"PluginNotFound","detail":{"pluginName":""}}
[13734] [2026-01-09 10:16:05] [INFO] [PLUGINCHANNEL]  {"level":"system","source":"IdeSession","action":"HandleMessage","detail":{"actionName":"DIAGNOSTIC_SCAN"}}
[13734] [2026-01-09 10:16:05] [INFO] [PLUGINCHANNEL]  {"level":"error","source":"IdeSession","action":"PluginNotFound","detail":{"pluginName":""}}
[13734] [2026-01-09 10:16:07] [INFO] [PLUGINCHANNEL]  {"level":"system","source":"IdeSession","action":"HandleMessage","detail":{"actionName":"DIAGNOSTIC_SCAN"}}
[13734] [2026-01-09 10:16:07] [INFO] [PLUGINCHANNEL]  {"level":"error","source":"IdeSession","action":"PluginNotFound","detail":{"pluginName":""}}
[13734] [2026-01-09 10:16:08] [INFO] [PLUGINCHANNEL]  {"level":"warn","source":"IdeSession","action":"SessionTimeout","detail":{}}
[13734] [2026-01-09 10:16:08] [INFO] [PLUGINCHANNEL]  {"level":"system","source":"IdeSession","action":"HandleMessage","detail":{"actionName":"DIAGNOSTIC_SCAN"}}
[13734] [2026-01-09 10:16:08] [INFO] [PLUGINCHANNEL]  {"level":"error","source":"IdeSession","action":"PluginNotFound","detail":{"pluginName":""}}
[13734] [2026-01-09 10:16:12] [INFO] [PLUGINCHANNEL]  {"level":"warn","source":"IdeSession","action":"SessionTimeout","detail":{}}
[13734] [2026-01-09 10:16:16] [INFO] [PLUGINCHANNEL]  {"level":"warn","source":"IdeSession","action":"SessionTimeout","detail":{}}
[13734] [2026-01-09 10:16:17] [INFO] [PLUGINCHANNEL]  {"level":"warn","source":"IdeSession","action":"SessionTimeout","detail":{}}
[13734] [2026-01-09 10:16:23] [INFO] [PLUGINCHANNEL]  {"level":"system","source":"IdeSession","action":"HandleMessage","detail":{"actionName":"DIAGNOSTIC_SCAN"}}
[13734] [2026-01-09 10:16:23] [INFO] [PLUGINCHANNEL]  {"level":"error","source":"IdeSession","action":"PluginNotFound","detail":{"pluginName":""}}
[13734] [2026-01-09 10:16:26] [INFO] [PLUGINCHANNEL]  {"level":"system","source":"IdeSession","action":"HandleMessage","detail":{"actionName":"DIAGNOSTIC_SCAN"}}
[13734] [2026-01-09 10:16:26] [INFO] [PLUGINCHANNEL]  {"level":"error","source":"IdeSession","action":"PluginNotFound","detail":{"pluginName":""}}
[13734] [2026-01-09 10:16:26] [INFO] [PLUGINCHANNEL]  {"level":"warn","source":"IdeSession","action":"SessionTimeout","detail":{}}
[13734] [2026-01-09 10:16:27] [INFO] [PLUGINCHANNEL]  {"level":"warn","source":"IdeSession","action":"SessionTimeout","detail":{}}
[13734] [2026-01-09 10:16:28] [INFO] [PLUGINCHANNEL]  {"level":"system","source":"IdeSession","action":"HandleMessage","detail":{"actionName":"DIAGNOSTIC_SCAN"}}
[13734] [2026-01-09 10:16:28] [INFO] [PLUGINCHANNEL]  {"level":"error","source":"IdeSession","action":"PluginNotFound","detail":{"pluginName":""}}
[13734] [2026-01-09 10:16:31] [INFO] [PLUGINCHANNEL]  {"level":"warn","source":"IdeSession","action":"SessionTimeout","detail":{}}
[13734] [2026-01-09 10:16:38] [INFO] [PLUGINCHANNEL]  {"level":"warn","source":"IdeSession","action":"SessionTimeout","detail":{}}
[13734] [2026-01-09 10:16:41] [INFO] [PLUGINCHANNEL]  {"level":"warn","source":"IdeSession","action":"SessionTimeout","detail":{}}
[13734] [2026-01-09 10:16:44] [INFO] [PLUGINCHANNEL]  {"level":"warn","source":"IdeSession","action":"SessionTimeout","detail":{}}
[13734] [2026-01-09 10:16:45] [INFO] [PLUGINCHANNEL]  {"level":"warn","source":"IdeSession","action":"SessionTimeout","detail":{}}
[13734] [2026-01-09 10:16:46] [INFO] [PLUGINCHANNEL]  {"level":"warn","source":"IdeSession","action":"SessionTimeout","detail":{}}
[13734] [2026-01-09 10:16:48] [INFO] [PLUGINCHANNEL]  {"level":"warn","source":"IdeSession","action":"SessionTimeout","detail":{}}
[13734] [2026-01-09 10:16:49] [INFO] [PLUGINCHANNEL]  {"level":"warn","source":"IdeSession","action":"SessionTimeout","detail":{}}
[13734] [2026-01-09 10:16:50] [INFO] [PLUGINCHANNEL]  {"level":"warn","source":"IdeSession","action":"SessionTimeout","detail":{}}
[13734] [2026-01-09 10:16:53] [INFO] [PLUGINCHANNEL]  {"level":"warn","source":"IdeSession","action":"SessionTimeout","detail":{}}
[13734] [2026-01-09 10:16:54] [INFO] [PLUGINCHANNEL]  {"level":"warn","source":"IdeSession","action":"SessionTimeout","detail":{}}
[13734] [2026-01-09 10:16:56] [INFO] [PLUGINCHANNEL]  {"level":"warn","source":"IdeSession","action":"SessionTimeout","detail":{}}
[13734] [2026-01-09 10:16:57] [INFO] [PLUGINCHANNEL]  {"level":"warn","source":"IdeSession","action":"SessionTimeout","detail":{}}
[13734] [2026-01-09 10:16:57] [INFO] [PLUGINCHANNEL]  {"level":"warn","source":"IdeSession","action":"SessionTimeout","detail":{}}
[13734] [2026-01-09 10:16:58] [INFO] [PLUGINCHANNEL]  {"level":"warn","source":"IdeSession","action":"SessionTimeout","detail":{}}
[13734] [2026-01-09 10:16:59] [INFO] [PLUGINCHANNEL]  {"level":"warn","source":"IdeSession","action":"SessionTimeout","detail":{}}
[13734] [2026-01-09 10:17:00] [INFO] [PLUGINCHANNEL]  {"level":"warn","source":"IdeSession","action":"SessionTimeout","detail":{}}
[13734] [2026-01-09 10:17:02] [INFO] [PLUGINCHANNEL]  {"level":"warn","source":"IdeSession","action":"SessionTimeout","detail":{}}
[13734] [2026-01-09 10:17:03] [INFO] [PLUGINCHANNEL]  {"level":"warn","source":"IdeSession","action":"SessionTimeout","detail":{}}
[13734] [2026-01-09 10:17:05] [INFO] [PLUGINCHANNEL]  {"level":"warn","source":"IdeSession","action":"SessionTimeout","detail":{}}
[13734] [2026-01-09 10:17:06] [INFO] [PLUGINCHANNEL]  {"level":"warn","source":"IdeSession","action":"SessionTimeout","detail":{}}
[13734] [2026-01-09 10:17:06] [INFO] [PLUGINCHANNEL]  {"level":"warn","source":"IdeSession","action":"SessionTimeout","detail":{}}
[13734] [2026-01-09 10:17:08] [INFO] [PLUGINCHANNEL]  {"level":"warn","source":"IdeSession","action":"SessionTimeout","detail":{}}
[13734] [2026-01-09 10:17:08] [INFO] [PLUGINCHANNEL]  {"level":"warn","source":"IdeSession","action":"SessionTimeout","detail":{}}
[13734] [2026-01-09 10:17:15] [INFO] [PLUGINCHANNEL]  {"level":"warn","source":"IdeSession","action":"SessionTimeout","detail":{}}
[13734] [2026-01-09 10:17:16] [INFO] [PLUGINCHANNEL]  {"level":"warn","source":"IdeSession","action":"SessionTimeout","detail":{}}
[13734] [2026-01-09 10:17:22] [INFO] [PLUGINCHANNEL]  {"level":"warn","source":"IdeSession","action":"SessionTimeout","detail":{}}
[13734] [2026-01-09 10:17:26] [INFO] [PLUGINCHANNEL]  {"level":"warn","source":"IdeSession","action":"SessionTimeout","detail":{}}
[13734] [2026-01-09 10:20:58] [INFO] [PLUGINCHANNEL]  {"level":"warn","source":"IdeSession","action":"SessionTimeout","detail":{}}
[13734] [2026-01-09 10:21:01] [INFO] [PLUGINCHANNEL]  {"level":"warn","source":"IdeSession","action":"SessionTimeout","detail":{}}
[13734] [2026-01-09 10:21:02] [INFO] [PLUGINCHANNEL]  {"level":"warn","source":"IdeSession","action":"SessionTimeout","detail":{}}
[13734] [2026-01-09 10:21:04] [INFO] [PLUGINCHANNEL]  {"level":"warn","source":"IdeSession","action":"SessionTimeout","detail":{}}
[13734] [2026-01-09 10:21:05] [INFO] [PLUGINCHANNEL]  {"level":"warn","source":"IdeSession","action":"SessionTimeout","detail":{}}
[13734] [2026-01-09 10:21:07] [INFO] [PLUGINCHANNEL]  {"level":"warn","source":"IdeSession","action":"SessionTimeout","detail":{}}
[13734] [2026-01-09 10:21:08] [INFO] [PLUGINCHANNEL]  {"level":"warn","source":"IdeSession","action":"SessionTimeout","detail":{}}
[13734] [2026-01-09 10:21:23] [INFO] [PLUGINCHANNEL]  {"level":"warn","source":"IdeSession","action":"SessionTimeout","detail":{}}
[13734] [2026-01-09 10:21:26] [INFO] [PLUGINCHANNEL]  {"level":"warn","source":"IdeSession","action":"SessionTimeout","detail":{}}
[13734] [2026-01-09 10:21:27] [INFO] [PLUGINCHANNEL]  {"level":"system","source":"IdeSession","action":"HandleMessage","detail":{"actionName":"DIAGNOSTIC_SCAN"}}
[13734] [2026-01-09 10:21:27] [INFO] [PLUGINCHANNEL]  {"level":"error","source":"IdeSession","action":"PluginNotFound","detail":{"pluginName":""}}
[13734] [2026-01-09 10:21:28] [INFO] [PLUGINCHANNEL]  {"level":"system","source":"IdeSession","action":"HandleMessage","detail":{"actionName":"DIAGNOSTIC_SCAN"}}
[13734] [2026-01-09 10:21:28] [INFO] [PLUGINCHANNEL]  {"level":"error","source":"IdeSession","action":"PluginNotFound","detail":{"pluginName":""}}
[13734] [2026-01-09 10:21:28] [INFO] [PLUGINCHANNEL]  {"level":"warn","source":"IdeSession","action":"SessionTimeout","detail":{}}
[13734] [2026-01-09 10:21:30] [INFO] [PLUGINCHANNEL]  {"level":"system","source":"IdeSession","action":"HandleMessage","detail":{"actionName":"DIAGNOSTIC_SCAN"}}
[13734] [2026-01-09 10:21:30] [INFO] [PLUGINCHANNEL]  {"level":"error","source":"IdeSession","action":"PluginNotFound","detail":{"pluginName":""}}
[13734] [2026-01-09 10:21:31] [INFO] [PLUGINCHANNEL]  {"level":"system","source":"IdeSession","action":"HandleMessage","detail":{"actionName":"DIAGNOSTIC_SCAN"}}
[13734] [2026-01-09 10:21:31] [INFO] [PLUGINCHANNEL]  {"level":"error","source":"IdeSession","action":"PluginNotFound","detail":{"pluginName":""}}
[13734] [2026-01-09 10:21:32] [INFO] [PLUGINCHANNEL]  {"level":"system","source":"IdeSession","action":"HandleMessage","detail":{"actionName":"DIAGNOSTIC_SCAN"}}
[13734] [2026-01-09 10:21:32] [INFO] [PLUGINCHANNEL]  {"level":"error","source":"IdeSession","action":"PluginNotFound","detail":{"pluginName":""}}
[13734] [2026-01-09 10:21:39] [INFO] [PLUGINCHANNEL]  {"level":"system","source":"IdeSession","action":"HandleMessage","detail":{"actionName":"DIAGNOSTIC_SCAN"}}
[13734] [2026-01-09 10:21:39] [INFO] [PLUGINCHANNEL]  {"level":"error","source":"IdeSession","action":"PluginNotFound","detail":{"pluginName":""}}
[13734] [2026-01-09 10:21:42] [INFO] [PLUGINCHANNEL]  {"level":"system","source":"IdeSession","action":"HandleMessage","detail":{"actionName":"DIAGNOSTIC_SCAN"}}
[13734] [2026-01-09 10:21:42] [INFO] [PLUGINCHANNEL]  {"level":"error","source":"IdeSession","action":"PluginNotFound","detail":{"pluginName":""}}
[13734] [2026-01-09 10:21:46] [INFO] [PLUGINCHANNEL]  {"level":"system","source":"IdeSession","action":"HandleMessage","detail":{"actionName":"DIAGNOSTIC_SCAN"}}
[13734] [2026-01-09 10:21:46] [INFO] [PLUGINCHANNEL]  {"level":"error","source":"IdeSession","action":"PluginNotFound","detail":{"pluginName":""}}
[13734] [2026-01-09 10:21:46] [INFO] [PLUGINCHANNEL]  {"level":"system","source":"IdeSession","action":"HandleMessage","detail":{"actionName":"DIAGNOSTIC_SCAN"}}
[13734] [2026-01-09 10:21:46] [INFO] [PLUGINCHANNEL]  {"level":"error","source":"IdeSession","action":"PluginNotFound","detail":{"pluginName":""}}
[13734] [2026-01-09 10:21:48] [INFO] [PLUGINCHANNEL]  {"level":"system","source":"IdeSession","action":"HandleMessage","detail":{"actionName":"DIAGNOSTIC_SCAN"}}
[13734] [2026-01-09 10:21:48] [INFO] [PLUGINCHANNEL]  {"level":"error","source":"IdeSession","action":"PluginNotFound","detail":{"pluginName":""}}
[13734] [2026-01-09 10:21:49] [INFO] [PLUGINCHANNEL]  {"level":"system","source":"IdeSession","action":"HandleMessage","detail":{"actionName":"DIAGNOSTIC_SCAN"}}
[13734] [2026-01-09 10:21:49] [INFO] [PLUGINCHANNEL]  {"level":"error","source":"IdeSession","action":"PluginNotFound","detail":{"pluginName":""}}
[13734] [2026-01-09 10:21:50] [INFO] [PLUGINCHANNEL]  {"level":"system","source":"IdeSession","action":"HandleMessage","detail":{"actionName":"DIAGNOSTIC_SCAN"}}
[13734] [2026-01-09 10:21:50] [INFO] [PLUGINCHANNEL]  {"level":"error","source":"IdeSession","action":"PluginNotFound","detail":{"pluginName":""}}
[13734] [2026-01-09 10:21:51] [INFO] [PLUGINCHANNEL]  {"level":"system","source":"IdeSession","action":"HandleMessage","detail":{"actionName":"DIAGNOSTIC_SCAN"}}
[13734] [2026-01-09 10:21:51] [INFO] [PLUGINCHANNEL]  {"level":"error","source":"IdeSession","action":"PluginNotFound","detail":{"pluginName":""}}
[13734] [2026-01-09 10:21:52] [INFO] [PLUGINCHANNEL]  {"level":"system","source":"IdeSession","action":"HandleMessage","detail":{"actionName":"DIAGNOSTIC_SCAN"}}
[13734] [2026-01-09 10:21:52] [INFO] [PLUGINCHANNEL]  {"level":"error","source":"IdeSession","action":"PluginNotFound","detail":{"pluginName":""}}
[13734] [2026-01-09 10:21:54] [INFO] [PLUGINCHANNEL]  {"level":"system","source":"IdeSession","action":"HandleMessage","detail":{"actionName":"DIAGNOSTIC_SCAN"}}
[13734] [2026-01-09 10:21:54] [INFO] [PLUGINCHANNEL]  {"level":"error","source":"IdeSession","action":"PluginNotFound","detail":{"pluginName":""}}
[13734] [2026-01-09 10:21:59] [INFO] [PLUGINCHANNEL]  {"level":"system","source":"IdeSession","action":"HandleMessage","detail":{"actionName":"DIAGNOSTIC_SCAN"}}
[13734] [2026-01-09 10:21:59] [INFO] [PLUGINCHANNEL]  {"level":"error","source":"IdeSession","action":"PluginNotFound","detail":{"pluginName":""}}
[13735] [2026-01-09 10:22:18] [INFO] [PLUGINCHANNEL]  {"level":"system","source":"IdeSession","action":"HandleMessage","detail":{"actionName":"DIAGNOSTIC_SCAN"}}
[13735] [2026-01-09 10:22:18] [INFO] [PLUGINCHANNEL]  {"level":"error","source":"IdeSession","action":"PluginNotFound","detail":{"pluginName":""}}
[13735] [2026-01-09 10:22:23] [INFO] [PLUGINCHANNEL]  {"level":"system","source":"IdeSession","action":"HandleMessage","detail":{"actionName":"DIAGNOSTIC_SCAN"}}
[13735] [2026-01-09 10:22:23] [INFO] [PLUGINCHANNEL]  {"level":"error","source":"IdeSession","action":"PluginNotFound","detail":{"pluginName":""}}
[13735] [2026-01-09 10:22:28] [INFO] [PLUGINCHANNEL]  {"level":"system","source":"IdeSession","action":"HandleMessage","detail":{"actionName":"DIAGNOSTIC_SCAN"}}
[13735] [2026-01-09 10:22:28] [INFO] [PLUGINCHANNEL]  {"level":"error","source":"IdeSession","action":"PluginNotFound","detail":{"pluginName":""}}
[13735] [2026-01-09 10:22:32] [INFO] [PLUGINCHANNEL]  {"level":"system","source":"IdeSession","action":"HandleMessage","detail":{"actionName":"DIAGNOSTIC_SCAN"}}
[13735] [2026-01-09 10:22:32] [INFO] [PLUGINCHANNEL]  {"level":"error","source":"IdeSession","action":"PluginNotFound","detail":{"pluginName":""}}
[13735] [2026-01-09 10:22:44] [INFO] [PLUGINCHANNEL]  {"level":"system","source":"IdeSession","action":"HandleMessage","detail":{"actionName":"DIAGNOSTIC_SCAN"}}
[13735] [2026-01-09 10:22:44] [INFO] [PLUGINCHANNEL]  {"level":"error","source":"IdeSession","action":"PluginNotFound","detail":{"pluginName":""}}
[13734] [2026-01-09 10:26:27] [INFO] [PLUGINCHANNEL]  {"level":"warn","source":"IdeSession","action":"SessionTimeout","detail":{}}
[13734] [2026-01-09 10:26:28] [INFO] [PLUGINCHANNEL]  {"level":"warn","source":"IdeSession","action":"SessionTimeout","detail":{}}
[13734] [2026-01-09 10:26:30] [INFO] [PLUGINCHANNEL]  {"level":"warn","source":"IdeSession","action":"SessionTimeout","detail":{}}
[13734] [2026-01-09 10:26:31] [INFO] [PLUGINCHANNEL]  {"level":"warn","source":"IdeSession","action":"SessionTimeout","detail":{}}
[13734] [2026-01-09 10:26:32] [INFO] [PLUGINCHANNEL]  {"level":"warn","source":"IdeSession","action":"SessionTimeout","detail":{}}
[13734] [2026-01-09 10:26:39] [INFO] [PLUGINCHANNEL]  {"level":"warn","source":"IdeSession","action":"SessionTimeout","detail":{}}
[13734] [2026-01-09 10:26:42] [INFO] [PLUGINCHANNEL]  {"level":"warn","source":"IdeSession","action":"SessionTimeout","detail":{}}
[13734] [2026-01-09 10:26:46] [INFO] [PLUGINCHANNEL]  {"level":"warn","source":"IdeSession","action":"SessionTimeout","detail":{}}
[13734] [2026-01-09 10:26:46] [INFO] [PLUGINCHANNEL]  {"level":"warn","source":"IdeSession","action":"SessionTimeout","detail":{}}
[13734] [2026-01-09 10:26:48] [INFO] [PLUGINCHANNEL]  {"level":"warn","source":"IdeSession","action":"SessionTimeout","detail":{}}
[13734] [2026-01-09 10:26:49] [INFO] [PLUGINCHANNEL]  {"level":"warn","source":"IdeSession","action":"SessionTimeout","detail":{}}
[13734] [2026-01-09 10:26:50] [INFO] [PLUGINCHANNEL]  {"level":"warn","source":"IdeSession","action":"SessionTimeout","detail":{}}
[13734] [2026-01-09 10:26:51] [INFO] [PLUGINCHANNEL]  {"level":"warn","source":"IdeSession","action":"SessionTimeout","detail":{}}
[13734] [2026-01-09 10:26:52] [INFO] [PLUGINCHANNEL]  {"level":"warn","source":"IdeSession","action":"SessionTimeout","detail":{}}
[13734] [2026-01-09 10:26:54] [INFO] [PLUGINCHANNEL]  {"level":"warn","source":"IdeSession","action":"SessionTimeout","detail":{}}
[13734] [2026-01-09 10:26:59] [INFO] [PLUGINCHANNEL]  {"level":"warn","source":"IdeSession","action":"SessionTimeout","detail":{}}
[13735] [2026-01-09 10:27:18] [INFO] [PLUGINCHANNEL]  {"level":"warn","source":"IdeSession","action":"SessionTimeout","detail":{}}
[13735] [2026-01-09 10:27:23] [INFO] [PLUGINCHANNEL]  {"level":"warn","source":"IdeSession","action":"SessionTimeout","detail":{}}
[13735] [2026-01-09 10:27:28] [INFO] [PLUGINCHANNEL]  {"level":"warn","source":"IdeSession","action":"SessionTimeout","detail":{}}
[13735] [2026-01-09 10:27:32] [INFO] [PLUGINCHANNEL]  {"level":"warn","source":"IdeSession","action":"SessionTimeout","detail":{}}
[13735] [2026-01-09 10:27:44] [INFO] [PLUGINCHANNEL]  {"level":"warn","source":"IdeSession","action":"SessionTimeout","detail":{}}
[13734] [2026-01-09 10:31:28] [INFO] [PLUGINCHANNEL]  {"level":"system","source":"IdeSession","action":"HandleMessage","detail":{"actionName":"DIAGNOSTIC_SCAN"}}
[13734] [2026-01-09 10:31:28] [INFO] [PLUGINCHANNEL]  {"level":"error","source":"IdeSession","action":"PluginNotFound","detail":{"pluginName":""}}
[13734] [2026-01-09 10:31:32] [INFO] [PLUGINCHANNEL]  {"level":"system","source":"IdeSession","action":"HandleMessage","detail":{"actionName":"DIAGNOSTIC_SCAN"}}
[13734] [2026-01-09 10:31:32] [INFO] [PLUGINCHANNEL]  {"level":"error","source":"IdeSession","action":"PluginNotFound","detail":{"pluginName":""}}
[13734] [2026-01-09 10:31:32] [INFO] [PLUGINCHANNEL]  {"level":"system","source":"IdeSession","action":"HandleMessage","detail":{"actionName":"DIAGNOSTIC_SCAN"}}
[13734] [2026-01-09 10:31:32] [INFO] [PLUGINCHANNEL]  {"level":"error","source":"IdeSession","action":"PluginNotFound","detail":{"pluginName":""}}
[13734] [2026-01-09 10:31:33] [INFO] [PLUGINCHANNEL]  {"level":"system","source":"IdeSession","action":"HandleMessage","detail":{"actionName":"DIAGNOSTIC_SCAN"}}
[13734] [2026-01-09 10:31:33] [INFO] [PLUGINCHANNEL]  {"level":"error","source":"IdeSession","action":"PluginNotFound","detail":{"pluginName":""}}
[13734] [2026-01-09 10:31:36] [INFO] [PLUGINCHANNEL]  {"level":"system","source":"IdeSession","action":"HandleMessage","detail":{"actionName":"DIAGNOSTIC_SCAN"}}
[13734] [2026-01-09 10:31:36] [INFO] [PLUGINCHANNEL]  {"level":"error","source":"IdeSession","action":"PluginNotFound","detail":{"pluginName":""}}
[13734] [2026-01-09 10:32:06] [INFO] [PLUGINCHANNEL]  {"level":"system","source":"IdeSession","action":"HandleMessage","detail":{"actionName":"DIAGNOSTIC_SCAN"}}
[13734] [2026-01-09 10:32:06] [INFO] [PLUGINCHANNEL]  {"level":"error","source":"IdeSession","action":"PluginNotFound","detail":{"pluginName":""}}
[13734] [2026-01-09 10:32:11] [INFO] [PLUGINCHANNEL]  {"level":"system","source":"IdeSession","action":"HandleMessage","detail":{"actionName":"DIAGNOSTIC_SCAN"}}
[13734] [2026-01-09 10:32:11] [INFO] [PLUGINCHANNEL]  {"level":"error","source":"IdeSession","action":"PluginNotFound","detail":{"pluginName":""}}
[13734] [2026-01-09 10:32:23] [INFO] [PLUGINCHANNEL]  {"level":"system","source":"IdeSession","action":"HandleMessage","detail":{"actionName":"DIAGNOSTIC_SCAN"}}
[13734] [2026-01-09 10:32:23] [INFO] [PLUGINCHANNEL]  {"level":"error","source":"IdeSession","action":"PluginNotFound","detail":{"pluginName":""}}
[13734] [2026-01-09 10:32:31] [INFO] [PLUGINCHANNEL]  {"level":"system","source":"IdeSession","action":"HandleMessage","detail":{"actionName":"DIAGNOSTIC_SCAN"}}
[13734] [2026-01-09 10:32:31] [INFO] [PLUGINCHANNEL]  {"level":"error","source":"IdeSession","action":"PluginNotFound","detail":{"pluginName":""}}
[13734] [2026-01-09 10:32:59] [INFO] [PLUGINCHANNEL]  {"level":"system","source":"IdeSession","action":"HandleMessage","detail":{"actionName":"DIAGNOSTIC_SCAN"}}
[13734] [2026-01-09 10:32:59] [INFO] [PLUGINCHANNEL]  {"level":"error","source":"IdeSession","action":"PluginNotFound","detail":{"pluginName":""}}
[13734] [2026-01-09 10:33:06] [INFO] [PLUGINCHANNEL]  {"level":"system","source":"IdeSession","action":"HandleMessage","detail":{"actionName":"DIAGNOSTIC_SCAN"}}
[13734] [2026-01-09 10:33:06] [INFO] [PLUGINCHANNEL]  {"level":"error","source":"IdeSession","action":"PluginNotFound","detail":{"pluginName":""}}
[13734] [2026-01-09 10:36:28] [INFO] [PLUGINCHANNEL]  {"level":"warn","source":"IdeSession","action":"SessionTimeout","detail":{}}
[13734] [2026-01-09 10:36:32] [INFO] [PLUGINCHANNEL]  {"level":"warn","source":"IdeSession","action":"SessionTimeout","detail":{}}
[13734] [2026-01-09 10:36:32] [INFO] [PLUGINCHANNEL]  {"level":"warn","source":"IdeSession","action":"SessionTimeout","detail":{}}
[13734] [2026-01-09 10:36:33] [INFO] [PLUGINCHANNEL]  {"level":"warn","source":"IdeSession","action":"SessionTimeout","detail":{}}
[13734] [2026-01-09 10:36:36] [INFO] [PLUGINCHANNEL]  {"level":"warn","source":"IdeSession","action":"SessionTimeout","detail":{}}
[13734] [2026-01-09 10:37:06] [INFO] [PLUGINCHANNEL]  {"level":"warn","source":"IdeSession","action":"SessionTimeout","detail":{}}
[13734] [2026-01-09 10:37:11] [INFO] [PLUGINCHANNEL]  {"level":"warn","source":"IdeSession","action":"SessionTimeout","detail":{}}
[13734] [2026-01-09 10:37:23] [INFO] [PLUGINCHANNEL]  {"level":"warn","source":"IdeSession","action":"SessionTimeout","detail":{}}
[13734] [2026-01-09 10:37:31] [INFO] [PLUGINCHANNEL]  {"level":"warn","source":"IdeSession","action":"SessionTimeout","detail":{}}
[13734] [2026-01-09 10:37:59] [INFO] [PLUGINCHANNEL]  {"level":"warn","source":"IdeSession","action":"SessionTimeout","detail":{}}
[13734] [2026-01-09 10:38:06] [INFO] [PLUGINCHANNEL]  {"level":"warn","source":"IdeSession","action":"SessionTimeout","detail":{}}
[13734] [2026-01-09 11:11:08] [INFO] [PLUGINCHANNEL]  {"level":"system","source":"IdeSession","action":"HandleMessage","detail":{"actionName":"DIAGNOSTIC_SCAN"}}
[13734] [2026-01-09 11:11:08] [INFO] [PLUGINCHANNEL]  {"level":"error","source":"IdeSession","action":"PluginNotFound","detail":{"pluginName":""}}
[13734] [2026-01-09 11:11:10] [INFO] [PLUGINCHANNEL]  {"level":"system","source":"IdeSession","action":"HandleMessage","detail":{"actionName":"DIAGNOSTIC_SCAN"}}
[13734] [2026-01-09 11:11:10] [INFO] [PLUGINCHANNEL]  {"level":"error","source":"IdeSession","action":"PluginNotFound","detail":{"pluginName":""}}
[13734] [2026-01-09 11:11:14] [INFO] [PLUGINCHANNEL]  {"level":"system","source":"IdeSession","action":"HandleMessage","detail":{"actionName":"DIAGNOSTIC_SCAN"}}
[13734] [2026-01-09 11:11:14] [INFO] [PLUGINCHANNEL]  {"level":"error","source":"IdeSession","action":"PluginNotFound","detail":{"pluginName":""}}
[13734] [2026-01-09 11:11:17] [INFO] [PLUGINCHANNEL]  {"level":"system","source":"IdeSession","action":"HandleMessage","detail":{"actionName":"DIAGNOSTIC_SCAN"}}
[13734] [2026-01-09 11:11:17] [INFO] [PLUGINCHANNEL]  {"level":"error","source":"IdeSession","action":"PluginNotFound","detail":{"pluginName":""}}
[13734] [2026-01-09 11:11:22] [INFO] [PLUGINCHANNEL]  {"level":"system","source":"IdeSession","action":"HandleMessage","detail":{"actionName":"DIAGNOSTIC_SCAN"}}
[13734] [2026-01-09 11:11:22] [INFO] [PLUGINCHANNEL]  {"level":"error","source":"IdeSession","action":"PluginNotFound","detail":{"pluginName":""}}
[13734] [2026-01-09 11:11:26] [INFO] [PLUGINCHANNEL]  {"level":"system","source":"IdeSession","action":"HandleMessage","detail":{"actionName":"DIAGNOSTIC_SCAN"}}
[13734] [2026-01-09 11:11:26] [INFO] [PLUGINCHANNEL]  {"level":"error","source":"IdeSession","action":"PluginNotFound","detail":{"pluginName":""}}
[13734] [2026-01-09 11:11:41] [INFO] [PLUGINCHANNEL]  {"level":"system","source":"IdeSession","action":"HandleMessage","detail":{"actionName":"DIAGNOSTIC_SCAN"}}
[13734] [2026-01-09 11:11:41] [INFO] [PLUGINCHANNEL]  {"level":"error","source":"IdeSession","action":"PluginNotFound","detail":{"pluginName":""}}
[13734] [2026-01-09 11:16:08] [INFO] [PLUGINCHANNEL]  {"level":"warn","source":"IdeSession","action":"SessionTimeout","detail":{}}
[13734] [2026-01-09 11:16:10] [INFO] [PLUGINCHANNEL]  {"level":"warn","source":"IdeSession","action":"SessionTimeout","detail":{}}
[13734] [2026-01-09 11:16:14] [INFO] [PLUGINCHANNEL]  {"level":"warn","source":"IdeSession","action":"SessionTimeout","detail":{}}
[13734] [2026-01-09 11:16:17] [INFO] [PLUGINCHANNEL]  {"level":"warn","source":"IdeSession","action":"SessionTimeout","detail":{}}
[13734] [2026-01-09 11:16:22] [INFO] [PLUGINCHANNEL]  {"level":"warn","source":"IdeSession","action":"SessionTimeout","detail":{}}
[13734] [2026-01-09 11:16:26] [INFO] [PLUGINCHANNEL]  {"level":"warn","source":"IdeSession","action":"SessionTimeout","detail":{}}
[13734] [2026-01-09 11:16:41] [INFO] [PLUGINCHANNEL]  {"level":"warn","source":"IdeSession","action":"SessionTimeout","detail":{}}
[13734] [2026-01-09 11:29:22] [INFO] [PLUGINCHANNEL]  {"level":"system","source":"IdeSession","action":"HandleMessage","detail":{"actionName":"DIAGNOSTIC_SCAN"}}
[13734] [2026-01-09 11:29:22] [INFO] [PLUGINCHANNEL]  {"level":"error","source":"IdeSession","action":"PluginNotFound","detail":{"pluginName":""}}
[13734] [2026-01-09 11:29:28] [INFO] [PLUGINCHANNEL]  {"level":"system","source":"IdeSession","action":"HandleMessage","detail":{"actionName":"DIAGNOSTIC_SCAN"}}
[13734] [2026-01-09 11:29:28] [INFO] [PLUGINCHANNEL]  {"level":"error","source":"IdeSession","action":"PluginNotFound","detail":{"pluginName":""}}
[13734] [2026-01-09 11:29:42] [INFO] [PLUGINCHANNEL]  {"level":"system","source":"IdeSession","action":"HandleMessage","detail":{"actionName":"DIAGNOSTIC_SCAN"}}
[13734] [2026-01-09 11:29:42] [INFO] [PLUGINCHANNEL]  {"level":"error","source":"IdeSession","action":"PluginNotFound","detail":{"pluginName":""}}
[13734] [2026-01-09 11:29:52] [INFO] [PLUGINCHANNEL]  {"level":"system","source":"IdeSession","action":"HandleMessage","detail":{"actionName":"DIAGNOSTIC_SCAN"}}
[13734] [2026-01-09 11:29:52] [INFO] [PLUGINCHANNEL]  {"level":"error","source":"IdeSession","action":"PluginNotFound","detail":{"pluginName":""}}
[13734] [2026-01-09 11:30:00] [INFO] [PLUGINCHANNEL]  {"level":"system","source":"IdeSession","action":"HandleMessage","detail":{"actionName":"DIAGNOSTIC_SCAN"}}
[13734] [2026-01-09 11:30:00] [INFO] [PLUGINCHANNEL]  {"level":"error","source":"IdeSession","action":"PluginNotFound","detail":{"pluginName":""}}
[13734] [2026-01-09 11:30:02] [INFO] [PLUGINCHANNEL]  {"level":"system","source":"IdeSession","action":"HandleMessage","detail":{"actionName":"DIAGNOSTIC_SCAN"}}
[13734] [2026-01-09 11:30:02] [INFO] [PLUGINCHANNEL]  {"level":"error","source":"IdeSession","action":"PluginNotFound","detail":{"pluginName":""}}
[13734] [2026-01-09 11:30:03] [INFO] [PLUGINCHANNEL]  {"level":"system","source":"IdeSession","action":"HandleMessage","detail":{"actionName":"DIAGNOSTIC_SCAN"}}
[13734] [2026-01-09 11:30:03] [INFO] [PLUGINCHANNEL]  {"level":"error","source":"IdeSession","action":"PluginNotFound","detail":{"pluginName":""}}
[13734] [2026-01-09 11:30:04] [INFO] [PLUGINCHANNEL]  {"level":"system","source":"IdeSession","action":"HandleMessage","detail":{"actionName":"DIAGNOSTIC_SCAN"}}
[13734] [2026-01-09 11:30:04] [INFO] [PLUGINCHANNEL]  {"level":"error","source":"IdeSession","action":"PluginNotFound","detail":{"pluginName":""}}
[13734] [2026-01-09 11:30:05] [INFO] [PLUGINCHANNEL]  {"level":"system","source":"IdeSession","action":"HandleMessage","detail":{"actionName":"DIAGNOSTIC_SCAN"}}
[13734] [2026-01-09 11:30:05] [INFO] [PLUGINCHANNEL]  {"level":"error","source":"IdeSession","action":"PluginNotFound","detail":{"pluginName":""}}
[13734] [2026-01-09 11:30:05] [INFO] [PLUGINCHANNEL]  {"level":"system","source":"IdeSession","action":"HandleMessage","detail":{"actionName":"DIAGNOSTIC_SCAN"}}
[13734] [2026-01-09 11:30:05] [INFO] [PLUGINCHANNEL]  {"level":"error","source":"IdeSession","action":"PluginNotFound","detail":{"pluginName":""}}
[13734] [2026-01-09 11:30:07] [INFO] [PLUGINCHANNEL]  {"level":"system","source":"IdeSession","action":"HandleMessage","detail":{"actionName":"DIAGNOSTIC_SCAN"}}
[13734] [2026-01-09 11:30:07] [INFO] [PLUGINCHANNEL]  {"level":"error","source":"IdeSession","action":"PluginNotFound","detail":{"pluginName":""}}
[13734] [2026-01-09 11:30:08] [INFO] [PLUGINCHANNEL]  {"level":"system","source":"IdeSession","action":"HandleMessage","detail":{"actionName":"DIAGNOSTIC_SCAN"}}
[13734] [2026-01-09 11:30:08] [INFO] [PLUGINCHANNEL]  {"level":"error","source":"IdeSession","action":"PluginNotFound","detail":{"pluginName":""}}
[13734] [2026-01-09 11:30:09] [INFO] [PLUGINCHANNEL]  {"level":"system","source":"IdeSession","action":"HandleMessage","detail":{"actionName":"DIAGNOSTIC_SCAN"}}
[13734] [2026-01-09 11:30:09] [INFO] [PLUGINCHANNEL]  {"level":"error","source":"IdeSession","action":"PluginNotFound","detail":{"pluginName":""}}
[13734] [2026-01-09 11:30:11] [INFO] [PLUGINCHANNEL]  {"level":"system","source":"IdeSession","action":"HandleMessage","detail":{"actionName":"DIAGNOSTIC_SCAN"}}
[13734] [2026-01-09 11:30:11] [INFO] [PLUGINCHANNEL]  {"level":"error","source":"IdeSession","action":"PluginNotFound","detail":{"pluginName":""}}
[13734] [2026-01-09 11:30:13] [INFO] [PLUGINCHANNEL]  {"level":"system","source":"IdeSession","action":"HandleMessage","detail":{"actionName":"DIAGNOSTIC_SCAN"}}
[13734] [2026-01-09 11:30:13] [INFO] [PLUGINCHANNEL]  {"level":"error","source":"IdeSession","action":"PluginNotFound","detail":{"pluginName":""}}
[13734] [2026-01-09 11:30:15] [INFO] [PLUGINCHANNEL]  {"level":"system","source":"IdeSession","action":"HandleMessage","detail":{"actionName":"DIAGNOSTIC_SCAN"}}
[13734] [2026-01-09 11:30:15] [INFO] [PLUGINCHANNEL]  {"level":"error","source":"IdeSession","action":"PluginNotFound","detail":{"pluginName":""}}
[13734] [2026-01-09 11:30:17] [INFO] [PLUGINCHANNEL]  {"level":"system","source":"IdeSession","action":"HandleMessage","detail":{"actionName":"DIAGNOSTIC_SCAN"}}
[13734] [2026-01-09 11:30:17] [INFO] [PLUGINCHANNEL]  {"level":"error","source":"IdeSession","action":"PluginNotFound","detail":{"pluginName":""}}
[13734] [2026-01-09 11:30:18] [INFO] [PLUGINCHANNEL]  {"level":"system","source":"IdeSession","action":"HandleMessage","detail":{"actionName":"DIAGNOSTIC_SCAN"}}
[13734] [2026-01-09 11:30:18] [INFO] [PLUGINCHANNEL]  {"level":"error","source":"IdeSession","action":"PluginNotFound","detail":{"pluginName":""}}
[13734] [2026-01-09 11:30:19] [INFO] [PLUGINCHANNEL]  {"level":"system","source":"IdeSession","action":"HandleMessage","detail":{"actionName":"DIAGNOSTIC_SCAN"}}
[13734] [2026-01-09 11:30:19] [INFO] [PLUGINCHANNEL]  {"level":"error","source":"IdeSession","action":"PluginNotFound","detail":{"pluginName":""}}
[13734] [2026-01-09 11:30:25] [INFO] [PLUGINCHANNEL]  {"level":"system","source":"IdeSession","action":"HandleMessage","detail":{"actionName":"DIAGNOSTIC_SCAN"}}
[13734] [2026-01-09 11:30:25] [INFO] [PLUGINCHANNEL]  {"level":"error","source":"IdeSession","action":"PluginNotFound","detail":{"pluginName":""}}
[13734] [2026-01-09 11:30:26] [INFO] [PLUGINCHANNEL]  {"level":"system","source":"IdeSession","action":"HandleMessage","detail":{"actionName":"DIAGNOSTIC_SCAN"}}
[13734] [2026-01-09 11:30:26] [INFO] [PLUGINCHANNEL]  {"level":"error","source":"IdeSession","action":"PluginNotFound","detail":{"pluginName":""}}
[13734] [2026-01-09 11:30:29] [INFO] [PLUGINCHANNEL]  {"level":"system","source":"IdeSession","action":"HandleMessage","detail":{"actionName":"DIAGNOSTIC_SCAN"}}
[13734] [2026-01-09 11:30:29] [INFO] [PLUGINCHANNEL]  {"level":"error","source":"IdeSession","action":"PluginNotFound","detail":{"pluginName":""}}
[13734] [2026-01-09 11:30:30] [INFO] [PLUGINCHANNEL]  {"level":"system","source":"IdeSession","action":"HandleMessage","detail":{"actionName":"DIAGNOSTIC_SCAN"}}
[13734] [2026-01-09 11:30:30] [INFO] [PLUGINCHANNEL]  {"level":"error","source":"IdeSession","action":"PluginNotFound","detail":{"pluginName":""}}
[13734] [2026-01-09 11:30:32] [INFO] [PLUGINCHANNEL]  {"level":"system","source":"IdeSession","action":"HandleMessage","detail":{"actionName":"DIAGNOSTIC_SCAN"}}
[13734] [2026-01-09 11:30:32] [INFO] [PLUGINCHANNEL]  {"level":"error","source":"IdeSession","action":"PluginNotFound","detail":{"pluginName":""}}
[13734] [2026-01-09 11:32:03] [INFO] [PLUGINCHANNEL]  {"level":"system","source":"IdeSession","action":"HandleMessage","detail":{"actionName":"DIAGNOSTIC_SCAN"}}
[13734] [2026-01-09 11:32:03] [INFO] [PLUGINCHANNEL]  {"level":"error","source":"IdeSession","action":"PluginNotFound","detail":{"pluginName":""}}
[13734] [2026-01-09 11:32:05] [INFO] [PLUGINCHANNEL]  {"level":"system","source":"IdeSession","action":"HandleMessage","detail":{"actionName":"DIAGNOSTIC_SCAN"}}
[13734] [2026-01-09 11:32:05] [INFO] [PLUGINCHANNEL]  {"level":"error","source":"IdeSession","action":"PluginNotFound","detail":{"pluginName":""}}
[13734] [2026-01-09 11:32:05] [INFO] [PLUGINCHANNEL]  {"level":"system","source":"IdeSession","action":"HandleMessage","detail":{"actionName":"DIAGNOSTIC_SCAN"}}
[13734] [2026-01-09 11:32:05] [INFO] [PLUGINCHANNEL]  {"level":"error","source":"IdeSession","action":"PluginNotFound","detail":{"pluginName":""}}
[13734] [2026-01-09 11:32:06] [INFO] [PLUGINCHANNEL]  {"level":"system","source":"IdeSession","action":"HandleMessage","detail":{"actionName":"DIAGNOSTIC_SCAN"}}
[13734] [2026-01-09 11:32:06] [INFO] [PLUGINCHANNEL]  {"level":"error","source":"IdeSession","action":"PluginNotFound","detail":{"pluginName":""}}
[13734] [2026-01-09 11:32:09] [INFO] [PLUGINCHANNEL]  {"level":"system","source":"IdeSession","action":"HandleMessage","detail":{"actionName":"DIAGNOSTIC_SCAN"}}
[13734] [2026-01-09 11:32:09] [INFO] [PLUGINCHANNEL]  {"level":"error","source":"IdeSession","action":"PluginNotFound","detail":{"pluginName":""}}
[13734] [2026-01-09 11:32:14] [INFO] [PLUGINCHANNEL]  {"level":"system","source":"IdeSession","action":"HandleMessage","detail":{"actionName":"DIAGNOSTIC_SCAN"}}
[13734] [2026-01-09 11:32:14] [INFO] [PLUGINCHANNEL]  {"level":"error","source":"IdeSession","action":"PluginNotFound","detail":{"pluginName":""}}
[13734] [2026-01-09 11:34:12] [INFO] [PLUGINCHANNEL]  {"level":"system","source":"IdeSession","action":"HandleMessage","detail":{"actionName":"DIAGNOSTIC_SCAN"}}
[13734] [2026-01-09 11:34:12] [INFO] [PLUGINCHANNEL]  {"level":"error","source":"IdeSession","action":"PluginNotFound","detail":{"pluginName":""}}
[13734] [2026-01-09 11:34:22] [INFO] [PLUGINCHANNEL]  {"level":"warn","source":"IdeSession","action":"SessionTimeout","detail":{}}
[13734] [2026-01-09 11:34:28] [INFO] [PLUGINCHANNEL]  {"level":"warn","source":"IdeSession","action":"SessionTimeout","detail":{}}
[13734] [2026-01-09 11:34:40] [INFO] [PLUGINCHANNEL]  {"level":"system","source":"IdeSession","action":"HandleMessage","detail":{"actionName":"DIAGNOSTIC_SCAN"}}
[13734] [2026-01-09 11:34:40] [INFO] [PLUGINCHANNEL]  {"level":"error","source":"IdeSession","action":"PluginNotFound","detail":{"pluginName":""}}
[13734] [2026-01-09 11:34:42] [INFO] [PLUGINCHANNEL]  {"level":"warn","source":"IdeSession","action":"SessionTimeout","detail":{}}
[13734] [2026-01-09 11:34:48] [INFO] [PLUGINCHANNEL]  {"level":"system","source":"IdeSession","action":"HandleMessage","detail":{"actionName":"DIAGNOSTIC_SCAN"}}
[13734] [2026-01-09 11:34:48] [INFO] [PLUGINCHANNEL]  {"level":"error","source":"IdeSession","action":"PluginNotFound","detail":{"pluginName":""}}
[13734] [2026-01-09 11:34:51] [INFO] [PLUGINCHANNEL]  {"level":"system","source":"IdeSession","action":"HandleMessage","detail":{"actionName":"DIAGNOSTIC_SCAN"}}
[13734] [2026-01-09 11:34:51] [INFO] [PLUGINCHANNEL]  {"level":"error","source":"IdeSession","action":"PluginNotFound","detail":{"pluginName":""}}
[13734] [2026-01-09 11:34:52] [INFO] [PLUGINCHANNEL]  {"level":"warn","source":"IdeSession","action":"SessionTimeout","detail":{}}
[13734] [2026-01-09 11:35:00] [INFO] [PLUGINCHANNEL]  {"level":"warn","source":"IdeSession","action":"SessionTimeout","detail":{}}
[13734] [2026-01-09 11:35:02] [INFO] [PLUGINCHANNEL]  {"level":"warn","source":"IdeSession","action":"SessionTimeout","detail":{}}
[13734] [2026-01-09 11:35:03] [INFO] [PLUGINCHANNEL]  {"level":"warn","source":"IdeSession","action":"SessionTimeout","detail":{}}
[13734] [2026-01-09 11:35:04] [INFO] [PLUGINCHANNEL]  {"level":"warn","source":"IdeSession","action":"SessionTimeout","detail":{}}
[13734] [2026-01-09 11:35:05] [INFO] [PLUGINCHANNEL]  {"level":"warn","source":"IdeSession","action":"SessionTimeout","detail":{}}
[13734] [2026-01-09 11:35:05] [INFO] [PLUGINCHANNEL]  {"level":"warn","source":"IdeSession","action":"SessionTimeout","detail":{}}
[13734] [2026-01-09 11:35:07] [INFO] [PLUGINCHANNEL]  {"level":"warn","source":"IdeSession","action":"SessionTimeout","detail":{}}
[13734] [2026-01-09 11:35:08] [INFO] [PLUGINCHANNEL]  {"level":"warn","source":"IdeSession","action":"SessionTimeout","detail":{}}
[13734] [2026-01-09 11:35:09] [INFO] [PLUGINCHANNEL]  {"level":"warn","source":"IdeSession","action":"SessionTimeout","detail":{}}
[13734] [2026-01-09 11:35:10] [INFO] [PLUGINCHANNEL]  {"level":"system","source":"IdeSession","action":"HandleMessage","detail":{"actionName":"DIAGNOSTIC_SCAN"}}
[13734] [2026-01-09 11:35:10] [INFO] [PLUGINCHANNEL]  {"level":"error","source":"IdeSession","action":"PluginNotFound","detail":{"pluginName":""}}
[13734] [2026-01-09 11:35:11] [INFO] [PLUGINCHANNEL]  {"level":"warn","source":"IdeSession","action":"SessionTimeout","detail":{}}
[13734] [2026-01-09 11:35:13] [INFO] [PLUGINCHANNEL]  {"level":"warn","source":"IdeSession","action":"SessionTimeout","detail":{}}
[13734] [2026-01-09 11:35:15] [INFO] [PLUGINCHANNEL]  {"level":"warn","source":"IdeSession","action":"SessionTimeout","detail":{}}
[13734] [2026-01-09 11:35:17] [INFO] [PLUGINCHANNEL]  {"level":"warn","source":"IdeSession","action":"SessionTimeout","detail":{}}
[13734] [2026-01-09 11:35:18] [INFO] [PLUGINCHANNEL]  {"level":"warn","source":"IdeSession","action":"SessionTimeout","detail":{}}
[13734] [2026-01-09 11:35:19] [INFO] [PLUGINCHANNEL]  {"level":"warn","source":"IdeSession","action":"SessionTimeout","detail":{}}
[13734] [2026-01-09 11:35:25] [INFO] [PLUGINCHANNEL]  {"level":"warn","source":"IdeSession","action":"SessionTimeout","detail":{}}
[13734] [2026-01-09 11:35:26] [INFO] [PLUGINCHANNEL]  {"level":"warn","source":"IdeSession","action":"SessionTimeout","detail":{}}
[13734] [2026-01-09 11:35:29] [INFO] [PLUGINCHANNEL]  {"level":"warn","source":"IdeSession","action":"SessionTimeout","detail":{}}
[13734] [2026-01-09 11:35:30] [INFO] [PLUGINCHANNEL]  {"level":"warn","source":"IdeSession","action":"SessionTimeout","detail":{}}
[13734] [2026-01-09 11:35:32] [INFO] [PLUGINCHANNEL]  {"level":"warn","source":"IdeSession","action":"SessionTimeout","detail":{}}
[13734] [2026-01-09 11:36:54] [VERBOSE] [VIRTUALEDITOR]  VirtualEditor.getActiveDocument, args: 
[13734] [2026-01-09 11:36:54] [INFO] [ENGINE]  <--------- ENGINE SEND: VIRTUAL_EDITOR_EVENT {"action":"getActiveDocument","payload":{"uuid":"840f1d31-9ea3-407c-bb1b-fc740b3650bf"}}
[13734] [2026-01-09 11:36:54] [INFO] [CONVERSATIONMANAGER]  setForegroundConversation 9c8f08ee-8d97-4c21-b721-e33e0cd56961
[13734] [2026-01-09 11:36:54] [INFO] [ENGINE]  <--------- ENGINE SEND: COMATE_AGENT_UPDATE_MESSAGE {"data":{"type":"conversation-messages","conversationInfo":{"id":"9c8f08ee-8d97-4c21-b721-e33e0cd56961","status":"Completed","type":"E2EBotConversation","utime":1767878245937,"ctime":1767929814561},"messages":[{"id":"13426861","summary":"删除pmc_bcm_pay_instruct表结构SQL","role":"user","status":"success","content":"pmc_bcm_pay_instruct  帮我写个删除表结构的sql语句兼容低版本musql","discard":false,"payload":{"query":"pmc_bcm_pay_instruct  帮我写个删除表结构的sql语句兼容低版本musql","rawMessage":"pmc_bcm_pay_instruct  帮我写个删除表结构的sql语句兼容低版本musql","model":{"displayName":"Auto","modelId":"auto","requestType":"COMATE_DEFAULT_MODE","mode":"NORMAL"},"agent":{"agentId":1,"agentName":"Zulu","agentImage":"zulu"},"metrics":{"model":"Zulu","function":""},"knowledgeList":[{"id":"pmc-basic-bankcommon/src/main/java/com/baidu/pmc/bankcommon/core/service/impl/JobExecuteServiceImpl.java","name":"JobExecuteServiceImpl.java","type":"CURRENT_FILE"}],"isCurrentFileSelected":false,"isSpec":false,"id":"13426861"},"context":{"taskId":576610,"conversationId":1309164,"userMessageId":13426861,"sessionId":11504209}},{"id":"bb2d7d7b-f962-4295-b9d7-287121582db6","userMessageId":"13426861","reportedId":"5b528fc7-15bb-4833-bbe8-4a407d1bbb6e","agentInfo":{"avatar":"zulu","name":"Zulu"},"role":"assistant","status":"completed","content":{},"elements":[{"id":"d456e03b-f4a3-4e44-bb88-95a8e67be82d","type":"TEXT","status":"inProgress","content":"我需要先了解你提到的表结构信息，然后为你编写兼容低版本MySQL的删除语句。让我先搜索相关的数据库表结构信息。\n\n","composer":{"markdown":"","tasks":[]},"discard":false,"isErrorMessage":false,"parentMessageId":""},{"id":"695fae4bfe1fbf253e484031","type":"TOOL_CALL","status":"success","toolName":"search_files","discard":false,"composer":{"markdown":"","tasks":[]},"workflowStatus":"success","displayParams":{"path":"~/baidu/bpit-proc-apps/pmc/","regex":"pmc_bcm_pay_instruct"},"displayResult":{"searchFiles":[]},"parentMessageId":""},{"id":"cbc8e449-6af5-4f11-ac04-48f00bac7f5f","type":"TEXT","status":"inProgress","content":"让我搜索包含 `pmc_bcm_pay_instruct` 的其他文件，比如Java实体类或Mapper文件来了解表结构：\n\n","composer":{"markdown":"","tasks":[]},"discard":false,"isErrorMessage":false,"parentMessageId":""},{"id":"695fae4d939e7524b877462b","type":"TOOL_CALL","status":"success","toolName":"search_files","discard":false,"composer":{"markdown":"","tasks":[]},"workflowStatus":"success","displayParams":{"path":"~/baidu/bpit-proc-apps/pmc/","regex":"pmc_bcm_pay_instruct"},"displayResult":{"searchFiles":[]},"parentMessageId":""},{"id":"a1938044-f8f5-4a08-b569-63fced9218e2","type":"TEXT","status":"inProgress","content":"让我搜索更多相关文件，包括可能的配置文件和数据库脚本：\n\n","composer":{"markdown":"","tasks":[]},"discard":false,"isErrorMessage":false,"parentMessageId":""},{"id":"695fae4edc7383478f2b8ea3","type":"TOOL_CALL","status":"success","toolName":"search_files","discard":false,"composer":{"markdown":"","tasks":[]},"workflowStatus":"success","displayParams":{"path":"~/baidu/bpit-proc-apps/pmc/","regex":"bcm_pay_instruct"},"displayResult":{"searchFiles":[]},"parentMessageId":""},{"id":"e8cec61d-7a12-455e-b2c9-1dd694afdbe2","type":"TEXT","status":"inProgress","content":"让我查看项目中有哪些SQL文件，以便了解数据库表结构：\n\n","composer":{"markdown":"","tasks":[]},"discard":false,"isErrorMessage":false,"parentMessageId":""},{"id":"695fae53cbb9ce4949ccd2a5","type":"TOOL_CALL","status":"failed","toolName":"search_files","discard":false,"composer":{"markdown":"","tasks":[]},"workflowStatus":"failed","displayParams":{"path":"~/baidu/bpit-proc-apps/pmc/","regex":"**/*.sql"},"displayResult":{"searchFiles":[]},"parentMessageId":""},{"id":"b7eaba4a-22ba-41d7-bd98-9aaf4da3e00f","type":"TEXT","status":"inProgress","content":"让我使用不同的方法来搜索SQL文件：\n\n","composer":{"markdown":"","tasks":[]},"discard":false,"isErrorMessage":false,"parentMessageId":""},{"id":"695fae54e4d86060c6b78e34","type":"TOOL_CALL","status":"success","toolName":"list_files","discard":false,"composer":{"markdown":"","tasks":[]},"workflowStatus":"success","displayParams":{"path":"pmc-basic-bankcommon/src/test/resources"},"displayResult":{"fileCount":1},"parentMessageId":""},{"id":"987455f8-01f9-4858-bd0e-5dff91d408e2","type":"TEXT","status":"inProgress","content":"让我查看其他包含SQL文件的模块：\n\n","composer":{"markdown":"","tasks":[]},"discard":false,"isErrorMessage":false,"parentMessageId":""},{"id":"695fae55f38ced65910ec1a7","type":"TOOL_CALL","status":"success","toolName":"search_files","discard":false,"composer":{"markdown":"","tasks":[]},"workflowStatus":"success","displayParams":{"path":"~/baidu/bpit-proc-apps/pmc/","regex":"\\.sql$"},"displayResult":{"searchFiles":[]},"parentMessageId":""},{"id":"57f50d3e-6867-466f-9071-bf5745d6a0c5","type":"TEXT","status":"inProgress","content":"让我查看各个银行模块的test/resources目录，看看有没有包含SQL文件的：\n\n","composer":{"markdown":"","tasks":[]},"discard":false,"isErrorMessage":false,"parentMessageId":""},{"id":"695fae56939e7524b8774637","type":"TOOL_CALL","status":"success","toolName":"list_files","discard":false,"composer":{"markdown":"","tasks":[]},"workflowStatus":"success","displayParams":{"path":"pmc-basic-cmb/src/test/resources"},"displayResult":{"fileCount":4},"parentMessageId":""},{"id":"b09ebdaf-1891-4582-a24f-e062454c2077","type":"TEXT","status":"inProgress","content":"很好！找到了相关的SQL文件。让我查看招商银行的支付指令表结构：\n\n","composer":{"markdown":"","tasks":[]},"discard":false,"isErrorMessage":false,"parentMessageId":""},{"id":"695fae57939e7524b877463c","type":"TOOL_CALL","status":"success","toolName":"extract_content_blocks","discard":false,"composer":{"markdown":"","tasks":[]},"workflowStatus":"success","displayParams":{"firstFilePath":"pmc-basic-cmb/src/test/resources/cmb_pay_instruct.sql"},"displayResult":{"fileBlocks":[{"path":"pmc-basic-cmb/src/test/resources/cmb_pay_instruct.sql","startLine":1,"endLine":33}]},"parentMessageId":""},{"id":"6e1e9db8-787c-4c25-aa24-404c0c7d166a","type":"TEXT","status":"inProgress","content":"现在让我查看其他银行模块，看看是否有BCM相关的SQL文件：\n\n","composer":{"markdown":"","tasks":[]},"discard":false,"isErrorMessage":false,"parentMessageId":""},{"id":"695fae58141569714734beac","type":"TOOL_CALL","status":"success","toolName":"search_files","discard":false,"composer":{"markdown":"","tasks":[]},"workflowStatus":"success","displayParams":{"path":"~/baidu/bpit-proc-apps/pmc/","regex":"bcm"},"displayResult":{"searchFiles":[]},"parentMessageId":""},{"id":"2110a913-2982-45f8-a284-5aa2bab372d4","type":"TEXT","status":"inProgress","content":"让我搜索所有包含\"bcm\"的文件来找到可能的表结构定义：\n\n","composer":{"markdown":"","tasks":[]},"discard":false,"isErrorMessage":false,"parentMessageId":""},{"id":"695fae5a4bad2c4783a6006e","type":"TOOL_CALL","status":"success","toolName":"search_files","discard":false,"composer":{"markdown":"","tasks":[]},"workflowStatus":"success","displayParams":{"path":"~/baidu/bpit-proc-apps/pmc/","regex":"bcm"},"displayResult":{"searchFiles":[{"path":"pmc-basic-bankcommon/src/test/java/com/baidu/pmc/bankcommon/core/service/ReceiptUtilsTest.java","startLine":146,"endLine":148}]},"parentMessageId":""},{"id":"4c84807b-b64b-4530-ac96-9bd8f509e60b","type":"TEXT","status":"inProgress","content":"根据项目结构和已有的表名模式，我看到这是百度PMC支付管理中心项目，按照银行维度模块化设计。从招商银行(CMB)的表结构来看，表名遵循 `pmc_{bank-code}_{entity-name}` 的命名规范。\n\n对于 `pmc_bcm_pay_instruct` 表（BCM可能是某个银行的代码），我给你编写兼容低版本MySQL的删除表结构SQL语句：\n\n","composer":{"markdown":"","tasks":[]},"discard":false,"isErrorMessage":false,"parentMessageId":""},{"id":"695fae5bfe1fbf253e484058","type":"TOOL_CALL","status":"success","toolName":"write_file","discard":false,"composer":{"markdown":"","tasks":[{"action":"rewrite","accepted":1,"status":"success","filePath":"drop_pmc_bcm_pay_instruct_table.sql","absolutePath":"/Users/xiaoliu/baidu/bpit-proc-apps/pmc/drop_pmc_bcm_pay_instruct_table.sql","basename":"drop_pmc_bcm_pay_instruct_table.sql","originalContent":null,"content":"-- 删除 pmc_bcm_pay_instruct 表结构\n-- 兼容低版本MySQL（MySQL 5.5及以下版本）\n\n-- 先检查表是否存在，避免报错\nDROP TABLE IF EXISTS `pmc_bcm_pay_instruct`;\n\n-- 可选：如果表有外键约束，需要先删除约束\n-- SET FOREIGN_KEY_CHECKS = 0;\n-- DROP TABLE IF EXISTS `pmc_bcm_pay_instruct`;\n-- SET FOREIGN_KEY_CHECKS = 1;\n\n-- 清理该表的元数据信息（可选）\n-- DROP VIEW IF EXISTS `pmc_bcm_pay_instruct_view`;\n-- DROP PROCEDURE IF EXISTS `sp_pmc_bcm_pay_instruct_cleanup`;\n-- DROP FUNCTION IF EXISTS `fn_pmc_bcm_pay_instruct_count`;\n\n-- 说明：\n-- 1. 使用 DROP TABLE IF EXISTS 确保表不存在时不报错\n-- 2. 低版本MySQL不支持级联删除约束，需要手动处理外键\n-- 3. 如果该表被其他表引用，需要先删除引用关系\n-- 4. 建议在执行前备份数据","addLineCount":21,"removeLineCount":0}]},"workflowStatus":"success","displayParams":{"path":"drop_pmc_bcm_pay_instruct_table.sql","content":"-- 删除 pmc_bcm_pay_instruct 表结构\n-- 兼容低版本MySQL（MySQL 5.5及以下版本）\n\n-- 先检查表是否存在，避免报错\nDROP TABLE IF EXISTS `pmc_bcm_pay_instruct`;\n\n-- 可选：如果表有外键约束，需要先删除约束\n-- SET FOREIGN_KEY_CHECKS = 0;\n-- DROP TABLE IF EXISTS `pmc_bcm_pay_instruct`;\n-- SET FOREIGN_KEY_CHECKS = 1;\n\n-- 清理该表的元数据信息（可选）\n-- DROP VIEW IF EXISTS `pmc_bcm_pay_instruct_view`;\n-- DROP PROCEDURE IF EXISTS `sp_pmc_bcm_pay_instruct_cleanup`;\n-- DROP FUNCTION IF EXISTS `fn_pmc_bcm_pay_instruct_count`;\n\n-- 说明：\n-- 1. 使用 DROP TABLE IF EXISTS 确保表不存在时不报错\n-- 2. 低版本MySQL不支持级联删除约束，需要手动处理外键\n-- 3. 如果该表被其他表引用，需要先删除引用关系\n-- 4. 建议在执行前备份数据","askApproval":false},"displayResult":{},"parentMessageId":""},{"id":"20b99dc5-935f-4abb-8b6f-99319d3c282f","type":"TEXT","status":"inProgress","content":"我已经为你创建了删除 `pmc_bcm_pay_instruct` 表结构的SQL脚本。该脚本考虑了低版本MySQL的兼容性问题：\n\n**主要特点：**\n- 使用 `DROP TABLE IF EXISTS` 语法，避免表不存在时报错\n- 兼容MySQL 5.5及以下版本\n- 包含外键约束处理的注释说明\n- 提供数据备份建议\n\n**文件位置：** [`drop_pmc_bcm_pay_instruct_table.sql`](drop_pmc_bcm_pay_instruct_table.sql)\n\n**使用前注意事项：**\n1. 建议先备份数据\n2. 如果表有外键约束，需先处理相关约束\n3. 确认该表是否被其他业务依赖\n\n根据项目结构，BCM应该是某个银行的代码（可能是某个商业银行），表结构应该与招商银行的 `pmc_cmb_pay_instruct` 类似，包含支付指令相关的业务字段。\n\n是否需要我为这个表也创建相应的DDL建表语句，以便后续重建使用？","composer":{"markdown":"","tasks":[]},"discard":false,"isErrorMessage":false,"parentMessageId":""}]}]}}
[13734] [2026-01-09 11:36:54] [INFO] [ENGINE]  ---------> ENGINE REC: VIRTUAL_EDITOR_EVENT {"uuid":"840f1d31-9ea3-407c-bb1b-fc740b3650bf","existed":true,"absolutePath":"/Users/xiaoliu/baidu/bpit-proc-apps/pmc/pmc-basic-bankcommon/src/main/java/com/baidu/pmc/bankcommon/core/service/impl/PmcPayCommonBankColSetServiceImpl.java","content":"package com.baidu.pmc.bankcommon.core.service.impl;\n\nimport com.baidu.pmc.bankcommon.core.constants.Constants;\nimport com.baidu.pmc.bankcommon.core.service.PmcPayCommonBankColSetService;\nimport com.baidu.pmc.bankcommon.core.utils.JedisUtil;\nimport com.baidu.pmc.bankcommon.core.utils.ReflectUtils;\nimport com.baidu.pmc.bankcommon.persistence.dao.PmcPayCommonBankColSetMapper;\nimport com.baidu.pmc.bankcommon.persistence.dao.PmcPayCommonBankSetMapper;\nimport com.baidu.pmc.bankcommon.persistence.dao.PmcPayCommonTransFlexSetMapper;\nimport com.baidu.pmc.bankcommon.persistence.domain.PmcPayCommonBankColSet;\nimport com.baidu.pmc.bankcommon.persistence.domain.PmcPayCommonTransFlexSet;\nimport com.baidu.pmc.common.exception.ServiceException;\nimport com.baidu.pmc.common.utils.StringUtils;\nimport com.baidu.pmc.pojo.model.PmcPayCommonBankSet;\nimport com.baidu.pmc.pojo.model.fnd.FndFlexValue;\nimport lombok.extern.slf4j.Slf4j;\nimport org.apache.commons.collections.CollectionUtils;\nimport org.apache.commons.collections4.ListUtils;\nimport org.springframework.beans.factory.annotation.Autowired;\nimport org.springframework.stereotype.Service;\nimport tk.mybatis.mapper.entity.Example;\n\nimport java.util.ArrayList;\nimport java.util.Arrays;\nimport java.util.Collections;\nimport java.util.List;\nimport java.util.Objects;\nimport java.util.stream.Collectors;\n\n/**\n * @description:\n * @author: zhangzhibo01\n * @time: 2025/5/30 16:49\n */\n@Service\n@Slf4j\npublic class PmcPayCommonBankColSetServiceImpl implements PmcPayCommonBankColSetService {\n\n    @Autowired\n    private PmcPayCommonBankSetMapper pmcPayCommonBankSetMapper;\n    @Autowired\n    private PmcPayCommonBankColSetMapper pmcPayCommonBankColSetMapper;\n    @Autowired\n    private PmcPayCommonTransFlexSetMapper transFlexSetMapper;\n    @Autowired\n    private OperateByJDBC operateByJDBC;\n\n    private static final Integer REDIS_EXPIRE = 3600;\n\n    @Override\n    public List<String> getBankCommonInstructDynamic(String bankCode) {\n        if (StringUtils.isBlank(bankCode)) {\n            throw new ServiceException(\"银行编码不能为空\");\n        }\n        String key = Constants.RedisKey.BANK_COMMON_COL_SET + bankCode;\n        List<String> result = new ArrayList<>();\n        result = JedisUtil.getList(key, String.class);\n        // if (CollectionUtils.isNotEmpty(result)) {\n        //     return result;\n        // }\n\n        Example examplePageNo = new Example(PmcPayCommonBankColSet.class);\n        examplePageNo.createCriteria().\n                andEqualTo(\"bankCode\", bankCode)\n                .andEqualTo(\"tableFlag\", Constants.ENABLED_Y)\n                .andEqualTo(\"enableFlag\", Constants.ENABLED_Y);\n        List<PmcPayCommonBankColSet> pmcPayCommonBankColSets = pmcPayCommonBankColSetMapper.selectByExample(examplePageNo);\n\n        if (CollectionUtils.isEmpty(pmcPayCommonBankColSets)) {\n            throw new ServiceException(\"银行配置不存在！\");\n        }\n        result = pmcPayCommonBankColSets.stream().map(PmcPayCommonBankColSet::getColumnCode)\n                .collect(Collectors.toList());\n        JedisUtil.setex(key, REDIS_EXPIRE, result);\n        return result;\n    }\n\n    @Override\n    public List<PmcPayCommonBankColSet> getBankColSet(String bankCode) {\n        if (org.apache.commons.lang3.StringUtils.isBlank(bankCode)) {\n            return Collections.emptyList();\n        }\n        String redisKey = Constants.RedisKey.INSTRUCT_TABLE_COL_PREFIX + bankCode;\n        List<PmcPayCommonBankColSet> list = null;\n        try {\n            list = JedisUtil.getList(redisKey, PmcPayCommonBankColSet.class);\n        } catch (Exception e) {\n            log.error(\"get bank {} col set from redis error\", bankCode, e);\n        }\n        // if (org.apache.commons.collections4.CollectionUtils.isNotEmpty(list)) {\n        //     return list;\n        // }\n        PmcPayCommonBankColSet query = new PmcPayCommonBankColSet();\n        query.setBankCode(bankCode);\n        query.setTableFlag(Constants.ENABLED_Y);\n        query.setEnableFlag(Constants.ENABLED_Y);\n        list = pmcPayCommonBankColSetMapper.select(query);\n        list = ListUtils.emptyIfNull(list).stream()\n                .filter(col -> org.apache.commons.lang3.StringUtils.isNotBlank(col.getColumnCode())).collect(Collectors.toList());\n        if (org.apache.commons.collections4.CollectionUtils.isEmpty(list)) {\n            log.error(\"bank {} do not have any config\", bankCode);\n            return Collections.emptyList();\n        }\n        try {\n            JedisUtil.setex(redisKey, REDIS_EXPIRE, list);\n        } catch (Exception e) {\n            log.error(\"set bank {} col set to redis error\", bankCode, e);\n        }\n        return list;\n    }\n\n    @Override\n    public String getBankSuffix(String bankCode) {\n        if (StringUtils.isBlank(bankCode)) {\n            throw new ServiceException(\"银行编码不能为空\");\n        }\n        String result = null;\n        String key = Constants.RedisKey.BANK_COMMON_CODE_SUFFIX + bankCode;\n        result = (String) JedisUtil.get(key);\n         if (StringUtils.isNotBlank(result)) {\n             return result;\n         }\n        Example examplePageNo = new Example(PmcPayCommonBankSet.class);\n        examplePageNo.createCriteria().\n                andEqualTo(\"bankCode\", bankCode);\n        List<PmcPayCommonBankSet> pmcPayCommonBankSets = pmcPayCommonBankSetMapper.selectByExample(examplePageNo);\n        if (CollectionUtils.isEmpty(pmcPayCommonBankSets)) {\n            log.error(\"bankCode={},银行配置不存在！\", bankCode);\n            throw new ServiceException(\"银行配置不存在！\");\n        }\n        result = pmcPayCommonBankSets.get(0).getBankSuffix();\n        JedisUtil.setex(key, REDIS_EXPIRE, result);\n        return result;\n    }\n\n    @Override\n    public Object getBankCommonFlexValue(PmcPayCommonBankColSet colSet) {\n        if (Objects.isNull(colSet) || org.apache.commons.lang3.StringUtils.isBlank(colSet.getTransDetail())) {\n            return null;\n        }\n        PmcPayCommonTransFlexSet query = new PmcPayCommonTransFlexSet();\n        query.setTransCode(colSet.getTransDetail());\n        List<PmcPayCommonTransFlexSet> flexSets = transFlexSetMapper.select(query);\n        if (org.apache.commons.collections4.CollectionUtils.isEmpty(flexSets)) {\n            log.error(\"flexSet {} do not existed\", query.getTransCode());\n            return null;\n        }\n        PmcPayCommonTransFlexSet flexSet = flexSets.get(0);\n        if (org.apache.commons.lang3.StringUtils.isAnyBlank(flexSet.getFlexValue(), flexSet.getResultCol())) {\n            log.error(\"flexSet {} do not contain flex value or result col\", flexSet.getTransCode());\n            return null;\n        }\n        List<String> values = Arrays.asList(flexSet.getFlexValue().split(\",\"));\n        List<FndFlexValue> fndFlexValues = operateByJDBC.selectBySetAndValue(flexSet.getFlexSetName(), values);\n        if (org.apache.commons.collections4.CollectionUtils.isEmpty(fndFlexValues)) {\n            log.error(\"frame flex set {} do not contain flex value {}\", flexSet.getFlexSetName(), values);\n            return null;\n        }\n        Object result = null;\n        FndFlexValue fndFlexValue = fndFlexValues.get(0);\n        try {\n            result = ReflectUtils.invokeGetMethod(fndFlexValue, flexSet.getResultCol());\n        } catch (Exception e) {\n            log.error(\"get flex value from set {} value {} col {} error\", flexSet.getFlexSetName(),\n                    flexSet.getFlexValue(), flexSet.getResultCol(), e);\n        }\n        return result;\n    }\n\n    @Override\n    public List<String> getTransferBankCodeList() {\n        Example examplePageNo = new Example(PmcPayCommonBankSet.class);\n        examplePageNo.createCriteria().\n                andEqualTo(\"transferFlag\", Constants.ENABLED_Y);\n        List<PmcPayCommonBankSet> pmcPayCommonBankSets = pmcPayCommonBankSetMapper.selectByExample(examplePageNo);\n        if (CollectionUtils.isEmpty(pmcPayCommonBankSets)) {\n            throw new ServiceException(\"银行配置不存在！\");\n        }\n        List<String> result = pmcPayCommonBankSets\n                .stream().map(PmcPayCommonBankSet::getBankCode).collect(Collectors.toList());\n        return result;\n    }\n}\n","scheme":"file","completed":false,"isEnd":false,"failed":false}
[13734] [2026-01-09 11:37:03] [INFO] [PLUGINCHANNEL]  {"level":"warn","source":"IdeSession","action":"SessionTimeout","detail":{}}
[13734] [2026-01-09 11:37:05] [INFO] [PLUGINCHANNEL]  {"level":"warn","source":"IdeSession","action":"SessionTimeout","detail":{}}
[13734] [2026-01-09 11:37:05] [INFO] [PLUGINCHANNEL]  {"level":"warn","source":"IdeSession","action":"SessionTimeout","detail":{}}
[13734] [2026-01-09 11:37:06] [INFO] [PLUGINCHANNEL]  {"level":"warn","source":"IdeSession","action":"SessionTimeout","detail":{}}
[13734] [2026-01-09 11:37:09] [INFO] [PLUGINCHANNEL]  {"level":"warn","source":"IdeSession","action":"SessionTimeout","detail":{}}
[13734] [2026-01-09 11:37:10] [VERBOSE] [VIRTUALEDITOR]  VirtualEditor.getActiveDocument, args: 
[13734] [2026-01-09 11:37:10] [INFO] [ENGINE]  <--------- ENGINE SEND: VIRTUAL_EDITOR_EVENT {"action":"getActiveDocument","payload":{"uuid":"c120d943-1330-496e-8e1f-eb73996f88d8"}}
[13734] [2026-01-09 11:37:10] [INFO] [CONVERSATIONMANAGER]  [Performance] agent-start-analyze take 14.778709411621094 ms
[13734] [2026-01-09 11:37:10] [INFO] [CONVERSATIONMANAGER]  E2EBot start new roundtrip
[13734] [2026-01-09 11:37:10] [VERBOSE] [VIRTUALEDITOR]  VirtualEditor.getActiveDocument, args: 
[13734] [2026-01-09 11:37:10] [INFO] [ENGINE]  <--------- ENGINE SEND: VIRTUAL_EDITOR_EVENT {"action":"getActiveDocument","payload":{"uuid":"626416d0-5835-4a92-88ca-6959af7a7573"}}
[13734] [2026-01-09 11:37:10] [INFO] [ENGINE]  ---------> ENGINE REC: VIRTUAL_EDITOR_EVENT {"uuid":"c120d943-1330-496e-8e1f-eb73996f88d8","existed":true,"absolutePath":"/Users/xiaoliu/baidu/bpit-proc-apps/pmc/pmc-basic-bankcommon/src/main/java/com/baidu/pmc/bankcommon/core/service/impl/PmcPayCommonBankColSetServiceImpl.java","content":"package com.baidu.pmc.bankcommon.core.service.impl;\n\nimport com.baidu.pmc.bankcommon.core.constants.Constants;\nimport com.baidu.pmc.bankcommon.core.service.PmcPayCommonBankColSetService;\nimport com.baidu.pmc.bankcommon.core.utils.JedisUtil;\nimport com.baidu.pmc.bankcommon.core.utils.ReflectUtils;\nimport com.baidu.pmc.bankcommon.persistence.dao.PmcPayCommonBankColSetMapper;\nimport com.baidu.pmc.bankcommon.persistence.dao.PmcPayCommonBankSetMapper;\nimport com.baidu.pmc.bankcommon.persistence.dao.PmcPayCommonTransFlexSetMapper;\nimport com.baidu.pmc.bankcommon.persistence.domain.PmcPayCommonBankColSet;\nimport com.baidu.pmc.bankcommon.persistence.domain.PmcPayCommonTransFlexSet;\nimport com.baidu.pmc.common.exception.ServiceException;\nimport com.baidu.pmc.common.utils.StringUtils;\nimport com.baidu.pmc.pojo.model.PmcPayCommonBankSet;\nimport com.baidu.pmc.pojo.model.fnd.FndFlexValue;\nimport lombok.extern.slf4j.Slf4j;\nimport org.apache.commons.collections.CollectionUtils;\nimport org.apache.commons.collections4.ListUtils;\nimport org.springframework.beans.factory.annotation.Autowired;\nimport org.springframework.stereotype.Service;\nimport tk.mybatis.mapper.entity.Example;\n\nimport java.util.ArrayList;\nimport java.util.Arrays;\nimport java.util.Collections;\nimport java.util.List;\nimport java.util.Objects;\nimport java.util.stream.Collectors;\n\n/**\n * @description:\n * @author: zhangzhibo01\n * @time: 2025/5/30 16:49\n */\n@Service\n@Slf4j\npublic class PmcPayCommonBankColSetServiceImpl implements PmcPayCommonBankColSetService {\n\n    @Autowired\n    private PmcPayCommonBankSetMapper pmcPayCommonBankSetMapper;\n    @Autowired\n    private PmcPayCommonBankColSetMapper pmcPayCommonBankColSetMapper;\n    @Autowired\n    private PmcPayCommonTransFlexSetMapper transFlexSetMapper;\n    @Autowired\n    private OperateByJDBC operateByJDBC;\n\n    private static final Integer REDIS_EXPIRE = 3600;\n\n    @Override\n    public List<String> getBankCommonInstructDynamic(String bankCode) {\n        if (StringUtils.isBlank(bankCode)) {\n            throw new ServiceException(\"银行编码不能为空\");\n        }\n        String key = Constants.RedisKey.BANK_COMMON_COL_SET + bankCode;\n        List<String> result = new ArrayList<>();\n        result = JedisUtil.getList(key, String.class);\n        // if (CollectionUtils.isNotEmpty(result)) {\n        //     return result;\n        // }\n\n        Example examplePageNo = new Example(PmcPayCommonBankColSet.class);\n        examplePageNo.createCriteria().\n                andEqualTo(\"bankCode\", bankCode)\n                .andEqualTo(\"tableFlag\", Constants.ENABLED_Y)\n                .andEqualTo(\"enableFlag\", Constants.ENABLED_Y);\n        List<PmcPayCommonBankColSet> pmcPayCommonBankColSets = pmcPayCommonBankColSetMapper.selectByExample(examplePageNo);\n\n        if (CollectionUtils.isEmpty(pmcPayCommonBankColSets)) {\n            throw new ServiceException(\"银行配置不存在！\");\n        }\n        result = pmcPayCommonBankColSets.stream().map(PmcPayCommonBankColSet::getColumnCode)\n                .collect(Collectors.toList());\n        JedisUtil.setex(key, REDIS_EXPIRE, result);\n        return result;\n    }\n\n    @Override\n    public List<PmcPayCommonBankColSet> getBankColSet(String bankCode) {\n        if (org.apache.commons.lang3.StringUtils.isBlank(bankCode)) {\n            return Collections.emptyList();\n        }\n        String redisKey = Constants.RedisKey.INSTRUCT_TABLE_COL_PREFIX + bankCode;\n        List<PmcPayCommonBankColSet> list = null;\n        try {\n            list = JedisUtil.getList(redisKey, PmcPayCommonBankColSet.class);\n        } catch (Exception e) {\n            log.error(\"get bank {} col set from redis error\", bankCode, e);\n        }\n        // if (org.apache.commons.collections4.CollectionUtils.isNotEmpty(list)) {\n        //     return list;\n        // }\n        PmcPayCommonBankColSet query = new PmcPayCommonBankColSet();\n        query.setBankCode(bankCode);\n        query.setTableFlag(Constants.ENABLED_Y);\n        query.setEnableFlag(Constants.ENABLED_Y);\n        list = pmcPayCommonBankColSetMapper.select(query);\n        list = ListUtils.emptyIfNull(list).stream()\n                .filter(col -> org.apache.commons.lang3.StringUtils.isNotBlank(col.getColumnCode())).collect(Collectors.toList());\n        if (org.apache.commons.collections4.CollectionUtils.isEmpty(list)) {\n            log.error(\"bank {} do not have any config\", bankCode);\n            return Collections.emptyList();\n        }\n        try {\n            JedisUtil.setex(redisKey, REDIS_EXPIRE, list);\n        } catch (Exception e) {\n            log.error(\"set bank {} col set to redis error\", bankCode, e);\n        }\n        return list;\n    }\n\n    @Override\n    public String getBankSuffix(String bankCode) {\n        if (StringUtils.isBlank(bankCode)) {\n            throw new ServiceException(\"银行编码不能为空\");\n        }\n        String result = null;\n        String key = Constants.RedisKey.BANK_COMMON_CODE_SUFFIX + bankCode;\n        result = (String) JedisUtil.get(key);\n         if (StringUtils.isNotBlank(result)) {\n             return result;\n         }\n        Example examplePageNo = new Example(PmcPayCommonBankSet.class);\n        examplePageNo.createCriteria().\n                andEqualTo(\"bankCode\", bankCode);\n        List<PmcPayCommonBankSet> pmcPayCommonBankSets = pmcPayCommonBankSetMapper.selectByExample(examplePageNo);\n        if (CollectionUtils.isEmpty(pmcPayCommonBankSets)) {\n            log.error(\"bankCode={},银行配置不存在！\", bankCode);\n            throw new ServiceException(\"银行配置不存在！\");\n        }\n        result = pmcPayCommonBankSets.get(0).getBankSuffix();\n        JedisUtil.setex(key, REDIS_EXPIRE, result);\n        return result;\n    }\n\n    @Override\n    public Object getBankCommonFlexValue(PmcPayCommonBankColSet colSet) {\n        if (Objects.isNull(colSet) || org.apache.commons.lang3.StringUtils.isBlank(colSet.getTransDetail())) {\n            return null;\n        }\n        PmcPayCommonTransFlexSet query = new PmcPayCommonTransFlexSet();\n        query.setTransCode(colSet.getTransDetail());\n        List<PmcPayCommonTransFlexSet> flexSets = transFlexSetMapper.select(query);\n        if (org.apache.commons.collections4.CollectionUtils.isEmpty(flexSets)) {\n            log.error(\"flexSet {} do not existed\", query.getTransCode());\n            return null;\n        }\n        PmcPayCommonTransFlexSet flexSet = flexSets.get(0);\n        if (org.apache.commons.lang3.StringUtils.isAnyBlank(flexSet.getFlexValue(), flexSet.getResultCol())) {\n            log.error(\"flexSet {} do not contain flex value or result col\", flexSet.getTransCode());\n            return null;\n        }\n        List<String> values = Arrays.asList(flexSet.getFlexValue().split(\",\"));\n        List<FndFlexValue> fndFlexValues = operateByJDBC.selectBySetAndValue(flexSet.getFlexSetName(), values);\n        if (org.apache.commons.collections4.CollectionUtils.isEmpty(fndFlexValues)) {\n            log.error(\"frame flex set {} do not contain flex value {}\", flexSet.getFlexSetName(), values);\n            return null;\n        }\n        Object result = null;\n        FndFlexValue fndFlexValue = fndFlexValues.get(0);\n        try {\n            result = ReflectUtils.invokeGetMethod(fndFlexValue, flexSet.getResultCol());\n        } catch (Exception e) {\n            log.error(\"get flex value from set {} value {} col {} error\", flexSet.getFlexSetName(),\n                    flexSet.getFlexValue(), flexSet.getResultCol(), e);\n        }\n        return result;\n    }\n\n    @Override\n    public List<String> getTransferBankCodeList() {\n        Example examplePageNo = new Example(PmcPayCommonBankSet.class);\n        examplePageNo.createCriteria().\n                andEqualTo(\"transferFlag\", Constants.ENABLED_Y);\n        List<PmcPayCommonBankSet> pmcPayCommonBankSets = pmcPayCommonBankSetMapper.selectByExample(examplePageNo);\n        if (CollectionUtils.isEmpty(pmcPayCommonBankSets)) {\n            throw new ServiceException(\"银行配置不存在！\");\n        }\n        List<String> result = pmcPayCommonBankSets\n                .stream().map(PmcPayCommonBankSet::getBankCode).collect(Collectors.toList());\n        return result;\n    }\n}\n","scheme":"file","completed":false,"isEnd":false,"failed":false}
[13734] [2026-01-09 11:37:10] [INFO] [ENGINE]  ---------> ENGINE REC: VIRTUAL_EDITOR_EVENT {"uuid":"626416d0-5835-4a92-88ca-6959af7a7573","existed":true,"absolutePath":"/Users/xiaoliu/baidu/bpit-proc-apps/pmc/pmc-basic-bankcommon/src/main/java/com/baidu/pmc/bankcommon/core/service/impl/PmcPayCommonBankColSetServiceImpl.java","content":"package com.baidu.pmc.bankcommon.core.service.impl;\n\nimport com.baidu.pmc.bankcommon.core.constants.Constants;\nimport com.baidu.pmc.bankcommon.core.service.PmcPayCommonBankColSetService;\nimport com.baidu.pmc.bankcommon.core.utils.JedisUtil;\nimport com.baidu.pmc.bankcommon.core.utils.ReflectUtils;\nimport com.baidu.pmc.bankcommon.persistence.dao.PmcPayCommonBankColSetMapper;\nimport com.baidu.pmc.bankcommon.persistence.dao.PmcPayCommonBankSetMapper;\nimport com.baidu.pmc.bankcommon.persistence.dao.PmcPayCommonTransFlexSetMapper;\nimport com.baidu.pmc.bankcommon.persistence.domain.PmcPayCommonBankColSet;\nimport com.baidu.pmc.bankcommon.persistence.domain.PmcPayCommonTransFlexSet;\nimport com.baidu.pmc.common.exception.ServiceException;\nimport com.baidu.pmc.common.utils.StringUtils;\nimport com.baidu.pmc.pojo.model.PmcPayCommonBankSet;\nimport com.baidu.pmc.pojo.model.fnd.FndFlexValue;\nimport lombok.extern.slf4j.Slf4j;\nimport org.apache.commons.collections.CollectionUtils;\nimport org.apache.commons.collections4.ListUtils;\nimport org.springframework.beans.factory.annotation.Autowired;\nimport org.springframework.stereotype.Service;\nimport tk.mybatis.mapper.entity.Example;\n\nimport java.util.ArrayList;\nimport java.util.Arrays;\nimport java.util.Collections;\nimport java.util.List;\nimport java.util.Objects;\nimport java.util.stream.Collectors;\n\n/**\n * @description:\n * @author: zhangzhibo01\n * @time: 2025/5/30 16:49\n */\n@Service\n@Slf4j\npublic class PmcPayCommonBankColSetServiceImpl implements PmcPayCommonBankColSetService {\n\n    @Autowired\n    private PmcPayCommonBankSetMapper pmcPayCommonBankSetMapper;\n    @Autowired\n    private PmcPayCommonBankColSetMapper pmcPayCommonBankColSetMapper;\n    @Autowired\n    private PmcPayCommonTransFlexSetMapper transFlexSetMapper;\n    @Autowired\n    private OperateByJDBC operateByJDBC;\n\n    private static final Integer REDIS_EXPIRE = 3600;\n\n    @Override\n    public List<String> getBankCommonInstructDynamic(String bankCode) {\n        if (StringUtils.isBlank(bankCode)) {\n            throw new ServiceException(\"银行编码不能为空\");\n        }\n        String key = Constants.RedisKey.BANK_COMMON_COL_SET + bankCode;\n        List<String> result = new ArrayList<>();\n        result = JedisUtil.getList(key, String.class);\n        // if (CollectionUtils.isNotEmpty(result)) {\n        //     return result;\n        // }\n\n        Example examplePageNo = new Example(PmcPayCommonBankColSet.class);\n        examplePageNo.createCriteria().\n                andEqualTo(\"bankCode\", bankCode)\n                .andEqualTo(\"tableFlag\", Constants.ENABLED_Y)\n                .andEqualTo(\"enableFlag\", Constants.ENABLED_Y);\n        List<PmcPayCommonBankColSet> pmcPayCommonBankColSets = pmcPayCommonBankColSetMapper.selectByExample(examplePageNo);\n\n        if (CollectionUtils.isEmpty(pmcPayCommonBankColSets)) {\n            throw new ServiceException(\"银行配置不存在！\");\n        }\n        result = pmcPayCommonBankColSets.stream().map(PmcPayCommonBankColSet::getColumnCode)\n                .collect(Collectors.toList());\n        JedisUtil.setex(key, REDIS_EXPIRE, result);\n        return result;\n    }\n\n    @Override\n    public List<PmcPayCommonBankColSet> getBankColSet(String bankCode) {\n        if (org.apache.commons.lang3.StringUtils.isBlank(bankCode)) {\n            return Collections.emptyList();\n        }\n        String redisKey = Constants.RedisKey.INSTRUCT_TABLE_COL_PREFIX + bankCode;\n        List<PmcPayCommonBankColSet> list = null;\n        try {\n            list = JedisUtil.getList(redisKey, PmcPayCommonBankColSet.class);\n        } catch (Exception e) {\n            log.error(\"get bank {} col set from redis error\", bankCode, e);\n        }\n        // if (org.apache.commons.collections4.CollectionUtils.isNotEmpty(list)) {\n        //     return list;\n        // }\n        PmcPayCommonBankColSet query = new PmcPayCommonBankColSet();\n        query.setBankCode(bankCode);\n        query.setTableFlag(Constants.ENABLED_Y);\n        query.setEnableFlag(Constants.ENABLED_Y);\n        list = pmcPayCommonBankColSetMapper.select(query);\n        list = ListUtils.emptyIfNull(list).stream()\n                .filter(col -> org.apache.commons.lang3.StringUtils.isNotBlank(col.getColumnCode())).collect(Collectors.toList());\n        if (org.apache.commons.collections4.CollectionUtils.isEmpty(list)) {\n            log.error(\"bank {} do not have any config\", bankCode);\n            return Collections.emptyList();\n        }\n        try {\n            JedisUtil.setex(redisKey, REDIS_EXPIRE, list);\n        } catch (Exception e) {\n            log.error(\"set bank {} col set to redis error\", bankCode, e);\n        }\n        return list;\n    }\n\n    @Override\n    public String getBankSuffix(String bankCode) {\n        if (StringUtils.isBlank(bankCode)) {\n            throw new ServiceException(\"银行编码不能为空\");\n        }\n        String result = null;\n        String key = Constants.RedisKey.BANK_COMMON_CODE_SUFFIX + bankCode;\n        result = (String) JedisUtil.get(key);\n         if (StringUtils.isNotBlank(result)) {\n             return result;\n         }\n        Example examplePageNo = new Example(PmcPayCommonBankSet.class);\n        examplePageNo.createCriteria().\n                andEqualTo(\"bankCode\", bankCode);\n        List<PmcPayCommonBankSet> pmcPayCommonBankSets = pmcPayCommonBankSetMapper.selectByExample(examplePageNo);\n        if (CollectionUtils.isEmpty(pmcPayCommonBankSets)) {\n            log.error(\"bankCode={},银行配置不存在！\", bankCode);\n            throw new ServiceException(\"银行配置不存在！\");\n        }\n        result = pmcPayCommonBankSets.get(0).getBankSuffix();\n        JedisUtil.setex(key, REDIS_EXPIRE, result);\n        return result;\n    }\n\n    @Override\n    public Object getBankCommonFlexValue(PmcPayCommonBankColSet colSet) {\n        if (Objects.isNull(colSet) || org.apache.commons.lang3.StringUtils.isBlank(colSet.getTransDetail())) {\n            return null;\n        }\n        PmcPayCommonTransFlexSet query = new PmcPayCommonTransFlexSet();\n        query.setTransCode(colSet.getTransDetail());\n        List<PmcPayCommonTransFlexSet> flexSets = transFlexSetMapper.select(query);\n        if (org.apache.commons.collections4.CollectionUtils.isEmpty(flexSets)) {\n            log.error(\"flexSet {} do not existed\", query.getTransCode());\n            return null;\n        }\n        PmcPayCommonTransFlexSet flexSet = flexSets.get(0);\n        if (org.apache.commons.lang3.StringUtils.isAnyBlank(flexSet.getFlexValue(), flexSet.getResultCol())) {\n            log.error(\"flexSet {} do not contain flex value or result col\", flexSet.getTransCode());\n            return null;\n        }\n        List<String> values = Arrays.asList(flexSet.getFlexValue().split(\",\"));\n        List<FndFlexValue> fndFlexValues = operateByJDBC.selectBySetAndValue(flexSet.getFlexSetName(), values);\n        if (org.apache.commons.collections4.CollectionUtils.isEmpty(fndFlexValues)) {\n            log.error(\"frame flex set {} do not contain flex value {}\", flexSet.getFlexSetName(), values);\n            return null;\n        }\n        Object result = null;\n        FndFlexValue fndFlexValue = fndFlexValues.get(0);\n        try {\n            result = ReflectUtils.invokeGetMethod(fndFlexValue, flexSet.getResultCol());\n        } catch (Exception e) {\n            log.error(\"get flex value from set {} value {} col {} error\", flexSet.getFlexSetName(),\n                    flexSet.getFlexValue(), flexSet.getResultCol(), e);\n        }\n        return result;\n    }\n\n    @Override\n    public List<String> getTransferBankCodeList() {\n        Example examplePageNo = new Example(PmcPayCommonBankSet.class);\n        examplePageNo.createCriteria().\n                andEqualTo(\"transferFlag\", Constants.ENABLED_Y);\n        List<PmcPayCommonBankSet> pmcPayCommonBankSets = pmcPayCommonBankSetMapper.selectByExample(examplePageNo);\n        if (CollectionUtils.isEmpty(pmcPayCommonBankSets)) {\n            throw new ServiceException(\"银行配置不存在！\");\n        }\n        List<String> result = pmcPayCommonBankSets\n                .stream().map(PmcPayCommonBankSet::getBankCode).collect(Collectors.toList());\n        return result;\n    }\n}\n","scheme":"file","completed":false,"isEnd":false,"failed":false}
[13734] [2026-01-09 11:37:12] [ERROR] [CONVERSATIONMANAGER]  [Zulu] failed create conversaion, reason: read ECONNRESET {"message":"read ECONNRESET","name":"Error","stack":"Error: read ECONNRESET\n    at AxiosError.from (file:///Users/xiaoliu/Library/Application%20Support/JetBrains/IntelliJIdea2025.2/plugins/comate-intellij-plugin/comate-agent/bin/comate-kernel/server.js:4116:14)\n    at RedirectableRequest.handleRequestError (file:///Users/xiaoliu/Library/Application%20Support/JetBrains/IntelliJIdea2025.2/plugins/comate-intellij-plugin/comate-agent/bin/comate-kernel/server.js:21398:25)\n    at RedirectableRequest.emit (node:events:517:28)\n    at eventHandlers.<computed> (file:///Users/xiaoliu/Library/Application%20Support/JetBrains/IntelliJIdea2025.2/plugins/comate-intellij-plugin/comate-agent/bin/comate-kernel/server.js:19682:24)\n    at ClientRequest.emit (node:events:517:28)\n    at TLSSocket.socketErrorListener (node:_http_client:501:9)\n    at TLSSocket.emit (node:events:517:28)\n    at emitErrorNT (node:internal/streams/destroy:151:8)\n    at emitErrorCloseNT (node:internal/streams/destroy:116:3)\n    at process.processTicksAndRejections (node:internal/process/task_queues:82:21)\n    at Axios.request (file:///Users/xiaoliu/Library/Application%20Support/JetBrains/IntelliJIdea2025.2/plugins/comate-intellij-plugin/comate-agent/bin/comate-kernel/server.js:22487:41)\n    at process.processTicksAndRejections (node:internal/process/task_queues:95:5)\n    at async analyze (file:///Users/xiaoliu/Library/Application%20Support/JetBrains/IntelliJIdea2025.2/plugins/comate-intellij-plugin/comate-agent/bin/comate-kernel/server.js:167168:20)\n    at async E2EBotConversation.createConversation (file:///Users/xiaoliu/Library/Application%20Support/JetBrains/IntelliJIdea2025.2/plugins/comate-intellij-plugin/comate-agent/bin/comate-kernel/server.js:276965:78)\n    at async E2EBotConversation.startWork (file:///Users/xiaoliu/Library/Application%20Support/JetBrains/IntelliJIdea2025.2/plugins/comate-intellij-plugin/comate-agent/bin/comate-kernel/server.js:276782:13)\n    at async E2EBotConversation.startNewWork (file:///Users/xiaoliu/Library/Application%20Support/JetBrains/IntelliJIdea2025.2/plugins/comate-intellij-plugin/comate-agent/bin/comate-kernel/server.js:273864:13)","config":{"transitional":{"silentJSONParsing":true,"forcedJSONParsing":true,"clarifyTimeoutError":false},"adapter":["xhr","http","fetch"],"transformRequest":[null],"transformResponse":[null],"timeout":0,"xsrfCookieName":"XSRF-TOKEN","xsrfHeaderName":"X-XSRF-TOKEN","maxContentLength":-1,"maxBodyLength":-1,"env":{},"headers":{"Accept":"application/json, text/plain, */*","Content-Type":"application/json","login-name":"liumandong","Uuap-login-name":"liumandong","X-Source":"COMATE","plugin-version":"JetBrains-3.23.0","x-skip-fcnap":"yes","X-Trace-Id":"9c8f08ee-8d97-4c21-b721-e33e0cd56961","Accept-Language":"zh-CN,zh","User-Agent":"axios/1.9.0","Content-Length":"31441","Accept-Encoding":"gzip, compress, deflate, br"},"cancelToken":{"promise":{},"_listeners":[]},"method":"post","url":"/api/aidevops/autocomate/rest/autowork/v1/analyze","data":"{\"query\":\"Begin;\\nINSERT INTO TableName (`id`, `bank_code`, `column_code`, `column_name`, `column_type`, `mapping_bank_col`, `standard_flag`, `table_flag`, `trans_direction`, `trans_type`, `trans_detail`, `interface_type`, `interface_direction`, `demo`, `enable_flag`, `created_by`, `creation_date`, `last_updated_by`, `last_update_date`, `attribute1`, `attribute2`, `attribute3`, `attribute4`, `attribute5`) VALUES ('435', 'B022', 'account', '银行账户', 'varchar(32)', NULL, 'Y', 'Y', NULL, 'PAY', 'account', NULL, NULL, NULL, 'Y', 'sys', '2025-08-11 16:56:54', 'sys', '2025-08-11 16:56:54', NULL, NULL, NULL, NULL, NULL);\\nINSERT INTO TableName (`id`, `bank_code`, `column_code`, `column_name`, `column_type`, `mapping_bank_col`, `standard_flag`, `table_flag`, `trans_direction`, `trans_type`, `trans_detail`, `interface_type`, `interface_direction`, `demo`, `enable_flag`, `created_by`, `creation_date`, `last_updated_by`, `last_update_date`, `attribute1`, `attribute2`, `attribute3`, `attribute4`, `attribute5`) VALUES ('436', 'B022', 'account_name', '银行账户(户名)', 'varchar(60)', NULL, 'Y', 'Y', NULL, 'PAY', 'account_name', NULL, NULL, NULL, 'Y', 'sys', '2025-08-11 16:56:54', 'sys', '2025-08-11 16:56:54', NULL, NULL, NULL, NULL, NULL);\\nINSERT INTO TableName (`id`, `bank_code`, `column_code`, `column_name`, `column_type`, `mapping_bank_col`, `standard_flag`, `table_flag`, `trans_direction`, `trans_type`, `trans_detail`, `interface_type`, `interface_direction`, `demo`, `enable_flag`, `created_by`, `creation_date`, `last_updated_by`, `last_update_date`, `attribute1`, `attribute2`, `attribute3`, `attribute4`, `attribute5`) VALUES ('434', 'B022', 'ac_account_id', '银行账户id', 'bigint(20)', NULL, 'Y', 'Y', NULL, 'PAY', 'ac_account_id', NULL, NULL, NULL, 'Y', 'sys', '2025-08-11 16:56:54', 'sys', '2025-08-11 16:56:54', NULL, NULL, NULL, NULL, NULL);\\nINSERT INTO TableName (`id`, `bank_code`, `column_code`, `column_name`, `column_type`, `mapping_bank_col`, `standard_flag`, `table_flag`, `trans_direction`, `trans_type`, `trans_detail`, `interface_type`, `interface_direction`, `demo`, `enable_flag`, `created_by`, `creation_date`, `last_updated_by`, `last_update_date`, `attribute1`, `attribute2`, `attribute3`, `attribute4`, `attribute5`) VALUES ('437', 'B022', 'amount', '金额', 'decimal(20,2)', NULL, 'Y', 'Y', NULL, 'PAY', 'amount', NULL, NULL, NULL, 'Y', 'sys', '2025-08-11 16:56:54', 'sys', '2025-08-11 16:56:54', NULL, NULL, NULL, NULL, NULL);\\nINSERT INTO TableName (`id`, `bank_code`, `column_code`, `column_name`, `column_type`, `mapping_bank_col`, `standard_flag`, `table_flag`, `trans_direction`, `trans_type`, `trans_detail`, `interface_type`, `interface_direction`, `demo`, `enable_flag`, `created_by`, `creation_date`, `last_updated_by`, `last_update_date`, `attribute1`, `attribute2`, `attribute3`, `attribute4`, `attribute5`) VALUES ('438', 'B022', 'amount_currency', '付款金额币种', 'varchar(3)', NULL, 'Y', 'Y', NULL, 'PAY', 'amount_currency', NULL, NULL, NULL, 'Y', 'sys', '2025-08-11 16:56:54', 'sys', '2025-08-11 16:56:54', NULL, NULL, NULL, NULL, NULL);\\nINSERT INTO TableName (`id`, `bank_code`, `column_code`, `column_name`, `column_type`, `mapping_bank_col`, `standard_flag`, `table_flag`, `trans_direction`, `trans_type`, `trans_detail`, `interface_type`, `interface_direction`, `demo`, `enable_flag`, `created_by`, `creation_date`, `last_updated_by`, `last_update_date`, `attribute1`, `attribute2`, `attribute3`, `attribute4`, `attribute5`) VALUES ('460', 'B022', 'attribute1', '扩展字段1', 'varchar(200)', NULL, 'Y', 'Y', NULL, NULL, NULL, NULL, NULL, NULL, 'Y', 'sys', '2025-08-11 16:56:54', 'sys', '2025-08-11 16:56:54', NULL, NULL, NULL, NULL, NULL);\\nINSERT INTO TableName (`id`, `bank_code`, `column_code`, `column_name`, `column_type`, `mapping_bank_col`, `standard_flag`, `table_flag`, `trans_direction`, `trans_type`, `trans_detail`, `interface_type`, `interface_direction`, `demo`, `enable_flag`, `created_by`, `creation_date`, `last_updated_by`, `last_update_date`, `attribute1`, `attribute2`, `attribute3`, `attribute4`, `attribute5`) VALUES ('461', 'B022', 'attribute2', '扩展字段2', 'varchar(200)', NULL, 'Y', 'Y', NULL, NULL, NULL, NULL, NULL, NULL, 'Y', 'sys', '2025-08-11 16:56:54', 'sys', '2025-08-11 16:56:54', NULL, NULL, NULL, NULL, NULL);\\nINSERT INTO TableName (`id`, `bank_code`, `column_code`, `column_name`, `column_type`, `mapping_bank_col`, `standard_flag`, `table_flag`, `trans_direction`, `trans_type`, `trans_detail`, `interface_type`, `interface_direction`, `demo`, `enable_flag`, `created_by`, `creation_date`, `last_updated_by`, `last_update_date`, `attribute1`, `attribute2`, `attribute3`, `attribute4`, `attribute5`) VALUES ('462', 'B022', 'attribute3', '扩展字段3', 'varchar(200)', NULL, 'Y', 'Y', NULL, NULL, NULL, NULL, NULL, NULL, 'Y', 'sys', '2025-08-11 16:56:54', 'sys', '2025-08-11 16:56:54', NULL, NULL, NULL, NULL, NULL);\\nINSERT INTO TableName (`id`, `bank_code`, `column_code`, `column_name`, `column_type`, `mapping_bank_col`, `standard_flag`, `table_flag`, `trans_direction`, `trans_type`, `trans_detail`, `interface_type`, `interface_direction`, `demo`, `enable_flag`, `created_by`, `creation_date`, `last_updated_by`, `last_update_date`, `attribute1`, `attribute2`, `attribute3`, `attribute4`, `attribute5`) VALUES ('463', 'B022', 'attribute4', '扩展字段4', 'varchar(200)', NULL, 'Y', 'Y', NULL, NULL, NULL, NULL, NULL, NULL, 'Y', 'sys', '2025-08-11 16:56:54', 'sys', '2025-08-11 16:56:54', NULL, NULL, NULL, NULL, NULL);\\nINSERT INTO TableName (`id`, `bank_code`, `column_code`, `column_name`, `column_type`, `mapping_bank_col`, `standard_flag`, `table_flag`, `trans_direction`, `trans_type`, `trans_detail`, `interface_type`, `interface_direction`, `demo`, `enable_flag`, `created_by`, `creation_date`, `last_updated_by`, `last_update_date`, `attribute1`, `attribute2`, `attribute3`, `attribute4`, `attribute5`) VALUES ('464', 'B022', 'attribute5', '扩展字段5', 'varchar(200)', NULL, 'Y', 'Y', NULL, NULL, NULL, NULL, NULL, NULL, 'Y', 'sys', '2025-08-11 16:56:54', 'sys', '2025-08-11 16:56:54', NULL, NULL, NULL, NULL, NULL);\\nINSERT INTO TableName (`id`, `bank_code`, `column_code`, `column_name`, `column_type`, `mapping_bank_col`, `standard_flag`, `table_flag`, `trans_direction`, `trans_type`, `trans_detail`, `interface_type`, `interface_direction`, `demo`, `enable_flag`, `created_by`, `creation_date`, `last_updated_by`, `last_update_date`, `attribute1`, `attribute2`, `attribute3`, `attribute4`, `attribute5`) VALUES ('433', 'B022', 'bank_code', '银行代码', 'varchar(30)', NULL, 'Y', 'Y', NULL, 'PAY', 'bank_code', NULL, NULL, NULL, 'Y', 'sys', '2025-08-11 16:56:54', 'sys', '2025-08-11 16:56:54', NULL, NULL, NULL, NULL, NULL);\\nINSERT INTO TableName (`id`, `bank_code`, `column_code`, `column_name`, `column_type`, `mapping_bank_col`, `standard_flag`, `table_flag`, `trans_direction`, `trans_type`, `trans_detail`, `interface_type`, `interface_direction`, `demo`, `enable_flag`, `created_by`, `creation_date`, `last_updated_by`, `last_update_date`, `attribute1`, `attribute2`, `attribute3`, `attribute4`, `attribute5`) VALUES ('456', 'B022', 'business_request_code', '业务请求code', 'varchar(50)', NULL, 'Y', 'Y', NULL, NULL, NULL, NULL, NULL, NULL, 'Y', 'sys', '2025-08-11 16:56:54', 'sys', '2025-08-11 16:56:54', NULL, NULL, NULL, NULL, NULL);\\nINSERT INTO TableName (`id`, `bank_code`, `column_code`, `column_name`, `column_type`, `mapping_bank_col`, `standard_flag`, `table_flag`, `trans_direction`, `trans_type`, `trans_detail`, `interface_type`, `interface_direction`, `demo`, `enable_flag`, `created_by`, `creation_date`, `last_updated_by`, `last_update_date`, `attribute1`, `attribute2`, `attribute3`, `attribute4`, `attribute5`) VALUES ('457', 'B022', 'business_result_code', '业务返回code', 'varchar(50)', NULL, 'Y', 'Y', NULL, NULL, NULL, NULL, NULL, NULL, 'Y', 'sys', '2025-08-11 16:56:54', 'sys', '2025-08-11 16:56:54', NULL, NULL, NULL, NULL, NULL);\\nINSERT INTO TableName (`id`, `bank_code`, `column_code`, `column_name`, `column_type`, `mapping_bank_col`, `standard_flag`, `table_flag`, `trans_direction`, `trans_type`, `trans_detail`, `interface_type`, `interface_direction`, `demo`, `enable_flag`, `created_by`, `creation_date`, `last_updated_by`, `last_update_date`, `attribute1`, `attribute2`, `attribute3`, `attribute4`, `attribute5`) VALUES ('428', 'B022', 'check_id', '付款单id', 'bigint(20)', NULL, 'Y', 'Y', NULL, 'PAY', 'check_id', NULL, NULL, NULL, 'Y', 'sys', '2025-08-11 16:56:54', 'sys', '2025-08-11 16:56:54', NULL, NULL, NULL, NULL, NULL);\\nINSERT INTO TableName (`id`, `bank_code`, `column_code`, `column_name`, `column_type`, `mapping_bank_col`, `standard_flag`, `table_flag`, `trans_direction`, `trans_type`, `trans_detail`, `interface_type`, `interface_direction`, `demo`, `enable_flag`, `created_by`, `creation_date`, `last_updated_by`, `last_update_date`, `attribute1`, `attribute2`, `attribute3`, `attribute4`, `attribute5`) VALUES ('431', 'B022', 'company_code', '公司代码(付款户)', 'varchar(30)', NULL, 'Y', 'Y', NULL, 'PAY', 'company_code', NULL, NULL, NULL, 'Y', 'sys', '2025-08-11 16:56:54', 'sys', '2025-08-11 16:56:54', NULL, NULL, NULL, NULL, NULL);\\nINSERT INTO TableName (`id`, `bank_code`, `column_code`, `column_name`, `column_type`, `mapping_bank_col`, `standard_flag`, `table_flag`, `trans_direction`, `trans_type`, `trans_detail`, `interface_type`, `interface_direction`, `demo`, `enable_flag`, `created_by`, `creation_date`, `last_updated_by`, `last_update_date`, `attribute1`, `attribute2`, `attribute3`, `attribute4`, `attribute5`) VALUES ('465', 'B022', 'create_by', '创建人', 'varchar(32)', NULL, 'Y', 'Y', NULL, NULL, NULL, NULL, NULL, NULL, 'Y', 'sys', '2025-08-11 16:56:54', 'sys', '2025-08-11 16:56:54', NULL, NULL, NULL, NULL, NULL);\\nINSERT INTO TableName (`id`, `bank_code`, `column_code`, `column_name`, `column_type`, `mapping_bank_col`, `standard_flag`, `table_flag`, `trans_direction`, `trans_type`, `trans_detail`, `interface_type`, `interface_direction`, `demo`, `enable_flag`, `created_by`, `creation_date`, `last_updated_by`, `last_update_date`, `attribute1`, `attribute2`, `attribute3`, `attribute4`, `attribute5`) VALUES ('466', 'B022', 'create_date', '创建时间', 'datetime', NULL, 'Y', 'Y', NULL, 'DATE', 'yyyyMMdd', NULL, NULL, NULL, 'Y', 'sys', '2025-08-11 16:56:54', 'sys', '2025-08-11 16:56:54', NULL, NULL, NULL, NULL, NULL);\\nINSERT INTO TableName (`id`, `bank_code`, `column_code`, `column_name`, `column_type`, `mapping_bank_col`, `standard_flag`, `table_flag`, `trans_direction`, `trans_type`, `trans_detail`, `interface_type`, `interface_direction`, `demo`, `enable_flag`, `created_by`, `creation_date`, `last_updated_by`, `last_update_date`, `attribute1`, `attribute2`, `attribute3`, `attribute4`, `attribute5`) VALUES ('475', 'B022', 'elec_cheque_no', '电子凭证号 客户ERP系统产生的唯一流水号', 'varchar(16)', NULL, 'N', 'Y', NULL, NULL, NULL, NULL, NULL, NULL, 'Y', 'sys', '2025-08-11 16:56:54', 'sys', '2025-08-11 16:56:54', NULL, NULL, NULL, NULL, NULL);\\nINSERT INTO TableName (`id`, `bank_code`, `column_code`, `column_name`, `column_type`, `mapping_bank_col`, `standard_flag`, `table_flag`, `trans_direction`, `trans_type`, `trans_detail`, `interface_type`, `interface_direction`, `demo`, `enable_flag`, `created_by`, `creation_date`, `last_updated_by`, `last_update_date`, `attribute1`, `attribute2`, `attribute3`, `attribute4`, `attribute5`) VALUES ('459', 'B022', 'handle_date', '请求到结果的时间', 'date', NULL, 'Y', 'Y', NULL, NULL, NULL, NULL, NULL, NULL, 'Y', 'sys', '2025-08-11 16:56:54', 'sys', '2025-08-11 16:56:54', NULL, NULL, NULL, NULL, NULL);\\nINSERT INTO TableName (`id`, `bank_code`, `column_code`, `column_name`, `column_type`, `mapping_bank_col`, `standard_flag`, `table_flag`, `trans_direction`, `trans_type`, `trans_detail`, `interface_type`, `interface_direction`, `demo`, `enable_flag`, `created_by`, `creation_date`, `last_updated_by`, `last_update_date`, `attribute1`, `attribute2`, `attribute3`, `attribute4`, `attribute5`) VALUES ('454', 'B022', 'inter_bank_flag', '收付款行相同', 'varchar(2)', NULL, 'Y', 'Y', NULL, NULL, NULL, NULL, NULL, NULL, 'Y', 'sys', '2025-08-11 16:56:54', 'sys', '2025-08-11 16:56:54', NULL, NULL, NULL, NULL, NULL);\\nINSERT INTO TableName (`id`, `bank_code`, `column_code`, `column_name`, `column_type`, `mapping_bank_col`, `standard_flag`, `table_flag`, `trans_direction`, `trans_type`, `trans_detail`, `interface_type`, `interface_direction`, `demo`, `enable_flag`, `created_by`, `creation_date`, `last_updated_by`, `last_update_date`, `attribute1`, `attribute2`, `attribute3`, `attribute4`, `attribute5`) VALUES ('467', 'B022', 'last_update_by', '更新人', 'varchar(32)', NULL, 'Y', 'Y', NULL, NULL, NULL, NULL, NULL, NULL, 'Y', 'sys', '2025-08-11 16:56:54', 'sys', '2025-08-11 16:56:54', NULL, NULL, NULL, NULL, NULL);\\nINSERT INTO TableName (`id`, `bank_code`, `column_code`, `column_name`, `column_type`, `mapping_bank_col`, `standard_flag`, `table_flag`, `trans_direction`, `trans_type`, `trans_detail`, `interface_type`, `interface_direction`, `demo`, `enable_flag`, `created_by`, `creation_date`, `last_updated_by`, `last_update_date`, `attribute1`, `attribute2`, `attribute3`, `attribute4`, `attribute5`) VALUES ('468', 'B022', 'last_update_date', '更新时间', 'datetime', NULL, 'Y', 'Y', NULL, 'DATE', 'yyyyMMdd', NULL, NULL, NULL, 'Y', 'sys', '2025-08-11 16:56:54', 'sys', '2025-08-11 16:56:54', NULL, NULL, NULL, NULL, NULL);\\nINSERT INTO TableName (`id`, `bank_code`, `column_code`, `column_name`, `column_type`, `mapping_bank_col`, `standard_flag`, `table_flag`, `trans_direction`, `trans_type`, `trans_detail`, `interface_type`, `interface_direction`, `demo`, `enable_flag`, `created_by`, `creation_date`, `last_updated_by`, `last_update_date`, `attribute1`, `attribute2`, `attribute3`, `attribute4`, `attribute5`) VALUES ('441', 'B022', 'naryur', '摘要', 'varchar(64)', NULL, 'Y', 'Y', NULL, 'PAY', 'naryur', NULL, NULL, NULL, 'Y', 'sys', '2025-08-11 16:56:54', 'sys', '2025-08-11 16:56:54', NULL, NULL, NULL, NULL, NULL);\\nINSERT INTO TableName (`id`, `bank_code`, `column_code`, `column_name`, `column_type`, `mapping_bank_col`, `standard_flag`, `table_flag`, `trans_direction`, `trans_type`, `trans_detail`, `interface_type`, `interface_direction`, `demo`, `enable_flag`, `created_by`, `creation_date`, `last_updated_by`, `last_update_date`, `attribute1`, `attribute2`, `attribute3`, `attribute4`, `attribute5`) VALUES ('442', 'B022', 'payee', '收款方(户名)', 'varchar(60)', NULL, 'Y', 'Y', NULL, 'PAY', 'attribute1', NULL, NULL, NULL, 'Y', 'sys', '2025-08-11 16:56:54', 'sys', '2025-08-11 16:56:54', NULL, NULL, NULL, NULL, NULL);\\nINSERT INTO TableName (`id`, `bank_code`, `column_code`, `column_name`, `column_type`, `mapping_bank_col`, `standard_flag`, `table_flag`, `trans_direction`, `trans_type`, `trans_detail`, `interface_type`, `interface_direction`, `demo`, `enable_flag`, `created_by`, `creation_date`, `last_updated_by`, `last_update_date`, `attribute1`, `attribute2`, `attribute3`, `attribute4`, `attribute5`) VALUES ('443', 'B022', 'payee_account', '收款账号', 'varchar(32)', NULL, 'Y', 'Y', NULL, 'PAY', 'attribute2', NULL, NULL, NULL, 'Y', 'sys', '2025-08-11 16:56:54', 'sys', '2025-08-11 16:56:54', NULL, NULL, NULL, NULL, NULL);\\nINSERT INTO TableName (`id`, `bank_code`, `column_code`, `column_name`, `column_type`, `mapping_bank_col`, `standard_flag`, `table_flag`, `trans_direction`, `trans_type`, `trans_detail`, `interface_type`, `interface_direction`, `demo`, `enable_flag`, `created_by`, `creation_date`, `last_updated_by`, `last_update_date`, `attribute1`, `attribute2`, `attribute3`, `attribute4`, `attribute5`) VALUES ('472', 'B022', 'payee_address', '收款行地址(取省+市)', 'varchar(62)', NULL, 'N', 'Y', NULL, NULL, NULL, NULL, NULL, NULL, 'Y', 'sys', '2025-08-11 16:56:54', 'sys', '2025-08-11 16:56:54', NULL, NULL, NULL, NULL, NULL);\\nINSERT INTO TableName (`id`, `bank_code`, `column_code`, `column_name`, `column_type`, `mapping_bank_col`, `standard_flag`, `table_flag`, `trans_direction`, `trans_type`, `trans_detail`, `interface_type`, `interface_direction`, `demo`, `enable_flag`, `created_by`, `creation_date`, `last_updated_by`, `last_update_date`, `attribute1`, `attribute2`, `attribute3`, `attribute4`, `attribute5`) VALUES ('445', 'B022', 'payee_banch', '收款方支行', 'varchar(255)', NULL, 'Y', 'Y', NULL, 'PAY', 'attribute4', NULL, NULL, NULL, 'Y', 'sys', '2025-08-11 16:56:54', 'sys', '2025-08-11 16:56:54', NULL, NULL, NULL, NULL, NULL);\\nINSERT INTO TableName (`id`, `bank_code`, `column_code`, `column_name`, `column_type`, `mapping_bank_col`, `standard_flag`, `table_flag`, `trans_direction`, `trans_type`, `trans_detail`, `interface_type`, `interface_direction`, `demo`, `enable_flag`, `created_by`, `creation_date`, `last_updated_by`, `last_update_date`, `attribute1`, `attribute2`, `attribute3`, `attribute4`, `attribute5`) VALUES ('446', 'B022', 'payee_banch_number', '联行号', 'varchar(255)', NULL, 'Y', 'Y', NULL, 'PAY', 'attribute7', NULL, NULL, NULL, 'Y', 'sys', '2025-08-11 16:56:54', 'sys', '2025-08-11 16:56:54', NULL, NULL, NULL, NULL, NULL);\\nINSERT INTO TableName (`id`, `bank_code`, `column_code`, `column_name`, `column_type`, `mapping_bank_col`, `standard_flag`, `table_flag`, `trans_direction`, `trans_type`, `trans_detail`, `interface_type`, `interface_direction`, `demo`, `enable_flag`, `created_by`, `creation_date`, `last_updated_by`, `last_update_date`, `attribute1`, `attribute2`, `attribute3`, `attribute4`, `attribute5`) VALUES ('444', 'B022', 'payee_bank', '收款方银行', 'varchar(255)', NULL, 'Y', 'Y', NULL, 'PAY', 'attribute3Name', NULL, NULL, NULL, 'Y', 'sys', '2025-08-11 16:56:54', 'sys', '2025-08-11 16:56:54', NULL, NULL, NULL, NULL, NULL);\\nINSERT INTO TableName (`id`, `bank_code`, `column_code`, `column_name`, `column_type`, `mapping_bank_col`, `standard_flag`, `table_flag`, `trans_direction`, `trans_type`, `trans_detail`, `interface_type`, `interface_direction`, `demo`, `enable_flag`, `created_by`, `creation_date`, `last_updated_by`, `last_update_date`, `attribute1`, `attribute2`, `attribute3`, `attribute4`, `attribute5`) VALUES ('473', 'B022', 'payee_bank_name', '收款行名称,当SysFlag=1即跨行转帐时必须输入', 'varchar(62)', NULL, 'N', 'Y', NULL, NULL, NULL, NULL, NULL, NULL, 'Y', 'sys', '2025-08-11 16:56:54', 'sys', '2025-08-11 16:56:54', NULL, NULL, NULL, NULL, NULL);\\nINSERT INTO TableName (`id`, `bank_code`, `column_code`, `column_name`, `column_type`, `mapping_bank_col`, `standard_flag`, `table_flag`, `trans_direction`, `trans_type`, `trans_detail`, `interface_type`, `interface_direction`, `demo`, `enable_flag`, `created_by`, `creation_date`, `last_updated_by`, `last_update_date`, `attribute1`, `attribute2`, `attribute3`, `attribute4`, `attribute5`) VALUES ('470', 'B022', 'payee_bank_select_flag', '收款行速选标志', 'varchar(1)', NULL, 'N', 'Y', NULL, NULL, NULL, NULL, NULL, NULL, 'Y', 'sys', '2025-08-11 16:56:54', 'sys', '2025-08-11 16:56:54', NULL, NULL, NULL, NULL, NULL);\\nINSERT INTO TableName (`id`, `bank_code`, `column_code`, `column_name`, `column_type`, `mapping_bank_col`, `standard_flag`, `table_flag`, `trans_direction`, `trans_type`, `trans_detail`, `interface_type`, `interface_direction`, `demo`, `enable_flag`, `created_by`, `creation_date`, `last_updated_by`, `last_update_date`, `attribute1`, `attribute2`, `attribute3`, `attribute4`, `attribute5`) VALUES ('448', 'B022', 'payee_city', '收款方市', 'varchar(50)', NULL, 'Y', 'Y', NULL, 'PAY', 'attribute6Name', NULL, NULL, NULL, 'Y', 'sys', '2025-08-11 16:56:54', 'sys', '2025-08-11 16:56:54', NULL, NULL, NULL, NULL, NULL);\\nINSERT INTO TableName (`id`, `bank_code`, `column_code`, `column_name`, `column_type`, `mapping_bank_col`, `standard_flag`, `table_flag`, `trans_direction`, `trans_type`, `trans_detail`, `interface_type`, `interface_direction`, `demo`, `enable_flag`, `created_by`, `creation_date`, `last_updated_by`, `last_update_date`, `attribute1`, `attribute2`, `attribute3`, `attribute4`, `attribute5`) VALUES ('447', 'B022', 'payee_prov', '收款方省', 'varchar(50)', NULL, 'Y', 'Y', NULL, 'PAY', 'attribute5Name', NULL, NULL, NULL, 'Y', 'sys', '2025-08-11 16:56:54', 'sys', '2025-08-11 16:56:54', NULL, NULL, NULL, NULL, NULL);\\nINSERT INTO TableName (`id`, `bank_code`, `column_code`, `column_name`, `column_type`, `mapping_bank_col`, `standard_flag`, `table_flag`, `trans_direction`, `trans_type`, `trans_detail`, `interface_type`, `interface_direction`, `demo`, `enable_flag`, `created_by`, `creation_date`, `last_updated_by`, `last_update_date`, `attribute1`, `attribute2`, `attribute3`, `attribute4`, `attribute5`) VALUES ('429', 'B022', 'pay_check_num', '付款清单号', 'varchar(30)', NULL, 'Y', 'Y', NULL, 'PAY', 'pay_check_num', NULL, NULL, NULL, 'Y', 'sys', '2025-08-11 16:56:54', 'sys', '2025-08-11 16:56:54', NULL, NULL, NULL, NULL, NULL);\\nINSERT INTO TableName (`id`, `bank_code`, `column_code`, `column_name`, `column_type`, `mapping_bank_col`, `standard_flag`, `table_flag`, `trans_direction`, `trans_type`, `trans_detail`, `interface_type`, `interface_direction`, `demo`, `enable_flag`, `created_by`, `creation_date`, `last_updated_by`, `last_update_date`, `attribute1`, `attribute2`, `attribute3`, `attribute4`, `attribute5`) VALUES ('432', 'B022', 'pay_date', '付款时间', 'datetime', NULL, 'Y', 'Y', NULL, NULL, NULL, NULL, NULL, NULL, 'Y', 'sys', '2025-08-11 16:56:54', 'sys', '2025-08-11 16:56:54', NULL, NULL, NULL, NULL, NULL);\\nINSERT INTO TableName (`id`, `bank_code`, `column_code`, `column_name`, `column_type`, `mapping_bank_col`, `standard_flag`, `table_flag`, `trans_direction`, `trans_type`, `trans_detail`, `interface_type`, `interface_direction`, `demo`, `enable_flag`, `created_by`, `creation_date`, `last_updated_by`, `last_update_date`, `attribute1`, `attribute2`, `attribute3`, `attribute4`, `attribute5`) VALUES ('427', 'B022', 'pay_id', '付款指令表id', 'bigint(20)', NULL, 'Y', 'Y', NULL, NULL, NULL, NULL, NULL, NULL, 'Y', 'sys', '2025-08-11 16:56:54', 'sys', '2025-08-11 16:56:54', NULL, NULL, NULL, NULL, NULL);\\nINSERT INTO TableName (`id`, `bank_code`, `column_code`, `column_name`, `column_type`, `mapping_bank_col`, `standard_flag`, `table_flag`, `trans_direction`, `trans_type`, `trans_detail`, `interface_type`, `interface_direction`, `demo`, `enable_flag`, `created_by`, `creation_date`, `last_updated_by`, `last_update_date`, `attribute1`, `attribute2`, `attribute3`, `attribute4`, `attribute5`) VALUES ('452', 'B022', 'process_code', '行请求明细返回代码', 'varchar(32)', NULL, 'Y', 'Y', NULL, NULL, NULL, NULL, NULL, NULL, 'Y', 'sys', '2025-08-11 16:56:54', 'sys', '2025-08-11 16:56:54', NULL, NULL, NULL, NULL, NULL);\\nINSERT INTO TableName (`id`, `bank_code`, `column_code`, `column_name`, `column_type`, `mapping_bank_col`, `standard_flag`, `table_flag`, `trans_direction`, `trans_type`, `trans_detail`, `interface_type`, `interface_direction`, `demo`, `enable_flag`, `created_by`, `creation_date`, `last_updated_by`, `last_update_date`, `attribute1`, `attribute2`, `attribute3`, `attribute4`, `attribute5`) VALUES ('455', 'B022', 'process_instance_number', '网银交易流水号', 'varchar(32)', NULL, 'Y', 'Y', NULL, NULL, NULL, NULL, NULL, NULL, 'Y', 'sys', '2025-08-11 16:56:54', 'sys', '2025-08-11 16:56:54', NULL, NULL, NULL, NULL, NULL);\\nINSERT INTO TableName (`id`, `bank_code`, `column_code`, `column_name`, `column_type`, `mapping_bank_col`, `standard_flag`, `table_flag`, `trans_direction`, `trans_type`, `trans_detail`, `interface_type`, `interface_direction`, `demo`, `enable_flag`, `created_by`, `creation_date`, `last_updated_by`, `last_update_date`, `attribute1`, `attribute2`, `attribute3`, `attribute4`, `attribute5`) VALUES ('453', 'B022', 'process_message', '行请求明细返回信息', 'varchar(260)', NULL, 'Y', 'Y', NULL, NULL, NULL, NULL, NULL, NULL, 'Y', 'sys', '2025-08-11 16:56:54', 'sys', '2025-08-11 16:56:54', NULL, NULL, NULL, NULL, NULL);\\nINSERT INTO TableName (`id`, `bank_code`, `column_code`, `column_name`, `column_type`, `mapping_bank_col`, `standard_flag`, `table_flag`, `trans_direction`, `trans_type`, `trans_detail`, `interface_type`, `interface_direction`, `demo`, `enable_flag`, `created_by`, `creation_date`, `last_updated_by`, `last_update_date`, `attribute1`, `attribute2`, `attribute3`, `attribute4`, `attribute5`) VALUES ('458', 'B022', 'protocol_number', '协议号', 'varchar(260)', NULL, 'Y', 'Y', NULL, NULL, NULL, NULL, NULL, NULL, 'Y', 'sys', '2025-08-11 16:56:54', 'sys', '2025-08-11 16:56:54', NULL, NULL, NULL, NULL, NULL);\\nINSERT INTO TableName (`id`, `bank_code`, `column_code`, `column_name`, `column_type`, `mapping_bank_col`, `standard_flag`, `table_flag`, `trans_direction`, `trans_type`, `trans_detail`, `interface_type`, `interface_direction`, `demo`, `enable_flag`, `created_by`, `creation_date`, `last_updated_by`, `last_update_date`, `attribute1`, `attribute2`, `attribute3`, `attribute4`, `attribute5`) VALUES ('439', 'B022', 'reference_number', '业务参考号(客户方流水号)', 'varchar(32)', NULL, 'Y', 'Y', NULL, 'PAY', 'pay_check_num', NULL, NULL, NULL, 'Y', 'sys', '2025-08-11 16:56:54', 'sys', '2025-08-11 16:56:54', NULL, NULL, NULL, NULL, NULL);\\nINSERT INTO TableName (`id`, `bank_code`, `column_code`, `column_name`, `column_type`, `mapping_bank_col`, `standard_flag`, `table_flag`, `trans_direction`, `trans_type`, `trans_detail`, `interface_type`, `interface_direction`, `demo`, `enable_flag`, `created_by`, `creation_date`, `last_updated_by`, `last_update_date`, `attribute1`, `attribute2`, `attribute3`, `attribute4`, `attribute5`) VALUES ('450', 'B022', 'rel_code', '头请求返回代码', 'varchar(32)', NULL, 'Y', 'Y', NULL, NULL, NULL, NULL, NULL, NULL, 'Y', 'sys', '2025-08-11 16:56:54', 'sys', '2025-08-11 16:56:54', NULL, NULL, NULL, NULL, NULL);\\nINSERT INTO TableName (`id`, `bank_code`, `column_code`, `column_name`, `column_type`, `mapping_bank_col`, `standard_flag`, `table_flag`, `trans_direction`, `trans_type`, `trans_detail`, `interface_type`, `interface_direction`, `demo`, `enable_flag`, `created_by`, `creation_date`, `last_updated_by`, `last_update_date`, `attribute1`, `attribute2`, `attribute3`, `attribute4`, `attribute5`) VALUES ('451', 'B022', 'rel_message', '头请求返回信息', 'varchar(260)', NULL, 'Y', 'Y', NULL, NULL, NULL, NULL, NULL, NULL, 'Y', 'sys', '2025-08-11 16:56:54', 'sys', '2025-08-11 16:56:54', NULL, NULL, NULL, NULL, NULL);\\nINSERT INTO TableName (`id`, `bank_code`, `column_code`, `column_name`, `column_type`, `mapping_bank_col`, `standard_flag`, `table_flag`, `trans_direction`, `trans_type`, `trans_detail`, `interface_type`, `interface_direction`, `demo`, `enable_flag`, `created_by`, `creation_date`, `last_updated_by`, `last_update_date`, `attribute1`, `attribute2`, `attribute3`, `attribute4`, `attribute5`) VALUES ('440', 'B022', 'remark', '用途', 'varchar(64)', NULL, 'Y', 'Y', NULL, 'PAY', 'remark', NULL, NULL, NULL, 'Y', 'sys', '2025-08-11 16:56:54', 'sys', '2025-08-11 16:56:54', NULL, NULL, NULL, NULL, NULL);\\nINSERT INTO TableName (`id`, `bank_code`, `column_code`, `column_name`, `column_type`, `mapping_bank_col`, `standard_flag`, `table_flag`, `trans_direction`, `trans_type`, `trans_detail`, `interface_type`, `interface_direction`, `demo`, `enable_flag`, `created_by`, `creation_date`, `last_updated_by`, `last_update_date`, `attribute1`, `attribute2`, `attribute3`, `attribute4`, `attribute5`) VALUES ('474', 'B022', 'remit_location', '同城异地标志（0：同城\\n1：异地', 'varchar(1)', NULL, 'N', 'Y', NULL, NULL, NULL, NULL, NULL, NULL, 'Y', 'sys', '2025-08-11 16:56:54', 'sys', '2025-08-11 16:56:54', NULL, NULL, NULL, NULL, NULL);\\nINSERT INTO TableName (`id`, `bank_code`, `column_code`, `column_name`, `column_type`, `mapping_bank_col`, `standard_flag`, `table_flag`, `trans_direction`, `trans_type`, `trans_detail`, `interface_type`, `interface_direction`, `demo`, `enable_flag`, `created_by`, `creation_date`, `last_updated_by`, `last_update_date`, `attribute1`, `attribute2`, `attribute3`, `attribute4`, `attribute5`) VALUES ('471', 'B022', 'remit_purpose', '汇款用途(对公不输入，对私B)', 'varchar(1)', NULL, 'N', 'Y', NULL, NULL, NULL, NULL, NULL, NULL, 'Y', 'sys', '2025-08-11 16:56:54', 'sys', '2025-08-11 16:56:54', NULL, NULL, NULL, NULL, NULL);\\nINSERT INTO TableName (`id`, `bank_code`, `column_code`, `column_name`, `column_type`, `mapping_bank_col`, `standard_flag`, `table_flag`, `trans_direction`, `trans_type`, `trans_detail`, `interface_type`, `interface_direction`, `demo`, `enable_flag`, `created_by`, `creation_date`, `last_updated_by`, `last_update_date`, `attribute1`, `attribute2`, `attribute3`, `attribute4`, `attribute5`) VALUES ('449', 'B022', 'status', '付款状态', 'varchar(50)', NULL, 'Y', 'Y', NULL, NULL, NULL, NULL, NULL, NULL, 'Y', 'sys', '2025-08-11 16:56:54', 'sys', '2025-08-11 16:56:54', NULL, NULL, NULL, NULL, NULL);\\nINSERT INTO TableName (`id`, `bank_code`, `column_code`, `column_name`, `column_type`, `mapping_bank_col`, `standard_flag`, `table_flag`, `trans_direction`, `trans_type`, `trans_detail`, `interface_type`, `interface_direction`, `demo`, `enable_flag`, `created_by`, `creation_date`, `last_updated_by`, `last_update_date`, `attribute1`, `attribute2`, `attribute3`, `attribute4`, `attribute5`) VALUES ('469', 'B022', 'sys_flag', '本行/他行标志(0：表示本行\\n1：表示他行)', 'varchar(1)', NULL, 'N', 'Y', NULL, NULL, NULL, NULL, NULL, NULL, 'Y', 'sys', '2025-08-11 16:56:54', 'sys', '2025-08-11 16:56:54', NULL, NULL, NULL, NULL, NULL);\\nINSERT INTO TableName (`id`, `bank_code`, `column_code`, `column_name`, `column_type`, `mapping_bank_col`, `standard_flag`, `table_flag`, `trans_direction`, `trans_type`, `trans_detail`, `interface_type`, `interface_direction`, `demo`, `enable_flag`, `created_by`, `creation_date`, `last_updated_by`, `last_update_date`, `attribute1`, `attribute2`, `attribute3`, `attribute4`, `attribute5`) VALUES ('430', 'B022', 'tenant_id', '租户id', 'bigint(20)', NULL, 'Y', 'Y', NULL, 'PAY', 'tenant_id', NULL, NULL, NULL, 'Y', 'sys', '2025-08-11 16:56:54', 'sys', '2025-08-11 16:56:54', NULL, NULL, NULL, NULL, NULL);\\nINSERT INTO TableName (`id`, `bank_code`, `column_code`, `column_name`, `column_type`, `mapping_bank_col`, `standard_flag`, `table_flag`, `trans_direction`, `trans_type`, `trans_detail`, `interface_type`, `interface_direction`, `demo`, `enable_flag`, `created_by`, `creation_date`, `last_updated_by`, `last_update_date`, `attribute1`, `attribute2`, `attribute3`, `attribute4`, `attribute5`) VALUES ('488', 'B022', 'trn_uid', '指令唯一号', 'varchar(32)', NULL, 'Y', 'Y', NULL, NULL, NULL, NULL, NULL, NULL, 'Y', 'sys', '2025-06-11 16:56:54', 'sys', '2025-06-11 16:56:54', NULL, NULL, NULL, NULL, NULL);\\nCOMMIT;   帮我把id列去掉，同时B022改成B017\",\"sessionId\":\"9c8f08ee-8d97-4c21-b721-e33e0cd56961\",\"conversationId\":1309164,\"slash\":\"Composer\",\"taskId\":576610,\"contexts\":[],\"mcpInfo\":[],\"modelKey\":\"auto\",\"username\":\"liumandong\",\"ide\":\"JetBrains-Local-IntellijIdeaUltimate\",\"ideVersion\":\"252.23892.409\",\"pluginVersion\":\"3.23.0\",\"extend\":{\"contextMode\":\"NORMAL\",\"requestType\":\"COMATE_DEFAULT_MODE\"}}","allowAbsoluteUrls":true,"baseURL":"https://comate.baidu-int.com"},"code":"ECONNRESET"}
[13734] [2026-01-09 11:37:12] [INFO] [ENGINE]  <--------- ENGINE SEND: COMATE_AGENT_UPDATE_MESSAGE {"data":{"type":"conversation-status","conversationInfo":{"id":"9c8f08ee-8d97-4c21-b721-e33e0cd56961","status":"Failed","type":"E2EBotConversation","utime":1767929830135,"ctime":1767929814561}}}
[13734] [2026-01-09 11:37:13] [VERBOSE] [VIRTUALEDITOR]  VirtualEditor.getDocument, args: absolutePath=/Users/xiaoliu/baidu/bpit-proc-apps/pmc/pmc-basic-bankcommon/src/main/java/com/baidu/pmc/bankcommon/core/service/impl/PmcPayCommonBankColSetServiceImpl.java
[13734] [2026-01-09 11:37:13] [INFO] [ENGINE]  <--------- ENGINE SEND: VIRTUAL_EDITOR_EVENT {"action":"getDocument","payload":{"absolutePath":"/Users/xiaoliu/baidu/bpit-proc-apps/pmc/pmc-basic-bankcommon/src/main/java/com/baidu/pmc/bankcommon/core/service/impl/PmcPayCommonBankColSetServiceImpl.java","uuid":"5205bed9-0bb6-4ac8-8979-e17994e551c5"}}
[13734] [2026-01-09 11:37:13] [INFO] [ENGINE]  ---------> ENGINE REC: VIRTUAL_EDITOR_EVENT {"uuid":"5205bed9-0bb6-4ac8-8979-e17994e551c5","existed":true,"content":"package com.baidu.pmc.bankcommon.core.service.impl;\n\nimport com.baidu.pmc.bankcommon.core.constants.Constants;\nimport com.baidu.pmc.bankcommon.core.service.PmcPayCommonBankColSetService;\nimport com.baidu.pmc.bankcommon.core.utils.JedisUtil;\nimport com.baidu.pmc.bankcommon.core.utils.ReflectUtils;\nimport com.baidu.pmc.bankcommon.persistence.dao.PmcPayCommonBankColSetMapper;\nimport com.baidu.pmc.bankcommon.persistence.dao.PmcPayCommonBankSetMapper;\nimport com.baidu.pmc.bankcommon.persistence.dao.PmcPayCommonTransFlexSetMapper;\nimport com.baidu.pmc.bankcommon.persistence.domain.PmcPayCommonBankColSet;\nimport com.baidu.pmc.bankcommon.persistence.domain.PmcPayCommonTransFlexSet;\nimport com.baidu.pmc.common.exception.ServiceException;\nimport com.baidu.pmc.common.utils.StringUtils;\nimport com.baidu.pmc.pojo.model.PmcPayCommonBankSet;\nimport com.baidu.pmc.pojo.model.fnd.FndFlexValue;\nimport lombok.extern.slf4j.Slf4j;\nimport org.apache.commons.collections.CollectionUtils;\nimport org.apache.commons.collections4.ListUtils;\nimport org.springframework.beans.factory.annotation.Autowired;\nimport org.springframework.stereotype.Service;\nimport tk.mybatis.mapper.entity.Example;\n\nimport java.util.ArrayList;\nimport java.util.Arrays;\nimport java.util.Collections;\nimport java.util.List;\nimport java.util.Objects;\nimport java.util.stream.Collectors;\n\n/**\n * @description:\n * @author: zhangzhibo01\n * @time: 2025/5/30 16:49\n */\n@Service\n@Slf4j\npublic class PmcPayCommonBankColSetServiceImpl implements PmcPayCommonBankColSetService {\n\n    @Autowired\n    private PmcPayCommonBankSetMapper pmcPayCommonBankSetMapper;\n    @Autowired\n    private PmcPayCommonBankColSetMapper pmcPayCommonBankColSetMapper;\n    @Autowired\n    private PmcPayCommonTransFlexSetMapper transFlexSetMapper;\n    @Autowired\n    private OperateByJDBC operateByJDBC;\n\n    private static final Integer REDIS_EXPIRE = 3600;\n\n    @Override\n    public List<String> getBankCommonInstructDynamic(String bankCode) {\n        if (StringUtils.isBlank(bankCode)) {\n            throw new ServiceException(\"银行编码不能为空\");\n        }\n        String key = Constants.RedisKey.BANK_COMMON_COL_SET + bankCode;\n        List<String> result = new ArrayList<>();\n        result = JedisUtil.getList(key, String.class);\n        // if (CollectionUtils.isNotEmpty(result)) {\n        //     return result;\n        // }\n\n        Example examplePageNo = new Example(PmcPayCommonBankColSet.class);\n        examplePageNo.createCriteria().\n                andEqualTo(\"bankCode\", bankCode)\n                .andEqualTo(\"tableFlag\", Constants.ENABLED_Y)\n                .andEqualTo(\"enableFlag\", Constants.ENABLED_Y);\n        List<PmcPayCommonBankColSet> pmcPayCommonBankColSets = pmcPayCommonBankColSetMapper.selectByExample(examplePageNo);\n\n        if (CollectionUtils.isEmpty(pmcPayCommonBankColSets)) {\n            throw new ServiceException(\"银行配置不存在！\");\n        }\n        result = pmcPayCommonBankColSets.stream().map(PmcPayCommonBankColSet::getColumnCode)\n                .collect(Collectors.toList());\n        JedisUtil.setex(key, REDIS_EXPIRE, result);\n        return result;\n    }\n\n    @Override\n    public List<PmcPayCommonBankColSet> getBankColSet(String bankCode) {\n        if (org.apache.commons.lang3.StringUtils.isBlank(bankCode)) {\n            return Collections.emptyList();\n        }\n        String redisKey = Constants.RedisKey.INSTRUCT_TABLE_COL_PREFIX + bankCode;\n        List<PmcPayCommonBankColSet> list = null;\n        try {\n            list = JedisUtil.getList(redisKey, PmcPayCommonBankColSet.class);\n        } catch (Exception e) {\n            log.error(\"get bank {} col set from redis error\", bankCode, e);\n        }\n        // if (org.apache.commons.collections4.CollectionUtils.isNotEmpty(list)) {\n        //     return list;\n        // }\n        PmcPayCommonBankColSet query = new PmcPayCommonBankColSet();\n        query.setBankCode(bankCode);\n        query.setTableFlag(Constants.ENABLED_Y);\n        query.setEnableFlag(Constants.ENABLED_Y);\n        list = pmcPayCommonBankColSetMapper.select(query);\n        list = ListUtils.emptyIfNull(list).stream()\n                .filter(col -> org.apache.commons.lang3.StringUtils.isNotBlank(col.getColumnCode())).collect(Collectors.toList());\n        if (org.apache.commons.collections4.CollectionUtils.isEmpty(list)) {\n            log.error(\"bank {} do not have any config\", bankCode);\n            return Collections.emptyList();\n        }\n        try {\n            JedisUtil.setex(redisKey, REDIS_EXPIRE, list);\n        } catch (Exception e) {\n            log.error(\"set bank {} col set to redis error\", bankCode, e);\n        }\n        return list;\n    }\n\n    @Override\n    public String getBankSuffix(String bankCode) {\n        if (StringUtils.isBlank(bankCode)) {\n            throw new ServiceException(\"银行编码不能为空\");\n        }\n        String result = null;\n        String key = Constants.RedisKey.BANK_COMMON_CODE_SUFFIX + bankCode;\n        result = (String) JedisUtil.get(key);\n         if (StringUtils.isNotBlank(result)) {\n             return result;\n         }\n        Example examplePageNo = new Example(PmcPayCommonBankSet.class);\n        examplePageNo.createCriteria().\n                andEqualTo(\"bankCode\", bankCode);\n        List<PmcPayCommonBankSet> pmcPayCommonBankSets = pmcPayCommonBankSetMapper.selectByExample(examplePageNo);\n        if (CollectionUtils.isEmpty(pmcPayCommonBankSets)) {\n            log.error(\"bankCode={},银行配置不存在！\", bankCode);\n            throw new ServiceException(\"银行配置不存在！\");\n        }\n        result = pmcPayCommonBankSets.get(0).getBankSuffix();\n        JedisUtil.setex(key, REDIS_EXPIRE, result);\n        return result;\n    }\n\n    @Override\n    public Object getBankCommonFlexValue(PmcPayCommonBankColSet colSet) {\n        if (Objects.isNull(colSet) || org.apache.commons.lang3.StringUtils.isBlank(colSet.getTransDetail())) {\n            return null;\n        }\n        PmcPayCommonTransFlexSet query = new PmcPayCommonTransFlexSet();\n        query.setTransCode(colSet.getTransDetail());\n        List<PmcPayCommonTransFlexSet> flexSets = transFlexSetMapper.select(query);\n        if (org.apache.commons.collections4.CollectionUtils.isEmpty(flexSets)) {\n            log.error(\"flexSet {} do not existed\", query.getTransCode());\n            return null;\n        }\n        PmcPayCommonTransFlexSet flexSet = flexSets.get(0);\n        if (org.apache.commons.lang3.StringUtils.isAnyBlank(flexSet.getFlexValue(), flexSet.getResultCol())) {\n            log.error(\"flexSet {} do not contain flex value or result col\", flexSet.getTransCode());\n            return null;\n        }\n        List<String> values = Arrays.asList(flexSet.getFlexValue().split(\",\"));\n        List<FndFlexValue> fndFlexValues = operateByJDBC.selectBySetAndValue(flexSet.getFlexSetName(), values);\n        if (org.apache.commons.collections4.CollectionUtils.isEmpty(fndFlexValues)) {\n            log.error(\"frame flex set {} do not contain flex value {}\", flexSet.getFlexSetName(), values);\n            return null;\n        }\n        Object result = null;\n        FndFlexValue fndFlexValue = fndFlexValues.get(0);\n        try {\n            result = ReflectUtils.invokeGetMethod(fndFlexValue, flexSet.getResultCol());\n        } catch (Exception e) {\n            log.error(\"get flex value from set {} value {} col {} error\", flexSet.getFlexSetName(),\n                    flexSet.getFlexValue(), flexSet.getResultCol(), e);\n        }\n        return result;\n    }\n\n    @Override\n    public List<String> getTransferBankCodeList() {\n        Example examplePageNo = new Example(PmcPayCommonBankSet.class);\n        examplePageNo.createCriteria().\n                andEqualTo(\"transferFlag\", Constants.ENABLED_Y);\n        List<PmcPayCommonBankSet> pmcPayCommonBankSets = pmcPayCommonBankSetMapper.selectByExample(examplePageNo);\n        if (CollectionUtils.isEmpty(pmcPayCommonBankSets)) {\n            throw new ServiceException(\"银行配置不存在！\");\n        }\n        List<String> result = pmcPayCommonBankSets\n                .stream().map(PmcPayCommonBankSet::getBankCode).collect(Collectors.toList());\n        return result;\n    }\n}\n","completed":false,"isEnd":false,"failed":false}
[13734] [2026-01-09 11:37:14] [INFO] [PLUGINCHANNEL]  {"level":"warn","source":"IdeSession","action":"SessionTimeout","detail":{}}
[13734] [2026-01-09 11:37:17] [VERBOSE] [VIRTUALEDITOR]  VirtualEditor.getActiveDocument, args: 
[13734] [2026-01-09 11:37:17] [INFO] [ENGINE]  <--------- ENGINE SEND: VIRTUAL_EDITOR_EVENT {"action":"getActiveDocument","payload":{"uuid":"16e1afca-f547-4c38-9949-241595699200"}}
[13734] [2026-01-09 11:37:17] [INFO] [CONVERSATIONMANAGER]  [Performance] agent-start-analyze take 14.245208740234375 ms
[13734] [2026-01-09 11:37:17] [INFO] [CONVERSATIONMANAGER]  E2EBot start new roundtrip
[13734] [2026-01-09 11:37:17] [VERBOSE] [VIRTUALEDITOR]  VirtualEditor.getActiveDocument, args: 
[13734] [2026-01-09 11:37:17] [INFO] [ENGINE]  <--------- ENGINE SEND: VIRTUAL_EDITOR_EVENT {"action":"getActiveDocument","payload":{"uuid":"20fb2436-34fb-4405-a057-9e9f73c5fc7d"}}
[13734] [2026-01-09 11:37:17] [INFO] [ENGINE]  ---------> ENGINE REC: VIRTUAL_EDITOR_EVENT {"uuid":"16e1afca-f547-4c38-9949-241595699200","existed":true,"absolutePath":"/Users/xiaoliu/baidu/bpit-proc-apps/pmc/pmc-basic-bankcommon/src/main/java/com/baidu/pmc/bankcommon/core/service/impl/PmcPayCommonBankColSetServiceImpl.java","content":"package com.baidu.pmc.bankcommon.core.service.impl;\n\nimport com.baidu.pmc.bankcommon.core.constants.Constants;\nimport com.baidu.pmc.bankcommon.core.service.PmcPayCommonBankColSetService;\nimport com.baidu.pmc.bankcommon.core.utils.JedisUtil;\nimport com.baidu.pmc.bankcommon.core.utils.ReflectUtils;\nimport com.baidu.pmc.bankcommon.persistence.dao.PmcPayCommonBankColSetMapper;\nimport com.baidu.pmc.bankcommon.persistence.dao.PmcPayCommonBankSetMapper;\nimport com.baidu.pmc.bankcommon.persistence.dao.PmcPayCommonTransFlexSetMapper;\nimport com.baidu.pmc.bankcommon.persistence.domain.PmcPayCommonBankColSet;\nimport com.baidu.pmc.bankcommon.persistence.domain.PmcPayCommonTransFlexSet;\nimport com.baidu.pmc.common.exception.ServiceException;\nimport com.baidu.pmc.common.utils.StringUtils;\nimport com.baidu.pmc.pojo.model.PmcPayCommonBankSet;\nimport com.baidu.pmc.pojo.model.fnd.FndFlexValue;\nimport lombok.extern.slf4j.Slf4j;\nimport org.apache.commons.collections.CollectionUtils;\nimport org.apache.commons.collections4.ListUtils;\nimport org.springframework.beans.factory.annotation.Autowired;\nimport org.springframework.stereotype.Service;\nimport tk.mybatis.mapper.entity.Example;\n\nimport java.util.ArrayList;\nimport java.util.Arrays;\nimport java.util.Collections;\nimport java.util.List;\nimport java.util.Objects;\nimport java.util.stream.Collectors;\n\n/**\n * @description:\n * @author: zhangzhibo01\n * @time: 2025/5/30 16:49\n */\n@Service\n@Slf4j\npublic class PmcPayCommonBankColSetServiceImpl implements PmcPayCommonBankColSetService {\n\n    @Autowired\n    private PmcPayCommonBankSetMapper pmcPayCommonBankSetMapper;\n    @Autowired\n    private PmcPayCommonBankColSetMapper pmcPayCommonBankColSetMapper;\n    @Autowired\n    private PmcPayCommonTransFlexSetMapper transFlexSetMapper;\n    @Autowired\n    private OperateByJDBC operateByJDBC;\n\n    private static final Integer REDIS_EXPIRE = 3600;\n\n    @Override\n    public List<String> getBankCommonInstructDynamic(String bankCode) {\n        if (StringUtils.isBlank(bankCode)) {\n            throw new ServiceException(\"银行编码不能为空\");\n        }\n        String key = Constants.RedisKey.BANK_COMMON_COL_SET + bankCode;\n        List<String> result = new ArrayList<>();\n        result = JedisUtil.getList(key, String.class);\n        // if (CollectionUtils.isNotEmpty(result)) {\n        //     return result;\n        // }\n\n        Example examplePageNo = new Example(PmcPayCommonBankColSet.class);\n        examplePageNo.createCriteria().\n                andEqualTo(\"bankCode\", bankCode)\n                .andEqualTo(\"tableFlag\", Constants.ENABLED_Y)\n                .andEqualTo(\"enableFlag\", Constants.ENABLED_Y);\n        List<PmcPayCommonBankColSet> pmcPayCommonBankColSets = pmcPayCommonBankColSetMapper.selectByExample(examplePageNo);\n\n        if (CollectionUtils.isEmpty(pmcPayCommonBankColSets)) {\n            throw new ServiceException(\"银行配置不存在！\");\n        }\n        result = pmcPayCommonBankColSets.stream().map(PmcPayCommonBankColSet::getColumnCode)\n                .collect(Collectors.toList());\n        JedisUtil.setex(key, REDIS_EXPIRE, result);\n        return result;\n    }\n\n    @Override\n    public List<PmcPayCommonBankColSet> getBankColSet(String bankCode) {\n        if (org.apache.commons.lang3.StringUtils.isBlank(bankCode)) {\n            return Collections.emptyList();\n        }\n        String redisKey = Constants.RedisKey.INSTRUCT_TABLE_COL_PREFIX + bankCode;\n        List<PmcPayCommonBankColSet> list = null;\n        try {\n            list = JedisUtil.getList(redisKey, PmcPayCommonBankColSet.class);\n        } catch (Exception e) {\n            log.error(\"get bank {} col set from redis error\", bankCode, e);\n        }\n        // if (org.apache.commons.collections4.CollectionUtils.isNotEmpty(list)) {\n        //     return list;\n        // }\n        PmcPayCommonBankColSet query = new PmcPayCommonBankColSet();\n        query.setBankCode(bankCode);\n        query.setTableFlag(Constants.ENABLED_Y);\n        query.setEnableFlag(Constants.ENABLED_Y);\n        list = pmcPayCommonBankColSetMapper.select(query);\n        list = ListUtils.emptyIfNull(list).stream()\n                .filter(col -> org.apache.commons.lang3.StringUtils.isNotBlank(col.getColumnCode())).collect(Collectors.toList());\n        if (org.apache.commons.collections4.CollectionUtils.isEmpty(list)) {\n            log.error(\"bank {} do not have any config\", bankCode);\n            return Collections.emptyList();\n        }\n        try {\n            JedisUtil.setex(redisKey, REDIS_EXPIRE, list);\n        } catch (Exception e) {\n            log.error(\"set bank {} col set to redis error\", bankCode, e);\n        }\n        return list;\n    }\n\n    @Override\n    public String getBankSuffix(String bankCode) {\n        if (StringUtils.isBlank(bankCode)) {\n            throw new ServiceException(\"银行编码不能为空\");\n        }\n        String result = null;\n        String key = Constants.RedisKey.BANK_COMMON_CODE_SUFFIX + bankCode;\n        result = (String) JedisUtil.get(key);\n         if (StringUtils.isNotBlank(result)) {\n             return result;\n         }\n        Example examplePageNo = new Example(PmcPayCommonBankSet.class);\n        examplePageNo.createCriteria().\n                andEqualTo(\"bankCode\", bankCode);\n        List<PmcPayCommonBankSet> pmcPayCommonBankSets = pmcPayCommonBankSetMapper.selectByExample(examplePageNo);\n        if (CollectionUtils.isEmpty(pmcPayCommonBankSets)) {\n            log.error(\"bankCode={},银行配置不存在！\", bankCode);\n            throw new ServiceException(\"银行配置不存在！\");\n        }\n        result = pmcPayCommonBankSets.get(0).getBankSuffix();\n        JedisUtil.setex(key, REDIS_EXPIRE, result);\n        return result;\n    }\n\n    @Override\n    public Object getBankCommonFlexValue(PmcPayCommonBankColSet colSet) {\n        if (Objects.isNull(colSet) || org.apache.commons.lang3.StringUtils.isBlank(colSet.getTransDetail())) {\n            return null;\n        }\n        PmcPayCommonTransFlexSet query = new PmcPayCommonTransFlexSet();\n        query.setTransCode(colSet.getTransDetail());\n        List<PmcPayCommonTransFlexSet> flexSets = transFlexSetMapper.select(query);\n        if (org.apache.commons.collections4.CollectionUtils.isEmpty(flexSets)) {\n            log.error(\"flexSet {} do not existed\", query.getTransCode());\n            return null;\n        }\n        PmcPayCommonTransFlexSet flexSet = flexSets.get(0);\n        if (org.apache.commons.lang3.StringUtils.isAnyBlank(flexSet.getFlexValue(), flexSet.getResultCol())) {\n            log.error(\"flexSet {} do not contain flex value or result col\", flexSet.getTransCode());\n            return null;\n        }\n        List<String> values = Arrays.asList(flexSet.getFlexValue().split(\",\"));\n        List<FndFlexValue> fndFlexValues = operateByJDBC.selectBySetAndValue(flexSet.getFlexSetName(), values);\n        if (org.apache.commons.collections4.CollectionUtils.isEmpty(fndFlexValues)) {\n            log.error(\"frame flex set {} do not contain flex value {}\", flexSet.getFlexSetName(), values);\n            return null;\n        }\n        Object result = null;\n        FndFlexValue fndFlexValue = fndFlexValues.get(0);\n        try {\n            result = ReflectUtils.invokeGetMethod(fndFlexValue, flexSet.getResultCol());\n        } catch (Exception e) {\n            log.error(\"get flex value from set {} value {} col {} error\", flexSet.getFlexSetName(),\n                    flexSet.getFlexValue(), flexSet.getResultCol(), e);\n        }\n        return result;\n    }\n\n    @Override\n    public List<String> getTransferBankCodeList() {\n        Example examplePageNo = new Example(PmcPayCommonBankSet.class);\n        examplePageNo.createCriteria().\n                andEqualTo(\"transferFlag\", Constants.ENABLED_Y);\n        List<PmcPayCommonBankSet> pmcPayCommonBankSets = pmcPayCommonBankSetMapper.selectByExample(examplePageNo);\n        if (CollectionUtils.isEmpty(pmcPayCommonBankSets)) {\n            throw new ServiceException(\"银行配置不存在！\");\n        }\n        List<String> result = pmcPayCommonBankSets\n                .stream().map(PmcPayCommonBankSet::getBankCode).collect(Collectors.toList());\n        return result;\n    }\n}\n","scheme":"file","completed":false,"isEnd":false,"failed":false}
[13734] [2026-01-09 11:37:17] [INFO] [ENGINE]  ---------> ENGINE REC: VIRTUAL_EDITOR_EVENT {"uuid":"20fb2436-34fb-4405-a057-9e9f73c5fc7d","existed":true,"absolutePath":"/Users/xiaoliu/baidu/bpit-proc-apps/pmc/pmc-basic-bankcommon/src/main/java/com/baidu/pmc/bankcommon/core/service/impl/PmcPayCommonBankColSetServiceImpl.java","content":"package com.baidu.pmc.bankcommon.core.service.impl;\n\nimport com.baidu.pmc.bankcommon.core.constants.Constants;\nimport com.baidu.pmc.bankcommon.core.service.PmcPayCommonBankColSetService;\nimport com.baidu.pmc.bankcommon.core.utils.JedisUtil;\nimport com.baidu.pmc.bankcommon.core.utils.ReflectUtils;\nimport com.baidu.pmc.bankcommon.persistence.dao.PmcPayCommonBankColSetMapper;\nimport com.baidu.pmc.bankcommon.persistence.dao.PmcPayCommonBankSetMapper;\nimport com.baidu.pmc.bankcommon.persistence.dao.PmcPayCommonTransFlexSetMapper;\nimport com.baidu.pmc.bankcommon.persistence.domain.PmcPayCommonBankColSet;\nimport com.baidu.pmc.bankcommon.persistence.domain.PmcPayCommonTransFlexSet;\nimport com.baidu.pmc.common.exception.ServiceException;\nimport com.baidu.pmc.common.utils.StringUtils;\nimport com.baidu.pmc.pojo.model.PmcPayCommonBankSet;\nimport com.baidu.pmc.pojo.model.fnd.FndFlexValue;\nimport lombok.extern.slf4j.Slf4j;\nimport org.apache.commons.collections.CollectionUtils;\nimport org.apache.commons.collections4.ListUtils;\nimport org.springframework.beans.factory.annotation.Autowired;\nimport org.springframework.stereotype.Service;\nimport tk.mybatis.mapper.entity.Example;\n\nimport java.util.ArrayList;\nimport java.util.Arrays;\nimport java.util.Collections;\nimport java.util.List;\nimport java.util.Objects;\nimport java.util.stream.Collectors;\n\n/**\n * @description:\n * @author: zhangzhibo01\n * @time: 2025/5/30 16:49\n */\n@Service\n@Slf4j\npublic class PmcPayCommonBankColSetServiceImpl implements PmcPayCommonBankColSetService {\n\n    @Autowired\n    private PmcPayCommonBankSetMapper pmcPayCommonBankSetMapper;\n    @Autowired\n    private PmcPayCommonBankColSetMapper pmcPayCommonBankColSetMapper;\n    @Autowired\n    private PmcPayCommonTransFlexSetMapper transFlexSetMapper;\n    @Autowired\n    private OperateByJDBC operateByJDBC;\n\n    private static final Integer REDIS_EXPIRE = 3600;\n\n    @Override\n    public List<String> getBankCommonInstructDynamic(String bankCode) {\n        if (StringUtils.isBlank(bankCode)) {\n            throw new ServiceException(\"银行编码不能为空\");\n        }\n        String key = Constants.RedisKey.BANK_COMMON_COL_SET + bankCode;\n        List<String> result = new ArrayList<>();\n        result = JedisUtil.getList(key, String.class);\n        // if (CollectionUtils.isNotEmpty(result)) {\n        //     return result;\n        // }\n\n        Example examplePageNo = new Example(PmcPayCommonBankColSet.class);\n        examplePageNo.createCriteria().\n                andEqualTo(\"bankCode\", bankCode)\n                .andEqualTo(\"tableFlag\", Constants.ENABLED_Y)\n                .andEqualTo(\"enableFlag\", Constants.ENABLED_Y);\n        List<PmcPayCommonBankColSet> pmcPayCommonBankColSets = pmcPayCommonBankColSetMapper.selectByExample(examplePageNo);\n\n        if (CollectionUtils.isEmpty(pmcPayCommonBankColSets)) {\n            throw new ServiceException(\"银行配置不存在！\");\n        }\n        result = pmcPayCommonBankColSets.stream().map(PmcPayCommonBankColSet::getColumnCode)\n                .collect(Collectors.toList());\n        JedisUtil.setex(key, REDIS_EXPIRE, result);\n        return result;\n    }\n\n    @Override\n    public List<PmcPayCommonBankColSet> getBankColSet(String bankCode) {\n        if (org.apache.commons.lang3.StringUtils.isBlank(bankCode)) {\n            return Collections.emptyList();\n        }\n        String redisKey = Constants.RedisKey.INSTRUCT_TABLE_COL_PREFIX + bankCode;\n        List<PmcPayCommonBankColSet> list = null;\n        try {\n            list = JedisUtil.getList(redisKey, PmcPayCommonBankColSet.class);\n        } catch (Exception e) {\n            log.error(\"get bank {} col set from redis error\", bankCode, e);\n        }\n        // if (org.apache.commons.collections4.CollectionUtils.isNotEmpty(list)) {\n        //     return list;\n        // }\n        PmcPayCommonBankColSet query = new PmcPayCommonBankColSet();\n        query.setBankCode(bankCode);\n        query.setTableFlag(Constants.ENABLED_Y);\n        query.setEnableFlag(Constants.ENABLED_Y);\n        list = pmcPayCommonBankColSetMapper.select(query);\n        list = ListUtils.emptyIfNull(list).stream()\n                .filter(col -> org.apache.commons.lang3.StringUtils.isNotBlank(col.getColumnCode())).collect(Collectors.toList());\n        if (org.apache.commons.collections4.CollectionUtils.isEmpty(list)) {\n            log.error(\"bank {} do not have any config\", bankCode);\n            return Collections.emptyList();\n        }\n        try {\n            JedisUtil.setex(redisKey, REDIS_EXPIRE, list);\n        } catch (Exception e) {\n            log.error(\"set bank {} col set to redis error\", bankCode, e);\n        }\n        return list;\n    }\n\n    @Override\n    public String getBankSuffix(String bankCode) {\n        if (StringUtils.isBlank(bankCode)) {\n            throw new ServiceException(\"银行编码不能为空\");\n        }\n        String result = null;\n        String key = Constants.RedisKey.BANK_COMMON_CODE_SUFFIX + bankCode;\n        result = (String) JedisUtil.get(key);\n         if (StringUtils.isNotBlank(result)) {\n             return result;\n         }\n        Example examplePageNo = new Example(PmcPayCommonBankSet.class);\n        examplePageNo.createCriteria().\n                andEqualTo(\"bankCode\", bankCode);\n        List<PmcPayCommonBankSet> pmcPayCommonBankSets = pmcPayCommonBankSetMapper.selectByExample(examplePageNo);\n        if (CollectionUtils.isEmpty(pmcPayCommonBankSets)) {\n            log.error(\"bankCode={},银行配置不存在！\", bankCode);\n            throw new ServiceException(\"银行配置不存在！\");\n        }\n        result = pmcPayCommonBankSets.get(0).getBankSuffix();\n        JedisUtil.setex(key, REDIS_EXPIRE, result);\n        return result;\n    }\n\n    @Override\n    public Object getBankCommonFlexValue(PmcPayCommonBankColSet colSet) {\n        if (Objects.isNull(colSet) || org.apache.commons.lang3.StringUtils.isBlank(colSet.getTransDetail())) {\n            return null;\n        }\n        PmcPayCommonTransFlexSet query = new PmcPayCommonTransFlexSet();\n        query.setTransCode(colSet.getTransDetail());\n        List<PmcPayCommonTransFlexSet> flexSets = transFlexSetMapper.select(query);\n        if (org.apache.commons.collections4.CollectionUtils.isEmpty(flexSets)) {\n            log.error(\"flexSet {} do not existed\", query.getTransCode());\n            return null;\n        }\n        PmcPayCommonTransFlexSet flexSet = flexSets.get(0);\n        if (org.apache.commons.lang3.StringUtils.isAnyBlank(flexSet.getFlexValue(), flexSet.getResultCol())) {\n            log.error(\"flexSet {} do not contain flex value or result col\", flexSet.getTransCode());\n            return null;\n        }\n        List<String> values = Arrays.asList(flexSet.getFlexValue().split(\",\"));\n        List<FndFlexValue> fndFlexValues = operateByJDBC.selectBySetAndValue(flexSet.getFlexSetName(), values);\n        if (org.apache.commons.collections4.CollectionUtils.isEmpty(fndFlexValues)) {\n            log.error(\"frame flex set {} do not contain flex value {}\", flexSet.getFlexSetName(), values);\n            return null;\n        }\n        Object result = null;\n        FndFlexValue fndFlexValue = fndFlexValues.get(0);\n        try {\n            result = ReflectUtils.invokeGetMethod(fndFlexValue, flexSet.getResultCol());\n        } catch (Exception e) {\n            log.error(\"get flex value from set {} value {} col {} error\", flexSet.getFlexSetName(),\n                    flexSet.getFlexValue(), flexSet.getResultCol(), e);\n        }\n        return result;\n    }\n\n    @Override\n    public List<String> getTransferBankCodeList() {\n        Example examplePageNo = new Example(PmcPayCommonBankSet.class);\n        examplePageNo.createCriteria().\n                andEqualTo(\"transferFlag\", Constants.ENABLED_Y);\n        List<PmcPayCommonBankSet> pmcPayCommonBankSets = pmcPayCommonBankSetMapper.selectByExample(examplePageNo);\n        if (CollectionUtils.isEmpty(pmcPayCommonBankSets)) {\n            throw new ServiceException(\"银行配置不存在！\");\n        }\n        List<String> result = pmcPayCommonBankSets\n                .stream().map(PmcPayCommonBankSet::getBankCode).collect(Collectors.toList());\n        return result;\n    }\n}\n","scheme":"file","completed":false,"isEnd":false,"failed":false}
[13734] [2026-01-09 11:37:17] [VERBOSE] [VIRTUALEDITOR]  VirtualEditor.getDocument, args: absolutePath=/Users/xiaoliu/baidu/bpit-proc-apps/pmc/pmc-basic-bankcommon/src/main/java/com/baidu/pmc/bankcommon/core/service/impl/PmcPayCommonBankColSetServiceImpl.java
[13734] [2026-01-09 11:37:17] [INFO] [ENGINE]  <--------- ENGINE SEND: VIRTUAL_EDITOR_EVENT {"action":"getDocument","payload":{"absolutePath":"/Users/xiaoliu/baidu/bpit-proc-apps/pmc/pmc-basic-bankcommon/src/main/java/com/baidu/pmc/bankcommon/core/service/impl/PmcPayCommonBankColSetServiceImpl.java","uuid":"ed36bb68-594d-41e3-8314-458a83eb37de"}}
[13734] [2026-01-09 11:37:17] [INFO] [ENGINE]  ---------> ENGINE REC: VIRTUAL_EDITOR_EVENT {"uuid":"ed36bb68-594d-41e3-8314-458a83eb37de","existed":true,"content":"package com.baidu.pmc.bankcommon.core.service.impl;\n\nimport com.baidu.pmc.bankcommon.core.constants.Constants;\nimport com.baidu.pmc.bankcommon.core.service.PmcPayCommonBankColSetService;\nimport com.baidu.pmc.bankcommon.core.utils.JedisUtil;\nimport com.baidu.pmc.bankcommon.core.utils.ReflectUtils;\nimport com.baidu.pmc.bankcommon.persistence.dao.PmcPayCommonBankColSetMapper;\nimport com.baidu.pmc.bankcommon.persistence.dao.PmcPayCommonBankSetMapper;\nimport com.baidu.pmc.bankcommon.persistence.dao.PmcPayCommonTransFlexSetMapper;\nimport com.baidu.pmc.bankcommon.persistence.domain.PmcPayCommonBankColSet;\nimport com.baidu.pmc.bankcommon.persistence.domain.PmcPayCommonTransFlexSet;\nimport com.baidu.pmc.common.exception.ServiceException;\nimport com.baidu.pmc.common.utils.StringUtils;\nimport com.baidu.pmc.pojo.model.PmcPayCommonBankSet;\nimport com.baidu.pmc.pojo.model.fnd.FndFlexValue;\nimport lombok.extern.slf4j.Slf4j;\nimport org.apache.commons.collections.CollectionUtils;\nimport org.apache.commons.collections4.ListUtils;\nimport org.springframework.beans.factory.annotation.Autowired;\nimport org.springframework.stereotype.Service;\nimport tk.mybatis.mapper.entity.Example;\n\nimport java.util.ArrayList;\nimport java.util.Arrays;\nimport java.util.Collections;\nimport java.util.List;\nimport java.util.Objects;\nimport java.util.stream.Collectors;\n\n/**\n * @description:\n * @author: zhangzhibo01\n * @time: 2025/5/30 16:49\n */\n@Service\n@Slf4j\npublic class PmcPayCommonBankColSetServiceImpl implements PmcPayCommonBankColSetService {\n\n    @Autowired\n    private PmcPayCommonBankSetMapper pmcPayCommonBankSetMapper;\n    @Autowired\n    private PmcPayCommonBankColSetMapper pmcPayCommonBankColSetMapper;\n    @Autowired\n    private PmcPayCommonTransFlexSetMapper transFlexSetMapper;\n    @Autowired\n    private OperateByJDBC operateByJDBC;\n\n    private static final Integer REDIS_EXPIRE = 3600;\n\n    @Override\n    public List<String> getBankCommonInstructDynamic(String bankCode) {\n        if (StringUtils.isBlank(bankCode)) {\n            throw new ServiceException(\"银行编码不能为空\");\n        }\n        String key = Constants.RedisKey.BANK_COMMON_COL_SET + bankCode;\n        List<String> result = new ArrayList<>();\n        result = JedisUtil.getList(key, String.class);\n        // if (CollectionUtils.isNotEmpty(result)) {\n        //     return result;\n        // }\n\n        Example examplePageNo = new Example(PmcPayCommonBankColSet.class);\n        examplePageNo.createCriteria().\n                andEqualTo(\"bankCode\", bankCode)\n                .andEqualTo(\"tableFlag\", Constants.ENABLED_Y)\n                .andEqualTo(\"enableFlag\", Constants.ENABLED_Y);\n        List<PmcPayCommonBankColSet> pmcPayCommonBankColSets = pmcPayCommonBankColSetMapper.selectByExample(examplePageNo);\n\n        if (CollectionUtils.isEmpty(pmcPayCommonBankColSets)) {\n            throw new ServiceException(\"银行配置不存在！\");\n        }\n        result = pmcPayCommonBankColSets.stream().map(PmcPayCommonBankColSet::getColumnCode)\n                .collect(Collectors.toList());\n        JedisUtil.setex(key, REDIS_EXPIRE, result);\n        return result;\n    }\n\n    @Override\n    public List<PmcPayCommonBankColSet> getBankColSet(String bankCode) {\n        if (org.apache.commons.lang3.StringUtils.isBlank(bankCode)) {\n            return Collections.emptyList();\n        }\n        String redisKey = Constants.RedisKey.INSTRUCT_TABLE_COL_PREFIX + bankCode;\n        List<PmcPayCommonBankColSet> list = null;\n        try {\n            list = JedisUtil.getList(redisKey, PmcPayCommonBankColSet.class);\n        } catch (Exception e) {\n            log.error(\"get bank {} col set from redis error\", bankCode, e);\n        }\n        // if (org.apache.commons.collections4.CollectionUtils.isNotEmpty(list)) {\n        //     return list;\n        // }\n        PmcPayCommonBankColSet query = new PmcPayCommonBankColSet();\n        query.setBankCode(bankCode);\n        query.setTableFlag(Constants.ENABLED_Y);\n        query.setEnableFlag(Constants.ENABLED_Y);\n        list = pmcPayCommonBankColSetMapper.select(query);\n        list = ListUtils.emptyIfNull(list).stream()\n                .filter(col -> org.apache.commons.lang3.StringUtils.isNotBlank(col.getColumnCode())).collect(Collectors.toList());\n        if (org.apache.commons.collections4.CollectionUtils.isEmpty(list)) {\n            log.error(\"bank {} do not have any config\", bankCode);\n            return Collections.emptyList();\n        }\n        try {\n            JedisUtil.setex(redisKey, REDIS_EXPIRE, list);\n        } catch (Exception e) {\n            log.error(\"set bank {} col set to redis error\", bankCode, e);\n        }\n        return list;\n    }\n\n    @Override\n    public String getBankSuffix(String bankCode) {\n        if (StringUtils.isBlank(bankCode)) {\n            throw new ServiceException(\"银行编码不能为空\");\n        }\n        String result = null;\n        String key = Constants.RedisKey.BANK_COMMON_CODE_SUFFIX + bankCode;\n        result = (String) JedisUtil.get(key);\n         if (StringUtils.isNotBlank(result)) {\n             return result;\n         }\n        Example examplePageNo = new Example(PmcPayCommonBankSet.class);\n        examplePageNo.createCriteria().\n                andEqualTo(\"bankCode\", bankCode);\n        List<PmcPayCommonBankSet> pmcPayCommonBankSets = pmcPayCommonBankSetMapper.selectByExample(examplePageNo);\n        if (CollectionUtils.isEmpty(pmcPayCommonBankSets)) {\n            log.error(\"bankCode={},银行配置不存在！\", bankCode);\n            throw new ServiceException(\"银行配置不存在！\");\n        }\n        result = pmcPayCommonBankSets.get(0).getBankSuffix();\n        JedisUtil.setex(key, REDIS_EXPIRE, result);\n        return result;\n    }\n\n    @Override\n    public Object getBankCommonFlexValue(PmcPayCommonBankColSet colSet) {\n        if (Objects.isNull(colSet) || org.apache.commons.lang3.StringUtils.isBlank(colSet.getTransDetail())) {\n            return null;\n        }\n        PmcPayCommonTransFlexSet query = new PmcPayCommonTransFlexSet();\n        query.setTransCode(colSet.getTransDetail());\n        List<PmcPayCommonTransFlexSet> flexSets = transFlexSetMapper.select(query);\n        if (org.apache.commons.collections4.CollectionUtils.isEmpty(flexSets)) {\n            log.error(\"flexSet {} do not existed\", query.getTransCode());\n            return null;\n        }\n        PmcPayCommonTransFlexSet flexSet = flexSets.get(0);\n        if (org.apache.commons.lang3.StringUtils.isAnyBlank(flexSet.getFlexValue(), flexSet.getResultCol())) {\n            log.error(\"flexSet {} do not contain flex value or result col\", flexSet.getTransCode());\n            return null;\n        }\n        List<String> values = Arrays.asList(flexSet.getFlexValue().split(\",\"));\n        List<FndFlexValue> fndFlexValues = operateByJDBC.selectBySetAndValue(flexSet.getFlexSetName(), values);\n        if (org.apache.commons.collections4.CollectionUtils.isEmpty(fndFlexValues)) {\n            log.error(\"frame flex set {} do not contain flex value {}\", flexSet.getFlexSetName(), values);\n            return null;\n        }\n        Object result = null;\n        FndFlexValue fndFlexValue = fndFlexValues.get(0);\n        try {\n            result = ReflectUtils.invokeGetMethod(fndFlexValue, flexSet.getResultCol());\n        } catch (Exception e) {\n            log.error(\"get flex value from set {} value {} col {} error\", flexSet.getFlexSetName(),\n                    flexSet.getFlexValue(), flexSet.getResultCol(), e);\n        }\n        return result;\n    }\n\n    @Override\n    public List<String> getTransferBankCodeList() {\n        Example examplePageNo = new Example(PmcPayCommonBankSet.class);\n        examplePageNo.createCriteria().\n                andEqualTo(\"transferFlag\", Constants.ENABLED_Y);\n        List<PmcPayCommonBankSet> pmcPayCommonBankSets = pmcPayCommonBankSetMapper.selectByExample(examplePageNo);\n        if (CollectionUtils.isEmpty(pmcPayCommonBankSets)) {\n            throw new ServiceException(\"银行配置不存在！\");\n        }\n        List<String> result = pmcPayCommonBankSets\n                .stream().map(PmcPayCommonBankSet::getBankCode).collect(Collectors.toList());\n        return result;\n    }\n}\n","completed":false,"isEnd":false,"failed":false}
[13734] [2026-01-09 11:37:20] [ERROR] [CONVERSATIONMANAGER]  [Zulu] failed create conversaion, reason: read ECONNRESET {"message":"read ECONNRESET","name":"Error","stack":"Error: read ECONNRESET\n    at AxiosError.from (file:///Users/xiaoliu/Library/Application%20Support/JetBrains/IntelliJIdea2025.2/plugins/comate-intellij-plugin/comate-agent/bin/comate-kernel/server.js:4116:14)\n    at RedirectableRequest.handleRequestError (file:///Users/xiaoliu/Library/Application%20Support/JetBrains/IntelliJIdea2025.2/plugins/comate-intellij-plugin/comate-agent/bin/comate-kernel/server.js:21398:25)\n    at RedirectableRequest.emit (node:events:517:28)\n    at eventHandlers.<computed> (file:///Users/xiaoliu/Library/Application%20Support/JetBrains/IntelliJIdea2025.2/plugins/comate-intellij-plugin/comate-agent/bin/comate-kernel/server.js:19682:24)\n    at ClientRequest.emit (node:events:517:28)\n    at TLSSocket.socketErrorListener (node:_http_client:501:9)\n    at TLSSocket.emit (node:events:517:28)\n    at emitErrorNT (node:internal/streams/destroy:151:8)\n    at emitErrorCloseNT (node:internal/streams/destroy:116:3)\n    at process.processTicksAndRejections (node:internal/process/task_queues:82:21)\n    at Axios.request (file:///Users/xiaoliu/Library/Application%20Support/JetBrains/IntelliJIdea2025.2/plugins/comate-intellij-plugin/comate-agent/bin/comate-kernel/server.js:22487:41)\n    at process.processTicksAndRejections (node:internal/process/task_queues:95:5)\n    at async analyze (file:///Users/xiaoliu/Library/Application%20Support/JetBrains/IntelliJIdea2025.2/plugins/comate-intellij-plugin/comate-agent/bin/comate-kernel/server.js:167168:20)\n    at async E2EBotConversation.createConversation (file:///Users/xiaoliu/Library/Application%20Support/JetBrains/IntelliJIdea2025.2/plugins/comate-intellij-plugin/comate-agent/bin/comate-kernel/server.js:276965:78)\n    at async E2EBotConversation.startWork (file:///Users/xiaoliu/Library/Application%20Support/JetBrains/IntelliJIdea2025.2/plugins/comate-intellij-plugin/comate-agent/bin/comate-kernel/server.js:276782:13)\n    at async E2EBotConversation.startNewWork (file:///Users/xiaoliu/Library/Application%20Support/JetBrains/IntelliJIdea2025.2/plugins/comate-intellij-plugin/comate-agent/bin/comate-kernel/server.js:273864:13)","config":{"transitional":{"silentJSONParsing":true,"forcedJSONParsing":true,"clarifyTimeoutError":false},"adapter":["xhr","http","fetch"],"transformRequest":[null],"transformResponse":[null],"timeout":0,"xsrfCookieName":"XSRF-TOKEN","xsrfHeaderName":"X-XSRF-TOKEN","maxContentLength":-1,"maxBodyLength":-1,"env":{},"headers":{"Accept":"application/json, text/plain, */*","Content-Type":"application/json","login-name":"liumandong","Uuap-login-name":"liumandong","X-Source":"COMATE","plugin-version":"JetBrains-3.23.0","x-skip-fcnap":"yes","X-Trace-Id":"9c8f08ee-8d97-4c21-b721-e33e0cd56961","Accept-Language":"zh-CN,zh","User-Agent":"axios/1.9.0","Content-Length":"31404","Accept-Encoding":"gzip, compress, deflate, br"},"cancelToken":{"promise":{},"_listeners":[]},"method":"post","url":"/api/aidevops/autocomate/rest/autowork/v1/analyze","data":"{\"query\":\"Begin;\\nINSERT INTO TableName (`id`, `bank_code`, `column_code`, `column_name`, `column_type`, `mapping_bank_col`, `standard_flag`, `table_flag`, `trans_direction`, `trans_type`, `trans_detail`, `interface_type`, `interface_direction`, `demo`, `enable_flag`, `created_by`, `creation_date`, `last_updated_by`, `last_update_date`, `attribute1`, `attribute2`, `attribute3`, `attribute4`, `attribute5`) VALUES ('435', 'B022', 'account', '银行账户', 'varchar(32)', NULL, 'Y', 'Y', NULL, 'PAY', 'account', NULL, NULL, NULL, 'Y', 'sys', '2025-08-11 16:56:54', 'sys', '2025-08-11 16:56:54', NULL, NULL, NULL, NULL, NULL);\\nINSERT INTO TableName (`id`, `bank_code`, `column_code`, `column_name`, `column_type`, `mapping_bank_col`, `standard_flag`, `table_flag`, `trans_direction`, `trans_type`, `trans_detail`, `interface_type`, `interface_direction`, `demo`, `enable_flag`, `created_by`, `creation_date`, `last_updated_by`, `last_update_date`, `attribute1`, `attribute2`, `attribute3`, `attribute4`, `attribute5`) VALUES ('436', 'B022', 'account_name', '银行账户(户名)', 'varchar(60)', NULL, 'Y', 'Y', NULL, 'PAY', 'account_name', NULL, NULL, NULL, 'Y', 'sys', '2025-08-11 16:56:54', 'sys', '2025-08-11 16:56:54', NULL, NULL, NULL, NULL, NULL);\\nINSERT INTO TableName (`id`, `bank_code`, `column_code`, `column_name`, `column_type`, `mapping_bank_col`, `standard_flag`, `table_flag`, `trans_direction`, `trans_type`, `trans_detail`, `interface_type`, `interface_direction`, `demo`, `enable_flag`, `created_by`, `creation_date`, `last_updated_by`, `last_update_date`, `attribute1`, `attribute2`, `attribute3`, `attribute4`, `attribute5`) VALUES ('434', 'B022', 'ac_account_id', '银行账户id', 'bigint(20)', NULL, 'Y', 'Y', NULL, 'PAY', 'ac_account_id', NULL, NULL, NULL, 'Y', 'sys', '2025-08-11 16:56:54', 'sys', '2025-08-11 16:56:54', NULL, NULL, NULL, NULL, NULL);\\nINSERT INTO TableName (`id`, `bank_code`, `column_code`, `column_name`, `column_type`, `mapping_bank_col`, `standard_flag`, `table_flag`, `trans_direction`, `trans_type`, `trans_detail`, `interface_type`, `interface_direction`, `demo`, `enable_flag`, `created_by`, `creation_date`, `last_updated_by`, `last_update_date`, `attribute1`, `attribute2`, `attribute3`, `attribute4`, `attribute5`) VALUES ('437', 'B022', 'amount', '金额', 'decimal(20,2)', NULL, 'Y', 'Y', NULL, 'PAY', 'amount', NULL, NULL, NULL, 'Y', 'sys', '2025-08-11 16:56:54', 'sys', '2025-08-11 16:56:54', NULL, NULL, NULL, NULL, NULL);\\nINSERT INTO TableName (`id`, `bank_code`, `column_code`, `column_name`, `column_type`, `mapping_bank_col`, `standard_flag`, `table_flag`, `trans_direction`, `trans_type`, `trans_detail`, `interface_type`, `interface_direction`, `demo`, `enable_flag`, `created_by`, `creation_date`, `last_updated_by`, `last_update_date`, `attribute1`, `attribute2`, `attribute3`, `attribute4`, `attribute5`) VALUES ('438', 'B022', 'amount_currency', '付款金额币种', 'varchar(3)', NULL, 'Y', 'Y', NULL, 'PAY', 'amount_currency', NULL, NULL, NULL, 'Y', 'sys', '2025-08-11 16:56:54', 'sys', '2025-08-11 16:56:54', NULL, NULL, NULL, NULL, NULL);\\nINSERT INTO TableName (`id`, `bank_code`, `column_code`, `column_name`, `column_type`, `mapping_bank_col`, `standard_flag`, `table_flag`, `trans_direction`, `trans_type`, `trans_detail`, `interface_type`, `interface_direction`, `demo`, `enable_flag`, `created_by`, `creation_date`, `last_updated_by`, `last_update_date`, `attribute1`, `attribute2`, `attribute3`, `attribute4`, `attribute5`) VALUES ('460', 'B022', 'attribute1', '扩展字段1', 'varchar(200)', NULL, 'Y', 'Y', NULL, NULL, NULL, NULL, NULL, NULL, 'Y', 'sys', '2025-08-11 16:56:54', 'sys', '2025-08-11 16:56:54', NULL, NULL, NULL, NULL, NULL);\\nINSERT INTO TableName (`id`, `bank_code`, `column_code`, `column_name`, `column_type`, `mapping_bank_col`, `standard_flag`, `table_flag`, `trans_direction`, `trans_type`, `trans_detail`, `interface_type`, `interface_direction`, `demo`, `enable_flag`, `created_by`, `creation_date`, `last_updated_by`, `last_update_date`, `attribute1`, `attribute2`, `attribute3`, `attribute4`, `attribute5`) VALUES ('461', 'B022', 'attribute2', '扩展字段2', 'varchar(200)', NULL, 'Y', 'Y', NULL, NULL, NULL, NULL, NULL, NULL, 'Y', 'sys', '2025-08-11 16:56:54', 'sys', '2025-08-11 16:56:54', NULL, NULL, NULL, NULL, NULL);\\nINSERT INTO TableName (`id`, `bank_code`, `column_code`, `column_name`, `column_type`, `mapping_bank_col`, `standard_flag`, `table_flag`, `trans_direction`, `trans_type`, `trans_detail`, `interface_type`, `interface_direction`, `demo`, `enable_flag`, `created_by`, `creation_date`, `last_updated_by`, `last_update_date`, `attribute1`, `attribute2`, `attribute3`, `attribute4`, `attribute5`) VALUES ('462', 'B022', 'attribute3', '扩展字段3', 'varchar(200)', NULL, 'Y', 'Y', NULL, NULL, NULL, NULL, NULL, NULL, 'Y', 'sys', '2025-08-11 16:56:54', 'sys', '2025-08-11 16:56:54', NULL, NULL, NULL, NULL, NULL);\\nINSERT INTO TableName (`id`, `bank_code`, `column_code`, `column_name`, `column_type`, `mapping_bank_col`, `standard_flag`, `table_flag`, `trans_direction`, `trans_type`, `trans_detail`, `interface_type`, `interface_direction`, `demo`, `enable_flag`, `created_by`, `creation_date`, `last_updated_by`, `last_update_date`, `attribute1`, `attribute2`, `attribute3`, `attribute4`, `attribute5`) VALUES ('463', 'B022', 'attribute4', '扩展字段4', 'varchar(200)', NULL, 'Y', 'Y', NULL, NULL, NULL, NULL, NULL, NULL, 'Y', 'sys', '2025-08-11 16:56:54', 'sys', '2025-08-11 16:56:54', NULL, NULL, NULL, NULL, NULL);\\nINSERT INTO TableName (`id`, `bank_code`, `column_code`, `column_name`, `column_type`, `mapping_bank_col`, `standard_flag`, `table_flag`, `trans_direction`, `trans_type`, `trans_detail`, `interface_type`, `interface_direction`, `demo`, `enable_flag`, `created_by`, `creation_date`, `last_updated_by`, `last_update_date`, `attribute1`, `attribute2`, `attribute3`, `attribute4`, `attribute5`) VALUES ('464', 'B022', 'attribute5', '扩展字段5', 'varchar(200)', NULL, 'Y', 'Y', NULL, NULL, NULL, NULL, NULL, NULL, 'Y', 'sys', '2025-08-11 16:56:54', 'sys', '2025-08-11 16:56:54', NULL, NULL, NULL, NULL, NULL);\\nINSERT INTO TableName (`id`, `bank_code`, `column_code`, `column_name`, `column_type`, `mapping_bank_col`, `standard_flag`, `table_flag`, `trans_direction`, `trans_type`, `trans_detail`, `interface_type`, `interface_direction`, `demo`, `enable_flag`, `created_by`, `creation_date`, `last_updated_by`, `last_update_date`, `attribute1`, `attribute2`, `attribute3`, `attribute4`, `attribute5`) VALUES ('433', 'B022', 'bank_code', '银行代码', 'varchar(30)', NULL, 'Y', 'Y', NULL, 'PAY', 'bank_code', NULL, NULL, NULL, 'Y', 'sys', '2025-08-11 16:56:54', 'sys', '2025-08-11 16:56:54', NULL, NULL, NULL, NULL, NULL);\\nINSERT INTO TableName (`id`, `bank_code`, `column_code`, `column_name`, `column_type`, `mapping_bank_col`, `standard_flag`, `table_flag`, `trans_direction`, `trans_type`, `trans_detail`, `interface_type`, `interface_direction`, `demo`, `enable_flag`, `created_by`, `creation_date`, `last_updated_by`, `last_update_date`, `attribute1`, `attribute2`, `attribute3`, `attribute4`, `attribute5`) VALUES ('456', 'B022', 'business_request_code', '业务请求code', 'varchar(50)', NULL, 'Y', 'Y', NULL, NULL, NULL, NULL, NULL, NULL, 'Y', 'sys', '2025-08-11 16:56:54', 'sys', '2025-08-11 16:56:54', NULL, NULL, NULL, NULL, NULL);\\nINSERT INTO TableName (`id`, `bank_code`, `column_code`, `column_name`, `column_type`, `mapping_bank_col`, `standard_flag`, `table_flag`, `trans_direction`, `trans_type`, `trans_detail`, `interface_type`, `interface_direction`, `demo`, `enable_flag`, `created_by`, `creation_date`, `last_updated_by`, `last_update_date`, `attribute1`, `attribute2`, `attribute3`, `attribute4`, `attribute5`) VALUES ('457', 'B022', 'business_result_code', '业务返回code', 'varchar(50)', NULL, 'Y', 'Y', NULL, NULL, NULL, NULL, NULL, NULL, 'Y', 'sys', '2025-08-11 16:56:54', 'sys', '2025-08-11 16:56:54', NULL, NULL, NULL, NULL, NULL);\\nINSERT INTO TableName (`id`, `bank_code`, `column_code`, `column_name`, `column_type`, `mapping_bank_col`, `standard_flag`, `table_flag`, `trans_direction`, `trans_type`, `trans_detail`, `interface_type`, `interface_direction`, `demo`, `enable_flag`, `created_by`, `creation_date`, `last_updated_by`, `last_update_date`, `attribute1`, `attribute2`, `attribute3`, `attribute4`, `attribute5`) VALUES ('428', 'B022', 'check_id', '付款单id', 'bigint(20)', NULL, 'Y', 'Y', NULL, 'PAY', 'check_id', NULL, NULL, NULL, 'Y', 'sys', '2025-08-11 16:56:54', 'sys', '2025-08-11 16:56:54', NULL, NULL, NULL, NULL, NULL);\\nINSERT INTO TableName (`id`, `bank_code`, `column_code`, `column_name`, `column_type`, `mapping_bank_col`, `standard_flag`, `table_flag`, `trans_direction`, `trans_type`, `trans_detail`, `interface_type`, `interface_direction`, `demo`, `enable_flag`, `created_by`, `creation_date`, `last_updated_by`, `last_update_date`, `attribute1`, `attribute2`, `attribute3`, `attribute4`, `attribute5`) VALUES ('431', 'B022', 'company_code', '公司代码(付款户)', 'varchar(30)', NULL, 'Y', 'Y', NULL, 'PAY', 'company_code', NULL, NULL, NULL, 'Y', 'sys', '2025-08-11 16:56:54', 'sys', '2025-08-11 16:56:54', NULL, NULL, NULL, NULL, NULL);\\nINSERT INTO TableName (`id`, `bank_code`, `column_code`, `column_name`, `column_type`, `mapping_bank_col`, `standard_flag`, `table_flag`, `trans_direction`, `trans_type`, `trans_detail`, `interface_type`, `interface_direction`, `demo`, `enable_flag`, `created_by`, `creation_date`, `last_updated_by`, `last_update_date`, `attribute1`, `attribute2`, `attribute3`, `attribute4`, `attribute5`) VALUES ('465', 'B022', 'create_by', '创建人', 'varchar(32)', NULL, 'Y', 'Y', NULL, NULL, NULL, NULL, NULL, NULL, 'Y', 'sys', '2025-08-11 16:56:54', 'sys', '2025-08-11 16:56:54', NULL, NULL, NULL, NULL, NULL);\\nINSERT INTO TableName (`id`, `bank_code`, `column_code`, `column_name`, `column_type`, `mapping_bank_col`, `standard_flag`, `table_flag`, `trans_direction`, `trans_type`, `trans_detail`, `interface_type`, `interface_direction`, `demo`, `enable_flag`, `created_by`, `creation_date`, `last_updated_by`, `last_update_date`, `attribute1`, `attribute2`, `attribute3`, `attribute4`, `attribute5`) VALUES ('466', 'B022', 'create_date', '创建时间', 'datetime', NULL, 'Y', 'Y', NULL, 'DATE', 'yyyyMMdd', NULL, NULL, NULL, 'Y', 'sys', '2025-08-11 16:56:54', 'sys', '2025-08-11 16:56:54', NULL, NULL, NULL, NULL, NULL);\\nINSERT INTO TableName (`id`, `bank_code`, `column_code`, `column_name`, `column_type`, `mapping_bank_col`, `standard_flag`, `table_flag`, `trans_direction`, `trans_type`, `trans_detail`, `interface_type`, `interface_direction`, `demo`, `enable_flag`, `created_by`, `creation_date`, `last_updated_by`, `last_update_date`, `attribute1`, `attribute2`, `attribute3`, `attribute4`, `attribute5`) VALUES ('475', 'B022', 'elec_cheque_no', '电子凭证号 客户ERP系统产生的唯一流水号', 'varchar(16)', NULL, 'N', 'Y', NULL, NULL, NULL, NULL, NULL, NULL, 'Y', 'sys', '2025-08-11 16:56:54', 'sys', '2025-08-11 16:56:54', NULL, NULL, NULL, NULL, NULL);\\nINSERT INTO TableName (`id`, `bank_code`, `column_code`, `column_name`, `column_type`, `mapping_bank_col`, `standard_flag`, `table_flag`, `trans_direction`, `trans_type`, `trans_detail`, `interface_type`, `interface_direction`, `demo`, `enable_flag`, `created_by`, `creation_date`, `last_updated_by`, `last_update_date`, `attribute1`, `attribute2`, `attribute3`, `attribute4`, `attribute5`) VALUES ('459', 'B022', 'handle_date', '请求到结果的时间', 'date', NULL, 'Y', 'Y', NULL, NULL, NULL, NULL, NULL, NULL, 'Y', 'sys', '2025-08-11 16:56:54', 'sys', '2025-08-11 16:56:54', NULL, NULL, NULL, NULL, NULL);\\nINSERT INTO TableName (`id`, `bank_code`, `column_code`, `column_name`, `column_type`, `mapping_bank_col`, `standard_flag`, `table_flag`, `trans_direction`, `trans_type`, `trans_detail`, `interface_type`, `interface_direction`, `demo`, `enable_flag`, `created_by`, `creation_date`, `last_updated_by`, `last_update_date`, `attribute1`, `attribute2`, `attribute3`, `attribute4`, `attribute5`) VALUES ('454', 'B022', 'inter_bank_flag', '收付款行相同', 'varchar(2)', NULL, 'Y', 'Y', NULL, NULL, NULL, NULL, NULL, NULL, 'Y', 'sys', '2025-08-11 16:56:54', 'sys', '2025-08-11 16:56:54', NULL, NULL, NULL, NULL, NULL);\\nINSERT INTO TableName (`id`, `bank_code`, `column_code`, `column_name`, `column_type`, `mapping_bank_col`, `standard_flag`, `table_flag`, `trans_direction`, `trans_type`, `trans_detail`, `interface_type`, `interface_direction`, `demo`, `enable_flag`, `created_by`, `creation_date`, `last_updated_by`, `last_update_date`, `attribute1`, `attribute2`, `attribute3`, `attribute4`, `attribute5`) VALUES ('467', 'B022', 'last_update_by', '更新人', 'varchar(32)', NULL, 'Y', 'Y', NULL, NULL, NULL, NULL, NULL, NULL, 'Y', 'sys', '2025-08-11 16:56:54', 'sys', '2025-08-11 16:56:54', NULL, NULL, NULL, NULL, NULL);\\nINSERT INTO TableName (`id`, `bank_code`, `column_code`, `column_name`, `column_type`, `mapping_bank_col`, `standard_flag`, `table_flag`, `trans_direction`, `trans_type`, `trans_detail`, `interface_type`, `interface_direction`, `demo`, `enable_flag`, `created_by`, `creation_date`, `last_updated_by`, `last_update_date`, `attribute1`, `attribute2`, `attribute3`, `attribute4`, `attribute5`) VALUES ('468', 'B022', 'last_update_date', '更新时间', 'datetime', NULL, 'Y', 'Y', NULL, 'DATE', 'yyyyMMdd', NULL, NULL, NULL, 'Y', 'sys', '2025-08-11 16:56:54', 'sys', '2025-08-11 16:56:54', NULL, NULL, NULL, NULL, NULL);\\nINSERT INTO TableName (`id`, `bank_code`, `column_code`, `column_name`, `column_type`, `mapping_bank_col`, `standard_flag`, `table_flag`, `trans_direction`, `trans_type`, `trans_detail`, `interface_type`, `interface_direction`, `demo`, `enable_flag`, `created_by`, `creation_date`, `last_updated_by`, `last_update_date`, `attribute1`, `attribute2`, `attribute3`, `attribute4`, `attribute5`) VALUES ('441', 'B022', 'naryur', '摘要', 'varchar(64)', NULL, 'Y', 'Y', NULL, 'PAY', 'naryur', NULL, NULL, NULL, 'Y', 'sys', '2025-08-11 16:56:54', 'sys', '2025-08-11 16:56:54', NULL, NULL, NULL, NULL, NULL);\\nINSERT INTO TableName (`id`, `bank_code`, `column_code`, `column_name`, `column_type`, `mapping_bank_col`, `standard_flag`, `table_flag`, `trans_direction`, `trans_type`, `trans_detail`, `interface_type`, `interface_direction`, `demo`, `enable_flag`, `created_by`, `creation_date`, `last_updated_by`, `last_update_date`, `attribute1`, `attribute2`, `attribute3`, `attribute4`, `attribute5`) VALUES ('442', 'B022', 'payee', '收款方(户名)', 'varchar(60)', NULL, 'Y', 'Y', NULL, 'PAY', 'attribute1', NULL, NULL, NULL, 'Y', 'sys', '2025-08-11 16:56:54', 'sys', '2025-08-11 16:56:54', NULL, NULL, NULL, NULL, NULL);\\nINSERT INTO TableName (`id`, `bank_code`, `column_code`, `column_name`, `column_type`, `mapping_bank_col`, `standard_flag`, `table_flag`, `trans_direction`, `trans_type`, `trans_detail`, `interface_type`, `interface_direction`, `demo`, `enable_flag`, `created_by`, `creation_date`, `last_updated_by`, `last_update_date`, `attribute1`, `attribute2`, `attribute3`, `attribute4`, `attribute5`) VALUES ('443', 'B022', 'payee_account', '收款账号', 'varchar(32)', NULL, 'Y', 'Y', NULL, 'PAY', 'attribute2', NULL, NULL, NULL, 'Y', 'sys', '2025-08-11 16:56:54', 'sys', '2025-08-11 16:56:54', NULL, NULL, NULL, NULL, NULL);\\nINSERT INTO TableName (`id`, `bank_code`, `column_code`, `column_name`, `column_type`, `mapping_bank_col`, `standard_flag`, `table_flag`, `trans_direction`, `trans_type`, `trans_detail`, `interface_type`, `interface_direction`, `demo`, `enable_flag`, `created_by`, `creation_date`, `last_updated_by`, `last_update_date`, `attribute1`, `attribute2`, `attribute3`, `attribute4`, `attribute5`) VALUES ('472', 'B022', 'payee_address', '收款行地址(取省+市)', 'varchar(62)', NULL, 'N', 'Y', NULL, NULL, NULL, NULL, NULL, NULL, 'Y', 'sys', '2025-08-11 16:56:54', 'sys', '2025-08-11 16:56:54', NULL, NULL, NULL, NULL, NULL);\\nINSERT INTO TableName (`id`, `bank_code`, `column_code`, `column_name`, `column_type`, `mapping_bank_col`, `standard_flag`, `table_flag`, `trans_direction`, `trans_type`, `trans_detail`, `interface_type`, `interface_direction`, `demo`, `enable_flag`, `created_by`, `creation_date`, `last_updated_by`, `last_update_date`, `attribute1`, `attribute2`, `attribute3`, `attribute4`, `attribute5`) VALUES ('445', 'B022', 'payee_banch', '收款方支行', 'varchar(255)', NULL, 'Y', 'Y', NULL, 'PAY', 'attribute4', NULL, NULL, NULL, 'Y', 'sys', '2025-08-11 16:56:54', 'sys', '2025-08-11 16:56:54', NULL, NULL, NULL, NULL, NULL);\\nINSERT INTO TableName (`id`, `bank_code`, `column_code`, `column_name`, `column_type`, `mapping_bank_col`, `standard_flag`, `table_flag`, `trans_direction`, `trans_type`, `trans_detail`, `interface_type`, `interface_direction`, `demo`, `enable_flag`, `created_by`, `creation_date`, `last_updated_by`, `last_update_date`, `attribute1`, `attribute2`, `attribute3`, `attribute4`, `attribute5`) VALUES ('446', 'B022', 'payee_banch_number', '联行号', 'varchar(255)', NULL, 'Y', 'Y', NULL, 'PAY', 'attribute7', NULL, NULL, NULL, 'Y', 'sys', '2025-08-11 16:56:54', 'sys', '2025-08-11 16:56:54', NULL, NULL, NULL, NULL, NULL);\\nINSERT INTO TableName (`id`, `bank_code`, `column_code`, `column_name`, `column_type`, `mapping_bank_col`, `standard_flag`, `table_flag`, `trans_direction`, `trans_type`, `trans_detail`, `interface_type`, `interface_direction`, `demo`, `enable_flag`, `created_by`, `creation_date`, `last_updated_by`, `last_update_date`, `attribute1`, `attribute2`, `attribute3`, `attribute4`, `attribute5`) VALUES ('444', 'B022', 'payee_bank', '收款方银行', 'varchar(255)', NULL, 'Y', 'Y', NULL, 'PAY', 'attribute3Name', NULL, NULL, NULL, 'Y', 'sys', '2025-08-11 16:56:54', 'sys', '2025-08-11 16:56:54', NULL, NULL, NULL, NULL, NULL);\\nINSERT INTO TableName (`id`, `bank_code`, `column_code`, `column_name`, `column_type`, `mapping_bank_col`, `standard_flag`, `table_flag`, `trans_direction`, `trans_type`, `trans_detail`, `interface_type`, `interface_direction`, `demo`, `enable_flag`, `created_by`, `creation_date`, `last_updated_by`, `last_update_date`, `attribute1`, `attribute2`, `attribute3`, `attribute4`, `attribute5`) VALUES ('473', 'B022', 'payee_bank_name', '收款行名称,当SysFlag=1即跨行转帐时必须输入', 'varchar(62)', NULL, 'N', 'Y', NULL, NULL, NULL, NULL, NULL, NULL, 'Y', 'sys', '2025-08-11 16:56:54', 'sys', '2025-08-11 16:56:54', NULL, NULL, NULL, NULL, NULL);\\nINSERT INTO TableName (`id`, `bank_code`, `column_code`, `column_name`, `column_type`, `mapping_bank_col`, `standard_flag`, `table_flag`, `trans_direction`, `trans_type`, `trans_detail`, `interface_type`, `interface_direction`, `demo`, `enable_flag`, `created_by`, `creation_date`, `last_updated_by`, `last_update_date`, `attribute1`, `attribute2`, `attribute3`, `attribute4`, `attribute5`) VALUES ('470', 'B022', 'payee_bank_select_flag', '收款行速选标志', 'varchar(1)', NULL, 'N', 'Y', NULL, NULL, NULL, NULL, NULL, NULL, 'Y', 'sys', '2025-08-11 16:56:54', 'sys', '2025-08-11 16:56:54', NULL, NULL, NULL, NULL, NULL);\\nINSERT INTO TableName (`id`, `bank_code`, `column_code`, `column_name`, `column_type`, `mapping_bank_col`, `standard_flag`, `table_flag`, `trans_direction`, `trans_type`, `trans_detail`, `interface_type`, `interface_direction`, `demo`, `enable_flag`, `created_by`, `creation_date`, `last_updated_by`, `last_update_date`, `attribute1`, `attribute2`, `attribute3`, `attribute4`, `attribute5`) VALUES ('448', 'B022', 'payee_city', '收款方市', 'varchar(50)', NULL, 'Y', 'Y', NULL, 'PAY', 'attribute6Name', NULL, NULL, NULL, 'Y', 'sys', '2025-08-11 16:56:54', 'sys', '2025-08-11 16:56:54', NULL, NULL, NULL, NULL, NULL);\\nINSERT INTO TableName (`id`, `bank_code`, `column_code`, `column_name`, `column_type`, `mapping_bank_col`, `standard_flag`, `table_flag`, `trans_direction`, `trans_type`, `trans_detail`, `interface_type`, `interface_direction`, `demo`, `enable_flag`, `created_by`, `creation_date`, `last_updated_by`, `last_update_date`, `attribute1`, `attribute2`, `attribute3`, `attribute4`, `attribute5`) VALUES ('447', 'B022', 'payee_prov', '收款方省', 'varchar(50)', NULL, 'Y', 'Y', NULL, 'PAY', 'attribute5Name', NULL, NULL, NULL, 'Y', 'sys', '2025-08-11 16:56:54', 'sys', '2025-08-11 16:56:54', NULL, NULL, NULL, NULL, NULL);\\nINSERT INTO TableName (`id`, `bank_code`, `column_code`, `column_name`, `column_type`, `mapping_bank_col`, `standard_flag`, `table_flag`, `trans_direction`, `trans_type`, `trans_detail`, `interface_type`, `interface_direction`, `demo`, `enable_flag`, `created_by`, `creation_date`, `last_updated_by`, `last_update_date`, `attribute1`, `attribute2`, `attribute3`, `attribute4`, `attribute5`) VALUES ('429', 'B022', 'pay_check_num', '付款清单号', 'varchar(30)', NULL, 'Y', 'Y', NULL, 'PAY', 'pay_check_num', NULL, NULL, NULL, 'Y', 'sys', '2025-08-11 16:56:54', 'sys', '2025-08-11 16:56:54', NULL, NULL, NULL, NULL, NULL);\\nINSERT INTO TableName (`id`, `bank_code`, `column_code`, `column_name`, `column_type`, `mapping_bank_col`, `standard_flag`, `table_flag`, `trans_direction`, `trans_type`, `trans_detail`, `interface_type`, `interface_direction`, `demo`, `enable_flag`, `created_by`, `creation_date`, `last_updated_by`, `last_update_date`, `attribute1`, `attribute2`, `attribute3`, `attribute4`, `attribute5`) VALUES ('432', 'B022', 'pay_date', '付款时间', 'datetime', NULL, 'Y', 'Y', NULL, NULL, NULL, NULL, NULL, NULL, 'Y', 'sys', '2025-08-11 16:56:54', 'sys', '2025-08-11 16:56:54', NULL, NULL, NULL, NULL, NULL);\\nINSERT INTO TableName (`id`, `bank_code`, `column_code`, `column_name`, `column_type`, `mapping_bank_col`, `standard_flag`, `table_flag`, `trans_direction`, `trans_type`, `trans_detail`, `interface_type`, `interface_direction`, `demo`, `enable_flag`, `created_by`, `creation_date`, `last_updated_by`, `last_update_date`, `attribute1`, `attribute2`, `attribute3`, `attribute4`, `attribute5`) VALUES ('427', 'B022', 'pay_id', '付款指令表id', 'bigint(20)', NULL, 'Y', 'Y', NULL, NULL, NULL, NULL, NULL, NULL, 'Y', 'sys', '2025-08-11 16:56:54', 'sys', '2025-08-11 16:56:54', NULL, NULL, NULL, NULL, NULL);\\nINSERT INTO TableName (`id`, `bank_code`, `column_code`, `column_name`, `column_type`, `mapping_bank_col`, `standard_flag`, `table_flag`, `trans_direction`, `trans_type`, `trans_detail`, `interface_type`, `interface_direction`, `demo`, `enable_flag`, `created_by`, `creation_date`, `last_updated_by`, `last_update_date`, `attribute1`, `attribute2`, `attribute3`, `attribute4`, `attribute5`) VALUES ('452', 'B022', 'process_code', '行请求明细返回代码', 'varchar(32)', NULL, 'Y', 'Y', NULL, NULL, NULL, NULL, NULL, NULL, 'Y', 'sys', '2025-08-11 16:56:54', 'sys', '2025-08-11 16:56:54', NULL, NULL, NULL, NULL, NULL);\\nINSERT INTO TableName (`id`, `bank_code`, `column_code`, `column_name`, `column_type`, `mapping_bank_col`, `standard_flag`, `table_flag`, `trans_direction`, `trans_type`, `trans_detail`, `interface_type`, `interface_direction`, `demo`, `enable_flag`, `created_by`, `creation_date`, `last_updated_by`, `last_update_date`, `attribute1`, `attribute2`, `attribute3`, `attribute4`, `attribute5`) VALUES ('455', 'B022', 'process_instance_number', '网银交易流水号', 'varchar(32)', NULL, 'Y', 'Y', NULL, NULL, NULL, NULL, NULL, NULL, 'Y', 'sys', '2025-08-11 16:56:54', 'sys', '2025-08-11 16:56:54', NULL, NULL, NULL, NULL, NULL);\\nINSERT INTO TableName (`id`, `bank_code`, `column_code`, `column_name`, `column_type`, `mapping_bank_col`, `standard_flag`, `table_flag`, `trans_direction`, `trans_type`, `trans_detail`, `interface_type`, `interface_direction`, `demo`, `enable_flag`, `created_by`, `creation_date`, `last_updated_by`, `last_update_date`, `attribute1`, `attribute2`, `attribute3`, `attribute4`, `attribute5`) VALUES ('453', 'B022', 'process_message', '行请求明细返回信息', 'varchar(260)', NULL, 'Y', 'Y', NULL, NULL, NULL, NULL, NULL, NULL, 'Y', 'sys', '2025-08-11 16:56:54', 'sys', '2025-08-11 16:56:54', NULL, NULL, NULL, NULL, NULL);\\nINSERT INTO TableName (`id`, `bank_code`, `column_code`, `column_name`, `column_type`, `mapping_bank_col`, `standard_flag`, `table_flag`, `trans_direction`, `trans_type`, `trans_detail`, `interface_type`, `interface_direction`, `demo`, `enable_flag`, `created_by`, `creation_date`, `last_updated_by`, `last_update_date`, `attribute1`, `attribute2`, `attribute3`, `attribute4`, `attribute5`) VALUES ('458', 'B022', 'protocol_number', '协议号', 'varchar(260)', NULL, 'Y', 'Y', NULL, NULL, NULL, NULL, NULL, NULL, 'Y', 'sys', '2025-08-11 16:56:54', 'sys', '2025-08-11 16:56:54', NULL, NULL, NULL, NULL, NULL);\\nINSERT INTO TableName (`id`, `bank_code`, `column_code`, `column_name`, `column_type`, `mapping_bank_col`, `standard_flag`, `table_flag`, `trans_direction`, `trans_type`, `trans_detail`, `interface_type`, `interface_direction`, `demo`, `enable_flag`, `created_by`, `creation_date`, `last_updated_by`, `last_update_date`, `attribute1`, `attribute2`, `attribute3`, `attribute4`, `attribute5`) VALUES ('439', 'B022', 'reference_number', '业务参考号(客户方流水号)', 'varchar(32)', NULL, 'Y', 'Y', NULL, 'PAY', 'pay_check_num', NULL, NULL, NULL, 'Y', 'sys', '2025-08-11 16:56:54', 'sys', '2025-08-11 16:56:54', NULL, NULL, NULL, NULL, NULL);\\nINSERT INTO TableName (`id`, `bank_code`, `column_code`, `column_name`, `column_type`, `mapping_bank_col`, `standard_flag`, `table_flag`, `trans_direction`, `trans_type`, `trans_detail`, `interface_type`, `interface_direction`, `demo`, `enable_flag`, `created_by`, `creation_date`, `last_updated_by`, `last_update_date`, `attribute1`, `attribute2`, `attribute3`, `attribute4`, `attribute5`) VALUES ('450', 'B022', 'rel_code', '头请求返回代码', 'varchar(32)', NULL, 'Y', 'Y', NULL, NULL, NULL, NULL, NULL, NULL, 'Y', 'sys', '2025-08-11 16:56:54', 'sys', '2025-08-11 16:56:54', NULL, NULL, NULL, NULL, NULL);\\nINSERT INTO TableName (`id`, `bank_code`, `column_code`, `column_name`, `column_type`, `mapping_bank_col`, `standard_flag`, `table_flag`, `trans_direction`, `trans_type`, `trans_detail`, `interface_type`, `interface_direction`, `demo`, `enable_flag`, `created_by`, `creation_date`, `last_updated_by`, `last_update_date`, `attribute1`, `attribute2`, `attribute3`, `attribute4`, `attribute5`) VALUES ('451', 'B022', 'rel_message', '头请求返回信息', 'varchar(260)', NULL, 'Y', 'Y', NULL, NULL, NULL, NULL, NULL, NULL, 'Y', 'sys', '2025-08-11 16:56:54', 'sys', '2025-08-11 16:56:54', NULL, NULL, NULL, NULL, NULL);\\nINSERT INTO TableName (`id`, `bank_code`, `column_code`, `column_name`, `column_type`, `mapping_bank_col`, `standard_flag`, `table_flag`, `trans_direction`, `trans_type`, `trans_detail`, `interface_type`, `interface_direction`, `demo`, `enable_flag`, `created_by`, `creation_date`, `last_updated_by`, `last_update_date`, `attribute1`, `attribute2`, `attribute3`, `attribute4`, `attribute5`) VALUES ('440', 'B022', 'remark', '用途', 'varchar(64)', NULL, 'Y', 'Y', NULL, 'PAY', 'remark', NULL, NULL, NULL, 'Y', 'sys', '2025-08-11 16:56:54', 'sys', '2025-08-11 16:56:54', NULL, NULL, NULL, NULL, NULL);\\nINSERT INTO TableName (`id`, `bank_code`, `column_code`, `column_name`, `column_type`, `mapping_bank_col`, `standard_flag`, `table_flag`, `trans_direction`, `trans_type`, `trans_detail`, `interface_type`, `interface_direction`, `demo`, `enable_flag`, `created_by`, `creation_date`, `last_updated_by`, `last_update_date`, `attribute1`, `attribute2`, `attribute3`, `attribute4`, `attribute5`) VALUES ('474', 'B022', 'remit_location', '同城异地标志（0：同城\\r\\n1：异地', 'varchar(1)', NULL, 'N', 'Y', NULL, NULL, NULL, NULL, NULL, NULL, 'Y', 'sys', '2025-08-11 16:56:54', 'sys', '2025-08-11 16:56:54', NULL, NULL, NULL, NULL, NULL);\\nINSERT INTO TableName (`id`, `bank_code`, `column_code`, `column_name`, `column_type`, `mapping_bank_col`, `standard_flag`, `table_flag`, `trans_direction`, `trans_type`, `trans_detail`, `interface_type`, `interface_direction`, `demo`, `enable_flag`, `created_by`, `creation_date`, `last_updated_by`, `last_update_date`, `attribute1`, `attribute2`, `attribute3`, `attribute4`, `attribute5`) VALUES ('471', 'B022', 'remit_purpose', '汇款用途(对公不输入，对私B)', 'varchar(1)', NULL, 'N', 'Y', NULL, NULL, NULL, NULL, NULL, NULL, 'Y', 'sys', '2025-08-11 16:56:54', 'sys', '2025-08-11 16:56:54', NULL, NULL, NULL, NULL, NULL);\\nINSERT INTO TableName (`id`, `bank_code`, `column_code`, `column_name`, `column_type`, `mapping_bank_col`, `standard_flag`, `table_flag`, `trans_direction`, `trans_type`, `trans_detail`, `interface_type`, `interface_direction`, `demo`, `enable_flag`, `created_by`, `creation_date`, `last_updated_by`, `last_update_date`, `attribute1`, `attribute2`, `attribute3`, `attribute4`, `attribute5`) VALUES ('449', 'B022', 'status', '付款状态', 'varchar(50)', NULL, 'Y', 'Y', NULL, NULL, NULL, NULL, NULL, NULL, 'Y', 'sys', '2025-08-11 16:56:54', 'sys', '2025-08-11 16:56:54', NULL, NULL, NULL, NULL, NULL);\\nINSERT INTO TableName (`id`, `bank_code`, `column_code`, `column_name`, `column_type`, `mapping_bank_col`, `standard_flag`, `table_flag`, `trans_direction`, `trans_type`, `trans_detail`, `interface_type`, `interface_direction`, `demo`, `enable_flag`, `created_by`, `creation_date`, `last_updated_by`, `last_update_date`, `attribute1`, `attribute2`, `attribute3`, `attribute4`, `attribute5`) VALUES ('469', 'B022', 'sys_flag', '本行/他行标志(0：表示本行\\r\\n1：表示他行)', 'varchar(1)', NULL, 'N', 'Y', NULL, NULL, NULL, NULL, NULL, NULL, 'Y', 'sys', '2025-08-11 16:56:54', 'sys', '2025-08-11 16:56:54', NULL, NULL, NULL, NULL, NULL);\\nINSERT INTO TableName (`id`, `bank_code`, `column_code`, `column_name`, `column_type`, `mapping_bank_col`, `standard_flag`, `table_flag`, `trans_direction`, `trans_type`, `trans_detail`, `interface_type`, `interface_direction`, `demo`, `enable_flag`, `created_by`, `creation_date`, `last_updated_by`, `last_update_date`, `attribute1`, `attribute2`, `attribute3`, `attribute4`, `attribute5`) VALUES ('430', 'B022', 'tenant_id', '租户id', 'bigint(20)', NULL, 'Y', 'Y', NULL, 'PAY', 'tenant_id', NULL, NULL, NULL, 'Y', 'sys', '2025-08-11 16:56:54', 'sys', '2025-08-11 16:56:54', NULL, NULL, NULL, NULL, NULL);\\nINSERT INTO TableName (`id`, `bank_code`, `column_code`, `column_name`, `column_type`, `mapping_bank_col`, `standard_flag`, `table_flag`, `trans_direction`, `trans_type`, `trans_detail`, `interface_type`, `interface_direction`, `demo`, `enable_flag`, `created_by`, `creation_date`, `last_updated_by`, `last_update_date`, `attribute1`, `attribute2`, `attribute3`, `attribute4`, `attribute5`) VALUES ('488', 'B022', 'trn_uid', '指令唯一号', 'varchar(32)', NULL, 'Y', 'Y', NULL, NULL, NULL, NULL, NULL, NULL, 'Y', 'sys', '2025-06-11 16:56:54', 'sys', '2025-06-11 16:56:54', NULL, NULL, NULL, NULL, NULL);\\nCOMMIT;   帮我把id列去掉，同时B022改成B017\",\"sessionId\":\"9c8f08ee-8d97-4c21-b721-e33e0cd56961\",\"slash\":\"Composer\",\"contexts\":[],\"mcpInfo\":[],\"modelKey\":\"auto\",\"username\":\"liumandong\",\"ide\":\"JetBrains-Local-IntellijIdeaUltimate\",\"ideVersion\":\"252.23892.409\",\"pluginVersion\":\"3.23.0\",\"extend\":{\"contextMode\":\"NORMAL\",\"requestType\":\"COMATE_DEFAULT_MODE\"}}","allowAbsoluteUrls":true,"baseURL":"https://comate.baidu-int.com"},"code":"ECONNRESET"}
[13734] [2026-01-09 11:37:20] [INFO] [ENGINE]  <--------- ENGINE SEND: COMATE_AGENT_UPDATE_MESSAGE {"data":{"type":"conversation-status","conversationInfo":{"id":"9c8f08ee-8d97-4c21-b721-e33e0cd56961","status":"Failed","type":"E2EBotConversation","utime":1767929837721,"ctime":1767929814561}}}
[13734] [2026-01-09 11:37:34] [VERBOSE] [VIRTUALEDITOR]  VirtualEditor.getActiveDocument, args: 
[13734] [2026-01-09 11:37:34] [INFO] [ENGINE]  <--------- ENGINE SEND: VIRTUAL_EDITOR_EVENT {"action":"getActiveDocument","payload":{"uuid":"6b41ad3c-c27e-411f-800c-607adcfdb37d"}}
[13734] [2026-01-09 11:37:34] [INFO] [CONVERSATIONMANAGER]  [Performance] agent-start-analyze take 21.876042366027832 ms
[13734] [2026-01-09 11:37:34] [INFO] [CONVERSATIONMANAGER]  E2EBot start new roundtrip
[13734] [2026-01-09 11:37:34] [VERBOSE] [VIRTUALEDITOR]  VirtualEditor.getActiveDocument, args: 
[13734] [2026-01-09 11:37:34] [INFO] [ENGINE]  <--------- ENGINE SEND: VIRTUAL_EDITOR_EVENT {"action":"getActiveDocument","payload":{"uuid":"8dcf2496-5928-4fb8-8ee1-33d8ab93135f"}}
[13734] [2026-01-09 11:37:34] [INFO] [ENGINE]  ---------> ENGINE REC: VIRTUAL_EDITOR_EVENT {"uuid":"6b41ad3c-c27e-411f-800c-607adcfdb37d","existed":true,"absolutePath":"/Users/xiaoliu/baidu/bpit-proc-apps/pmc/pmc-basic-bankcommon/src/main/java/com/baidu/pmc/bankcommon/core/service/impl/PmcPayCommonBankColSetServiceImpl.java","content":"package com.baidu.pmc.bankcommon.core.service.impl;\n\nimport com.baidu.pmc.bankcommon.core.constants.Constants;\nimport com.baidu.pmc.bankcommon.core.service.PmcPayCommonBankColSetService;\nimport com.baidu.pmc.bankcommon.core.utils.JedisUtil;\nimport com.baidu.pmc.bankcommon.core.utils.ReflectUtils;\nimport com.baidu.pmc.bankcommon.persistence.dao.PmcPayCommonBankColSetMapper;\nimport com.baidu.pmc.bankcommon.persistence.dao.PmcPayCommonBankSetMapper;\nimport com.baidu.pmc.bankcommon.persistence.dao.PmcPayCommonTransFlexSetMapper;\nimport com.baidu.pmc.bankcommon.persistence.domain.PmcPayCommonBankColSet;\nimport com.baidu.pmc.bankcommon.persistence.domain.PmcPayCommonTransFlexSet;\nimport com.baidu.pmc.common.exception.ServiceException;\nimport com.baidu.pmc.common.utils.StringUtils;\nimport com.baidu.pmc.pojo.model.PmcPayCommonBankSet;\nimport com.baidu.pmc.pojo.model.fnd.FndFlexValue;\nimport lombok.extern.slf4j.Slf4j;\nimport org.apache.commons.collections.CollectionUtils;\nimport org.apache.commons.collections4.ListUtils;\nimport org.springframework.beans.factory.annotation.Autowired;\nimport org.springframework.stereotype.Service;\nimport tk.mybatis.mapper.entity.Example;\n\nimport java.util.ArrayList;\nimport java.util.Arrays;\nimport java.util.Collections;\nimport java.util.List;\nimport java.util.Objects;\nimport java.util.stream.Collectors;\n\n/**\n * @description:\n * @author: zhangzhibo01\n * @time: 2025/5/30 16:49\n */\n@Service\n@Slf4j\npublic class PmcPayCommonBankColSetServiceImpl implements PmcPayCommonBankColSetService {\n\n    @Autowired\n    private PmcPayCommonBankSetMapper pmcPayCommonBankSetMapper;\n    @Autowired\n    private PmcPayCommonBankColSetMapper pmcPayCommonBankColSetMapper;\n    @Autowired\n    private PmcPayCommonTransFlexSetMapper transFlexSetMapper;\n    @Autowired\n    private OperateByJDBC operateByJDBC;\n\n    private static final Integer REDIS_EXPIRE = 3600;\n\n    @Override\n    public List<String> getBankCommonInstructDynamic(String bankCode) {\n        if (StringUtils.isBlank(bankCode)) {\n            throw new ServiceException(\"银行编码不能为空\");\n        }\n        String key = Constants.RedisKey.BANK_COMMON_COL_SET + bankCode;\n        List<String> result = new ArrayList<>();\n        result = JedisUtil.getList(key, String.class);\n        // if (CollectionUtils.isNotEmpty(result)) {\n        //     return result;\n        // }\n\n        Example examplePageNo = new Example(PmcPayCommonBankColSet.class);\n        examplePageNo.createCriteria().\n                andEqualTo(\"bankCode\", bankCode)\n                .andEqualTo(\"tableFlag\", Constants.ENABLED_Y)\n                .andEqualTo(\"enableFlag\", Constants.ENABLED_Y);\n        List<PmcPayCommonBankColSet> pmcPayCommonBankColSets = pmcPayCommonBankColSetMapper.selectByExample(examplePageNo);\n\n        if (CollectionUtils.isEmpty(pmcPayCommonBankColSets)) {\n            throw new ServiceException(\"银行配置不存在！\");\n        }\n        result = pmcPayCommonBankColSets.stream().map(PmcPayCommonBankColSet::getColumnCode)\n                .collect(Collectors.toList());\n        JedisUtil.setex(key, REDIS_EXPIRE, result);\n        return result;\n    }\n\n    @Override\n    public List<PmcPayCommonBankColSet> getBankColSet(String bankCode) {\n        if (org.apache.commons.lang3.StringUtils.isBlank(bankCode)) {\n            return Collections.emptyList();\n        }\n        String redisKey = Constants.RedisKey.INSTRUCT_TABLE_COL_PREFIX + bankCode;\n        List<PmcPayCommonBankColSet> list = null;\n        try {\n            list = JedisUtil.getList(redisKey, PmcPayCommonBankColSet.class);\n        } catch (Exception e) {\n            log.error(\"get bank {} col set from redis error\", bankCode, e);\n        }\n        // if (org.apache.commons.collections4.CollectionUtils.isNotEmpty(list)) {\n        //     return list;\n        // }\n        PmcPayCommonBankColSet query = new PmcPayCommonBankColSet();\n        query.setBankCode(bankCode);\n        query.setTableFlag(Constants.ENABLED_Y);\n        query.setEnableFlag(Constants.ENABLED_Y);\n        list = pmcPayCommonBankColSetMapper.select(query);\n        list = ListUtils.emptyIfNull(list).stream()\n                .filter(col -> org.apache.commons.lang3.StringUtils.isNotBlank(col.getColumnCode())).collect(Collectors.toList());\n        if (org.apache.commons.collections4.CollectionUtils.isEmpty(list)) {\n            log.error(\"bank {} do not have any config\", bankCode);\n            return Collections.emptyList();\n        }\n        try {\n            JedisUtil.setex(redisKey, REDIS_EXPIRE, list);\n        } catch (Exception e) {\n            log.error(\"set bank {} col set to redis error\", bankCode, e);\n        }\n        return list;\n    }\n\n    @Override\n    public String getBankSuffix(String bankCode) {\n        if (StringUtils.isBlank(bankCode)) {\n            throw new ServiceException(\"银行编码不能为空\");\n        }\n        String result = null;\n        String key = Constants.RedisKey.BANK_COMMON_CODE_SUFFIX + bankCode;\n        result = (String) JedisUtil.get(key);\n         if (StringUtils.isNotBlank(result)) {\n             return result;\n         }\n        Example examplePageNo = new Example(PmcPayCommonBankSet.class);\n        examplePageNo.createCriteria().\n                andEqualTo(\"bankCode\", bankCode);\n        List<PmcPayCommonBankSet> pmcPayCommonBankSets = pmcPayCommonBankSetMapper.selectByExample(examplePageNo);\n        if (CollectionUtils.isEmpty(pmcPayCommonBankSets)) {\n            log.error(\"bankCode={},银行配置不存在！\", bankCode);\n            throw new ServiceException(\"银行配置不存在！\");\n        }\n        result = pmcPayCommonBankSets.get(0).getBankSuffix();\n        JedisUtil.setex(key, REDIS_EXPIRE, result);\n        return result;\n    }\n\n    @Override\n    public Object getBankCommonFlexValue(PmcPayCommonBankColSet colSet) {\n        if (Objects.isNull(colSet) || org.apache.commons.lang3.StringUtils.isBlank(colSet.getTransDetail())) {\n            return null;\n        }\n        PmcPayCommonTransFlexSet query = new PmcPayCommonTransFlexSet();\n        query.setTransCode(colSet.getTransDetail());\n        List<PmcPayCommonTransFlexSet> flexSets = transFlexSetMapper.select(query);\n        if (org.apache.commons.collections4.CollectionUtils.isEmpty(flexSets)) {\n            log.error(\"flexSet {} do not existed\", query.getTransCode());\n            return null;\n        }\n        PmcPayCommonTransFlexSet flexSet = flexSets.get(0);\n        if (org.apache.commons.lang3.StringUtils.isAnyBlank(flexSet.getFlexValue(), flexSet.getResultCol())) {\n            log.error(\"flexSet {} do not contain flex value or result col\", flexSet.getTransCode());\n            return null;\n        }\n        List<String> values = Arrays.asList(flexSet.getFlexValue().split(\",\"));\n        List<FndFlexValue> fndFlexValues = operateByJDBC.selectBySetAndValue(flexSet.getFlexSetName(), values);\n        if (org.apache.commons.collections4.CollectionUtils.isEmpty(fndFlexValues)) {\n            log.error(\"frame flex set {} do not contain flex value {}\", flexSet.getFlexSetName(), values);\n            return null;\n        }\n        Object result = null;\n        FndFlexValue fndFlexValue = fndFlexValues.get(0);\n        try {\n            result = ReflectUtils.invokeGetMethod(fndFlexValue, flexSet.getResultCol());\n        } catch (Exception e) {\n            log.error(\"get flex value from set {} value {} col {} error\", flexSet.getFlexSetName(),\n                    flexSet.getFlexValue(), flexSet.getResultCol(), e);\n        }\n        return result;\n    }\n\n    @Override\n    public List<String> getTransferBankCodeList() {\n        Example examplePageNo = new Example(PmcPayCommonBankSet.class);\n        examplePageNo.createCriteria().\n                andEqualTo(\"transferFlag\", Constants.ENABLED_Y);\n        List<PmcPayCommonBankSet> pmcPayCommonBankSets = pmcPayCommonBankSetMapper.selectByExample(examplePageNo);\n        if (CollectionUtils.isEmpty(pmcPayCommonBankSets)) {\n            throw new ServiceException(\"银行配置不存在！\");\n        }\n        List<String> result = pmcPayCommonBankSets\n                .stream().map(PmcPayCommonBankSet::getBankCode).collect(Collectors.toList());\n        return result;\n    }\n}\n","scheme":"file","completed":false,"isEnd":false,"failed":false}
[13734] [2026-01-09 11:37:34] [INFO] [ENGINE]  ---------> ENGINE REC: VIRTUAL_EDITOR_EVENT {"uuid":"8dcf2496-5928-4fb8-8ee1-33d8ab93135f","existed":true,"absolutePath":"/Users/xiaoliu/baidu/bpit-proc-apps/pmc/pmc-basic-bankcommon/src/main/java/com/baidu/pmc/bankcommon/core/service/impl/PmcPayCommonBankColSetServiceImpl.java","content":"package com.baidu.pmc.bankcommon.core.service.impl;\n\nimport com.baidu.pmc.bankcommon.core.constants.Constants;\nimport com.baidu.pmc.bankcommon.core.service.PmcPayCommonBankColSetService;\nimport com.baidu.pmc.bankcommon.core.utils.JedisUtil;\nimport com.baidu.pmc.bankcommon.core.utils.ReflectUtils;\nimport com.baidu.pmc.bankcommon.persistence.dao.PmcPayCommonBankColSetMapper;\nimport com.baidu.pmc.bankcommon.persistence.dao.PmcPayCommonBankSetMapper;\nimport com.baidu.pmc.bankcommon.persistence.dao.PmcPayCommonTransFlexSetMapper;\nimport com.baidu.pmc.bankcommon.persistence.domain.PmcPayCommonBankColSet;\nimport com.baidu.pmc.bankcommon.persistence.domain.PmcPayCommonTransFlexSet;\nimport com.baidu.pmc.common.exception.ServiceException;\nimport com.baidu.pmc.common.utils.StringUtils;\nimport com.baidu.pmc.pojo.model.PmcPayCommonBankSet;\nimport com.baidu.pmc.pojo.model.fnd.FndFlexValue;\nimport lombok.extern.slf4j.Slf4j;\nimport org.apache.commons.collections.CollectionUtils;\nimport org.apache.commons.collections4.ListUtils;\nimport org.springframework.beans.factory.annotation.Autowired;\nimport org.springframework.stereotype.Service;\nimport tk.mybatis.mapper.entity.Example;\n\nimport java.util.ArrayList;\nimport java.util.Arrays;\nimport java.util.Collections;\nimport java.util.List;\nimport java.util.Objects;\nimport java.util.stream.Collectors;\n\n/**\n * @description:\n * @author: zhangzhibo01\n * @time: 2025/5/30 16:49\n */\n@Service\n@Slf4j\npublic class PmcPayCommonBankColSetServiceImpl implements PmcPayCommonBankColSetService {\n\n    @Autowired\n    private PmcPayCommonBankSetMapper pmcPayCommonBankSetMapper;\n    @Autowired\n    private PmcPayCommonBankColSetMapper pmcPayCommonBankColSetMapper;\n    @Autowired\n    private PmcPayCommonTransFlexSetMapper transFlexSetMapper;\n    @Autowired\n    private OperateByJDBC operateByJDBC;\n\n    private static final Integer REDIS_EXPIRE = 3600;\n\n    @Override\n    public List<String> getBankCommonInstructDynamic(String bankCode) {\n        if (StringUtils.isBlank(bankCode)) {\n            throw new ServiceException(\"银行编码不能为空\");\n        }\n        String key = Constants.RedisKey.BANK_COMMON_COL_SET + bankCode;\n        List<String> result = new ArrayList<>();\n        result = JedisUtil.getList(key, String.class);\n        // if (CollectionUtils.isNotEmpty(result)) {\n        //     return result;\n        // }\n\n        Example examplePageNo = new Example(PmcPayCommonBankColSet.class);\n        examplePageNo.createCriteria().\n                andEqualTo(\"bankCode\", bankCode)\n                .andEqualTo(\"tableFlag\", Constants.ENABLED_Y)\n                .andEqualTo(\"enableFlag\", Constants.ENABLED_Y);\n        List<PmcPayCommonBankColSet> pmcPayCommonBankColSets = pmcPayCommonBankColSetMapper.selectByExample(examplePageNo);\n\n        if (CollectionUtils.isEmpty(pmcPayCommonBankColSets)) {\n            throw new ServiceException(\"银行配置不存在！\");\n        }\n        result = pmcPayCommonBankColSets.stream().map(PmcPayCommonBankColSet::getColumnCode)\n                .collect(Collectors.toList());\n        JedisUtil.setex(key, REDIS_EXPIRE, result);\n        return result;\n    }\n\n    @Override\n    public List<PmcPayCommonBankColSet> getBankColSet(String bankCode) {\n        if (org.apache.commons.lang3.StringUtils.isBlank(bankCode)) {\n            return Collections.emptyList();\n        }\n        String redisKey = Constants.RedisKey.INSTRUCT_TABLE_COL_PREFIX + bankCode;\n        List<PmcPayCommonBankColSet> list = null;\n        try {\n            list = JedisUtil.getList(redisKey, PmcPayCommonBankColSet.class);\n        } catch (Exception e) {\n            log.error(\"get bank {} col set from redis error\", bankCode, e);\n        }\n        // if (org.apache.commons.collections4.CollectionUtils.isNotEmpty(list)) {\n        //     return list;\n        // }\n        PmcPayCommonBankColSet query = new PmcPayCommonBankColSet();\n        query.setBankCode(bankCode);\n        query.setTableFlag(Constants.ENABLED_Y);\n        query.setEnableFlag(Constants.ENABLED_Y);\n        list = pmcPayCommonBankColSetMapper.select(query);\n        list = ListUtils.emptyIfNull(list).stream()\n                .filter(col -> org.apache.commons.lang3.StringUtils.isNotBlank(col.getColumnCode())).collect(Collectors.toList());\n        if (org.apache.commons.collections4.CollectionUtils.isEmpty(list)) {\n            log.error(\"bank {} do not have any config\", bankCode);\n            return Collections.emptyList();\n        }\n        try {\n            JedisUtil.setex(redisKey, REDIS_EXPIRE, list);\n        } catch (Exception e) {\n            log.error(\"set bank {} col set to redis error\", bankCode, e);\n        }\n        return list;\n    }\n\n    @Override\n    public String getBankSuffix(String bankCode) {\n        if (StringUtils.isBlank(bankCode)) {\n            throw new ServiceException(\"银行编码不能为空\");\n        }\n        String result = null;\n        String key = Constants.RedisKey.BANK_COMMON_CODE_SUFFIX + bankCode;\n        result = (String) JedisUtil.get(key);\n         if (StringUtils.isNotBlank(result)) {\n             return result;\n         }\n        Example examplePageNo = new Example(PmcPayCommonBankSet.class);\n        examplePageNo.createCriteria().\n                andEqualTo(\"bankCode\", bankCode);\n        List<PmcPayCommonBankSet> pmcPayCommonBankSets = pmcPayCommonBankSetMapper.selectByExample(examplePageNo);\n        if (CollectionUtils.isEmpty(pmcPayCommonBankSets)) {\n            log.error(\"bankCode={},银行配置不存在！\", bankCode);\n            throw new ServiceException(\"银行配置不存在！\");\n        }\n        result = pmcPayCommonBankSets.get(0).getBankSuffix();\n        JedisUtil.setex(key, REDIS_EXPIRE, result);\n        return result;\n    }\n\n    @Override\n    public Object getBankCommonFlexValue(PmcPayCommonBankColSet colSet) {\n        if (Objects.isNull(colSet) || org.apache.commons.lang3.StringUtils.isBlank(colSet.getTransDetail())) {\n            return null;\n        }\n        PmcPayCommonTransFlexSet query = new PmcPayCommonTransFlexSet();\n        query.setTransCode(colSet.getTransDetail());\n        List<PmcPayCommonTransFlexSet> flexSets = transFlexSetMapper.select(query);\n        if (org.apache.commons.collections4.CollectionUtils.isEmpty(flexSets)) {\n            log.error(\"flexSet {} do not existed\", query.getTransCode());\n            return null;\n        }\n        PmcPayCommonTransFlexSet flexSet = flexSets.get(0);\n        if (org.apache.commons.lang3.StringUtils.isAnyBlank(flexSet.getFlexValue(), flexSet.getResultCol())) {\n            log.error(\"flexSet {} do not contain flex value or result col\", flexSet.getTransCode());\n            return null;\n        }\n        List<String> values = Arrays.asList(flexSet.getFlexValue().split(\",\"));\n        List<FndFlexValue> fndFlexValues = operateByJDBC.selectBySetAndValue(flexSet.getFlexSetName(), values);\n        if (org.apache.commons.collections4.CollectionUtils.isEmpty(fndFlexValues)) {\n            log.error(\"frame flex set {} do not contain flex value {}\", flexSet.getFlexSetName(), values);\n            return null;\n        }\n        Object result = null;\n        FndFlexValue fndFlexValue = fndFlexValues.get(0);\n        try {\n            result = ReflectUtils.invokeGetMethod(fndFlexValue, flexSet.getResultCol());\n        } catch (Exception e) {\n            log.error(\"get flex value from set {} value {} col {} error\", flexSet.getFlexSetName(),\n                    flexSet.getFlexValue(), flexSet.getResultCol(), e);\n        }\n        return result;\n    }\n\n    @Override\n    public List<String> getTransferBankCodeList() {\n        Example examplePageNo = new Example(PmcPayCommonBankSet.class);\n        examplePageNo.createCriteria().\n                andEqualTo(\"transferFlag\", Constants.ENABLED_Y);\n        List<PmcPayCommonBankSet> pmcPayCommonBankSets = pmcPayCommonBankSetMapper.selectByExample(examplePageNo);\n        if (CollectionUtils.isEmpty(pmcPayCommonBankSets)) {\n            throw new ServiceException(\"银行配置不存在！\");\n        }\n        List<String> result = pmcPayCommonBankSets\n                .stream().map(PmcPayCommonBankSet::getBankCode).collect(Collectors.toList());\n        return result;\n    }\n}\n","scheme":"file","completed":false,"isEnd":false,"failed":false}
[13734] [2026-01-09 11:37:34] [VERBOSE] [VIRTUALEDITOR]  VirtualEditor.getDocument, args: absolutePath=/Users/xiaoliu/baidu/bpit-proc-apps/pmc/pmc-basic-bankcommon/src/main/java/com/baidu/pmc/bankcommon/core/service/impl/PmcPayCommonBankColSetServiceImpl.java
[13734] [2026-01-09 11:37:34] [INFO] [ENGINE]  <--------- ENGINE SEND: VIRTUAL_EDITOR_EVENT {"action":"getDocument","payload":{"absolutePath":"/Users/xiaoliu/baidu/bpit-proc-apps/pmc/pmc-basic-bankcommon/src/main/java/com/baidu/pmc/bankcommon/core/service/impl/PmcPayCommonBankColSetServiceImpl.java","uuid":"ed86f59c-dcb0-421d-9aa9-9faf1cbfcd5c"}}
[13734] [2026-01-09 11:37:34] [INFO] [ENGINE]  ---------> ENGINE REC: VIRTUAL_EDITOR_EVENT {"uuid":"ed86f59c-dcb0-421d-9aa9-9faf1cbfcd5c","existed":true,"content":"package com.baidu.pmc.bankcommon.core.service.impl;\n\nimport com.baidu.pmc.bankcommon.core.constants.Constants;\nimport com.baidu.pmc.bankcommon.core.service.PmcPayCommonBankColSetService;\nimport com.baidu.pmc.bankcommon.core.utils.JedisUtil;\nimport com.baidu.pmc.bankcommon.core.utils.ReflectUtils;\nimport com.baidu.pmc.bankcommon.persistence.dao.PmcPayCommonBankColSetMapper;\nimport com.baidu.pmc.bankcommon.persistence.dao.PmcPayCommonBankSetMapper;\nimport com.baidu.pmc.bankcommon.persistence.dao.PmcPayCommonTransFlexSetMapper;\nimport com.baidu.pmc.bankcommon.persistence.domain.PmcPayCommonBankColSet;\nimport com.baidu.pmc.bankcommon.persistence.domain.PmcPayCommonTransFlexSet;\nimport com.baidu.pmc.common.exception.ServiceException;\nimport com.baidu.pmc.common.utils.StringUtils;\nimport com.baidu.pmc.pojo.model.PmcPayCommonBankSet;\nimport com.baidu.pmc.pojo.model.fnd.FndFlexValue;\nimport lombok.extern.slf4j.Slf4j;\nimport org.apache.commons.collections.CollectionUtils;\nimport org.apache.commons.collections4.ListUtils;\nimport org.springframework.beans.factory.annotation.Autowired;\nimport org.springframework.stereotype.Service;\nimport tk.mybatis.mapper.entity.Example;\n\nimport java.util.ArrayList;\nimport java.util.Arrays;\nimport java.util.Collections;\nimport java.util.List;\nimport java.util.Objects;\nimport java.util.stream.Collectors;\n\n/**\n * @description:\n * @author: zhangzhibo01\n * @time: 2025/5/30 16:49\n */\n@Service\n@Slf4j\npublic class PmcPayCommonBankColSetServiceImpl implements PmcPayCommonBankColSetService {\n\n    @Autowired\n    private PmcPayCommonBankSetMapper pmcPayCommonBankSetMapper;\n    @Autowired\n    private PmcPayCommonBankColSetMapper pmcPayCommonBankColSetMapper;\n    @Autowired\n    private PmcPayCommonTransFlexSetMapper transFlexSetMapper;\n    @Autowired\n    private OperateByJDBC operateByJDBC;\n\n    private static final Integer REDIS_EXPIRE = 3600;\n\n    @Override\n    public List<String> getBankCommonInstructDynamic(String bankCode) {\n        if (StringUtils.isBlank(bankCode)) {\n            throw new ServiceException(\"银行编码不能为空\");\n        }\n        String key = Constants.RedisKey.BANK_COMMON_COL_SET + bankCode;\n        List<String> result = new ArrayList<>();\n        result = JedisUtil.getList(key, String.class);\n        // if (CollectionUtils.isNotEmpty(result)) {\n        //     return result;\n        // }\n\n        Example examplePageNo = new Example(PmcPayCommonBankColSet.class);\n        examplePageNo.createCriteria().\n                andEqualTo(\"bankCode\", bankCode)\n                .andEqualTo(\"tableFlag\", Constants.ENABLED_Y)\n                .andEqualTo(\"enableFlag\", Constants.ENABLED_Y);\n        List<PmcPayCommonBankColSet> pmcPayCommonBankColSets = pmcPayCommonBankColSetMapper.selectByExample(examplePageNo);\n\n        if (CollectionUtils.isEmpty(pmcPayCommonBankColSets)) {\n            throw new ServiceException(\"银行配置不存在！\");\n        }\n        result = pmcPayCommonBankColSets.stream().map(PmcPayCommonBankColSet::getColumnCode)\n                .collect(Collectors.toList());\n        JedisUtil.setex(key, REDIS_EXPIRE, result);\n        return result;\n    }\n\n    @Override\n    public List<PmcPayCommonBankColSet> getBankColSet(String bankCode) {\n        if (org.apache.commons.lang3.StringUtils.isBlank(bankCode)) {\n            return Collections.emptyList();\n        }\n        String redisKey = Constants.RedisKey.INSTRUCT_TABLE_COL_PREFIX + bankCode;\n        List<PmcPayCommonBankColSet> list = null;\n        try {\n            list = JedisUtil.getList(redisKey, PmcPayCommonBankColSet.class);\n        } catch (Exception e) {\n            log.error(\"get bank {} col set from redis error\", bankCode, e);\n        }\n        // if (org.apache.commons.collections4.CollectionUtils.isNotEmpty(list)) {\n        //     return list;\n        // }\n        PmcPayCommonBankColSet query = new PmcPayCommonBankColSet();\n        query.setBankCode(bankCode);\n        query.setTableFlag(Constants.ENABLED_Y);\n        query.setEnableFlag(Constants.ENABLED_Y);\n        list = pmcPayCommonBankColSetMapper.select(query);\n        list = ListUtils.emptyIfNull(list).stream()\n                .filter(col -> org.apache.commons.lang3.StringUtils.isNotBlank(col.getColumnCode())).collect(Collectors.toList());\n        if (org.apache.commons.collections4.CollectionUtils.isEmpty(list)) {\n            log.error(\"bank {} do not have any config\", bankCode);\n            return Collections.emptyList();\n        }\n        try {\n            JedisUtil.setex(redisKey, REDIS_EXPIRE, list);\n        } catch (Exception e) {\n            log.error(\"set bank {} col set to redis error\", bankCode, e);\n        }\n        return list;\n    }\n\n    @Override\n    public String getBankSuffix(String bankCode) {\n        if (StringUtils.isBlank(bankCode)) {\n            throw new ServiceException(\"银行编码不能为空\");\n        }\n        String result = null;\n        String key = Constants.RedisKey.BANK_COMMON_CODE_SUFFIX + bankCode;\n        result = (String) JedisUtil.get(key);\n         if (StringUtils.isNotBlank(result)) {\n             return result;\n         }\n        Example examplePageNo = new Example(PmcPayCommonBankSet.class);\n        examplePageNo.createCriteria().\n                andEqualTo(\"bankCode\", bankCode);\n        List<PmcPayCommonBankSet> pmcPayCommonBankSets = pmcPayCommonBankSetMapper.selectByExample(examplePageNo);\n        if (CollectionUtils.isEmpty(pmcPayCommonBankSets)) {\n            log.error(\"bankCode={},银行配置不存在！\", bankCode);\n            throw new ServiceException(\"银行配置不存在！\");\n        }\n        result = pmcPayCommonBankSets.get(0).getBankSuffix();\n        JedisUtil.setex(key, REDIS_EXPIRE, result);\n        return result;\n    }\n\n    @Override\n    public Object getBankCommonFlexValue(PmcPayCommonBankColSet colSet) {\n        if (Objects.isNull(colSet) || org.apache.commons.lang3.StringUtils.isBlank(colSet.getTransDetail())) {\n            return null;\n        }\n        PmcPayCommonTransFlexSet query = new PmcPayCommonTransFlexSet();\n        query.setTransCode(colSet.getTransDetail());\n        List<PmcPayCommonTransFlexSet> flexSets = transFlexSetMapper.select(query);\n        if (org.apache.commons.collections4.CollectionUtils.isEmpty(flexSets)) {\n            log.error(\"flexSet {} do not existed\", query.getTransCode());\n            return null;\n        }\n        PmcPayCommonTransFlexSet flexSet = flexSets.get(0);\n        if (org.apache.commons.lang3.StringUtils.isAnyBlank(flexSet.getFlexValue(), flexSet.getResultCol())) {\n            log.error(\"flexSet {} do not contain flex value or result col\", flexSet.getTransCode());\n            return null;\n        }\n        List<String> values = Arrays.asList(flexSet.getFlexValue().split(\",\"));\n        List<FndFlexValue> fndFlexValues = operateByJDBC.selectBySetAndValue(flexSet.getFlexSetName(), values);\n        if (org.apache.commons.collections4.CollectionUtils.isEmpty(fndFlexValues)) {\n            log.error(\"frame flex set {} do not contain flex value {}\", flexSet.getFlexSetName(), values);\n            return null;\n        }\n        Object result = null;\n        FndFlexValue fndFlexValue = fndFlexValues.get(0);\n        try {\n            result = ReflectUtils.invokeGetMethod(fndFlexValue, flexSet.getResultCol());\n        } catch (Exception e) {\n            log.error(\"get flex value from set {} value {} col {} error\", flexSet.getFlexSetName(),\n                    flexSet.getFlexValue(), flexSet.getResultCol(), e);\n        }\n        return result;\n    }\n\n    @Override\n    public List<String> getTransferBankCodeList() {\n        Example examplePageNo = new Example(PmcPayCommonBankSet.class);\n        examplePageNo.createCriteria().\n                andEqualTo(\"transferFlag\", Constants.ENABLED_Y);\n        List<PmcPayCommonBankSet> pmcPayCommonBankSets = pmcPayCommonBankSetMapper.selectByExample(examplePageNo);\n        if (CollectionUtils.isEmpty(pmcPayCommonBankSets)) {\n            throw new ServiceException(\"银行配置不存在！\");\n        }\n        List<String> result = pmcPayCommonBankSets\n                .stream().map(PmcPayCommonBankSet::getBankCode).collect(Collectors.toList());\n        return result;\n    }\n}\n","completed":false,"isEnd":false,"failed":false}
[13734] [2026-01-09 11:37:38] [INFO] [CONVERSATIONMANAGER]  [Performance] agent-end-analyze take 4468.589166641235 ms
[13734] [2026-01-09 11:37:38] [INFO] [CONVERSATIONMANAGER]  [Performance] agent-readenv-end take 4475.373125076294 ms
[13734] [2026-01-09 11:37:38] [VERBOSE] [VIRTUALEDITOR]  VirtualEditor.startConversationEditSession, args: conversationId=9c8f08ee-8d97-4c21-b721-e33e0cd56961,source=E2EBotConversation
[13734] [2026-01-09 11:37:38] [INFO] [ENGINE]  <--------- ENGINE SEND: VIRTUAL_EDITOR_EVENT {"action":"startConversationEditSession","payload":{"conversationId":"9c8f08ee-8d97-4c21-b721-e33e0cd56961","source":"E2EBotConversation","uuid":"96a131c4-d69e-49b1-a4ee-c0ea7bcb176b"}}
[13734] [2026-01-09 11:37:38] [VERBOSE] [VIRTUALEDITOR]  VirtualEditor.getDocument, args: absolutePath=/Users/xiaoliu/baidu/bpit-proc-apps/pmc/.comate/rules/rules.mdr
[13734] [2026-01-09 11:37:38] [INFO] [ENGINE]  <--------- ENGINE SEND: VIRTUAL_EDITOR_EVENT {"action":"getDocument","payload":{"absolutePath":"/Users/xiaoliu/baidu/bpit-proc-apps/pmc/.comate/rules/rules.mdr","uuid":"06ab19d8-4219-4934-94c8-a7b4eb04fbb9"}}
[13734] [2026-01-09 11:37:38] [INFO] [ENGINE]  ---------> ENGINE REC: VIRTUAL_EDITOR_EVENT {"uuid":"06ab19d8-4219-4934-94c8-a7b4eb04fbb9","existed":true,"content":"---\n alwaysApply: true \n---\n# 百度PMC支付管理中心项目规则\n\n## 项目概览\n\n**项目定位**: 百度企业金融支付管理中心，处理多银行渠道的企业支付业务\n**架构模式**: Spring Cloud微服务架构，按银行维度模块化设计\n**技术栈**: Spring Boot 1.5.9 + MyBatis + Spring Cloud Netflix + Hessian\n\n## 核心架构规则\n\n### 模块划分原则\n- **银行独立模块**: 每个银行对应独立服务模块（pmc-basic-{bank-code}）\n- **通用支撑模块**: pmc-basic-common（基础设施）、pmc-basic-pojo（数据模型）、pmc-basic-persistence（数据访问）\n- **业务核心模块**: pmc-basic-service（核心业务）、pmc-basic-web（网关层）\n- **策略模式**: 所有银行模块实现统一BankStrategy接口，运行时动态选择具体实现\n\n### 分层架构规范\n```\nController层 → Service层 → 银行策略层 → Persistence层\n```\n- Controller: 统一使用@RestController，返回ResponseMessage包装对象\n- Service: 接口+实现类模式，使用Spring声明式事务\n- 策略层: 通过BankStrategyEnum枚举选择具体银行实现\n- Persistence: MyBatis + 通用Mapper，XML映射文件位于resources/mapper/\n\n## 开发契约\n\n### 异常处理模式\n- 全局异常处理器: 使用@RestControllerAdvice统一处理FeignException、AccessDeniedException等\n- 统一响应: 所有API返回ResponseMessage对象（包含status、message、data字段）\n- 操作日志: 基于MyBatis拦截器自动记录DELETE/UPDATE操作，异步写入\n\n### 银行接口封装规范\n- **报文标准化**: 统一使用MessageBuilder构建银行报文，ResponseXmlParser解析响应\n- **XML处理**: 使用JDOM2处理银行XML报文，XPath进行节点操作\n- **安全机制**: 各银行独立处理加密、证书、签名等安全要求\n- **通信协议**: 主要使用HTTP+XML，部分银行支持FTP/SFTP\n\n### 命名规范\n- **包名**: com.baidu.pmc.{bank-code}.{layer}\n- **类名**: {BankCode}{Function}（如：CmbController、IcbcService）\n- **方法名**: selectXxx、queryXxx、insertXxx、updateXxx、deleteXxx\n- **表名**: pmc_{bank-code}_{entity-name}\n- **模块名**: pmc-basic-{bank-code}\n\n### 配置管理\n- **多环境支持**: Maven profiles管理local/dev/test/uat/sit/vir/online环境\n- **配置中心**: Spring Cloud Config集中管理配置\n- **服务注册**: Eureka进行服务发现和注册\n- **网关路由**: Zuul统一路由转发和过滤处理\n\n## 关键开发模式\n\n### 银行适配器模式\n每个银行模块独立部署，通过策略模式实现统一调用：\n1. 定义BankStrategy接口规范\n2. 各银行实现具体的策略类\n3. 通过BankStrategyEnum选择具体实现\n4. 运行时动态绑定银行特定逻辑\n\n### 数据一致性保障\n- **事务边界**: Service层定义事务边界，跨银行操作使用最终一致性\n- **幂等性**: 支付指令使用唯一标识，支持重复提交校验\n- **状态管理**: 统一支付状态流转（待发送→已发送→处理中→成功/失败）\n\n### 异步处理机制\n- **异步日志**: 使用@Async注解实现操作日志异步写入\n- **消息推送**: 集成百度微云消息中心进行状态通知\n- **重试机制**: 银行接口调用支持可配置的重试策略\n\n## 环境配置\n\n### 端口分配\n各银行服务使用不同端口避免冲突：\n- 主服务: 8080\n- 招商银行: 8081\n- 工商银行: 8082\n- 建设银行: 8083\n- [需人工确认] 其他银行端口按顺序分配\n\n### 构建部署\n- **构建工具**: Maven多模块项目，Java 8编译\n- **CI/CD**: BCloud平台自动化构建\n- **构建脚本**: 各环境独立脚本（sitBuild.sh、uatBuild.sh等）\n- **产出物**: 统一输出到output目录\n\n## 集成规范\n\n### 百度内部系统集成\n- **认证系统**: UUAP统一认证，支持单点登录\n- **消息中心**: 百度微云消息中心推送状态变更通知\n- **工作流**: WK工作流引擎处理审批流程\n\n### 外部接口规范\n- **RESTful API**: 统一使用REST风格接口\n- **数据格式**: JSON为主，银行接口使用XML\n- **错误码**: 统一错误码规范，区分系统错误和业务错误\n\n## 注意事项\n\n1. **银行模块隔离**: 禁止跨银行模块直接调用，必须通过策略模式\n2. **环境配置**: 严格按Maven profile进行环境隔离，禁止配置混淆\n3. **安全要求**: 银行敏感信息（密钥、证书）按各银行要求独立管理\n4. **事务边界**: 避免跨银行事务，使用补偿机制保证最终一致性\n5. **版本兼容**: Spring Boot 1.5.9版本，注意依赖版本冲突\n\n---\n\n**最后更新**: 2025-11-09\n**适用范围**: 百度PMC支付管理中心所有开发活动\n**规则优先级**: 项目级规则 > 通用开发规范 > 个人编码习惯","completed":false,"isEnd":false,"failed":false}
[13734] [2026-01-09 11:37:38] [INFO] [CONVERSATIONMANAGER]  [Performance] agent-start-stream take 4493.2196254730225 ms
[13734] [2026-01-09 11:37:41] [INFO] [CONVERSATIONMANAGER]  [Performance] agent-first-token take 7897.031749725342 ms
[13734] [2026-01-09 11:39:00] [INFO] [ENGINE]  ---------> ENGINE REC: COMATE_AGENT_NEW_MESSAGE {"data":"{\"agentPayload\":{\"messageType\":\"refresh-messages\",\"conversationId\":\"9c8f08ee-8d97-4c21-b721-e33e0cd56961\",\"payload\":{}}}"}
[13734] [2026-01-09 11:39:00] [INFO] [CONVERSATIONMANAGER]  onConversationMessage {"messageType":"refresh-messages","conversationId":"9c8f08ee-8d97-4c21-b721-e33e0cd56961","payload":{}}
[13734] [2026-01-09 11:39:02] [INFO] [ENGINE]  ---------> ENGINE REC: COMATE_AGENT_NEW_MESSAGE {"data":"{\"agentPayload\":{\"messageType\":\"refresh-messages\",\"conversationId\":\"9c8f08ee-8d97-4c21-b721-e33e0cd56961\",\"payload\":{}}}"}
[13734] [2026-01-09 11:39:02] [INFO] [CONVERSATIONMANAGER]  onConversationMessage {"messageType":"refresh-messages","conversationId":"9c8f08ee-8d97-4c21-b721-e33e0cd56961","payload":{}}
[13734] [2026-01-09 11:39:04] [INFO] [ENGINE]  ---------> ENGINE REC: COMATE_AGENT_NEW_MESSAGE {"data":"{\"agentPayload\":{\"messageType\":\"refresh-messages\",\"conversationId\":\"9c8f08ee-8d97-4c21-b721-e33e0cd56961\",\"payload\":{}}}"}
[13734] [2026-01-09 11:39:04] [INFO] [CONVERSATIONMANAGER]  onConversationMessage {"messageType":"refresh-messages","conversationId":"9c8f08ee-8d97-4c21-b721-e33e0cd56961","payload":{}}
[13734] [2026-01-09 11:39:06] [INFO] [ENGINE]  ---------> ENGINE REC: COMATE_AGENT_NEW_MESSAGE {"data":"{\"agentPayload\":{\"messageType\":\"refresh-messages\",\"conversationId\":\"9c8f08ee-8d97-4c21-b721-e33e0cd56961\",\"payload\":{}}}"}
[13734] [2026-01-09 11:39:06] [INFO] [CONVERSATIONMANAGER]  onConversationMessage {"messageType":"refresh-messages","conversationId":"9c8f08ee-8d97-4c21-b721-e33e0cd56961","payload":{}}
[13734] [2026-01-09 11:39:12] [INFO] [PLUGINCHANNEL]  {"level":"warn","source":"IdeSession","action":"SessionTimeout","detail":{}}
[13734] [2026-01-09 11:39:34] [INFO] [ENGINE]  ---------> ENGINE REC: COMATE_AGENT_NEW_MESSAGE {"data":"{\"agentPayload\":{\"messageType\":\"refresh-messages\",\"conversationId\":\"9c8f08ee-8d97-4c21-b721-e33e0cd56961\",\"payload\":{}}}"}
[13734] [2026-01-09 11:39:34] [INFO] [CONVERSATIONMANAGER]  onConversationMessage {"messageType":"refresh-messages","conversationId":"9c8f08ee-8d97-4c21-b721-e33e0cd56961","payload":{}}
[13734] [2026-01-09 11:39:37] [INFO] [ENGINE]  ---------> ENGINE REC: COMATE_AGENT_NEW_MESSAGE {"data":"{\"agentPayload\":{\"messageType\":\"refresh-messages\",\"conversationId\":\"9c8f08ee-8d97-4c21-b721-e33e0cd56961\",\"payload\":{}}}"}
[13734] [2026-01-09 11:39:37] [INFO] [CONVERSATIONMANAGER]  onConversationMessage {"messageType":"refresh-messages","conversationId":"9c8f08ee-8d97-4c21-b721-e33e0cd56961","payload":{}}
[13734] [2026-01-09 11:39:39] [INFO] [ENGINE]  ---------> ENGINE REC: COMATE_AGENT_NEW_MESSAGE {"data":"{\"agentPayload\":{\"messageType\":\"refresh-messages\",\"conversationId\":\"9c8f08ee-8d97-4c21-b721-e33e0cd56961\",\"payload\":{}}}"}
[13734] [2026-01-09 11:39:39] [INFO] [CONVERSATIONMANAGER]  onConversationMessage {"messageType":"refresh-messages","conversationId":"9c8f08ee-8d97-4c21-b721-e33e0cd56961","payload":{}}
[13734] [2026-01-09 11:39:40] [INFO] [PLUGINCHANNEL]  {"level":"warn","source":"IdeSession","action":"SessionTimeout","detail":{}}
[13734] [2026-01-09 11:39:42] [INFO] [ENGINE]  ---------> ENGINE REC: COMATE_AGENT_NEW_MESSAGE {"data":"{\"agentPayload\":{\"messageType\":\"refresh-messages\",\"conversationId\":\"9c8f08ee-8d97-4c21-b721-e33e0cd56961\",\"payload\":{}}}"}
[13734] [2026-01-09 11:39:42] [INFO] [CONVERSATIONMANAGER]  onConversationMessage {"messageType":"refresh-messages","conversationId":"9c8f08ee-8d97-4c21-b721-e33e0cd56961","payload":{}}
[13734] [2026-01-09 11:39:44] [INFO] [ENGINE]  ---------> ENGINE REC: COMATE_AGENT_NEW_MESSAGE {"data":"{\"agentPayload\":{\"messageType\":\"refresh-messages\",\"conversationId\":\"9c8f08ee-8d97-4c21-b721-e33e0cd56961\",\"payload\":{}}}"}
[13734] [2026-01-09 11:39:44] [INFO] [CONVERSATIONMANAGER]  onConversationMessage {"messageType":"refresh-messages","conversationId":"9c8f08ee-8d97-4c21-b721-e33e0cd56961","payload":{}}
[13734] [2026-01-09 11:39:46] [INFO] [ENGINE]  ---------> ENGINE REC: COMATE_AGENT_NEW_MESSAGE {"data":"{\"agentPayload\":{\"messageType\":\"refresh-messages\",\"conversationId\":\"9c8f08ee-8d97-4c21-b721-e33e0cd56961\",\"payload\":{}}}"}
[13734] [2026-01-09 11:39:46] [INFO] [CONVERSATIONMANAGER]  onConversationMessage {"messageType":"refresh-messages","conversationId":"9c8f08ee-8d97-4c21-b721-e33e0cd56961","payload":{}}
[13734] [2026-01-09 11:39:48] [INFO] [PLUGINCHANNEL]  {"level":"warn","source":"IdeSession","action":"SessionTimeout","detail":{}}
[13734] [2026-01-09 11:39:49] [INFO] [ENGINE]  ---------> ENGINE REC: COMATE_AGENT_NEW_MESSAGE {"data":"{\"agentPayload\":{\"messageType\":\"refresh-messages\",\"conversationId\":\"9c8f08ee-8d97-4c21-b721-e33e0cd56961\",\"payload\":{}}}"}
[13734] [2026-01-09 11:39:49] [INFO] [CONVERSATIONMANAGER]  onConversationMessage {"messageType":"refresh-messages","conversationId":"9c8f08ee-8d97-4c21-b721-e33e0cd56961","payload":{}}
[13734] [2026-01-09 11:39:51] [INFO] [PLUGINCHANNEL]  {"level":"warn","source":"IdeSession","action":"SessionTimeout","detail":{}}
[13734] [2026-01-09 11:39:52] [INFO] [ENGINE]  ---------> ENGINE REC: COMATE_AGENT_NEW_MESSAGE {"data":"{\"agentPayload\":{\"messageType\":\"refresh-messages\",\"conversationId\":\"9c8f08ee-8d97-4c21-b721-e33e0cd56961\",\"payload\":{}}}"}
[13734] [2026-01-09 11:39:52] [INFO] [CONVERSATIONMANAGER]  onConversationMessage {"messageType":"refresh-messages","conversationId":"9c8f08ee-8d97-4c21-b721-e33e0cd56961","payload":{}}
[13734] [2026-01-09 11:39:55] [INFO] [ENGINE]  ---------> ENGINE REC: COMATE_AGENT_NEW_MESSAGE {"data":"{\"agentPayload\":{\"messageType\":\"refresh-messages\",\"conversationId\":\"9c8f08ee-8d97-4c21-b721-e33e0cd56961\",\"payload\":{}}}"}
[13734] [2026-01-09 11:39:55] [INFO] [CONVERSATIONMANAGER]  onConversationMessage {"messageType":"refresh-messages","conversationId":"9c8f08ee-8d97-4c21-b721-e33e0cd56961","payload":{}}
[13734] [2026-01-09 11:39:58] [INFO] [ENGINE]  ---------> ENGINE REC: COMATE_AGENT_NEW_MESSAGE {"data":"{\"agentPayload\":{\"messageType\":\"refresh-messages\",\"conversationId\":\"9c8f08ee-8d97-4c21-b721-e33e0cd56961\",\"payload\":{}}}"}
[13734] [2026-01-09 11:39:58] [INFO] [CONVERSATIONMANAGER]  onConversationMessage {"messageType":"refresh-messages","conversationId":"9c8f08ee-8d97-4c21-b721-e33e0cd56961","payload":{}}
[13734] [2026-01-09 11:40:01] [INFO] [ENGINE]  ---------> ENGINE REC: COMATE_AGENT_NEW_MESSAGE {"data":"{\"agentPayload\":{\"messageType\":\"refresh-messages\",\"conversationId\":\"9c8f08ee-8d97-4c21-b721-e33e0cd56961\",\"payload\":{}}}"}
[13734] [2026-01-09 11:40:01] [INFO] [CONVERSATIONMANAGER]  onConversationMessage {"messageType":"refresh-messages","conversationId":"9c8f08ee-8d97-4c21-b721-e33e0cd56961","payload":{}}
[13734] [2026-01-09 11:40:04] [INFO] [ENGINE]  ---------> ENGINE REC: COMATE_AGENT_NEW_MESSAGE {"data":"{\"agentPayload\":{\"messageType\":\"refresh-messages\",\"conversationId\":\"9c8f08ee-8d97-4c21-b721-e33e0cd56961\",\"payload\":{}}}"}
[13734] [2026-01-09 11:40:04] [INFO] [CONVERSATIONMANAGER]  onConversationMessage {"messageType":"refresh-messages","conversationId":"9c8f08ee-8d97-4c21-b721-e33e0cd56961","payload":{}}
[13734] [2026-01-09 11:40:06] [INFO] [ENGINE]  ---------> ENGINE REC: COMATE_AGENT_NEW_MESSAGE {"data":"{\"agentPayload\":{\"messageType\":\"refresh-messages\",\"conversationId\":\"9c8f08ee-8d97-4c21-b721-e33e0cd56961\",\"payload\":{}}}"}
[13734] [2026-01-09 11:40:06] [INFO] [CONVERSATIONMANAGER]  onConversationMessage {"messageType":"refresh-messages","conversationId":"9c8f08ee-8d97-4c21-b721-e33e0cd56961","payload":{}}
[13734] [2026-01-09 11:40:09] [INFO] [ENGINE]  ---------> ENGINE REC: COMATE_AGENT_NEW_MESSAGE {"data":"{\"agentPayload\":{\"messageType\":\"refresh-messages\",\"conversationId\":\"9c8f08ee-8d97-4c21-b721-e33e0cd56961\",\"payload\":{}}}"}
[13734] [2026-01-09 11:40:09] [INFO] [CONVERSATIONMANAGER]  onConversationMessage {"messageType":"refresh-messages","conversationId":"9c8f08ee-8d97-4c21-b721-e33e0cd56961","payload":{}}
[13734] [2026-01-09 11:40:10] [INFO] [PLUGINCHANNEL]  {"level":"warn","source":"IdeSession","action":"SessionTimeout","detail":{}}
[13734] [2026-01-09 11:40:13] [INFO] [ENGINE]  ---------> ENGINE REC: COMATE_AGENT_NEW_MESSAGE {"data":"{\"agentPayload\":{\"messageType\":\"refresh-messages\",\"conversationId\":\"9c8f08ee-8d97-4c21-b721-e33e0cd56961\",\"payload\":{}}}"}
[13734] [2026-01-09 11:40:13] [INFO] [CONVERSATIONMANAGER]  onConversationMessage {"messageType":"refresh-messages","conversationId":"9c8f08ee-8d97-4c21-b721-e33e0cd56961","payload":{}}
[13734] [2026-01-09 11:40:17] [INFO] [ENGINE]  ---------> ENGINE REC: COMATE_AGENT_NEW_MESSAGE {"data":"{\"agentPayload\":{\"messageType\":\"refresh-messages\",\"conversationId\":\"9c8f08ee-8d97-4c21-b721-e33e0cd56961\",\"payload\":{}}}"}
[13734] [2026-01-09 11:40:17] [INFO] [CONVERSATIONMANAGER]  onConversationMessage {"messageType":"refresh-messages","conversationId":"9c8f08ee-8d97-4c21-b721-e33e0cd56961","payload":{}}
[13734] [2026-01-09 11:40:20] [INFO] [ENGINE]  ---------> ENGINE REC: COMATE_AGENT_NEW_MESSAGE {"data":"{\"agentPayload\":{\"messageType\":\"refresh-messages\",\"conversationId\":\"9c8f08ee-8d97-4c21-b721-e33e0cd56961\",\"payload\":{}}}"}
[13734] [2026-01-09 11:40:20] [INFO] [CONVERSATIONMANAGER]  onConversationMessage {"messageType":"refresh-messages","conversationId":"9c8f08ee-8d97-4c21-b721-e33e0cd56961","payload":{}}
[13734] [2026-01-09 11:40:23] [INFO] [ENGINE]  ---------> ENGINE REC: COMATE_AGENT_NEW_MESSAGE {"data":"{\"agentPayload\":{\"messageType\":\"refresh-messages\",\"conversationId\":\"9c8f08ee-8d97-4c21-b721-e33e0cd56961\",\"payload\":{}}}"}
[13734] [2026-01-09 11:40:23] [INFO] [CONVERSATIONMANAGER]  onConversationMessage {"messageType":"refresh-messages","conversationId":"9c8f08ee-8d97-4c21-b721-e33e0cd56961","payload":{}}
[13734] [2026-01-09 11:40:28] [INFO] [ENGINE]  ---------> ENGINE REC: COMATE_AGENT_NEW_MESSAGE {"data":"{\"agentPayload\":{\"messageType\":\"refresh-messages\",\"conversationId\":\"9c8f08ee-8d97-4c21-b721-e33e0cd56961\",\"payload\":{}}}"}
[13734] [2026-01-09 11:40:28] [INFO] [CONVERSATIONMANAGER]  onConversationMessage {"messageType":"refresh-messages","conversationId":"9c8f08ee-8d97-4c21-b721-e33e0cd56961","payload":{}}
[13734] [2026-01-09 11:40:33] [INFO] [ENGINE]  ---------> ENGINE REC: COMATE_AGENT_NEW_MESSAGE {"data":"{\"agentPayload\":{\"messageType\":\"refresh-messages\",\"conversationId\":\"9c8f08ee-8d97-4c21-b721-e33e0cd56961\",\"payload\":{}}}"}
[13734] [2026-01-09 11:40:33] [INFO] [CONVERSATIONMANAGER]  onConversationMessage {"messageType":"refresh-messages","conversationId":"9c8f08ee-8d97-4c21-b721-e33e0cd56961","payload":{}}
[13734] [2026-01-09 11:40:37] [INFO] [ENGINE]  ---------> ENGINE REC: COMATE_AGENT_NEW_MESSAGE {"data":"{\"agentPayload\":{\"messageType\":\"refresh-messages\",\"conversationId\":\"9c8f08ee-8d97-4c21-b721-e33e0cd56961\",\"payload\":{}}}"}
[13734] [2026-01-09 11:40:37] [INFO] [CONVERSATIONMANAGER]  onConversationMessage {"messageType":"refresh-messages","conversationId":"9c8f08ee-8d97-4c21-b721-e33e0cd56961","payload":{}}
[13734] [2026-01-09 11:40:41] [INFO] [ENGINE]  ---------> ENGINE REC: COMATE_AGENT_NEW_MESSAGE {"data":"{\"agentPayload\":{\"messageType\":\"refresh-messages\",\"conversationId\":\"9c8f08ee-8d97-4c21-b721-e33e0cd56961\",\"payload\":{}}}"}
[13734] [2026-01-09 11:40:41] [INFO] [CONVERSATIONMANAGER]  onConversationMessage {"messageType":"refresh-messages","conversationId":"9c8f08ee-8d97-4c21-b721-e33e0cd56961","payload":{}}
[13734] [2026-01-09 11:40:46] [INFO] [ENGINE]  ---------> ENGINE REC: COMATE_AGENT_NEW_MESSAGE {"data":"{\"agentPayload\":{\"messageType\":\"refresh-messages\",\"conversationId\":\"9c8f08ee-8d97-4c21-b721-e33e0cd56961\",\"payload\":{}}}"}
[13734] [2026-01-09 11:40:46] [INFO] [CONVERSATIONMANAGER]  onConversationMessage {"messageType":"refresh-messages","conversationId":"9c8f08ee-8d97-4c21-b721-e33e0cd56961","payload":{}}
[13734] [2026-01-09 11:40:50] [INFO] [ENGINE]  ---------> ENGINE REC: COMATE_AGENT_NEW_MESSAGE {"data":"{\"agentPayload\":{\"messageType\":\"refresh-messages\",\"conversationId\":\"9c8f08ee-8d97-4c21-b721-e33e0cd56961\",\"payload\":{}}}"}
[13734] [2026-01-09 11:40:50] [INFO] [CONVERSATIONMANAGER]  onConversationMessage {"messageType":"refresh-messages","conversationId":"9c8f08ee-8d97-4c21-b721-e33e0cd56961","payload":{}}
[13734] [2026-01-09 11:40:54] [INFO] [ENGINE]  ---------> ENGINE REC: COMATE_AGENT_NEW_MESSAGE {"data":"{\"agentPayload\":{\"messageType\":\"refresh-messages\",\"conversationId\":\"9c8f08ee-8d97-4c21-b721-e33e0cd56961\",\"payload\":{}}}"}
[13734] [2026-01-09 11:40:54] [INFO] [CONVERSATIONMANAGER]  onConversationMessage {"messageType":"refresh-messages","conversationId":"9c8f08ee-8d97-4c21-b721-e33e0cd56961","payload":{}}
[13734] [2026-01-09 11:41:03] [INFO] [ENGINE]  ---------> ENGINE REC: COMATE_AGENT_NEW_MESSAGE {"data":"{\"agentPayload\":{\"messageType\":\"refresh-messages\",\"conversationId\":\"9c8f08ee-8d97-4c21-b721-e33e0cd56961\",\"payload\":{}}}"}
[13734] [2026-01-09 11:41:03] [INFO] [CONVERSATIONMANAGER]  onConversationMessage {"messageType":"refresh-messages","conversationId":"9c8f08ee-8d97-4c21-b721-e33e0cd56961","payload":{}}
[13734] [2026-01-09 11:41:12] [INFO] [ENGINE]  ---------> ENGINE REC: COMATE_AGENT_NEW_MESSAGE {"data":"{\"agentPayload\":{\"messageType\":\"refresh-messages\",\"conversationId\":\"9c8f08ee-8d97-4c21-b721-e33e0cd56961\",\"payload\":{}}}"}
[13734] [2026-01-09 11:41:12] [INFO] [CONVERSATIONMANAGER]  onConversationMessage {"messageType":"refresh-messages","conversationId":"9c8f08ee-8d97-4c21-b721-e33e0cd56961","payload":{}}
[13734] [2026-01-09 11:41:22] [INFO] [ENGINE]  ---------> ENGINE REC: COMATE_AGENT_NEW_MESSAGE {"data":"{\"agentPayload\":{\"messageType\":\"refresh-messages\",\"conversationId\":\"9c8f08ee-8d97-4c21-b721-e33e0cd56961\",\"payload\":{}}}"}
[13734] [2026-01-09 11:41:22] [INFO] [CONVERSATIONMANAGER]  onConversationMessage {"messageType":"refresh-messages","conversationId":"9c8f08ee-8d97-4c21-b721-e33e0cd56961","payload":{}}
[13734] [2026-01-09 11:41:28] [INFO] [ENGINE]  ---------> ENGINE REC: COMATE_AGENT_NEW_MESSAGE {"data":"{\"agentPayload\":{\"messageType\":\"refresh-messages\",\"conversationId\":\"9c8f08ee-8d97-4c21-b721-e33e0cd56961\",\"payload\":{}}}"}
[13734] [2026-01-09 11:41:28] [INFO] [CONVERSATIONMANAGER]  onConversationMessage {"messageType":"refresh-messages","conversationId":"9c8f08ee-8d97-4c21-b721-e33e0cd56961","payload":{}}
[13734] [2026-01-09 11:41:33] [INFO] [ENGINE]  ---------> ENGINE REC: COMATE_AGENT_NEW_MESSAGE {"data":"{\"agentPayload\":{\"messageType\":\"refresh-messages\",\"conversationId\":\"9c8f08ee-8d97-4c21-b721-e33e0cd56961\",\"payload\":{}}}"}
[13734] [2026-01-09 11:41:33] [INFO] [CONVERSATIONMANAGER]  onConversationMessage {"messageType":"refresh-messages","conversationId":"9c8f08ee-8d97-4c21-b721-e33e0cd56961","payload":{}}
[13734] [2026-01-09 11:41:35] [INFO] [ENGINE]  ---------> ENGINE REC: COMATE_AGENT_NEW_MESSAGE {"data":"{\"agentPayload\":{\"messageType\":\"refresh-messages\",\"conversationId\":\"9c8f08ee-8d97-4c21-b721-e33e0cd56961\",\"payload\":{}}}"}
[13734] [2026-01-09 11:41:35] [INFO] [CONVERSATIONMANAGER]  onConversationMessage {"messageType":"refresh-messages","conversationId":"9c8f08ee-8d97-4c21-b721-e33e0cd56961","payload":{}}
[13734] [2026-01-09 11:41:37] [INFO] [ENGINE]  ---------> ENGINE REC: COMATE_AGENT_NEW_MESSAGE {"data":"{\"agentPayload\":{\"messageType\":\"refresh-messages\",\"conversationId\":\"9c8f08ee-8d97-4c21-b721-e33e0cd56961\",\"payload\":{}}}"}
[13734] [2026-01-09 11:41:37] [INFO] [CONVERSATIONMANAGER]  onConversationMessage {"messageType":"refresh-messages","conversationId":"9c8f08ee-8d97-4c21-b721-e33e0cd56961","payload":{}}
[13734] [2026-01-09 11:41:42] [VERBOSE] [VIRTUALEDITOR]  VirtualEditor.endConversationEditSession, args: conversationId=9c8f08ee-8d97-4c21-b721-e33e0cd56961
[13734] [2026-01-09 11:41:42] [INFO] [ENGINE]  <--------- ENGINE SEND: VIRTUAL_EDITOR_EVENT {"action":"endConversationEditSession","payload":{"conversationId":"9c8f08ee-8d97-4c21-b721-e33e0cd56961","uuid":"1d0c6301-4299-455e-934b-c144f7a76cc1"}}
[13734] [2026-01-09 11:41:42] [INFO] [CONVERSATIONMANAGER]  [Zulu] reported 1 suggestions successfully
[13734] [2026-01-09 11:41:42] [INFO] [ENGINE]  <--------- ENGINE SEND: COMATE_AGENT_UPDATE_MESSAGE {"data":{"type":"conversation-status","conversationInfo":{"id":"9c8f08ee-8d97-4c21-b721-e33e0cd56961","status":"Completed","type":"E2EBotConversation","utime":1767929854046,"ctime":1767929814561}}}
[13734] [2026-01-09 11:41:43] [ERROR] [CONVERSATIONMANAGER]  generate message id error generate uuid error
[13734] [2026-01-09 11:41:43] [INFO] [CONVERSATIONMANAGER]  [Zulu] Roundtrip completed: uuid= 9ede8002-df74-451c-9b72-1831b8eb199b
[13734] [2026-01-09 11:41:43] [INFO] [CONVERSATIONMANAGER]  [Zulu] Track roundtrip completed: reportedId= 9ede8002-df74-451c-9b72-1831b8eb199b
[13734] [2026-01-09 11:41:44] [INFO] [ENGINE]  ---------> ENGINE REC: COMATE_AGENT_NEW_MESSAGE {"data":"{\"agentPayload\":{\"messageType\":\"refresh-messages\",\"conversationId\":\"9c8f08ee-8d97-4c21-b721-e33e0cd56961\",\"payload\":{}}}"}
[13734] [2026-01-09 11:41:44] [INFO] [CONVERSATIONMANAGER]  onConversationMessage {"messageType":"refresh-messages","conversationId":"9c8f08ee-8d97-4c21-b721-e33e0cd56961","payload":{}}
[13735] [2026-01-09 12:37:17] [INFO] [BROWSERPLUGINSERVER]  服务端离线: xiaoliudeMacBook-Pro.local_13734_o5kfng8
[13734] [2026-01-09 12:37:17] [INFO] [BROWSERPLUGINSERVER]  服务端离线: xiaoliudeMacBook-Pro.local_13735_3au5jcq
[13735] [2026-01-09 12:37:17] [INFO] [BROWSERPLUGINSERVER]  迁移到main port作为主服务器
[13735] [2026-01-09 12:37:17] [INFO] [BROWSERPLUGINSERVER]  WebSocket服务器启动成功: 49153
[13735] [2026-01-09 13:34:49] [INFO] [BROWSERPLUGINSERVER]  服务端离线: xiaoliudeMacBook-Pro.local_13734_o5kfng8
[13734] [2026-01-09 13:34:49] [INFO] [BROWSERPLUGINSERVER]  服务端离线: xiaoliudeMacBook-Pro.local_13735_3au5jcq
[13735] [2026-01-09 13:34:49] [INFO] [BROWSERPLUGINSERVER]  迁移到main port作为主服务器
[13735] [2026-01-09 13:34:49] [INFO] [BROWSERPLUGINSERVER]  WebSocket服务器启动成功: 49153
[13734] [2026-01-09 14:32:40] [INFO] [PLUGINCHANNEL]  {"level":"system","source":"IdeSession","action":"HandleMessage","detail":{"actionName":"DIAGNOSTIC_SCAN"}}
[13734] [2026-01-09 14:32:40] [INFO] [PLUGINCHANNEL]  {"level":"error","source":"IdeSession","action":"PluginNotFound","detail":{"pluginName":""}}
[13734] [2026-01-09 14:37:41] [INFO] [PLUGINCHANNEL]  {"level":"warn","source":"IdeSession","action":"SessionTimeout","detail":{}}
[13734] [2026-01-09 14:38:09] [INFO] [PLUGINCHANNEL]  {"level":"system","source":"IdeSession","action":"HandleMessage","detail":{"actionName":"DIAGNOSTIC_SCAN"}}
[13734] [2026-01-09 14:38:09] [INFO] [PLUGINCHANNEL]  {"level":"error","source":"IdeSession","action":"PluginNotFound","detail":{"pluginName":""}}
[13734] [2026-01-09 14:38:11] [INFO] [PLUGINCHANNEL]  {"level":"system","source":"IdeSession","action":"HandleMessage","detail":{"actionName":"DIAGNOSTIC_SCAN"}}
[13734] [2026-01-09 14:38:11] [INFO] [PLUGINCHANNEL]  {"level":"error","source":"IdeSession","action":"PluginNotFound","detail":{"pluginName":""}}
[13734] [2026-01-09 14:41:59] [INFO] [PLUGINCHANNEL]  {"level":"system","source":"IdeSession","action":"HandleMessage","detail":{"actionName":"DIAGNOSTIC_SCAN"}}
[13734] [2026-01-09 14:41:59] [INFO] [PLUGINCHANNEL]  {"level":"error","source":"IdeSession","action":"PluginNotFound","detail":{"pluginName":""}}
[13734] [2026-01-09 14:42:09] [INFO] [PLUGINCHANNEL]  {"level":"system","source":"IdeSession","action":"HandleMessage","detail":{"actionName":"DIAGNOSTIC_SCAN"}}
[13734] [2026-01-09 14:42:09] [INFO] [PLUGINCHANNEL]  {"level":"error","source":"IdeSession","action":"PluginNotFound","detail":{"pluginName":""}}
[13734] [2026-01-09 14:42:10] [INFO] [PLUGINCHANNEL]  {"level":"system","source":"IdeSession","action":"HandleMessage","detail":{"actionName":"DIAGNOSTIC_SCAN"}}
[13734] [2026-01-09 14:42:10] [INFO] [PLUGINCHANNEL]  {"level":"error","source":"IdeSession","action":"PluginNotFound","detail":{"pluginName":""}}
[13734] [2026-01-09 14:42:11] [INFO] [PLUGINCHANNEL]  {"level":"system","source":"IdeSession","action":"HandleMessage","detail":{"actionName":"DIAGNOSTIC_SCAN"}}
[13734] [2026-01-09 14:42:11] [INFO] [PLUGINCHANNEL]  {"level":"error","source":"IdeSession","action":"PluginNotFound","detail":{"pluginName":""}}
[13734] [2026-01-09 14:42:12] [INFO] [PLUGINCHANNEL]  {"level":"system","source":"IdeSession","action":"HandleMessage","detail":{"actionName":"DIAGNOSTIC_SCAN"}}
[13734] [2026-01-09 14:42:12] [INFO] [PLUGINCHANNEL]  {"level":"error","source":"IdeSession","action":"PluginNotFound","detail":{"pluginName":""}}
[13734] [2026-01-09 14:42:17] [INFO] [PLUGINCHANNEL]  {"level":"system","source":"IdeSession","action":"HandleMessage","detail":{"actionName":"DIAGNOSTIC_SCAN"}}
[13734] [2026-01-09 14:42:17] [INFO] [PLUGINCHANNEL]  {"level":"error","source":"IdeSession","action":"PluginNotFound","detail":{"pluginName":""}}
[13734] [2026-01-09 14:43:09] [INFO] [PLUGINCHANNEL]  {"level":"warn","source":"IdeSession","action":"SessionTimeout","detail":{}}
[13734] [2026-01-09 14:43:11] [INFO] [PLUGINCHANNEL]  {"level":"warn","source":"IdeSession","action":"SessionTimeout","detail":{}}
[13734] [2026-01-09 14:46:59] [INFO] [PLUGINCHANNEL]  {"level":"warn","source":"IdeSession","action":"SessionTimeout","detail":{}}
[13734] [2026-01-09 14:47:09] [INFO] [PLUGINCHANNEL]  {"level":"warn","source":"IdeSession","action":"SessionTimeout","detail":{}}
[13734] [2026-01-09 14:47:10] [INFO] [PLUGINCHANNEL]  {"level":"warn","source":"IdeSession","action":"SessionTimeout","detail":{}}
[13734] [2026-01-09 14:47:11] [INFO] [PLUGINCHANNEL]  {"level":"warn","source":"IdeSession","action":"SessionTimeout","detail":{}}
[13734] [2026-01-09 14:47:12] [INFO] [PLUGINCHANNEL]  {"level":"warn","source":"IdeSession","action":"SessionTimeout","detail":{}}
[13734] [2026-01-09 14:47:17] [INFO] [PLUGINCHANNEL]  {"level":"warn","source":"IdeSession","action":"SessionTimeout","detail":{}}
[13734] [2026-01-09 15:19:11] [INFO] [PLUGINCHANNEL]  {"level":"system","source":"IdeSession","action":"HandleMessage","detail":{"actionName":"DIAGNOSTIC_SCAN"}}
[13734] [2026-01-09 15:19:11] [INFO] [PLUGINCHANNEL]  {"level":"error","source":"IdeSession","action":"PluginNotFound","detail":{"pluginName":""}}
[13734] [2026-01-09 15:19:16] [INFO] [PLUGINCHANNEL]  {"level":"system","source":"IdeSession","action":"HandleMessage","detail":{"actionName":"DIAGNOSTIC_SCAN"}}
[13734] [2026-01-09 15:19:16] [INFO] [PLUGINCHANNEL]  {"level":"error","source":"IdeSession","action":"PluginNotFound","detail":{"pluginName":""}}
[13734] [2026-01-09 15:19:28] [INFO] [PLUGINCHANNEL]  {"level":"system","source":"IdeSession","action":"HandleMessage","detail":{"actionName":"DIAGNOSTIC_SCAN"}}
[13734] [2026-01-09 15:19:28] [INFO] [PLUGINCHANNEL]  {"level":"error","source":"IdeSession","action":"PluginNotFound","detail":{"pluginName":""}}
[13734] [2026-01-09 15:19:30] [INFO] [PLUGINCHANNEL]  {"level":"system","source":"IdeSession","action":"HandleMessage","detail":{"actionName":"DIAGNOSTIC_SCAN"}}
[13734] [2026-01-09 15:19:30] [INFO] [PLUGINCHANNEL]  {"level":"error","source":"IdeSession","action":"PluginNotFound","detail":{"pluginName":""}}
[13734] [2026-01-09 15:19:32] [INFO] [PLUGINCHANNEL]  {"level":"system","source":"IdeSession","action":"HandleMessage","detail":{"actionName":"DIAGNOSTIC_SCAN"}}
[13734] [2026-01-09 15:19:32] [INFO] [PLUGINCHANNEL]  {"level":"error","source":"IdeSession","action":"PluginNotFound","detail":{"pluginName":""}}
[13734] [2026-01-09 15:19:35] [INFO] [PLUGINCHANNEL]  {"level":"system","source":"IdeSession","action":"HandleMessage","detail":{"actionName":"DIAGNOSTIC_SCAN"}}
[13734] [2026-01-09 15:19:35] [INFO] [PLUGINCHANNEL]  {"level":"error","source":"IdeSession","action":"PluginNotFound","detail":{"pluginName":""}}
[13734] [2026-01-09 15:19:46] [INFO] [PLUGINCHANNEL]  {"level":"system","source":"IdeSession","action":"HandleMessage","detail":{"actionName":"DIAGNOSTIC_SCAN"}}
[13734] [2026-01-09 15:19:46] [INFO] [PLUGINCHANNEL]  {"level":"error","source":"IdeSession","action":"PluginNotFound","detail":{"pluginName":""}}
[13734] [2026-01-09 15:20:33] [INFO] [PLUGINCHANNEL]  {"level":"system","source":"IdeSession","action":"HandleMessage","detail":{"actionName":"DIAGNOSTIC_SCAN"}}
[13734] [2026-01-09 15:20:33] [INFO] [PLUGINCHANNEL]  {"level":"error","source":"IdeSession","action":"PluginNotFound","detail":{"pluginName":""}}
[13734] [2026-01-09 15:24:11] [INFO] [PLUGINCHANNEL]  {"level":"warn","source":"IdeSession","action":"SessionTimeout","detail":{}}
[13734] [2026-01-09 15:24:16] [INFO] [PLUGINCHANNEL]  {"level":"warn","source":"IdeSession","action":"SessionTimeout","detail":{}}
[13734] [2026-01-09 15:24:28] [INFO] [PLUGINCHANNEL]  {"level":"warn","source":"IdeSession","action":"SessionTimeout","detail":{}}
[13734] [2026-01-09 15:24:30] [INFO] [PLUGINCHANNEL]  {"level":"warn","source":"IdeSession","action":"SessionTimeout","detail":{}}
[13734] [2026-01-09 15:24:32] [INFO] [PLUGINCHANNEL]  {"level":"warn","source":"IdeSession","action":"SessionTimeout","detail":{}}
[13734] [2026-01-09 15:24:35] [INFO] [PLUGINCHANNEL]  {"level":"warn","source":"IdeSession","action":"SessionTimeout","detail":{}}
[13734] [2026-01-09 15:24:46] [INFO] [PLUGINCHANNEL]  {"level":"warn","source":"IdeSession","action":"SessionTimeout","detail":{}}
[13734] [2026-01-09 15:25:33] [INFO] [PLUGINCHANNEL]  {"level":"warn","source":"IdeSession","action":"SessionTimeout","detail":{}}
[13734] [2026-01-09 16:26:06] [INFO] [PLUGINCHANNEL]  {"level":"system","source":"IdeSession","action":"HandleMessage","detail":{"actionName":"DIAGNOSTIC_SCAN"}}
[13734] [2026-01-09 16:26:06] [INFO] [PLUGINCHANNEL]  {"level":"error","source":"IdeSession","action":"PluginNotFound","detail":{"pluginName":""}}
[13734] [2026-01-09 16:31:06] [INFO] [PLUGINCHANNEL]  {"level":"warn","source":"IdeSession","action":"SessionTimeout","detail":{}}
[13734] [2026-01-09 16:39:51] [INFO] [PLUGINCHANNEL]  {"level":"system","source":"IdeSession","action":"HandleMessage","detail":{"actionName":"DIAGNOSTIC_SCAN"}}
[13734] [2026-01-09 16:39:51] [INFO] [PLUGINCHANNEL]  {"level":"error","source":"IdeSession","action":"PluginNotFound","detail":{"pluginName":""}}
[13734] [2026-01-09 16:40:09] [INFO] [PLUGINCHANNEL]  {"level":"system","source":"IdeSession","action":"HandleMessage","detail":{"actionName":"DIAGNOSTIC_SCAN"}}
[13734] [2026-01-09 16:40:09] [INFO] [PLUGINCHANNEL]  {"level":"error","source":"IdeSession","action":"PluginNotFound","detail":{"pluginName":""}}
[13734] [2026-01-09 16:40:10] [INFO] [PLUGINCHANNEL]  {"level":"system","source":"IdeSession","action":"HandleMessage","detail":{"actionName":"DIAGNOSTIC_SCAN"}}
[13734] [2026-01-09 16:40:10] [INFO] [PLUGINCHANNEL]  {"level":"error","source":"IdeSession","action":"PluginNotFound","detail":{"pluginName":""}}
[13734] [2026-01-09 16:40:33] [INFO] [PLUGINCHANNEL]  {"level":"system","source":"IdeSession","action":"HandleMessage","detail":{"actionName":"DIAGNOSTIC_SCAN"}}
[13734] [2026-01-09 16:40:33] [INFO] [PLUGINCHANNEL]  {"level":"error","source":"IdeSession","action":"PluginNotFound","detail":{"pluginName":""}}
[13734] [2026-01-09 16:40:48] [INFO] [PLUGINCHANNEL]  {"level":"system","source":"IdeSession","action":"HandleMessage","detail":{"actionName":"DIAGNOSTIC_SCAN"}}
[13734] [2026-01-09 16:40:48] [INFO] [PLUGINCHANNEL]  {"level":"error","source":"IdeSession","action":"PluginNotFound","detail":{"pluginName":""}}
[13734] [2026-01-09 16:41:47] [INFO] [PLUGINCHANNEL]  {"level":"system","source":"IdeSession","action":"HandleMessage","detail":{"actionName":"DIAGNOSTIC_SCAN"}}
[13734] [2026-01-09 16:41:47] [INFO] [PLUGINCHANNEL]  {"level":"error","source":"IdeSession","action":"PluginNotFound","detail":{"pluginName":""}}
[13734] [2026-01-09 16:41:51] [INFO] [PLUGINCHANNEL]  {"level":"system","source":"IdeSession","action":"HandleMessage","detail":{"actionName":"DIAGNOSTIC_SCAN"}}
[13734] [2026-01-09 16:41:51] [INFO] [PLUGINCHANNEL]  {"level":"error","source":"IdeSession","action":"PluginNotFound","detail":{"pluginName":""}}
[13734] [2026-01-09 16:41:51] [INFO] [PLUGINCHANNEL]  {"level":"system","source":"IdeSession","action":"HandleMessage","detail":{"actionName":"DIAGNOSTIC_SCAN"}}
[13734] [2026-01-09 16:41:51] [INFO] [PLUGINCHANNEL]  {"level":"error","source":"IdeSession","action":"PluginNotFound","detail":{"pluginName":""}}
[13734] [2026-01-09 16:41:52] [INFO] [PLUGINCHANNEL]  {"level":"system","source":"IdeSession","action":"HandleMessage","detail":{"actionName":"DIAGNOSTIC_SCAN"}}
[13734] [2026-01-09 16:41:52] [INFO] [PLUGINCHANNEL]  {"level":"error","source":"IdeSession","action":"PluginNotFound","detail":{"pluginName":""}}
[13734] [2026-01-09 16:41:55] [INFO] [PLUGINCHANNEL]  {"level":"system","source":"IdeSession","action":"HandleMessage","detail":{"actionName":"DIAGNOSTIC_SCAN"}}
[13734] [2026-01-09 16:41:55] [INFO] [PLUGINCHANNEL]  {"level":"error","source":"IdeSession","action":"PluginNotFound","detail":{"pluginName":""}}
[13734] [2026-01-09 16:42:08] [INFO] [PLUGINCHANNEL]  {"level":"system","source":"IdeSession","action":"HandleMessage","detail":{"actionName":"DIAGNOSTIC_SCAN"}}
[13734] [2026-01-09 16:42:08] [INFO] [PLUGINCHANNEL]  {"level":"error","source":"IdeSession","action":"PluginNotFound","detail":{"pluginName":""}}
[13734] [2026-01-09 16:42:11] [INFO] [PLUGINCHANNEL]  {"level":"system","source":"IdeSession","action":"HandleMessage","detail":{"actionName":"DIAGNOSTIC_SCAN"}}
[13734] [2026-01-09 16:42:11] [INFO] [PLUGINCHANNEL]  {"level":"error","source":"IdeSession","action":"PluginNotFound","detail":{"pluginName":""}}
[13734] [2026-01-09 16:42:30] [INFO] [PLUGINCHANNEL]  {"level":"system","source":"IdeSession","action":"HandleMessage","detail":{"actionName":"DIAGNOSTIC_SCAN"}}
[13734] [2026-01-09 16:42:30] [INFO] [PLUGINCHANNEL]  {"level":"error","source":"IdeSession","action":"PluginNotFound","detail":{"pluginName":""}}
[13734] [2026-01-09 16:42:39] [INFO] [PLUGINCHANNEL]  {"level":"system","source":"IdeSession","action":"HandleMessage","detail":{"actionName":"DIAGNOSTIC_SCAN"}}
[13734] [2026-01-09 16:42:39] [INFO] [PLUGINCHANNEL]  {"level":"error","source":"IdeSession","action":"PluginNotFound","detail":{"pluginName":""}}
[13734] [2026-01-09 16:42:41] [INFO] [PLUGINCHANNEL]  {"level":"system","source":"IdeSession","action":"HandleMessage","detail":{"actionName":"DIAGNOSTIC_SCAN"}}
[13734] [2026-01-09 16:42:41] [INFO] [PLUGINCHANNEL]  {"level":"error","source":"IdeSession","action":"PluginNotFound","detail":{"pluginName":""}}
[13734] [2026-01-09 16:43:52] [INFO] [PLUGINCHANNEL]  {"level":"system","source":"IdeSession","action":"HandleMessage","detail":{"actionName":"DIAGNOSTIC_SCAN"}}
[13734] [2026-01-09 16:43:52] [INFO] [PLUGINCHANNEL]  {"level":"error","source":"IdeSession","action":"PluginNotFound","detail":{"pluginName":""}}
[13734] [2026-01-09 16:43:59] [INFO] [PLUGINCHANNEL]  {"level":"system","source":"IdeSession","action":"HandleMessage","detail":{"actionName":"DIAGNOSTIC_SCAN"}}
[13734] [2026-01-09 16:43:59] [INFO] [PLUGINCHANNEL]  {"level":"error","source":"IdeSession","action":"PluginNotFound","detail":{"pluginName":""}}
[13734] [2026-01-09 16:44:01] [INFO] [PLUGINCHANNEL]  {"level":"system","source":"IdeSession","action":"HandleMessage","detail":{"actionName":"DIAGNOSTIC_SCAN"}}
[13734] [2026-01-09 16:44:01] [INFO] [PLUGINCHANNEL]  {"level":"error","source":"IdeSession","action":"PluginNotFound","detail":{"pluginName":""}}
[13734] [2026-01-09 16:44:51] [INFO] [PLUGINCHANNEL]  {"level":"warn","source":"IdeSession","action":"SessionTimeout","detail":{}}
[13734] [2026-01-09 16:45:09] [INFO] [PLUGINCHANNEL]  {"level":"warn","source":"IdeSession","action":"SessionTimeout","detail":{}}
[13734] [2026-01-09 16:45:10] [INFO] [PLUGINCHANNEL]  {"level":"warn","source":"IdeSession","action":"SessionTimeout","detail":{}}
[13734] [2026-01-09 16:45:33] [INFO] [PLUGINCHANNEL]  {"level":"warn","source":"IdeSession","action":"SessionTimeout","detail":{}}
[13734] [2026-01-09 16:45:48] [INFO] [PLUGINCHANNEL]  {"level":"warn","source":"IdeSession","action":"SessionTimeout","detail":{}}
[13734] [2026-01-09 16:46:47] [INFO] [PLUGINCHANNEL]  {"level":"warn","source":"IdeSession","action":"SessionTimeout","detail":{}}
[13734] [2026-01-09 16:46:51] [INFO] [PLUGINCHANNEL]  {"level":"warn","source":"IdeSession","action":"SessionTimeout","detail":{}}
[13734] [2026-01-09 16:46:51] [INFO] [PLUGINCHANNEL]  {"level":"warn","source":"IdeSession","action":"SessionTimeout","detail":{}}
[13734] [2026-01-09 16:46:52] [INFO] [PLUGINCHANNEL]  {"level":"warn","source":"IdeSession","action":"SessionTimeout","detail":{}}
[13734] [2026-01-09 16:46:55] [INFO] [PLUGINCHANNEL]  {"level":"warn","source":"IdeSession","action":"SessionTimeout","detail":{}}
[13734] [2026-01-09 16:47:08] [INFO] [PLUGINCHANNEL]  {"level":"warn","source":"IdeSession","action":"SessionTimeout","detail":{}}
[13734] [2026-01-09 16:47:11] [INFO] [PLUGINCHANNEL]  {"level":"warn","source":"IdeSession","action":"SessionTimeout","detail":{}}
[13734] [2026-01-09 16:47:30] [INFO] [PLUGINCHANNEL]  {"level":"warn","source":"IdeSession","action":"SessionTimeout","detail":{}}
[13734] [2026-01-09 16:47:39] [INFO] [PLUGINCHANNEL]  {"level":"warn","source":"IdeSession","action":"SessionTimeout","detail":{}}
[13734] [2026-01-09 16:47:41] [INFO] [PLUGINCHANNEL]  {"level":"warn","source":"IdeSession","action":"SessionTimeout","detail":{}}
[13734] [2026-01-09 16:48:52] [INFO] [PLUGINCHANNEL]  {"level":"warn","source":"IdeSession","action":"SessionTimeout","detail":{}}
[13734] [2026-01-09 16:48:59] [INFO] [PLUGINCHANNEL]  {"level":"warn","source":"IdeSession","action":"SessionTimeout","detail":{}}
[13734] [2026-01-09 16:49:01] [INFO] [PLUGINCHANNEL]  {"level":"warn","source":"IdeSession","action":"SessionTimeout","detail":{}}
[13734] [2026-01-09 16:58:19] [INFO] [PLUGINCHANNEL]  {"level":"system","source":"IdeSession","action":"HandleMessage","detail":{"actionName":"DIAGNOSTIC_SCAN"}}
[13734] [2026-01-09 16:58:19] [INFO] [PLUGINCHANNEL]  {"level":"error","source":"IdeSession","action":"PluginNotFound","detail":{"pluginName":""}}
[13734] [2026-01-09 16:58:22] [INFO] [PLUGINCHANNEL]  {"level":"system","source":"IdeSession","action":"HandleMessage","detail":{"actionName":"DIAGNOSTIC_SCAN"}}
[13734] [2026-01-09 16:58:22] [INFO] [PLUGINCHANNEL]  {"level":"error","source":"IdeSession","action":"PluginNotFound","detail":{"pluginName":""}}
[13734] [2026-01-09 17:03:19] [INFO] [PLUGINCHANNEL]  {"level":"warn","source":"IdeSession","action":"SessionTimeout","detail":{}}
[13734] [2026-01-09 17:03:22] [INFO] [PLUGINCHANNEL]  {"level":"warn","source":"IdeSession","action":"SessionTimeout","detail":{}}
[13734] [2026-01-09 17:23:03] [INFO] [PLUGINCHANNEL]  {"level":"system","source":"IdeSession","action":"HandleMessage","detail":{"actionName":"DIAGNOSTIC_SCAN"}}
[13734] [2026-01-09 17:23:03] [INFO] [PLUGINCHANNEL]  {"level":"error","source":"IdeSession","action":"PluginNotFound","detail":{"pluginName":""}}
[13734] [2026-01-09 17:28:03] [INFO] [PLUGINCHANNEL]  {"level":"warn","source":"IdeSession","action":"SessionTimeout","detail":{}}
[13734] [2026-01-09 17:33:55] [INFO] [PLUGINCHANNEL]  {"level":"system","source":"IdeSession","action":"HandleMessage","detail":{"actionName":"DIAGNOSTIC_SCAN"}}
[13734] [2026-01-09 17:33:55] [INFO] [PLUGINCHANNEL]  {"level":"error","source":"IdeSession","action":"PluginNotFound","detail":{"pluginName":""}}
[13734] [2026-01-09 17:33:58] [INFO] [PLUGINCHANNEL]  {"level":"system","source":"IdeSession","action":"HandleMessage","detail":{"actionName":"DIAGNOSTIC_SCAN"}}
[13734] [2026-01-09 17:33:58] [INFO] [PLUGINCHANNEL]  {"level":"error","source":"IdeSession","action":"PluginNotFound","detail":{"pluginName":""}}
[13734] [2026-01-09 17:34:33] [INFO] [PLUGINCHANNEL]  {"level":"system","source":"IdeSession","action":"HandleMessage","detail":{"actionName":"DIAGNOSTIC_SCAN"}}
[13734] [2026-01-09 17:34:33] [INFO] [PLUGINCHANNEL]  {"level":"error","source":"IdeSession","action":"PluginNotFound","detail":{"pluginName":""}}
[13734] [2026-01-09 17:36:13] [INFO] [PLUGINCHANNEL]  {"level":"system","source":"IdeSession","action":"HandleMessage","detail":{"actionName":"DIAGNOSTIC_SCAN"}}
[13734] [2026-01-09 17:36:13] [INFO] [PLUGINCHANNEL]  {"level":"error","source":"IdeSession","action":"PluginNotFound","detail":{"pluginName":""}}
[13734] [2026-01-09 17:37:04] [INFO] [ENGINE]  ---------> ENGINE REC: COMATE_AGENT_NEW_MESSAGE {"data":"{\"agentPayload\":{\"messageType\":\"add-message\",\"conversationId\":\"9c8f08ee-8d97-4c21-b721-e33e0cd56961\",\"payload\":{\"query\":\"帮我写个方法，根据传进来的startDate,endDate来判断，如果endDate小于当前日期-1天，则为历史数据，赋值标识1，否则为0\",\"rawMessage\":\"帮我写个方法，根据传进来的startDate,endDate来判断，如果endDate小于当前日期-1天，则为历史数据，赋值标识1，否则为0\",\"model\":{\"displayName\":\"Auto\",\"modelId\":\"auto\",\"requestType\":\"COMATE_DEFAULT_MODE\",\"mode\":\"NORMAL\"},\"agent\":{\"agentId\":1,\"agentName\":\"Zulu\",\"agentImage\":\"zulu\",\"description\":\"具备读取、编写、执行命令与联网能力，可灵活适配多种任务与场景。\",\"strategy\":\"TODOS\",\"canInvokeAgents\":true,\"visibility\":\"PUBLIC\",\"allowInvocation\":true,\"sortOrder\":1,\"subAgents\":[1],\"reportAgentName\":\"Zulu\",\"canUseMcp\":true,\"enable\":true,\"errors\":[],\"subagents\":[{\"agentId\":1,\"agentName\":\"Zulu\",\"agentImage\":\"zulu\",\"description\":\"具备读取、编写、执行命令与联网能力，可灵活适配多种任务与场景。\",\"strategy\":\"TODOS\",\"canInvokeAgents\":true,\"visibility\":\"PUBLIC\",\"allowInvocation\":true,\"sortOrder\":1,\"subAgents\":[1],\"reportAgentName\":\"Zulu\",\"canUseMcp\":true,\"enable\":true,\"errors\":[]}]},\"metrics\":{\"model\":\"Zulu\",\"function\":\"\"},\"knowledgeList\":[{\"id\":\"pmc-basic-bankcommon/src/main/java/com/baidu/pmc/bankcommon/core/service/strategy/BcmBankStrategy.java\",\"name\":\"BcmBankStrategy.java\",\"type\":\"CURRENT_FILE\"}],\"isCurrentFileSelected\":false}}}"}
[13734] [2026-01-09 17:37:04] [INFO] [CONVERSATIONMANAGER]  onConversationMessage {"messageType":"add-message","conversationId":"9c8f08ee-8d97-4c21-b721-e33e0cd56961","payload":{"query":"帮我写个方法，根据传进来的startDate,endDate来判断，如果endDate小于当前日期-1天，则为历史数据，赋值标识1，否则为0","rawMessage":"帮我写个方法，根据传进来的startDate,endDate来判断，如果endDate小于当前日期-1天，则为历史数据，赋值标识1，否则为0","model":{"displayName":"Auto","modelId":"auto","requestType":"COMATE_DEFAULT_MODE","mode":"NORMAL"},"agent":{"agentId":1,"agentName":"Zulu","agentImage":"zulu","description":"具备读取、编写、执行命令与联网能力，可灵活适配多种任务与场景。","strategy":"TODOS","canInvokeAgents":true,"visibility":"PUBLIC","allowInvocation":true,"sortOrder":1,"subAgents":[1],"reportAgentName":"Zulu","canUseMcp":true,"enable":true,"errors":[],"subagents":[{"agentId":1,"agentName":"Zulu","agentImage":"zulu","description":"具备读取、编写、执行命令与联网能力，可灵活适配多种任务与场景。","strategy":"TODOS","canInvokeAgents":true,"visibility":"PUBLIC","allowInvocation":true,"sortOrder":1,"subAgents":[1],"reportAgentName":"Zulu","canUseMcp":true,"enable":true,"errors":[]}]},"metrics":{"model":"Zulu","function":""},"knowledgeList":[{"id":"pmc-basic-bankcommon/src/main/java/com/baidu/pmc/bankcommon/core/service/strategy/BcmBankStrategy.java","name":"BcmBankStrategy.java","type":"CURRENT_FILE"}],"isCurrentFileSelected":false}}
[13734] [2026-01-09 17:37:04] [INFO] [CONVERSATIONMANAGER]  startNewWork {"query":"帮我写个方法，根据传进来的startDate,endDate来判断，如果endDate小于当前日期-1天，则为历史数据，赋值标识1，否则为0","rawMessage":"帮我写个方法，根据传进来的startDate,endDate来判断，如果endDate小于当前日期-1天，则为历史数据，赋值标识1，否则为0","model":{"displayName":"Auto","modelId":"auto","requestType":"COMATE_DEFAULT_MODE","mode":"NORMAL"},"agent":{"agentId":1,"agentName":"Zulu","agentImage":"zulu","description":"具备读取、编写、执行命令与联网能力，可灵活适配多种任务与场景。","strategy":"TODOS","canInvokeAgents":true,"visibility":"PUBLIC","allowInvocation":true,"sortOrder":1,"subAgents":[1],"reportAgentName":"Zulu","canUseMcp":true,"enable":true,"errors":[],"subagents":[{"agentId":1,"agentName":"Zulu","agentImage":"zulu","description":"具备读取、编写、执行命令与联网能力，可灵活适配多种任务与场景。","strategy":"TODOS","canInvokeAgents":true,"visibility":"PUBLIC","allowInvocation":true,"sortOrder":1,"subAgents":[1],"reportAgentName":"Zulu","canUseMcp":true,"enable":true,"errors":[]}]},"metrics":{"model":"Zulu","function":""},"knowledgeList":[{"id":"pmc-basic-bankcommon/src/main/java/com/baidu/pmc/bankcommon/core/service/strategy/BcmBankStrategy.java","name":"BcmBankStrategy.java","type":"CURRENT_FILE"}],"isCurrentFileSelected":false}
[13734] [2026-01-09 17:37:04] [VERBOSE] [VIRTUALEDITOR]  VirtualEditor.getActiveDocument, args: 
[13734] [2026-01-09 17:37:04] [INFO] [ENGINE]  <--------- ENGINE SEND: VIRTUAL_EDITOR_EVENT {"action":"getActiveDocument","payload":{"uuid":"ef901bf1-f01d-45aa-b880-5eadb6e35587"}}
[13734] [2026-01-09 17:37:04] [INFO] [CONVERSATIONMANAGER]  [Performance] agent-start-analyze take 20.297792434692383 ms
[13734] [2026-01-09 17:37:04] [INFO] [CONVERSATIONMANAGER]  E2EBot start new roundtrip
[13734] [2026-01-09 17:37:04] [VERBOSE] [VIRTUALEDITOR]  VirtualEditor.getActiveDocument, args: 
[13734] [2026-01-09 17:37:04] [INFO] [ENGINE]  <--------- ENGINE SEND: VIRTUAL_EDITOR_EVENT {"action":"getActiveDocument","payload":{"uuid":"958f6017-7044-48c4-910e-34e3615fe066"}}
[13734] [2026-01-09 17:37:04] [VERBOSE] [VIRTUALEDITOR]  VirtualEditor.getDocument, args: absolutePath=/Users/xiaoliu/baidu/bpit-proc-apps/pmc/pmc-basic-bankcommon/src/main/java/com/baidu/pmc/bankcommon/core/service/strategy/BcmBankStrategy.java
[13734] [2026-01-09 17:37:04] [INFO] [ENGINE]  <--------- ENGINE SEND: VIRTUAL_EDITOR_EVENT {"action":"getDocument","payload":{"absolutePath":"/Users/xiaoliu/baidu/bpit-proc-apps/pmc/pmc-basic-bankcommon/src/main/java/com/baidu/pmc/bankcommon/core/service/strategy/BcmBankStrategy.java","uuid":"f25d22bf-9fb7-45c4-bd1e-f0889b64060d"}}
[13734] [2026-01-09 17:37:05] [INFO] [CONVERSATIONMANAGER]  [Performance] agent-end-analyze take 1390.6813745498657 ms
[13734] [2026-01-09 17:37:05] [INFO] [CONVERSATIONMANAGER]  [Performance] agent-readenv-end take 1391.8684167861938 ms
[13734] [2026-01-09 17:37:05] [VERBOSE] [VIRTUALEDITOR]  VirtualEditor.startConversationEditSession, args: conversationId=9c8f08ee-8d97-4c21-b721-e33e0cd56961,source=E2EBotConversation
[13734] [2026-01-09 17:37:05] [INFO] [ENGINE]  <--------- ENGINE SEND: VIRTUAL_EDITOR_EVENT {"action":"startConversationEditSession","payload":{"conversationId":"9c8f08ee-8d97-4c21-b721-e33e0cd56961","source":"E2EBotConversation","uuid":"42adfc00-2b45-45c1-a76c-464a367c9401"}}
[13734] [2026-01-09 17:37:05] [VERBOSE] [VIRTUALEDITOR]  VirtualEditor.getDocument, args: absolutePath=/Users/xiaoliu/baidu/bpit-proc-apps/pmc/.comate/rules/rules.mdr
[13734] [2026-01-09 17:37:05] [INFO] [ENGINE]  <--------- ENGINE SEND: VIRTUAL_EDITOR_EVENT {"action":"getDocument","payload":{"absolutePath":"/Users/xiaoliu/baidu/bpit-proc-apps/pmc/.comate/rules/rules.mdr","uuid":"ff04a653-a6ca-4e82-829d-e0f73f2e80f0"}}
[13734] [2026-01-09 17:37:05] [INFO] [ENGINE]  ---------> ENGINE REC: VIRTUAL_EDITOR_EVENT {"uuid":"ff04a653-a6ca-4e82-829d-e0f73f2e80f0","existed":true,"content":"---\n alwaysApply: true \n---\n# 百度PMC支付管理中心项目规则\n\n## 项目概览\n\n**项目定位**: 百度企业金融支付管理中心，处理多银行渠道的企业支付业务\n**架构模式**: Spring Cloud微服务架构，按银行维度模块化设计\n**技术栈**: Spring Boot 1.5.9 + MyBatis + Spring Cloud Netflix + Hessian\n\n## 核心架构规则\n\n### 模块划分原则\n- **银行独立模块**: 每个银行对应独立服务模块（pmc-basic-{bank-code}）\n- **通用支撑模块**: pmc-basic-common（基础设施）、pmc-basic-pojo（数据模型）、pmc-basic-persistence（数据访问）\n- **业务核心模块**: pmc-basic-service（核心业务）、pmc-basic-web（网关层）\n- **策略模式**: 所有银行模块实现统一BankStrategy接口，运行时动态选择具体实现\n\n### 分层架构规范\n```\nController层 → Service层 → 银行策略层 → Persistence层\n```\n- Controller: 统一使用@RestController，返回ResponseMessage包装对象\n- Service: 接口+实现类模式，使用Spring声明式事务\n- 策略层: 通过BankStrategyEnum枚举选择具体银行实现\n- Persistence: MyBatis + 通用Mapper，XML映射文件位于resources/mapper/\n\n## 开发契约\n\n### 异常处理模式\n- 全局异常处理器: 使用@RestControllerAdvice统一处理FeignException、AccessDeniedException等\n- 统一响应: 所有API返回ResponseMessage对象（包含status、message、data字段）\n- 操作日志: 基于MyBatis拦截器自动记录DELETE/UPDATE操作，异步写入\n\n### 银行接口封装规范\n- **报文标准化**: 统一使用MessageBuilder构建银行报文，ResponseXmlParser解析响应\n- **XML处理**: 使用JDOM2处理银行XML报文，XPath进行节点操作\n- **安全机制**: 各银行独立处理加密、证书、签名等安全要求\n- **通信协议**: 主要使用HTTP+XML，部分银行支持FTP/SFTP\n\n### 命名规范\n- **包名**: com.baidu.pmc.{bank-code}.{layer}\n- **类名**: {BankCode}{Function}（如：CmbController、IcbcService）\n- **方法名**: selectXxx、queryXxx、insertXxx、updateXxx、deleteXxx\n- **表名**: pmc_{bank-code}_{entity-name}\n- **模块名**: pmc-basic-{bank-code}\n\n### 配置管理\n- **多环境支持**: Maven profiles管理local/dev/test/uat/sit/vir/online环境\n- **配置中心**: Spring Cloud Config集中管理配置\n- **服务注册**: Eureka进行服务发现和注册\n- **网关路由**: Zuul统一路由转发和过滤处理\n\n## 关键开发模式\n\n### 银行适配器模式\n每个银行模块独立部署，通过策略模式实现统一调用：\n1. 定义BankStrategy接口规范\n2. 各银行实现具体的策略类\n3. 通过BankStrategyEnum选择具体实现\n4. 运行时动态绑定银行特定逻辑\n\n### 数据一致性保障\n- **事务边界**: Service层定义事务边界，跨银行操作使用最终一致性\n- **幂等性**: 支付指令使用唯一标识，支持重复提交校验\n- **状态管理**: 统一支付状态流转（待发送→已发送→处理中→成功/失败）\n\n### 异步处理机制\n- **异步日志**: 使用@Async注解实现操作日志异步写入\n- **消息推送**: 集成百度微云消息中心进行状态通知\n- **重试机制**: 银行接口调用支持可配置的重试策略\n\n## 环境配置\n\n### 端口分配\n各银行服务使用不同端口避免冲突：\n- 主服务: 8080\n- 招商银行: 8081\n- 工商银行: 8082\n- 建设银行: 8083\n- [需人工确认] 其他银行端口按顺序分配\n\n### 构建部署\n- **构建工具**: Maven多模块项目，Java 8编译\n- **CI/CD**: BCloud平台自动化构建\n- **构建脚本**: 各环境独立脚本（sitBuild.sh、uatBuild.sh等）\n- **产出物**: 统一输出到output目录\n\n## 集成规范\n\n### 百度内部系统集成\n- **认证系统**: UUAP统一认证，支持单点登录\n- **消息中心**: 百度微云消息中心推送状态变更通知\n- **工作流**: WK工作流引擎处理审批流程\n\n### 外部接口规范\n- **RESTful API**: 统一使用REST风格接口\n- **数据格式**: JSON为主，银行接口使用XML\n- **错误码**: 统一错误码规范，区分系统错误和业务错误\n\n## 注意事项\n\n1. **银行模块隔离**: 禁止跨银行模块直接调用，必须通过策略模式\n2. **环境配置**: 严格按Maven profile进行环境隔离，禁止配置混淆\n3. **安全要求**: 银行敏感信息（密钥、证书）按各银行要求独立管理\n4. **事务边界**: 避免跨银行事务，使用补偿机制保证最终一致性\n5. **版本兼容**: Spring Boot 1.5.9版本，注意依赖版本冲突\n\n---\n\n**最后更新**: 2025-11-09\n**适用范围**: 百度PMC支付管理中心所有开发活动\n**规则优先级**: 项目级规则 > 通用开发规范 > 个人编码习惯","completed":false,"isEnd":false,"failed":false}
[13734] [2026-01-09 17:37:05] [INFO] [CONVERSATIONMANAGER]  [Performance] agent-start-stream take 1398.1968326568604 ms
[13734] [2026-01-09 17:37:09] [INFO] [CONVERSATIONMANAGER]  [Performance] agent-first-token take 5015.880167007446 ms
[13734] [2026-01-09 17:37:10] [VERBOSE] [VIRTUALEDITOR]  VirtualEditor.getDocument, args: absolutePath=/Users/xiaoliu/baidu/bpit-proc-apps/pmc/.comate/rules/rules.mdr
[13734] [2026-01-09 17:37:10] [INFO] [ENGINE]  <--------- ENGINE SEND: VIRTUAL_EDITOR_EVENT {"action":"getDocument","payload":{"absolutePath":"/Users/xiaoliu/baidu/bpit-proc-apps/pmc/.comate/rules/rules.mdr","uuid":"c6b3ca25-0233-49db-a1d0-dd804efb1a69"}}
[13734] [2026-01-09 17:37:10] [INFO] [ENGINE]  ---------> ENGINE REC: VIRTUAL_EDITOR_EVENT {"uuid":"c6b3ca25-0233-49db-a1d0-dd804efb1a69","existed":true,"content":"---\n alwaysApply: true \n---\n# 百度PMC支付管理中心项目规则\n\n## 项目概览\n\n**项目定位**: 百度企业金融支付管理中心，处理多银行渠道的企业支付业务\n**架构模式**: Spring Cloud微服务架构，按银行维度模块化设计\n**技术栈**: Spring Boot 1.5.9 + MyBatis + Spring Cloud Netflix + Hessian\n\n## 核心架构规则\n\n### 模块划分原则\n- **银行独立模块**: 每个银行对应独立服务模块（pmc-basic-{bank-code}）\n- **通用支撑模块**: pmc-basic-common（基础设施）、pmc-basic-pojo（数据模型）、pmc-basic-persistence（数据访问）\n- **业务核心模块**: pmc-basic-service（核心业务）、pmc-basic-web（网关层）\n- **策略模式**: 所有银行模块实现统一BankStrategy接口，运行时动态选择具体实现\n\n### 分层架构规范\n```\nController层 → Service层 → 银行策略层 → Persistence层\n```\n- Controller: 统一使用@RestController，返回ResponseMessage包装对象\n- Service: 接口+实现类模式，使用Spring声明式事务\n- 策略层: 通过BankStrategyEnum枚举选择具体银行实现\n- Persistence: MyBatis + 通用Mapper，XML映射文件位于resources/mapper/\n\n## 开发契约\n\n### 异常处理模式\n- 全局异常处理器: 使用@RestControllerAdvice统一处理FeignException、AccessDeniedException等\n- 统一响应: 所有API返回ResponseMessage对象（包含status、message、data字段）\n- 操作日志: 基于MyBatis拦截器自动记录DELETE/UPDATE操作，异步写入\n\n### 银行接口封装规范\n- **报文标准化**: 统一使用MessageBuilder构建银行报文，ResponseXmlParser解析响应\n- **XML处理**: 使用JDOM2处理银行XML报文，XPath进行节点操作\n- **安全机制**: 各银行独立处理加密、证书、签名等安全要求\n- **通信协议**: 主要使用HTTP+XML，部分银行支持FTP/SFTP\n\n### 命名规范\n- **包名**: com.baidu.pmc.{bank-code}.{layer}\n- **类名**: {BankCode}{Function}（如：CmbController、IcbcService）\n- **方法名**: selectXxx、queryXxx、insertXxx、updateXxx、deleteXxx\n- **表名**: pmc_{bank-code}_{entity-name}\n- **模块名**: pmc-basic-{bank-code}\n\n### 配置管理\n- **多环境支持**: Maven profiles管理local/dev/test/uat/sit/vir/online环境\n- **配置中心**: Spring Cloud Config集中管理配置\n- **服务注册**: Eureka进行服务发现和注册\n- **网关路由**: Zuul统一路由转发和过滤处理\n\n## 关键开发模式\n\n### 银行适配器模式\n每个银行模块独立部署，通过策略模式实现统一调用：\n1. 定义BankStrategy接口规范\n2. 各银行实现具体的策略类\n3. 通过BankStrategyEnum选择具体实现\n4. 运行时动态绑定银行特定逻辑\n\n### 数据一致性保障\n- **事务边界**: Service层定义事务边界，跨银行操作使用最终一致性\n- **幂等性**: 支付指令使用唯一标识，支持重复提交校验\n- **状态管理**: 统一支付状态流转（待发送→已发送→处理中→成功/失败）\n\n### 异步处理机制\n- **异步日志**: 使用@Async注解实现操作日志异步写入\n- **消息推送**: 集成百度微云消息中心进行状态通知\n- **重试机制**: 银行接口调用支持可配置的重试策略\n\n## 环境配置\n\n### 端口分配\n各银行服务使用不同端口避免冲突：\n- 主服务: 8080\n- 招商银行: 8081\n- 工商银行: 8082\n- 建设银行: 8083\n- [需人工确认] 其他银行端口按顺序分配\n\n### 构建部署\n- **构建工具**: Maven多模块项目，Java 8编译\n- **CI/CD**: BCloud平台自动化构建\n- **构建脚本**: 各环境独立脚本（sitBuild.sh、uatBuild.sh等）\n- **产出物**: 统一输出到output目录\n\n## 集成规范\n\n### 百度内部系统集成\n- **认证系统**: UUAP统一认证，支持单点登录\n- **消息中心**: 百度微云消息中心推送状态变更通知\n- **工作流**: WK工作流引擎处理审批流程\n\n### 外部接口规范\n- **RESTful API**: 统一使用REST风格接口\n- **数据格式**: JSON为主，银行接口使用XML\n- **错误码**: 统一错误码规范，区分系统错误和业务错误\n\n## 注意事项\n\n1. **银行模块隔离**: 禁止跨银行模块直接调用，必须通过策略模式\n2. **环境配置**: 严格按Maven profile进行环境隔离，禁止配置混淆\n3. **安全要求**: 银行敏感信息（密钥、证书）按各银行要求独立管理\n4. **事务边界**: 避免跨银行事务，使用补偿机制保证最终一致性\n5. **版本兼容**: Spring Boot 1.5.9版本，注意依赖版本冲突\n\n---\n\n**最后更新**: 2025-11-09\n**适用范围**: 百度PMC支付管理中心所有开发活动\n**规则优先级**: 项目级规则 > 通用开发规范 > 个人编码习惯","completed":false,"isEnd":false,"failed":false}
[13734] [2026-01-09 17:37:14] [VERBOSE] [VIRTUALEDITOR]  VirtualEditor.getDocument, args: absolutePath=/Users/xiaoliu/baidu/bpit-proc-apps/pmc/pmc-basic-bankcommon/src/main/java/com/baidu/pmc/bankcommon/core/service/strategy/BcmBankStrategy.java
[13734] [2026-01-09 17:37:14] [INFO] [ENGINE]  <--------- ENGINE SEND: VIRTUAL_EDITOR_EVENT {"action":"getDocument","payload":{"absolutePath":"/Users/xiaoliu/baidu/bpit-proc-apps/pmc/pmc-basic-bankcommon/src/main/java/com/baidu/pmc/bankcommon/core/service/strategy/BcmBankStrategy.java","uuid":"860df206-13bf-45f1-8172-503da293541d"}}
[13734] [2026-01-09 17:37:14] [VERBOSE] [VIRTUALEDITOR]  VirtualEditor.getDocument, args: absolutePath=/Users/xiaoliu/baidu/bpit-proc-apps/pmc/.comate/rules/rules.mdr
[13734] [2026-01-09 17:37:14] [INFO] [ENGINE]  <--------- ENGINE SEND: VIRTUAL_EDITOR_EVENT {"action":"getDocument","payload":{"absolutePath":"/Users/xiaoliu/baidu/bpit-proc-apps/pmc/.comate/rules/rules.mdr","uuid":"a569fe7f-041b-4322-8d0e-c635687a4919"}}
[13734] [2026-01-09 17:37:14] [INFO] [ENGINE]  ---------> ENGINE REC: VIRTUAL_EDITOR_EVENT {"uuid":"a569fe7f-041b-4322-8d0e-c635687a4919","existed":true,"content":"---\n alwaysApply: true \n---\n# 百度PMC支付管理中心项目规则\n\n## 项目概览\n\n**项目定位**: 百度企业金融支付管理中心，处理多银行渠道的企业支付业务\n**架构模式**: Spring Cloud微服务架构，按银行维度模块化设计\n**技术栈**: Spring Boot 1.5.9 + MyBatis + Spring Cloud Netflix + Hessian\n\n## 核心架构规则\n\n### 模块划分原则\n- **银行独立模块**: 每个银行对应独立服务模块（pmc-basic-{bank-code}）\n- **通用支撑模块**: pmc-basic-common（基础设施）、pmc-basic-pojo（数据模型）、pmc-basic-persistence（数据访问）\n- **业务核心模块**: pmc-basic-service（核心业务）、pmc-basic-web（网关层）\n- **策略模式**: 所有银行模块实现统一BankStrategy接口，运行时动态选择具体实现\n\n### 分层架构规范\n```\nController层 → Service层 → 银行策略层 → Persistence层\n```\n- Controller: 统一使用@RestController，返回ResponseMessage包装对象\n- Service: 接口+实现类模式，使用Spring声明式事务\n- 策略层: 通过BankStrategyEnum枚举选择具体银行实现\n- Persistence: MyBatis + 通用Mapper，XML映射文件位于resources/mapper/\n\n## 开发契约\n\n### 异常处理模式\n- 全局异常处理器: 使用@RestControllerAdvice统一处理FeignException、AccessDeniedException等\n- 统一响应: 所有API返回ResponseMessage对象（包含status、message、data字段）\n- 操作日志: 基于MyBatis拦截器自动记录DELETE/UPDATE操作，异步写入\n\n### 银行接口封装规范\n- **报文标准化**: 统一使用MessageBuilder构建银行报文，ResponseXmlParser解析响应\n- **XML处理**: 使用JDOM2处理银行XML报文，XPath进行节点操作\n- **安全机制**: 各银行独立处理加密、证书、签名等安全要求\n- **通信协议**: 主要使用HTTP+XML，部分银行支持FTP/SFTP\n\n### 命名规范\n- **包名**: com.baidu.pmc.{bank-code}.{layer}\n- **类名**: {BankCode}{Function}（如：CmbController、IcbcService）\n- **方法名**: selectXxx、queryXxx、insertXxx、updateXxx、deleteXxx\n- **表名**: pmc_{bank-code}_{entity-name}\n- **模块名**: pmc-basic-{bank-code}\n\n### 配置管理\n- **多环境支持**: Maven profiles管理local/dev/test/uat/sit/vir/online环境\n- **配置中心**: Spring Cloud Config集中管理配置\n- **服务注册**: Eureka进行服务发现和注册\n- **网关路由**: Zuul统一路由转发和过滤处理\n\n## 关键开发模式\n\n### 银行适配器模式\n每个银行模块独立部署，通过策略模式实现统一调用：\n1. 定义BankStrategy接口规范\n2. 各银行实现具体的策略类\n3. 通过BankStrategyEnum选择具体实现\n4. 运行时动态绑定银行特定逻辑\n\n### 数据一致性保障\n- **事务边界**: Service层定义事务边界，跨银行操作使用最终一致性\n- **幂等性**: 支付指令使用唯一标识，支持重复提交校验\n- **状态管理**: 统一支付状态流转（待发送→已发送→处理中→成功/失败）\n\n### 异步处理机制\n- **异步日志**: 使用@Async注解实现操作日志异步写入\n- **消息推送**: 集成百度微云消息中心进行状态通知\n- **重试机制**: 银行接口调用支持可配置的重试策略\n\n## 环境配置\n\n### 端口分配\n各银行服务使用不同端口避免冲突：\n- 主服务: 8080\n- 招商银行: 8081\n- 工商银行: 8082\n- 建设银行: 8083\n- [需人工确认] 其他银行端口按顺序分配\n\n### 构建部署\n- **构建工具**: Maven多模块项目，Java 8编译\n- **CI/CD**: BCloud平台自动化构建\n- **构建脚本**: 各环境独立脚本（sitBuild.sh、uatBuild.sh等）\n- **产出物**: 统一输出到output目录\n\n## 集成规范\n\n### 百度内部系统集成\n- **认证系统**: UUAP统一认证，支持单点登录\n- **消息中心**: 百度微云消息中心推送状态变更通知\n- **工作流**: WK工作流引擎处理审批流程\n\n### 外部接口规范\n- **RESTful API**: 统一使用REST风格接口\n- **数据格式**: JSON为主，银行接口使用XML\n- **错误码**: 统一错误码规范，区分系统错误和业务错误\n\n## 注意事项\n\n1. **银行模块隔离**: 禁止跨银行模块直接调用，必须通过策略模式\n2. **环境配置**: 严格按Maven profile进行环境隔离，禁止配置混淆\n3. **安全要求**: 银行敏感信息（密钥、证书）按各银行要求独立管理\n4. **事务边界**: 避免跨银行事务，使用补偿机制保证最终一致性\n5. **版本兼容**: Spring Boot 1.5.9版本，注意依赖版本冲突\n\n---\n\n**最后更新**: 2025-11-09\n**适用范围**: 百度PMC支付管理中心所有开发活动\n**规则优先级**: 项目级规则 > 通用开发规范 > 个人编码习惯","completed":false,"isEnd":false,"failed":false}
[13734] [2026-01-09 17:37:20] [VERBOSE] [VIRTUALEDITOR]  VirtualEditor.getDocument, args: absolutePath=/Users/xiaoliu/baidu/bpit-proc-apps/pmc/.comate/rules/rules.mdr
[13734] [2026-01-09 17:37:20] [INFO] [ENGINE]  <--------- ENGINE SEND: VIRTUAL_EDITOR_EVENT {"action":"getDocument","payload":{"absolutePath":"/Users/xiaoliu/baidu/bpit-proc-apps/pmc/.comate/rules/rules.mdr","uuid":"2407364a-f23a-415d-bc94-21c0fa305d4d"}}
[13734] [2026-01-09 17:37:20] [INFO] [ENGINE]  ---------> ENGINE REC: VIRTUAL_EDITOR_EVENT {"uuid":"2407364a-f23a-415d-bc94-21c0fa305d4d","existed":true,"content":"---\n alwaysApply: true \n---\n# 百度PMC支付管理中心项目规则\n\n## 项目概览\n\n**项目定位**: 百度企业金融支付管理中心，处理多银行渠道的企业支付业务\n**架构模式**: Spring Cloud微服务架构，按银行维度模块化设计\n**技术栈**: Spring Boot 1.5.9 + MyBatis + Spring Cloud Netflix + Hessian\n\n## 核心架构规则\n\n### 模块划分原则\n- **银行独立模块**: 每个银行对应独立服务模块（pmc-basic-{bank-code}）\n- **通用支撑模块**: pmc-basic-common（基础设施）、pmc-basic-pojo（数据模型）、pmc-basic-persistence（数据访问）\n- **业务核心模块**: pmc-basic-service（核心业务）、pmc-basic-web（网关层）\n- **策略模式**: 所有银行模块实现统一BankStrategy接口，运行时动态选择具体实现\n\n### 分层架构规范\n```\nController层 → Service层 → 银行策略层 → Persistence层\n```\n- Controller: 统一使用@RestController，返回ResponseMessage包装对象\n- Service: 接口+实现类模式，使用Spring声明式事务\n- 策略层: 通过BankStrategyEnum枚举选择具体银行实现\n- Persistence: MyBatis + 通用Mapper，XML映射文件位于resources/mapper/\n\n## 开发契约\n\n### 异常处理模式\n- 全局异常处理器: 使用@RestControllerAdvice统一处理FeignException、AccessDeniedException等\n- 统一响应: 所有API返回ResponseMessage对象（包含status、message、data字段）\n- 操作日志: 基于MyBatis拦截器自动记录DELETE/UPDATE操作，异步写入\n\n### 银行接口封装规范\n- **报文标准化**: 统一使用MessageBuilder构建银行报文，ResponseXmlParser解析响应\n- **XML处理**: 使用JDOM2处理银行XML报文，XPath进行节点操作\n- **安全机制**: 各银行独立处理加密、证书、签名等安全要求\n- **通信协议**: 主要使用HTTP+XML，部分银行支持FTP/SFTP\n\n### 命名规范\n- **包名**: com.baidu.pmc.{bank-code}.{layer}\n- **类名**: {BankCode}{Function}（如：CmbController、IcbcService）\n- **方法名**: selectXxx、queryXxx、insertXxx、updateXxx、deleteXxx\n- **表名**: pmc_{bank-code}_{entity-name}\n- **模块名**: pmc-basic-{bank-code}\n\n### 配置管理\n- **多环境支持**: Maven profiles管理local/dev/test/uat/sit/vir/online环境\n- **配置中心**: Spring Cloud Config集中管理配置\n- **服务注册**: Eureka进行服务发现和注册\n- **网关路由**: Zuul统一路由转发和过滤处理\n\n## 关键开发模式\n\n### 银行适配器模式\n每个银行模块独立部署，通过策略模式实现统一调用：\n1. 定义BankStrategy接口规范\n2. 各银行实现具体的策略类\n3. 通过BankStrategyEnum选择具体实现\n4. 运行时动态绑定银行特定逻辑\n\n### 数据一致性保障\n- **事务边界**: Service层定义事务边界，跨银行操作使用最终一致性\n- **幂等性**: 支付指令使用唯一标识，支持重复提交校验\n- **状态管理**: 统一支付状态流转（待发送→已发送→处理中→成功/失败）\n\n### 异步处理机制\n- **异步日志**: 使用@Async注解实现操作日志异步写入\n- **消息推送**: 集成百度微云消息中心进行状态通知\n- **重试机制**: 银行接口调用支持可配置的重试策略\n\n## 环境配置\n\n### 端口分配\n各银行服务使用不同端口避免冲突：\n- 主服务: 8080\n- 招商银行: 8081\n- 工商银行: 8082\n- 建设银行: 8083\n- [需人工确认] 其他银行端口按顺序分配\n\n### 构建部署\n- **构建工具**: Maven多模块项目，Java 8编译\n- **CI/CD**: BCloud平台自动化构建\n- **构建脚本**: 各环境独立脚本（sitBuild.sh、uatBuild.sh等）\n- **产出物**: 统一输出到output目录\n\n## 集成规范\n\n### 百度内部系统集成\n- **认证系统**: UUAP统一认证，支持单点登录\n- **消息中心**: 百度微云消息中心推送状态变更通知\n- **工作流**: WK工作流引擎处理审批流程\n\n### 外部接口规范\n- **RESTful API**: 统一使用REST风格接口\n- **数据格式**: JSON为主，银行接口使用XML\n- **错误码**: 统一错误码规范，区分系统错误和业务错误\n\n## 注意事项\n\n1. **银行模块隔离**: 禁止跨银行模块直接调用，必须通过策略模式\n2. **环境配置**: 严格按Maven profile进行环境隔离，禁止配置混淆\n3. **安全要求**: 银行敏感信息（密钥、证书）按各银行要求独立管理\n4. **事务边界**: 避免跨银行事务，使用补偿机制保证最终一致性\n5. **版本兼容**: Spring Boot 1.5.9版本，注意依赖版本冲突\n\n---\n\n**最后更新**: 2025-11-09\n**适用范围**: 百度PMC支付管理中心所有开发活动\n**规则优先级**: 项目级规则 > 通用开发规范 > 个人编码习惯","completed":false,"isEnd":false,"failed":false}
[13734] [2026-01-09 17:37:32] [VERBOSE] [VIRTUALEDITOR]  VirtualEditor.getDocument, args: absolutePath=/Users/xiaoliu/baidu/bpit-proc-apps/pmc/pmc-basic-bankcommon/src/main/java/com/baidu/pmc/bankcommon/core/service/strategy/BcmBankStrategy.java
[13734] [2026-01-09 17:37:32] [INFO] [ENGINE]  <--------- ENGINE SEND: VIRTUAL_EDITOR_EVENT {"action":"getDocument","payload":{"absolutePath":"/Users/xiaoliu/baidu/bpit-proc-apps/pmc/pmc-basic-bankcommon/src/main/java/com/baidu/pmc/bankcommon/core/service/strategy/BcmBankStrategy.java","uuid":"e2b221c1-fb7c-4415-b690-7939c45439fd"}}
[13734] [2026-01-09 17:37:32] [VERBOSE] [VIRTUALEDITOR]  VirtualEditor.getDocument, args: absolutePath=/Users/xiaoliu/baidu/bpit-proc-apps/pmc/pmc-basic-bankcommon/src/main/java/com/baidu/pmc/bankcommon/core/service/strategy/BcmBankStrategy.java
[13734] [2026-01-09 17:37:32] [INFO] [ENGINE]  <--------- ENGINE SEND: VIRTUAL_EDITOR_EVENT {"action":"getDocument","payload":{"absolutePath":"/Users/xiaoliu/baidu/bpit-proc-apps/pmc/pmc-basic-bankcommon/src/main/java/com/baidu/pmc/bankcommon/core/service/strategy/BcmBankStrategy.java","uuid":"0f01d23f-e595-4bd6-be3d-a23d5bf9ed3e"}}
[13734] [2026-01-09 17:37:32] [VERBOSE] [VIRTUALEDITOR]  VirtualEditor.getActiveDocument, args: 
[13734] [2026-01-09 17:37:32] [INFO] [ENGINE]  <--------- ENGINE SEND: VIRTUAL_EDITOR_EVENT {"action":"getActiveDocument","payload":{"uuid":"c31b8eb0-9179-42e9-b88d-f274be5569a4"}}
[13734] [2026-01-09 17:37:32] [VERBOSE] [VIRTUALEDITOR]  VirtualEditor.openVirtualDiffDocument, args: absolutePath=/Users/xiaoliu/baidu/bpit-proc-apps/pmc/pmc-basic-bankcommon/src/main/java/com/baidu/pmc/bankcommon/core/service/strategy/BcmBankStrategy.java,stream=true,source=E2EBotConversation,acceptable=true,action=edit,openFileDiff=true,conversationId=9c8f08ee-8d97-4c21-b721-e33e0cd56961,elementId=6960cc5152ad0b1469220e5f,inlineView=true
[13734] [2026-01-09 17:37:35] [VERBOSE] [VIRTUALEDITOR]  VirtualEditor.getDocument, args: absolutePath=/Users/xiaoliu/baidu/bpit-proc-apps/pmc/pmc-basic-bankcommon/src/main/java/com/baidu/pmc/bankcommon/core/service/strategy/BcmBankStrategy.java
[13734] [2026-01-09 17:37:35] [INFO] [ENGINE]  <--------- ENGINE SEND: VIRTUAL_EDITOR_EVENT {"action":"getDocument","payload":{"absolutePath":"/Users/xiaoliu/baidu/bpit-proc-apps/pmc/pmc-basic-bankcommon/src/main/java/com/baidu/pmc/bankcommon/core/service/strategy/BcmBankStrategy.java","uuid":"f42cb77f-9995-4d60-96da-988b022d071c"}}
[13734] [2026-01-09 17:37:35] [VERBOSE] [VIRTUALEDITOR]  VirtualEditor.getDocument, args: absolutePath=/Users/xiaoliu/baidu/bpit-proc-apps/pmc/.comate/rules/rules.mdr
[13734] [2026-01-09 17:37:35] [INFO] [ENGINE]  <--------- ENGINE SEND: VIRTUAL_EDITOR_EVENT {"action":"getDocument","payload":{"absolutePath":"/Users/xiaoliu/baidu/bpit-proc-apps/pmc/.comate/rules/rules.mdr","uuid":"9f8fbc27-3259-48d1-a97d-a95a06674ca8"}}
[13734] [2026-01-09 17:37:35] [INFO] [ENGINE]  ---------> ENGINE REC: VIRTUAL_EDITOR_EVENT {"uuid":"9f8fbc27-3259-48d1-a97d-a95a06674ca8","existed":true,"content":"---\n alwaysApply: true \n---\n# 百度PMC支付管理中心项目规则\n\n## 项目概览\n\n**项目定位**: 百度企业金融支付管理中心，处理多银行渠道的企业支付业务\n**架构模式**: Spring Cloud微服务架构，按银行维度模块化设计\n**技术栈**: Spring Boot 1.5.9 + MyBatis + Spring Cloud Netflix + Hessian\n\n## 核心架构规则\n\n### 模块划分原则\n- **银行独立模块**: 每个银行对应独立服务模块（pmc-basic-{bank-code}）\n- **通用支撑模块**: pmc-basic-common（基础设施）、pmc-basic-pojo（数据模型）、pmc-basic-persistence（数据访问）\n- **业务核心模块**: pmc-basic-service（核心业务）、pmc-basic-web（网关层）\n- **策略模式**: 所有银行模块实现统一BankStrategy接口，运行时动态选择具体实现\n\n### 分层架构规范\n```\nController层 → Service层 → 银行策略层 → Persistence层\n```\n- Controller: 统一使用@RestController，返回ResponseMessage包装对象\n- Service: 接口+实现类模式，使用Spring声明式事务\n- 策略层: 通过BankStrategyEnum枚举选择具体银行实现\n- Persistence: MyBatis + 通用Mapper，XML映射文件位于resources/mapper/\n\n## 开发契约\n\n### 异常处理模式\n- 全局异常处理器: 使用@RestControllerAdvice统一处理FeignException、AccessDeniedException等\n- 统一响应: 所有API返回ResponseMessage对象（包含status、message、data字段）\n- 操作日志: 基于MyBatis拦截器自动记录DELETE/UPDATE操作，异步写入\n\n### 银行接口封装规范\n- **报文标准化**: 统一使用MessageBuilder构建银行报文，ResponseXmlParser解析响应\n- **XML处理**: 使用JDOM2处理银行XML报文，XPath进行节点操作\n- **安全机制**: 各银行独立处理加密、证书、签名等安全要求\n- **通信协议**: 主要使用HTTP+XML，部分银行支持FTP/SFTP\n\n### 命名规范\n- **包名**: com.baidu.pmc.{bank-code}.{layer}\n- **类名**: {BankCode}{Function}（如：CmbController、IcbcService）\n- **方法名**: selectXxx、queryXxx、insertXxx、updateXxx、deleteXxx\n- **表名**: pmc_{bank-code}_{entity-name}\n- **模块名**: pmc-basic-{bank-code}\n\n### 配置管理\n- **多环境支持**: Maven profiles管理local/dev/test/uat/sit/vir/online环境\n- **配置中心**: Spring Cloud Config集中管理配置\n- **服务注册**: Eureka进行服务发现和注册\n- **网关路由**: Zuul统一路由转发和过滤处理\n\n## 关键开发模式\n\n### 银行适配器模式\n每个银行模块独立部署，通过策略模式实现统一调用：\n1. 定义BankStrategy接口规范\n2. 各银行实现具体的策略类\n3. 通过BankStrategyEnum选择具体实现\n4. 运行时动态绑定银行特定逻辑\n\n### 数据一致性保障\n- **事务边界**: Service层定义事务边界，跨银行操作使用最终一致性\n- **幂等性**: 支付指令使用唯一标识，支持重复提交校验\n- **状态管理**: 统一支付状态流转（待发送→已发送→处理中→成功/失败）\n\n### 异步处理机制\n- **异步日志**: 使用@Async注解实现操作日志异步写入\n- **消息推送**: 集成百度微云消息中心进行状态通知\n- **重试机制**: 银行接口调用支持可配置的重试策略\n\n## 环境配置\n\n### 端口分配\n各银行服务使用不同端口避免冲突：\n- 主服务: 8080\n- 招商银行: 8081\n- 工商银行: 8082\n- 建设银行: 8083\n- [需人工确认] 其他银行端口按顺序分配\n\n### 构建部署\n- **构建工具**: Maven多模块项目，Java 8编译\n- **CI/CD**: BCloud平台自动化构建\n- **构建脚本**: 各环境独立脚本（sitBuild.sh、uatBuild.sh等）\n- **产出物**: 统一输出到output目录\n\n## 集成规范\n\n### 百度内部系统集成\n- **认证系统**: UUAP统一认证，支持单点登录\n- **消息中心**: 百度微云消息中心推送状态变更通知\n- **工作流**: WK工作流引擎处理审批流程\n\n### 外部接口规范\n- **RESTful API**: 统一使用REST风格接口\n- **数据格式**: JSON为主，银行接口使用XML\n- **错误码**: 统一错误码规范，区分系统错误和业务错误\n\n## 注意事项\n\n1. **银行模块隔离**: 禁止跨银行模块直接调用，必须通过策略模式\n2. **环境配置**: 严格按Maven profile进行环境隔离，禁止配置混淆\n3. **安全要求**: 银行敏感信息（密钥、证书）按各银行要求独立管理\n4. **事务边界**: 避免跨银行事务，使用补偿机制保证最终一致性\n5. **版本兼容**: Spring Boot 1.5.9版本，注意依赖版本冲突\n\n---\n\n**最后更新**: 2025-11-09\n**适用范围**: 百度PMC支付管理中心所有开发活动\n**规则优先级**: 项目级规则 > 通用开发规范 > 个人编码习惯","completed":false,"isEnd":false,"failed":false}
[13734] [2026-01-09 17:37:35] [VERBOSE] [VIRTUALEDITOR]  VirtualEditor.endConversationEditSession, args: conversationId=9c8f08ee-8d97-4c21-b721-e33e0cd56961
[13734] [2026-01-09 17:37:35] [INFO] [ENGINE]  <--------- ENGINE SEND: VIRTUAL_EDITOR_EVENT {"action":"endConversationEditSession","payload":{"conversationId":"9c8f08ee-8d97-4c21-b721-e33e0cd56961","uuid":"9950fa2c-1808-488c-8aa9-14dea224bbd7"}}
[13734] [2026-01-09 17:37:36] [INFO] [ENGINE]  <--------- ENGINE SEND: COMATE_AGENT_UPDATE_MESSAGE {"data":{"type":"conversation-status","conversationInfo":{"id":"9c8f08ee-8d97-4c21-b721-e33e0cd56961","status":"Failed","type":"E2EBotConversation","utime":1767951424248,"ctime":1767929814561}}}
[13734] [2026-01-09 17:37:36] [INFO] [CONVERSATIONMANAGER]  [Zulu] reported 1 suggestions successfully
[13734] [2026-01-09 17:37:36] [INFO] [CONVERSATIONMANAGER]  [Zulu] Roundtrip completed: uuid= 15174a3e-6b26-4b6a-b299-cef8bbba235a
[13734] [2026-01-09 17:37:36] [INFO] [CONVERSATIONMANAGER]  [Zulu] Track roundtrip completed: reportedId= 15174a3e-6b26-4b6a-b299-cef8bbba235a
[13734] [2026-01-09 17:37:57] [INFO] [ENGINE]  ---------> ENGINE REC: COMATE_AGENT_NEW_MESSAGE {"data":"{\"agentPayload\":{\"messageType\":\"message-operation\",\"conversationType\":null,\"conversationId\":\"9c8f08ee-8d97-4c21-b721-e33e0cd56961\",\"payload\":{\"query\":null,\"action\":\"file-accept-block\",\"filePath\":\"/Users/xiaoliu/baidu/bpit-proc-apps/pmc/pmc-basic-bankcommon/src/main/java/com/baidu/pmc/bankcommon/core/service/strategy/BcmBankStrategy.java\",\"elementId\":\"6960cc5152ad0b1469220e5f\",\"knowledgeList\":null,\"source\":\"\",\"acceptance\":{\"addLines\":0,\"deleteLines\":0,\"source\":\"\"},\"accepted\":true}}}"}
[13734] [2026-01-09 17:37:57] [INFO] [CONVERSATIONMANAGER]  onConversationMessage {"messageType":"message-operation","conversationType":null,"conversationId":"9c8f08ee-8d97-4c21-b721-e33e0cd56961","payload":{"query":null,"action":"file-accept-block","filePath":"/Users/xiaoliu/baidu/bpit-proc-apps/pmc/pmc-basic-bankcommon/src/main/java/com/baidu/pmc/bankcommon/core/service/strategy/BcmBankStrategy.java","elementId":"6960cc5152ad0b1469220e5f","knowledgeList":null,"source":"","acceptance":{"addLines":0,"deleteLines":0,"source":""},"accepted":true}}
[13734] [2026-01-09 17:38:00] [INFO] [PLUGINCHANNEL]  {"level":"system","source":"IdeSession","action":"HandleMessage","detail":{"actionName":"DIAGNOSTIC_SCAN"}}
[13734] [2026-01-09 17:38:00] [INFO] [PLUGINCHANNEL]  {"level":"error","source":"IdeSession","action":"PluginNotFound","detail":{"pluginName":""}}
[13734] [2026-01-09 17:38:01] [INFO] [PLUGINCHANNEL]  {"level":"system","source":"IdeSession","action":"HandleMessage","detail":{"actionName":"DIAGNOSTIC_SCAN"}}
[13734] [2026-01-09 17:38:01] [INFO] [PLUGINCHANNEL]  {"level":"error","source":"IdeSession","action":"PluginNotFound","detail":{"pluginName":""}}
[13734] [2026-01-09 17:38:02] [INFO] [PLUGINCHANNEL]  {"level":"system","source":"IdeSession","action":"HandleMessage","detail":{"actionName":"DIAGNOSTIC_SCAN"}}
[13734] [2026-01-09 17:38:02] [INFO] [PLUGINCHANNEL]  {"level":"error","source":"IdeSession","action":"PluginNotFound","detail":{"pluginName":""}}
[13734] [2026-01-09 17:38:06] [INFO] [PLUGINCHANNEL]  {"level":"system","source":"IdeSession","action":"HandleMessage","detail":{"actionName":"DIAGNOSTIC_SCAN"}}
[13734] [2026-01-09 17:38:06] [INFO] [PLUGINCHANNEL]  {"level":"error","source":"IdeSession","action":"PluginNotFound","detail":{"pluginName":""}}
[13734] [2026-01-09 17:38:06] [INFO] [PLUGINCHANNEL]  {"level":"system","source":"IdeSession","action":"HandleMessage","detail":{"actionName":"DIAGNOSTIC_SCAN"}}
[13734] [2026-01-09 17:38:06] [INFO] [PLUGINCHANNEL]  {"level":"error","source":"IdeSession","action":"PluginNotFound","detail":{"pluginName":""}}
[13734] [2026-01-09 17:38:07] [INFO] [PLUGINCHANNEL]  {"level":"system","source":"IdeSession","action":"HandleMessage","detail":{"actionName":"DIAGNOSTIC_SCAN"}}
[13734] [2026-01-09 17:38:07] [INFO] [PLUGINCHANNEL]  {"level":"error","source":"IdeSession","action":"PluginNotFound","detail":{"pluginName":""}}
[13734] [2026-01-09 17:38:08] [INFO] [PLUGINCHANNEL]  {"level":"system","source":"IdeSession","action":"HandleMessage","detail":{"actionName":"DIAGNOSTIC_SCAN"}}
[13734] [2026-01-09 17:38:08] [INFO] [PLUGINCHANNEL]  {"level":"error","source":"IdeSession","action":"PluginNotFound","detail":{"pluginName":""}}
[13734] [2026-01-09 17:38:08] [INFO] [PLUGINCHANNEL]  {"level":"system","source":"IdeSession","action":"HandleMessage","detail":{"actionName":"DIAGNOSTIC_SCAN"}}
[13734] [2026-01-09 17:38:08] [INFO] [PLUGINCHANNEL]  {"level":"error","source":"IdeSession","action":"PluginNotFound","detail":{"pluginName":""}}
[13734] [2026-01-09 17:38:10] [INFO] [PLUGINCHANNEL]  {"level":"system","source":"IdeSession","action":"HandleMessage","detail":{"actionName":"DIAGNOSTIC_SCAN"}}
[13734] [2026-01-09 17:38:10] [INFO] [PLUGINCHANNEL]  {"level":"error","source":"IdeSession","action":"PluginNotFound","detail":{"pluginName":""}}
[13734] [2026-01-09 17:38:12] [INFO] [PLUGINCHANNEL]  {"level":"system","source":"IdeSession","action":"HandleMessage","detail":{"actionName":"DIAGNOSTIC_SCAN"}}
[13734] [2026-01-09 17:38:12] [INFO] [PLUGINCHANNEL]  {"level":"error","source":"IdeSession","action":"PluginNotFound","detail":{"pluginName":""}}
[13734] [2026-01-09 17:38:13] [INFO] [PLUGINCHANNEL]  {"level":"system","source":"IdeSession","action":"HandleMessage","detail":{"actionName":"DIAGNOSTIC_SCAN"}}
[13734] [2026-01-09 17:38:13] [INFO] [PLUGINCHANNEL]  {"level":"error","source":"IdeSession","action":"PluginNotFound","detail":{"pluginName":""}}
[13734] [2026-01-09 17:38:14] [INFO] [PLUGINCHANNEL]  {"level":"system","source":"IdeSession","action":"HandleMessage","detail":{"actionName":"DIAGNOSTIC_SCAN"}}
[13734] [2026-01-09 17:38:14] [INFO] [PLUGINCHANNEL]  {"level":"error","source":"IdeSession","action":"PluginNotFound","detail":{"pluginName":""}}
[13734] [2026-01-09 17:38:14] [INFO] [PLUGINCHANNEL]  {"level":"system","source":"IdeSession","action":"HandleMessage","detail":{"actionName":"DIAGNOSTIC_SCAN"}}
[13734] [2026-01-09 17:38:14] [INFO] [PLUGINCHANNEL]  {"level":"error","source":"IdeSession","action":"PluginNotFound","detail":{"pluginName":""}}
[13734] [2026-01-09 17:38:16] [INFO] [PLUGINCHANNEL]  {"level":"system","source":"IdeSession","action":"HandleMessage","detail":{"actionName":"DIAGNOSTIC_SCAN"}}
[13734] [2026-01-09 17:38:16] [INFO] [PLUGINCHANNEL]  {"level":"error","source":"IdeSession","action":"PluginNotFound","detail":{"pluginName":""}}
[13734] [2026-01-09 17:38:16] [INFO] [PLUGINCHANNEL]  {"level":"system","source":"IdeSession","action":"HandleMessage","detail":{"actionName":"DIAGNOSTIC_SCAN"}}
[13734] [2026-01-09 17:38:16] [INFO] [PLUGINCHANNEL]  {"level":"error","source":"IdeSession","action":"PluginNotFound","detail":{"pluginName":""}}
[13734] [2026-01-09 17:38:17] [INFO] [PLUGINCHANNEL]  {"level":"system","source":"IdeSession","action":"HandleMessage","detail":{"actionName":"DIAGNOSTIC_SCAN"}}
[13734] [2026-01-09 17:38:17] [INFO] [PLUGINCHANNEL]  {"level":"error","source":"IdeSession","action":"PluginNotFound","detail":{"pluginName":""}}
[13734] [2026-01-09 17:38:23] [INFO] [PLUGINCHANNEL]  {"level":"system","source":"IdeSession","action":"HandleMessage","detail":{"actionName":"DIAGNOSTIC_SCAN"}}
[13734] [2026-01-09 17:38:23] [INFO] [PLUGINCHANNEL]  {"level":"error","source":"IdeSession","action":"PluginNotFound","detail":{"pluginName":""}}
[13734] [2026-01-09 17:38:24] [INFO] [PLUGINCHANNEL]  {"level":"system","source":"IdeSession","action":"HandleMessage","detail":{"actionName":"DIAGNOSTIC_SCAN"}}
[13734] [2026-01-09 17:38:24] [INFO] [PLUGINCHANNEL]  {"level":"error","source":"IdeSession","action":"PluginNotFound","detail":{"pluginName":""}}
[13734] [2026-01-09 17:38:28] [INFO] [PLUGINCHANNEL]  {"level":"system","source":"IdeSession","action":"HandleMessage","detail":{"actionName":"DIAGNOSTIC_SCAN"}}
[13734] [2026-01-09 17:38:28] [INFO] [PLUGINCHANNEL]  {"level":"error","source":"IdeSession","action":"PluginNotFound","detail":{"pluginName":""}}
[13734] [2026-01-09 17:38:30] [INFO] [PLUGINCHANNEL]  {"level":"system","source":"IdeSession","action":"HandleMessage","detail":{"actionName":"DIAGNOSTIC_SCAN"}}
[13734] [2026-01-09 17:38:30] [INFO] [PLUGINCHANNEL]  {"level":"error","source":"IdeSession","action":"PluginNotFound","detail":{"pluginName":""}}
[13734] [2026-01-09 17:38:31] [INFO] [PLUGINCHANNEL]  {"level":"system","source":"IdeSession","action":"HandleMessage","detail":{"actionName":"DIAGNOSTIC_SCAN"}}
[13734] [2026-01-09 17:38:31] [INFO] [PLUGINCHANNEL]  {"level":"error","source":"IdeSession","action":"PluginNotFound","detail":{"pluginName":""}}
[13734] [2026-01-09 17:38:32] [INFO] [PLUGINCHANNEL]  {"level":"system","source":"IdeSession","action":"HandleMessage","detail":{"actionName":"DIAGNOSTIC_SCAN"}}
[13734] [2026-01-09 17:38:32] [INFO] [PLUGINCHANNEL]  {"level":"error","source":"IdeSession","action":"PluginNotFound","detail":{"pluginName":""}}
[13734] [2026-01-09 17:38:35] [INFO] [PLUGINCHANNEL]  {"level":"system","source":"IdeSession","action":"HandleMessage","detail":{"actionName":"DIAGNOSTIC_SCAN"}}
[13734] [2026-01-09 17:38:35] [INFO] [PLUGINCHANNEL]  {"level":"error","source":"IdeSession","action":"PluginNotFound","detail":{"pluginName":""}}
[13734] [2026-01-09 17:38:35] [INFO] [PLUGINCHANNEL]  {"level":"system","source":"IdeSession","action":"HandleMessage","detail":{"actionName":"DIAGNOSTIC_SCAN"}}
[13734] [2026-01-09 17:38:35] [INFO] [PLUGINCHANNEL]  {"level":"error","source":"IdeSession","action":"PluginNotFound","detail":{"pluginName":""}}
[13734] [2026-01-09 17:38:36] [INFO] [PLUGINCHANNEL]  {"level":"system","source":"IdeSession","action":"HandleMessage","detail":{"actionName":"DIAGNOSTIC_SCAN"}}
[13734] [2026-01-09 17:38:36] [INFO] [PLUGINCHANNEL]  {"level":"error","source":"IdeSession","action":"PluginNotFound","detail":{"pluginName":""}}
[13734] [2026-01-09 17:38:37] [INFO] [PLUGINCHANNEL]  {"level":"system","source":"IdeSession","action":"HandleMessage","detail":{"actionName":"DIAGNOSTIC_SCAN"}}
[13734] [2026-01-09 17:38:37] [INFO] [PLUGINCHANNEL]  {"level":"error","source":"IdeSession","action":"PluginNotFound","detail":{"pluginName":""}}
[13734] [2026-01-09 17:38:38] [INFO] [PLUGINCHANNEL]  {"level":"system","source":"IdeSession","action":"HandleMessage","detail":{"actionName":"DIAGNOSTIC_SCAN"}}
[13734] [2026-01-09 17:38:38] [INFO] [PLUGINCHANNEL]  {"level":"error","source":"IdeSession","action":"PluginNotFound","detail":{"pluginName":""}}
[13734] [2026-01-09 17:38:40] [INFO] [PLUGINCHANNEL]  {"level":"system","source":"IdeSession","action":"HandleMessage","detail":{"actionName":"DIAGNOSTIC_SCAN"}}
[13734] [2026-01-09 17:38:40] [INFO] [PLUGINCHANNEL]  {"level":"error","source":"IdeSession","action":"PluginNotFound","detail":{"pluginName":""}}
[13734] [2026-01-09 17:38:42] [INFO] [PLUGINCHANNEL]  {"level":"system","source":"IdeSession","action":"HandleMessage","detail":{"actionName":"DIAGNOSTIC_SCAN"}}
[13734] [2026-01-09 17:38:42] [INFO] [PLUGINCHANNEL]  {"level":"error","source":"IdeSession","action":"PluginNotFound","detail":{"pluginName":""}}
[13734] [2026-01-09 17:38:44] [INFO] [PLUGINCHANNEL]  {"level":"system","source":"IdeSession","action":"HandleMessage","detail":{"actionName":"DIAGNOSTIC_SCAN"}}
[13734] [2026-01-09 17:38:44] [INFO] [PLUGINCHANNEL]  {"level":"error","source":"IdeSession","action":"PluginNotFound","detail":{"pluginName":""}}
[13734] [2026-01-09 17:38:45] [INFO] [PLUGINCHANNEL]  {"level":"system","source":"IdeSession","action":"HandleMessage","detail":{"actionName":"DIAGNOSTIC_SCAN"}}
[13734] [2026-01-09 17:38:45] [INFO] [PLUGINCHANNEL]  {"level":"error","source":"IdeSession","action":"PluginNotFound","detail":{"pluginName":""}}
[13734] [2026-01-09 17:38:45] [INFO] [PLUGINCHANNEL]  {"level":"system","source":"IdeSession","action":"HandleMessage","detail":{"actionName":"DIAGNOSTIC_SCAN"}}
[13734] [2026-01-09 17:38:45] [INFO] [PLUGINCHANNEL]  {"level":"error","source":"IdeSession","action":"PluginNotFound","detail":{"pluginName":""}}
[13734] [2026-01-09 17:38:46] [INFO] [PLUGINCHANNEL]  {"level":"system","source":"IdeSession","action":"HandleMessage","detail":{"actionName":"DIAGNOSTIC_SCAN"}}
[13734] [2026-01-09 17:38:46] [INFO] [PLUGINCHANNEL]  {"level":"error","source":"IdeSession","action":"PluginNotFound","detail":{"pluginName":""}}
[13734] [2026-01-09 17:38:50] [INFO] [PLUGINCHANNEL]  {"level":"system","source":"IdeSession","action":"HandleMessage","detail":{"actionName":"DIAGNOSTIC_SCAN"}}
[13734] [2026-01-09 17:38:50] [INFO] [PLUGINCHANNEL]  {"level":"error","source":"IdeSession","action":"PluginNotFound","detail":{"pluginName":""}}
[13734] [2026-01-09 17:38:52] [INFO] [PLUGINCHANNEL]  {"level":"system","source":"IdeSession","action":"HandleMessage","detail":{"actionName":"DIAGNOSTIC_SCAN"}}
[13734] [2026-01-09 17:38:52] [INFO] [PLUGINCHANNEL]  {"level":"error","source":"IdeSession","action":"PluginNotFound","detail":{"pluginName":""}}
[13734] [2026-01-09 17:38:53] [INFO] [PLUGINCHANNEL]  {"level":"system","source":"IdeSession","action":"HandleMessage","detail":{"actionName":"DIAGNOSTIC_SCAN"}}
[13734] [2026-01-09 17:38:53] [INFO] [PLUGINCHANNEL]  {"level":"error","source":"IdeSession","action":"PluginNotFound","detail":{"pluginName":""}}
[13734] [2026-01-09 17:38:54] [INFO] [PLUGINCHANNEL]  {"level":"system","source":"IdeSession","action":"HandleMessage","detail":{"actionName":"DIAGNOSTIC_SCAN"}}
[13734] [2026-01-09 17:38:54] [INFO] [PLUGINCHANNEL]  {"level":"error","source":"IdeSession","action":"PluginNotFound","detail":{"pluginName":""}}
[13734] [2026-01-09 17:38:55] [INFO] [PLUGINCHANNEL]  {"level":"system","source":"IdeSession","action":"HandleMessage","detail":{"actionName":"DIAGNOSTIC_SCAN"}}
[13734] [2026-01-09 17:38:55] [INFO] [PLUGINCHANNEL]  {"level":"error","source":"IdeSession","action":"PluginNotFound","detail":{"pluginName":""}}
[13734] [2026-01-09 17:38:55] [INFO] [PLUGINCHANNEL]  {"level":"warn","source":"IdeSession","action":"SessionTimeout","detail":{}}
[13734] [2026-01-09 17:38:55] [INFO] [PLUGINCHANNEL]  {"level":"system","source":"IdeSession","action":"HandleMessage","detail":{"actionName":"DIAGNOSTIC_SCAN"}}
[13734] [2026-01-09 17:38:55] [INFO] [PLUGINCHANNEL]  {"level":"error","source":"IdeSession","action":"PluginNotFound","detail":{"pluginName":""}}
[13734] [2026-01-09 17:38:56] [INFO] [PLUGINCHANNEL]  {"level":"system","source":"IdeSession","action":"HandleMessage","detail":{"actionName":"DIAGNOSTIC_SCAN"}}
[13734] [2026-01-09 17:38:56] [INFO] [PLUGINCHANNEL]  {"level":"error","source":"IdeSession","action":"PluginNotFound","detail":{"pluginName":""}}
[13734] [2026-01-09 17:38:57] [INFO] [PLUGINCHANNEL]  {"level":"system","source":"IdeSession","action":"HandleMessage","detail":{"actionName":"DIAGNOSTIC_SCAN"}}
[13734] [2026-01-09 17:38:57] [INFO] [PLUGINCHANNEL]  {"level":"error","source":"IdeSession","action":"PluginNotFound","detail":{"pluginName":""}}
[13734] [2026-01-09 17:38:58] [INFO] [PLUGINCHANNEL]  {"level":"system","source":"IdeSession","action":"HandleMessage","detail":{"actionName":"DIAGNOSTIC_SCAN"}}
[13734] [2026-01-09 17:38:58] [INFO] [PLUGINCHANNEL]  {"level":"error","source":"IdeSession","action":"PluginNotFound","detail":{"pluginName":""}}
[13734] [2026-01-09 17:38:58] [INFO] [PLUGINCHANNEL]  {"level":"warn","source":"IdeSession","action":"SessionTimeout","detail":{}}
[13734] [2026-01-09 17:38:58] [INFO] [PLUGINCHANNEL]  {"level":"system","source":"IdeSession","action":"HandleMessage","detail":{"actionName":"DIAGNOSTIC_SCAN"}}
[13734] [2026-01-09 17:38:58] [INFO] [PLUGINCHANNEL]  {"level":"error","source":"IdeSession","action":"PluginNotFound","detail":{"pluginName":""}}
[13734] [2026-01-09 17:39:00] [INFO] [PLUGINCHANNEL]  {"level":"system","source":"IdeSession","action":"HandleMessage","detail":{"actionName":"DIAGNOSTIC_SCAN"}}
[13734] [2026-01-09 17:39:00] [INFO] [PLUGINCHANNEL]  {"level":"error","source":"IdeSession","action":"PluginNotFound","detail":{"pluginName":""}}
[13734] [2026-01-09 17:39:01] [INFO] [PLUGINCHANNEL]  {"level":"system","source":"IdeSession","action":"HandleMessage","detail":{"actionName":"DIAGNOSTIC_SCAN"}}
[13734] [2026-01-09 17:39:01] [INFO] [PLUGINCHANNEL]  {"level":"error","source":"IdeSession","action":"PluginNotFound","detail":{"pluginName":""}}
[13734] [2026-01-09 17:39:02] [INFO] [PLUGINCHANNEL]  {"level":"system","source":"IdeSession","action":"HandleMessage","detail":{"actionName":"DIAGNOSTIC_SCAN"}}
[13734] [2026-01-09 17:39:02] [INFO] [PLUGINCHANNEL]  {"level":"error","source":"IdeSession","action":"PluginNotFound","detail":{"pluginName":""}}
[13734] [2026-01-09 17:39:03] [INFO] [PLUGINCHANNEL]  {"level":"system","source":"IdeSession","action":"HandleMessage","detail":{"actionName":"DIAGNOSTIC_SCAN"}}
[13734] [2026-01-09 17:39:03] [INFO] [PLUGINCHANNEL]  {"level":"error","source":"IdeSession","action":"PluginNotFound","detail":{"pluginName":""}}
[13734] [2026-01-09 17:39:04] [INFO] [PLUGINCHANNEL]  {"level":"system","source":"IdeSession","action":"HandleMessage","detail":{"actionName":"DIAGNOSTIC_SCAN"}}
[13734] [2026-01-09 17:39:04] [INFO] [PLUGINCHANNEL]  {"level":"error","source":"IdeSession","action":"PluginNotFound","detail":{"pluginName":""}}
[13734] [2026-01-09 17:39:05] [INFO] [PLUGINCHANNEL]  {"level":"system","source":"IdeSession","action":"HandleMessage","detail":{"actionName":"DIAGNOSTIC_SCAN"}}
[13734] [2026-01-09 17:39:05] [INFO] [PLUGINCHANNEL]  {"level":"error","source":"IdeSession","action":"PluginNotFound","detail":{"pluginName":""}}
[13734] [2026-01-09 17:39:06] [INFO] [PLUGINCHANNEL]  {"level":"system","source":"IdeSession","action":"HandleMessage","detail":{"actionName":"DIAGNOSTIC_SCAN"}}
[13734] [2026-01-09 17:39:06] [INFO] [PLUGINCHANNEL]  {"level":"error","source":"IdeSession","action":"PluginNotFound","detail":{"pluginName":""}}
[13734] [2026-01-09 17:39:06] [INFO] [PLUGINCHANNEL]  {"level":"system","source":"IdeSession","action":"HandleMessage","detail":{"actionName":"DIAGNOSTIC_SCAN"}}
[13734] [2026-01-09 17:39:06] [INFO] [PLUGINCHANNEL]  {"level":"error","source":"IdeSession","action":"PluginNotFound","detail":{"pluginName":""}}
[13734] [2026-01-09 17:39:07] [INFO] [PLUGINCHANNEL]  {"level":"system","source":"IdeSession","action":"HandleMessage","detail":{"actionName":"DIAGNOSTIC_SCAN"}}
[13734] [2026-01-09 17:39:07] [INFO] [PLUGINCHANNEL]  {"level":"error","source":"IdeSession","action":"PluginNotFound","detail":{"pluginName":""}}
[13734] [2026-01-09 17:39:09] [INFO] [PLUGINCHANNEL]  {"level":"system","source":"IdeSession","action":"HandleMessage","detail":{"actionName":"DIAGNOSTIC_SCAN"}}
[13734] [2026-01-09 17:39:09] [INFO] [PLUGINCHANNEL]  {"level":"error","source":"IdeSession","action":"PluginNotFound","detail":{"pluginName":""}}
[13734] [2026-01-09 17:39:16] [INFO] [PLUGINCHANNEL]  {"level":"system","source":"IdeSession","action":"HandleMessage","detail":{"actionName":"DIAGNOSTIC_SCAN"}}
[13734] [2026-01-09 17:39:16] [INFO] [PLUGINCHANNEL]  {"level":"error","source":"IdeSession","action":"PluginNotFound","detail":{"pluginName":""}}
[13734] [2026-01-09 17:39:19] [INFO] [PLUGINCHANNEL]  {"level":"system","source":"IdeSession","action":"HandleMessage","detail":{"actionName":"DIAGNOSTIC_SCAN"}}
[13734] [2026-01-09 17:39:19] [INFO] [PLUGINCHANNEL]  {"level":"error","source":"IdeSession","action":"PluginNotFound","detail":{"pluginName":""}}
[13734] [2026-01-09 17:39:28] [INFO] [PLUGINCHANNEL]  {"level":"system","source":"IdeSession","action":"HandleMessage","detail":{"actionName":"DIAGNOSTIC_SCAN"}}
[13734] [2026-01-09 17:39:28] [INFO] [PLUGINCHANNEL]  {"level":"error","source":"IdeSession","action":"PluginNotFound","detail":{"pluginName":""}}
[13734] [2026-01-09 17:39:30] [INFO] [PLUGINCHANNEL]  {"level":"system","source":"IdeSession","action":"HandleMessage","detail":{"actionName":"DIAGNOSTIC_SCAN"}}
[13734] [2026-01-09 17:39:30] [INFO] [PLUGINCHANNEL]  {"level":"error","source":"IdeSession","action":"PluginNotFound","detail":{"pluginName":""}}
[13734] [2026-01-09 17:39:30] [INFO] [PLUGINCHANNEL]  {"level":"system","source":"IdeSession","action":"HandleMessage","detail":{"actionName":"DIAGNOSTIC_SCAN"}}
[13734] [2026-01-09 17:39:30] [INFO] [PLUGINCHANNEL]  {"level":"error","source":"IdeSession","action":"PluginNotFound","detail":{"pluginName":""}}
[13734] [2026-01-09 17:39:31] [INFO] [PLUGINCHANNEL]  {"level":"system","source":"IdeSession","action":"HandleMessage","detail":{"actionName":"DIAGNOSTIC_SCAN"}}
[13734] [2026-01-09 17:39:31] [INFO] [PLUGINCHANNEL]  {"level":"error","source":"IdeSession","action":"PluginNotFound","detail":{"pluginName":""}}
[13734] [2026-01-09 17:39:32] [INFO] [PLUGINCHANNEL]  {"level":"system","source":"IdeSession","action":"HandleMessage","detail":{"actionName":"DIAGNOSTIC_SCAN"}}
[13734] [2026-01-09 17:39:32] [INFO] [PLUGINCHANNEL]  {"level":"error","source":"IdeSession","action":"PluginNotFound","detail":{"pluginName":""}}
[13734] [2026-01-09 17:39:33] [INFO] [PLUGINCHANNEL]  {"level":"warn","source":"IdeSession","action":"SessionTimeout","detail":{}}
[13734] [2026-01-09 17:39:38] [INFO] [PLUGINCHANNEL]  {"level":"system","source":"IdeSession","action":"HandleMessage","detail":{"actionName":"DIAGNOSTIC_SCAN"}}
[13734] [2026-01-09 17:39:38] [INFO] [PLUGINCHANNEL]  {"level":"error","source":"IdeSession","action":"PluginNotFound","detail":{"pluginName":""}}
[13734] [2026-01-09 17:39:44] [INFO] [PLUGINCHANNEL]  {"level":"system","source":"IdeSession","action":"HandleMessage","detail":{"actionName":"DIAGNOSTIC_SCAN"}}
[13734] [2026-01-09 17:39:44] [INFO] [PLUGINCHANNEL]  {"level":"error","source":"IdeSession","action":"PluginNotFound","detail":{"pluginName":""}}
[13734] [2026-01-09 17:39:45] [INFO] [PLUGINCHANNEL]  {"level":"system","source":"IdeSession","action":"HandleMessage","detail":{"actionName":"DIAGNOSTIC_SCAN"}}
[13734] [2026-01-09 17:39:45] [INFO] [PLUGINCHANNEL]  {"level":"error","source":"IdeSession","action":"PluginNotFound","detail":{"pluginName":""}}
[13734] [2026-01-09 17:39:47] [INFO] [PLUGINCHANNEL]  {"level":"system","source":"IdeSession","action":"HandleMessage","detail":{"actionName":"DIAGNOSTIC_SCAN"}}
[13734] [2026-01-09 17:39:47] [INFO] [PLUGINCHANNEL]  {"level":"error","source":"IdeSession","action":"PluginNotFound","detail":{"pluginName":""}}
[13734] [2026-01-09 17:39:47] [INFO] [PLUGINCHANNEL]  {"level":"system","source":"IdeSession","action":"HandleMessage","detail":{"actionName":"DIAGNOSTIC_SCAN"}}
[13734] [2026-01-09 17:39:47] [INFO] [PLUGINCHANNEL]  {"level":"error","source":"IdeSession","action":"PluginNotFound","detail":{"pluginName":""}}
[13734] [2026-01-09 17:39:48] [INFO] [PLUGINCHANNEL]  {"level":"system","source":"IdeSession","action":"HandleMessage","detail":{"actionName":"DIAGNOSTIC_SCAN"}}
[13734] [2026-01-09 17:39:48] [INFO] [PLUGINCHANNEL]  {"level":"error","source":"IdeSession","action":"PluginNotFound","detail":{"pluginName":""}}
[13734] [2026-01-09 17:39:49] [INFO] [PLUGINCHANNEL]  {"level":"system","source":"IdeSession","action":"HandleMessage","detail":{"actionName":"DIAGNOSTIC_SCAN"}}
[13734] [2026-01-09 17:39:49] [INFO] [PLUGINCHANNEL]  {"level":"error","source":"IdeSession","action":"PluginNotFound","detail":{"pluginName":""}}
[13734] [2026-01-09 17:39:53] [INFO] [PLUGINCHANNEL]  {"level":"system","source":"IdeSession","action":"HandleMessage","detail":{"actionName":"DIAGNOSTIC_SCAN"}}
[13734] [2026-01-09 17:39:53] [INFO] [PLUGINCHANNEL]  {"level":"error","source":"IdeSession","action":"PluginNotFound","detail":{"pluginName":""}}
[13734] [2026-01-09 17:39:59] [INFO] [PLUGINCHANNEL]  {"level":"system","source":"IdeSession","action":"HandleMessage","detail":{"actionName":"DIAGNOSTIC_SCAN"}}
[13734] [2026-01-09 17:39:59] [INFO] [PLUGINCHANNEL]  {"level":"error","source":"IdeSession","action":"PluginNotFound","detail":{"pluginName":""}}
[13734] [2026-01-09 17:40:02] [INFO] [PLUGINCHANNEL]  {"level":"system","source":"IdeSession","action":"HandleMessage","detail":{"actionName":"DIAGNOSTIC_SCAN"}}
[13734] [2026-01-09 17:40:02] [INFO] [PLUGINCHANNEL]  {"level":"error","source":"IdeSession","action":"PluginNotFound","detail":{"pluginName":""}}
[13734] [2026-01-09 17:40:05] [INFO] [PLUGINCHANNEL]  {"level":"system","source":"IdeSession","action":"HandleMessage","detail":{"actionName":"DIAGNOSTIC_SCAN"}}
[13734] [2026-01-09 17:40:05] [INFO] [PLUGINCHANNEL]  {"level":"error","source":"IdeSession","action":"PluginNotFound","detail":{"pluginName":""}}
[13734] [2026-01-09 17:41:07] [INFO] [PLUGINCHANNEL]  {"level":"system","source":"IdeSession","action":"HandleMessage","detail":{"actionName":"DIAGNOSTIC_SCAN"}}
[13734] [2026-01-09 17:41:07] [INFO] [PLUGINCHANNEL]  {"level":"error","source":"IdeSession","action":"PluginNotFound","detail":{"pluginName":""}}
[13734] [2026-01-09 17:41:13] [INFO] [PLUGINCHANNEL]  {"level":"warn","source":"IdeSession","action":"SessionTimeout","detail":{}}
[13734] [2026-01-09 17:41:15] [INFO] [PLUGINCHANNEL]  {"level":"system","source":"IdeSession","action":"HandleMessage","detail":{"actionName":"DIAGNOSTIC_SCAN"}}
[13734] [2026-01-09 17:41:15] [INFO] [PLUGINCHANNEL]  {"level":"error","source":"IdeSession","action":"PluginNotFound","detail":{"pluginName":""}}
[13734] [2026-01-09 17:41:16] [INFO] [PLUGINCHANNEL]  {"level":"system","source":"IdeSession","action":"HandleMessage","detail":{"actionName":"DIAGNOSTIC_SCAN"}}
[13734] [2026-01-09 17:41:16] [INFO] [PLUGINCHANNEL]  {"level":"error","source":"IdeSession","action":"PluginNotFound","detail":{"pluginName":""}}
[13734] [2026-01-09 17:41:21] [INFO] [PLUGINCHANNEL]  {"level":"system","source":"IdeSession","action":"HandleMessage","detail":{"actionName":"DIAGNOSTIC_SCAN"}}
[13734] [2026-01-09 17:41:21] [INFO] [PLUGINCHANNEL]  {"level":"error","source":"IdeSession","action":"PluginNotFound","detail":{"pluginName":""}}
[13734] [2026-01-09 17:41:22] [INFO] [PLUGINCHANNEL]  {"level":"system","source":"IdeSession","action":"HandleMessage","detail":{"actionName":"DIAGNOSTIC_SCAN"}}
[13734] [2026-01-09 17:41:22] [INFO] [PLUGINCHANNEL]  {"level":"error","source":"IdeSession","action":"PluginNotFound","detail":{"pluginName":""}}
[13734] [2026-01-09 17:41:41] [INFO] [PLUGINCHANNEL]  {"level":"system","source":"IdeSession","action":"HandleMessage","detail":{"actionName":"DIAGNOSTIC_SCAN"}}
[13734] [2026-01-09 17:41:41] [INFO] [PLUGINCHANNEL]  {"level":"error","source":"IdeSession","action":"PluginNotFound","detail":{"pluginName":""}}
[13734] [2026-01-09 17:41:42] [INFO] [PLUGINCHANNEL]  {"level":"system","source":"IdeSession","action":"HandleMessage","detail":{"actionName":"DIAGNOSTIC_SCAN"}}
[13734] [2026-01-09 17:41:42] [INFO] [PLUGINCHANNEL]  {"level":"error","source":"IdeSession","action":"PluginNotFound","detail":{"pluginName":""}}
[13734] [2026-01-09 17:41:42] [INFO] [PLUGINCHANNEL]  {"level":"system","source":"IdeSession","action":"HandleMessage","detail":{"actionName":"DIAGNOSTIC_SCAN"}}
[13734] [2026-01-09 17:41:42] [INFO] [PLUGINCHANNEL]  {"level":"error","source":"IdeSession","action":"PluginNotFound","detail":{"pluginName":""}}
[13734] [2026-01-09 17:41:56] [INFO] [PLUGINCHANNEL]  {"level":"system","source":"IdeSession","action":"HandleMessage","detail":{"actionName":"DIAGNOSTIC_SCAN"}}
[13734] [2026-01-09 17:41:56] [INFO] [PLUGINCHANNEL]  {"level":"error","source":"IdeSession","action":"PluginNotFound","detail":{"pluginName":""}}
[13734] [2026-01-09 17:41:57] [INFO] [PLUGINCHANNEL]  {"level":"system","source":"IdeSession","action":"HandleMessage","detail":{"actionName":"DIAGNOSTIC_SCAN"}}
[13734] [2026-01-09 17:41:57] [INFO] [PLUGINCHANNEL]  {"level":"error","source":"IdeSession","action":"PluginNotFound","detail":{"pluginName":""}}
[13734] [2026-01-09 17:42:07] [INFO] [PLUGINCHANNEL]  {"level":"system","source":"IdeSession","action":"HandleMessage","detail":{"actionName":"DIAGNOSTIC_SCAN"}}
[13734] [2026-01-09 17:42:07] [INFO] [PLUGINCHANNEL]  {"level":"error","source":"IdeSession","action":"PluginNotFound","detail":{"pluginName":""}}
[13734] [2026-01-09 17:42:11] [WARN] [ENGINE]  engine connection onExit
[13735] [2026-01-09 17:42:12] [WARN] [ENGINE]  engine connection onExit
[55864] [2026-01-09 17:42:20] [INFO] [ENGINE]  onInitialize: {"processId":null,"rootUri":null,"capabilities":{"workspace":{"workspaceFolders":true},"textDocument":{}},"clientInfo":{"name":"BaiduComate","version":"3.23.0"},"workspaceFolders":[{"uri":"file:///Users/xiaoliu/baidu/bpit-proc-apps/pmc/","name":"pmc"}]}
[55864] [2026-01-09 17:42:20] [INFO] [ENGINE]  kernel Initialized
[55864] [2026-01-09 17:42:20] [INFO] [ENGINE]  <--------- ENGINE sendNotification: ENGINE_PROCESS_START_SUCCESS {}
[55864] [2026-01-09 17:42:20] [INFO] [ENGINE]  ---------> ENGINE REC: ACTION_BRANCH_CHANGE {}
[55864] [2026-01-09 17:42:20] [INFO] [BROWSERPLUGINSERVER]  WebSocket服务器启动成功: 49152
[55864] [2026-01-09 17:42:21] [VERBOSE] [PLUGINCONFIG]  Write global plugin config success to {"github":{"enabled":true,"config":{"accessToken":""}},"demo-feature":{"enabled":false,"config":{"token":"this text from cloud config"}},"iapi":{"enabled":true,"config":{"token":"","projectId":-1,"serverLanguage":"Java","serverFramework":"SpringBoot","serverDaoFramework":"JPA"}},"comate":{"enabled":true,"config":{"codeExplainPrompt":"请解释如下代码{{selectedCode}}","inlineCommentLanguage":"中文","inlineCommentMode":"完整","functionCommentIncludeFunctionParameters":"是","functionCommentLanguage":"中文","unitTestPrompt":"","unitTestAddContext":"是"}},"jarvis":{"enabled":true},"git":{"enabled":true,"config":{"githubAccessToken":"","gitlabAccessToken":"","giteeAccessToken":""}},"security":{"enabled":true,"meta":{"independentProcess":true,"enableBackgroundService":true,"defaultPermissions":[],"onlyBusinesses":true,"enableDiagnostic":true,"diagnosticCapabilityName":"diagnosticScan"}},"bfc":{"enabled":false,"config":{"projectId":""}},"appdev":{"enabled":true},"fcnap":{"enabled":true},"smartapp":{"enabled":true},"paddle":{"enabled":true},"gdp":{"enabled":true},"front-end-skills":{"enabled":true},"dev-tools":{"enabled":true},"devaux":{"enabled":true},"tor":{"enabled":true},"testmate":{"enabled":true},"cnap":{"enabled":true},"icafe":{"enabled":true},"workcard":{"enabled":true},"ipipe":{"enabled":true},"weiyun":{"enabled":true},"casebuilder":{"enabled":true},"ievalue":{"enabled":true},"springer":{"enabled":true},"mapsearch":{"enabled":true},"f2c":{"enabled":true},"centrino":{"enabled":true},"wenku":{"enabled":false},"harmonyos":{"enabled":true},"bpm":{"enabled":true},"aiscan":{"enabled":true},"robot":{"enabled":true}}
[55864] [2026-01-09 17:42:21] [VERBOSE] [PLUGINCONFIG]  Write global plugin config success to mergedConfig {"github":{"enabled":true,"config":{"accessToken":""}},"demo-feature":{"enabled":false,"config":{"token":"this text from cloud config"}},"iapi":{"enabled":true,"config":{"token":"","projectId":-1,"serverLanguage":"Java","serverFramework":"SpringBoot","serverDaoFramework":"JPA"}},"comate":{"enabled":true,"config":{"codeExplainPrompt":"请解释如下代码{{selectedCode}}","inlineCommentLanguage":"中文","inlineCommentMode":"完整","functionCommentIncludeFunctionParameters":"是","functionCommentLanguage":"中文","unitTestPrompt":"","unitTestAddContext":"是"}},"jarvis":{"enabled":true},"git":{"enabled":true,"config":{"githubAccessToken":"","gitlabAccessToken":"","giteeAccessToken":""}},"security":{"enabled":true,"meta":{"independentProcess":true,"enableBackgroundService":true,"defaultPermissions":[],"onlyBusinesses":true,"enableDiagnostic":true,"diagnosticCapabilityName":"diagnosticScan"}},"bfc":{"enabled":false,"config":{"projectId":""}},"appdev":{"enabled":true},"fcnap":{"enabled":true},"smartapp":{"enabled":true},"paddle":{"enabled":true},"gdp":{"enabled":true},"front-end-skills":{"enabled":true},"dev-tools":{"enabled":true},"devaux":{"enabled":true},"tor":{"enabled":true},"testmate":{"enabled":true},"cnap":{"enabled":true},"icafe":{"enabled":true},"workcard":{"enabled":true},"ipipe":{"enabled":true},"weiyun":{"enabled":true},"casebuilder":{"enabled":true},"ievalue":{"enabled":true},"springer":{"enabled":true},"mapsearch":{"enabled":true},"f2c":{"enabled":true},"centrino":{"enabled":true},"wenku":{"enabled":false},"harmonyos":{"enabled":true},"bpm":{"enabled":true},"aiscan":{"enabled":true},"robot":{"enabled":true}}
[55864] [2026-01-09 17:42:21] [INFO] [PLUGINCHANNEL]  {"level":"system","source":"PluginEngine","action":"PluginLoadStart","detail":{"directory":"/Users/xiaoliu/Library/Application Support/JetBrains/IntelliJIdea2025.2/plugins/comate-intellij-plugin/comate-agent/bin/comate-kernel/plugins/aiscan"}}
[55864] [2026-01-09 17:42:21] [INFO] [PLUGINCHANNEL]  pluginPid cluster 55925
[55864] [2026-01-09 17:42:21] [INFO] [PLUGINCHANNEL]  {"level":"system","source":"PluginEngine","action":"PluginLoadFish","detail":{"directory":"/Users/xiaoliu/Library/Application Support/JetBrains/IntelliJIdea2025.2/plugins/comate-intellij-plugin/comate-agent/bin/comate-kernel/plugins/aiscan"}}
[55864] [2026-01-09 17:42:21] [INFO] [PLUGINCHANNEL]  {"level":"system","source":"PluginEngine","action":"PluginLoadStart","detail":{"directory":"/Users/xiaoliu/Library/Application Support/JetBrains/IntelliJIdea2025.2/plugins/comate-intellij-plugin/comate-agent/bin/comate-kernel/plugins/appdev"}}
[55864] [2026-01-09 17:42:21] [INFO] [PLUGINCHANNEL]  {"level":"system","source":"PluginEngine","action":"PluginLoadFish","detail":{"directory":"/Users/xiaoliu/Library/Application Support/JetBrains/IntelliJIdea2025.2/plugins/comate-intellij-plugin/comate-agent/bin/comate-kernel/plugins/appdev"}}
[55864] [2026-01-09 17:42:21] [INFO] [PLUGINCHANNEL]  {"level":"system","source":"PluginEngine","action":"PluginLoadStart","detail":{"directory":"/Users/xiaoliu/Library/Application Support/JetBrains/IntelliJIdea2025.2/plugins/comate-intellij-plugin/comate-agent/bin/comate-kernel/plugins/bpm"}}
[55864] [2026-01-09 17:42:21] [INFO] [PLUGINCHANNEL]  {"level":"system","source":"PluginEngine","action":"PluginLoadFish","detail":{"directory":"/Users/xiaoliu/Library/Application Support/JetBrains/IntelliJIdea2025.2/plugins/comate-intellij-plugin/comate-agent/bin/comate-kernel/plugins/bpm"}}
[55864] [2026-01-09 17:42:21] [INFO] [PLUGINCHANNEL]  {"level":"system","source":"PluginEngine","action":"PluginLoadStart","detail":{"directory":"/Users/xiaoliu/Library/Application Support/JetBrains/IntelliJIdea2025.2/plugins/comate-intellij-plugin/comate-agent/bin/comate-kernel/plugins/casebuilder"}}
[55864] [2026-01-09 17:42:22] [INFO] [PLUGINCHANNEL]  {"level":"system","source":"PluginEngine","action":"PluginLoadFish","detail":{"directory":"/Users/xiaoliu/Library/Application Support/JetBrains/IntelliJIdea2025.2/plugins/comate-intellij-plugin/comate-agent/bin/comate-kernel/plugins/casebuilder"}}
[55864] [2026-01-09 17:42:22] [INFO] [PLUGINCHANNEL]  {"level":"system","source":"PluginEngine","action":"PluginLoadStart","detail":{"directory":"/Users/xiaoliu/Library/Application Support/JetBrains/IntelliJIdea2025.2/plugins/comate-intellij-plugin/comate-agent/bin/comate-kernel/plugins/centrino"}}
[55864] [2026-01-09 17:42:22] [INFO] [PLUGINCHANNEL]  {"level":"system","source":"PluginEngine","action":"PluginLoadFish","detail":{"directory":"/Users/xiaoliu/Library/Application Support/JetBrains/IntelliJIdea2025.2/plugins/comate-intellij-plugin/comate-agent/bin/comate-kernel/plugins/centrino"}}
[55864] [2026-01-09 17:42:22] [INFO] [PLUGINCHANNEL]  {"level":"system","source":"PluginEngine","action":"PluginLoadStart","detail":{"directory":"/Users/xiaoliu/Library/Application Support/JetBrains/IntelliJIdea2025.2/plugins/comate-intellij-plugin/comate-agent/bin/comate-kernel/plugins/cnap"}}
[55864] [2026-01-09 17:42:22] [INFO] [PLUGINCHANNEL]  {"level":"system","source":"PluginEngine","action":"PluginLoadFish","detail":{"directory":"/Users/xiaoliu/Library/Application Support/JetBrains/IntelliJIdea2025.2/plugins/comate-intellij-plugin/comate-agent/bin/comate-kernel/plugins/cnap"}}
[55864] [2026-01-09 17:42:22] [INFO] [PLUGINCHANNEL]  {"level":"system","source":"PluginEngine","action":"PluginLoadStart","detail":{"directory":"/Users/xiaoliu/Library/Application Support/JetBrains/IntelliJIdea2025.2/plugins/comate-intellij-plugin/comate-agent/bin/comate-kernel/plugins/dev-tools"}}
[55864] [2026-01-09 17:42:22] [INFO] [PLUGINCHANNEL]  {"level":"system","source":"PluginEngine","action":"PluginLoadFish","detail":{"directory":"/Users/xiaoliu/Library/Application Support/JetBrains/IntelliJIdea2025.2/plugins/comate-intellij-plugin/comate-agent/bin/comate-kernel/plugins/dev-tools"}}
[55864] [2026-01-09 17:42:22] [INFO] [PLUGINCHANNEL]  {"level":"system","source":"PluginEngine","action":"PluginLoadStart","detail":{"directory":"/Users/xiaoliu/Library/Application Support/JetBrains/IntelliJIdea2025.2/plugins/comate-intellij-plugin/comate-agent/bin/comate-kernel/plugins/devaux"}}
[55864] [2026-01-09 17:42:23] [INFO] [PLUGINCHANNEL]  {"level":"system","source":"PluginEngine","action":"PluginLoadFish","detail":{"directory":"/Users/xiaoliu/Library/Application Support/JetBrains/IntelliJIdea2025.2/plugins/comate-intellij-plugin/comate-agent/bin/comate-kernel/plugins/devaux"}}
[55864] [2026-01-09 17:42:23] [INFO] [PLUGINCHANNEL]  {"level":"system","source":"PluginEngine","action":"PluginLoadStart","detail":{"directory":"/Users/xiaoliu/Library/Application Support/JetBrains/IntelliJIdea2025.2/plugins/comate-intellij-plugin/comate-agent/bin/comate-kernel/plugins/f2c"}}
[55864] [2026-01-09 17:42:23] [INFO] [PLUGINCHANNEL]  {"level":"system","source":"IdeSession","action":"HandleMessage","detail":{"actionName":"DIAGNOSTIC_SCAN"}}
[55864] [2026-01-09 17:42:23] [INFO] [PLUGINCHANNEL]  {"level":"error","source":"IdeSession","action":"PluginNotFound","detail":{"pluginName":""}}
[55864] [2026-01-09 17:42:23] [INFO] [PLUGINCHANNEL]  {"level":"system","source":"PluginEngine","action":"PluginLoadFish","detail":{"directory":"/Users/xiaoliu/Library/Application Support/JetBrains/IntelliJIdea2025.2/plugins/comate-intellij-plugin/comate-agent/bin/comate-kernel/plugins/f2c"}}
[55864] [2026-01-09 17:42:23] [INFO] [PLUGINCHANNEL]  {"level":"system","source":"PluginEngine","action":"PluginLoadStart","detail":{"directory":"/Users/xiaoliu/Library/Application Support/JetBrains/IntelliJIdea2025.2/plugins/comate-intellij-plugin/comate-agent/bin/comate-kernel/plugins/fcnap"}}
[55864] [2026-01-09 17:42:23] [INFO] [PLUGINCHANNEL]  {"level":"system","source":"PluginEngine","action":"PluginLoadFish","detail":{"directory":"/Users/xiaoliu/Library/Application Support/JetBrains/IntelliJIdea2025.2/plugins/comate-intellij-plugin/comate-agent/bin/comate-kernel/plugins/fcnap"}}
[55864] [2026-01-09 17:42:23] [INFO] [PLUGINCHANNEL]  {"level":"system","source":"PluginEngine","action":"PluginLoadStart","detail":{"directory":"/Users/xiaoliu/Library/Application Support/JetBrains/IntelliJIdea2025.2/plugins/comate-intellij-plugin/comate-agent/bin/comate-kernel/plugins/front-end-skills"}}
[55864] [2026-01-09 17:42:24] [INFO] [PLUGINCHANNEL]  {"level":"system","source":"PluginEngine","action":"PluginLoadFish","detail":{"directory":"/Users/xiaoliu/Library/Application Support/JetBrains/IntelliJIdea2025.2/plugins/comate-intellij-plugin/comate-agent/bin/comate-kernel/plugins/front-end-skills"}}
[55864] [2026-01-09 17:42:24] [INFO] [PLUGINCHANNEL]  {"level":"system","source":"PluginEngine","action":"PluginLoadStart","detail":{"directory":"/Users/xiaoliu/Library/Application Support/JetBrains/IntelliJIdea2025.2/plugins/comate-intellij-plugin/comate-agent/bin/comate-kernel/plugins/gdp"}}
[55864] [2026-01-09 17:42:24] [INFO] [PLUGINCHANNEL]  {"level":"system","source":"PluginEngine","action":"PluginLoadFish","detail":{"directory":"/Users/xiaoliu/Library/Application Support/JetBrains/IntelliJIdea2025.2/plugins/comate-intellij-plugin/comate-agent/bin/comate-kernel/plugins/gdp"}}
[55864] [2026-01-09 17:42:24] [INFO] [PLUGINCHANNEL]  {"level":"system","source":"PluginEngine","action":"PluginLoadStart","detail":{"directory":"/Users/xiaoliu/Library/Application Support/JetBrains/IntelliJIdea2025.2/plugins/comate-intellij-plugin/comate-agent/bin/comate-kernel/plugins/git"}}
[55864] [2026-01-09 17:42:24] [INFO] [PLUGINCHANNEL]  {"level":"system","source":"PluginEngine","action":"PluginLoadFish","detail":{"directory":"/Users/xiaoliu/Library/Application Support/JetBrains/IntelliJIdea2025.2/plugins/comate-intellij-plugin/comate-agent/bin/comate-kernel/plugins/git"}}
[55864] [2026-01-09 17:42:24] [INFO] [PLUGINCHANNEL]  {"level":"system","source":"PluginEngine","action":"PluginLoadStart","detail":{"directory":"/Users/xiaoliu/Library/Application Support/JetBrains/IntelliJIdea2025.2/plugins/comate-intellij-plugin/comate-agent/bin/comate-kernel/plugins/harmonyos"}}
[55864] [2026-01-09 17:42:24] [INFO] [PLUGINCHANNEL]  {"level":"system","source":"PluginEngine","action":"PluginLoadFish","detail":{"directory":"/Users/xiaoliu/Library/Application Support/JetBrains/IntelliJIdea2025.2/plugins/comate-intellij-plugin/comate-agent/bin/comate-kernel/plugins/harmonyos"}}
[55864] [2026-01-09 17:42:24] [INFO] [PLUGINCHANNEL]  {"level":"system","source":"PluginEngine","action":"PluginLoadStart","detail":{"directory":"/Users/xiaoliu/Library/Application Support/JetBrains/IntelliJIdea2025.2/plugins/comate-intellij-plugin/comate-agent/bin/comate-kernel/plugins/iapi"}}
[55864] [2026-01-09 17:42:24] [INFO] [PLUGINCHANNEL]  {"level":"system","source":"PluginEngine","action":"PluginLoadFish","detail":{"directory":"/Users/xiaoliu/Library/Application Support/JetBrains/IntelliJIdea2025.2/plugins/comate-intellij-plugin/comate-agent/bin/comate-kernel/plugins/iapi"}}
[55864] [2026-01-09 17:42:24] [INFO] [PLUGINCHANNEL]  {"level":"system","source":"PluginEngine","action":"PluginLoadStart","detail":{"directory":"/Users/xiaoliu/Library/Application Support/JetBrains/IntelliJIdea2025.2/plugins/comate-intellij-plugin/comate-agent/bin/comate-kernel/plugins/icafe"}}
[55864] [2026-01-09 17:42:24] [INFO] [PLUGINCHANNEL]  {"level":"system","source":"PluginEngine","action":"PluginLoadFish","detail":{"directory":"/Users/xiaoliu/Library/Application Support/JetBrains/IntelliJIdea2025.2/plugins/comate-intellij-plugin/comate-agent/bin/comate-kernel/plugins/icafe"}}
[55864] [2026-01-09 17:42:24] [INFO] [PLUGINCHANNEL]  {"level":"system","source":"PluginEngine","action":"PluginLoadStart","detail":{"directory":"/Users/xiaoliu/Library/Application Support/JetBrains/IntelliJIdea2025.2/plugins/comate-intellij-plugin/comate-agent/bin/comate-kernel/plugins/ievalue"}}
[55864] [2026-01-09 17:42:24] [INFO] [PLUGINCHANNEL]  {"level":"system","source":"PluginEngine","action":"PluginLoadFish","detail":{"directory":"/Users/xiaoliu/Library/Application Support/JetBrains/IntelliJIdea2025.2/plugins/comate-intellij-plugin/comate-agent/bin/comate-kernel/plugins/ievalue"}}
[55864] [2026-01-09 17:42:24] [INFO] [PLUGINCHANNEL]  {"level":"system","source":"PluginEngine","action":"PluginLoadStart","detail":{"directory":"/Users/xiaoliu/Library/Application Support/JetBrains/IntelliJIdea2025.2/plugins/comate-intellij-plugin/comate-agent/bin/comate-kernel/plugins/ipipe"}}
[55864] [2026-01-09 17:42:24] [INFO] [PLUGINCHANNEL]  {"level":"system","source":"PluginEngine","action":"PluginLoadFish","detail":{"directory":"/Users/xiaoliu/Library/Application Support/JetBrains/IntelliJIdea2025.2/plugins/comate-intellij-plugin/comate-agent/bin/comate-kernel/plugins/ipipe"}}
[55864] [2026-01-09 17:42:24] [INFO] [PLUGINCHANNEL]  {"level":"system","source":"PluginEngine","action":"PluginLoadStart","detail":{"directory":"/Users/xiaoliu/Library/Application Support/JetBrains/IntelliJIdea2025.2/plugins/comate-intellij-plugin/comate-agent/bin/comate-kernel/plugins/jarvis"}}
[55864] [2026-01-09 17:42:25] [INFO] [PLUGINCHANNEL]  {"level":"system","source":"PluginEngine","action":"PluginLoadFish","detail":{"directory":"/Users/xiaoliu/Library/Application Support/JetBrains/IntelliJIdea2025.2/plugins/comate-intellij-plugin/comate-agent/bin/comate-kernel/plugins/jarvis"}}
[55864] [2026-01-09 17:42:25] [INFO] [PLUGINCHANNEL]  {"level":"system","source":"PluginEngine","action":"PluginLoadStart","detail":{"directory":"/Users/xiaoliu/Library/Application Support/JetBrains/IntelliJIdea2025.2/plugins/comate-intellij-plugin/comate-agent/bin/comate-kernel/plugins/mapsearch"}}
[55864] [2026-01-09 17:42:25] [INFO] [PLUGINCHANNEL]  {"level":"system","source":"PluginEngine","action":"PluginLoadFish","detail":{"directory":"/Users/xiaoliu/Library/Application Support/JetBrains/IntelliJIdea2025.2/plugins/comate-intellij-plugin/comate-agent/bin/comate-kernel/plugins/mapsearch"}}
[55864] [2026-01-09 17:42:25] [INFO] [PLUGINCHANNEL]  {"level":"system","source":"PluginEngine","action":"PluginLoadStart","detail":{"directory":"/Users/xiaoliu/Library/Application Support/JetBrains/IntelliJIdea2025.2/plugins/comate-intellij-plugin/comate-agent/bin/comate-kernel/plugins/paddle"}}
[55864] [2026-01-09 17:42:25] [INFO] [PLUGINCHANNEL]  {"level":"system","source":"PluginEngine","action":"PluginLoadFish","detail":{"directory":"/Users/xiaoliu/Library/Application Support/JetBrains/IntelliJIdea2025.2/plugins/comate-intellij-plugin/comate-agent/bin/comate-kernel/plugins/paddle"}}
[55864] [2026-01-09 17:42:25] [INFO] [PLUGINCHANNEL]  {"level":"system","source":"PluginEngine","action":"PluginLoadStart","detail":{"directory":"/Users/xiaoliu/Library/Application Support/JetBrains/IntelliJIdea2025.2/plugins/comate-intellij-plugin/comate-agent/bin/comate-kernel/plugins/robot"}}
[55864] [2026-01-09 17:42:25] [INFO] [PLUGINCHANNEL]  {"level":"system","source":"PluginEngine","action":"PluginLoadFish","detail":{"directory":"/Users/xiaoliu/Library/Application Support/JetBrains/IntelliJIdea2025.2/plugins/comate-intellij-plugin/comate-agent/bin/comate-kernel/plugins/robot"}}
[55864] [2026-01-09 17:42:25] [INFO] [PLUGINCHANNEL]  {"level":"system","source":"PluginEngine","action":"PluginLoadStart","detail":{"directory":"/Users/xiaoliu/Library/Application Support/JetBrains/IntelliJIdea2025.2/plugins/comate-intellij-plugin/comate-agent/bin/comate-kernel/plugins/security"}}
[55864] [2026-01-09 17:42:25] [INFO] [PLUGINCHANNEL]  pluginPid security 55990
[55864] [2026-01-09 17:42:25] [INFO] [PLUGINCHANNEL]  {"level":"system","source":"PluginEngine","action":"PluginLoadFish","detail":{"directory":"/Users/xiaoliu/Library/Application Support/JetBrains/IntelliJIdea2025.2/plugins/comate-intellij-plugin/comate-agent/bin/comate-kernel/plugins/security"}}
[55864] [2026-01-09 17:42:25] [INFO] [PLUGINCHANNEL]  {"level":"system","source":"PluginEngine","action":"PluginLoadStart","detail":{"directory":"/Users/xiaoliu/Library/Application Support/JetBrains/IntelliJIdea2025.2/plugins/comate-intellij-plugin/comate-agent/bin/comate-kernel/plugins/smartapp"}}
[55864] [2026-01-09 17:42:25] [INFO] [PLUGINCHANNEL]  {"level":"system","source":"PluginEngine","action":"PluginLoadFish","detail":{"directory":"/Users/xiaoliu/Library/Application Support/JetBrains/IntelliJIdea2025.2/plugins/comate-intellij-plugin/comate-agent/bin/comate-kernel/plugins/smartapp"}}
[55864] [2026-01-09 17:42:25] [INFO] [PLUGINCHANNEL]  {"level":"system","source":"PluginEngine","action":"PluginLoadStart","detail":{"directory":"/Users/xiaoliu/Library/Application Support/JetBrains/IntelliJIdea2025.2/plugins/comate-intellij-plugin/comate-agent/bin/comate-kernel/plugins/testmate"}}
[55864] [2026-01-09 17:42:25] [INFO] [PLUGINCHANNEL]  {"level":"system","source":"PluginEngine","action":"PluginLoadFish","detail":{"directory":"/Users/xiaoliu/Library/Application Support/JetBrains/IntelliJIdea2025.2/plugins/comate-intellij-plugin/comate-agent/bin/comate-kernel/plugins/testmate"}}
[55864] [2026-01-09 17:42:25] [INFO] [PLUGINCHANNEL]  {"level":"system","source":"PluginEngine","action":"PluginLoadStart","detail":{"directory":"/Users/xiaoliu/Library/Application Support/JetBrains/IntelliJIdea2025.2/plugins/comate-intellij-plugin/comate-agent/bin/comate-kernel/plugins/tor"}}
[55864] [2026-01-09 17:42:25] [INFO] [PLUGINCHANNEL]  {"level":"system","source":"PluginEngine","action":"PluginLoadFish","detail":{"directory":"/Users/xiaoliu/Library/Application Support/JetBrains/IntelliJIdea2025.2/plugins/comate-intellij-plugin/comate-agent/bin/comate-kernel/plugins/tor"}}
[55864] [2026-01-09 17:42:25] [INFO] [PLUGINCHANNEL]  {"level":"system","source":"PluginEngine","action":"PluginLoadStart","detail":{"directory":"/Users/xiaoliu/Library/Application Support/JetBrains/IntelliJIdea2025.2/plugins/comate-intellij-plugin/comate-agent/bin/comate-kernel/plugins/weiyun"}}
[55864] [2026-01-09 17:42:26] [INFO] [PLUGINCHANNEL]  {"level":"system","source":"PluginEngine","action":"PluginLoadFish","detail":{"directory":"/Users/xiaoliu/Library/Application Support/JetBrains/IntelliJIdea2025.2/plugins/comate-intellij-plugin/comate-agent/bin/comate-kernel/plugins/weiyun"}}
[55864] [2026-01-09 17:42:26] [INFO] [PLUGINCHANNEL]  {"level":"system","source":"PluginEngine","action":"PluginLoadStart","detail":{"directory":"/Users/xiaoliu/Library/Application Support/JetBrains/IntelliJIdea2025.2/plugins/comate-intellij-plugin/comate-agent/bin/comate-kernel/plugins/workcard"}}
[55864] [2026-01-09 17:42:26] [INFO] [PLUGINCHANNEL]  {"level":"system","source":"PluginEngine","action":"PluginLoadFish","detail":{"directory":"/Users/xiaoliu/Library/Application Support/JetBrains/IntelliJIdea2025.2/plugins/comate-intellij-plugin/comate-agent/bin/comate-kernel/plugins/workcard"}}
[55864] [2026-01-09 17:42:26] [INFO] [PROMPTTEMPLATESERVICE]  PromptTemplateService init
[55864] [2026-01-09 17:42:26] [INFO] [SADIAGNOSTIC]  AISAService: Successfully fetched 13 agent configs
[55864] [2026-01-09 17:42:26] [INFO] [CS]  AISA Service initialized successfully
[55864] [2026-01-09 17:42:26] [INFO] [CS]  IDE: jetbrains
[55864] [2026-01-09 17:42:26] [INFO] [CS]  HTTP Proxy URL: None
[55864] [2026-01-09 17:42:26] [INFO] [CS]  HTTP No Proxy: None
[55864] [2026-01-09 17:42:26] [INFO] [CS]  HTTP HOST: None
[55864] [2026-01-09 17:42:26] [INFO] [CS]  Environment: production
[55864] [2026-01-09 17:42:26] [INFO] [CS]  Platform: internal
[55864] [2026-01-09 17:42:26] [INFO] [CS]  Api Base Url: https://comate.baidu-int.com
[55864] [2026-01-09 17:42:26] [INFO] [CS]  User Info: {"platform":"internal","ideName":"jetbrains","ideSeries":"JetBrains-Local-IntellijIdeaUltimate","ideVersion":"252.23892.409","version":"3.23.0","license":"","name":"liumandong","uid":"69e828314752","device":"db2d56f3defe668d58955316a7e83dbf","displayName":"刘满东","email":"liumandong@baidu.com","username":"liumandong","enterpriseConfig":null}
[55864] [2026-01-09 17:42:26] [INFO] [CS]  Language: zh-cn
[55864] [2026-01-09 17:42:26] [INFO] [CS]  Engine Initialized
[55864] [2026-01-09 17:42:26] [INFO] [ENGINE]  <--------- ENGINE SEND: COMATE_PLUS_INITIALIZED {}
[55864] [2026-01-09 17:42:26] [ERROR] [ENGINE]  failed to send to ide connection COMATE_PLUS_INITIALIZED {} {"code":-32601}
[55864] [2026-01-09 17:42:33] [INFO] [PLUGINCHANNEL]  {"level":"system","source":"IdeSession","action":"HandleMessage","detail":{"actionName":"DIAGNOSTIC_SCAN"}}
[55864] [2026-01-09 17:42:33] [INFO] [PLUGINCHANNEL]  {"level":"error","source":"IdeSession","action":"PluginNotFound","detail":{"pluginName":""}}
[55864] [2026-01-09 17:42:40] [INFO] [PLUGINCHANNEL]  {"level":"system","source":"IdeSession","action":"HandleMessage","detail":{"actionName":"DIAGNOSTIC_SCAN"}}
[55864] [2026-01-09 17:42:40] [INFO] [PLUGINCHANNEL]  {"level":"error","source":"IdeSession","action":"PluginNotFound","detail":{"pluginName":""}}
[55864] [2026-01-09 17:42:44] [INFO] [PLUGINCHANNEL]  {"level":"system","source":"IdeSession","action":"HandleMessage","detail":{"actionName":"DIAGNOSTIC_SCAN"}}
[55864] [2026-01-09 17:42:44] [INFO] [PLUGINCHANNEL]  {"level":"error","source":"IdeSession","action":"PluginNotFound","detail":{"pluginName":""}}
[55864] [2026-01-09 17:43:02] [INFO] [PLUGINCHANNEL]  {"level":"system","source":"IdeSession","action":"HandleMessage","detail":{"actionName":"DIAGNOSTIC_SCAN"}}
[55864] [2026-01-09 17:43:02] [INFO] [PLUGINCHANNEL]  {"level":"error","source":"IdeSession","action":"PluginNotFound","detail":{"pluginName":""}}
[55864] [2026-01-09 17:43:08] [INFO] [PLUGINCHANNEL]  {"level":"system","source":"IdeSession","action":"HandleMessage","detail":{"actionName":"DIAGNOSTIC_SCAN"}}
[55864] [2026-01-09 17:43:08] [INFO] [PLUGINCHANNEL]  {"level":"error","source":"IdeSession","action":"PluginNotFound","detail":{"pluginName":""}}
[55864] [2026-01-09 17:43:10] [INFO] [PLUGINCHANNEL]  {"level":"system","source":"IdeSession","action":"HandleMessage","detail":{"actionName":"DIAGNOSTIC_SCAN"}}
[55864] [2026-01-09 17:43:10] [INFO] [PLUGINCHANNEL]  {"level":"error","source":"IdeSession","action":"PluginNotFound","detail":{"pluginName":""}}
[55864] [2026-01-09 17:43:20] [INFO] [PLUGINCHANNEL]  {"level":"system","source":"IdeSession","action":"HandleMessage","detail":{"actionName":"DIAGNOSTIC_SCAN"}}
[55864] [2026-01-09 17:43:20] [INFO] [PLUGINCHANNEL]  {"level":"error","source":"IdeSession","action":"PluginNotFound","detail":{"pluginName":""}}
[55864] [2026-01-09 17:43:22] [INFO] [PLUGINCHANNEL]  {"level":"system","source":"IdeSession","action":"HandleMessage","detail":{"actionName":"DIAGNOSTIC_SCAN"}}
[55864] [2026-01-09 17:43:22] [INFO] [PLUGINCHANNEL]  {"level":"error","source":"IdeSession","action":"PluginNotFound","detail":{"pluginName":""}}
[55864] [2026-01-09 17:43:22] [INFO] [PLUGINCHANNEL]  {"level":"system","source":"IdeSession","action":"HandleMessage","detail":{"actionName":"DIAGNOSTIC_SCAN"}}
[55864] [2026-01-09 17:43:22] [INFO] [PLUGINCHANNEL]  {"level":"error","source":"IdeSession","action":"PluginNotFound","detail":{"pluginName":""}}
[55864] [2026-01-09 17:43:31] [INFO] [PLUGINCHANNEL]  {"level":"system","source":"IdeSession","action":"HandleMessage","detail":{"actionName":"DIAGNOSTIC_SCAN"}}
[55864] [2026-01-09 17:43:31] [INFO] [PLUGINCHANNEL]  {"level":"error","source":"IdeSession","action":"PluginNotFound","detail":{"pluginName":""}}
[55864] [2026-01-09 17:43:41] [INFO] [PLUGINCHANNEL]  {"level":"system","source":"IdeSession","action":"HandleMessage","detail":{"actionName":"DIAGNOSTIC_SCAN"}}
[55864] [2026-01-09 17:43:41] [INFO] [PLUGINCHANNEL]  {"level":"error","source":"IdeSession","action":"PluginNotFound","detail":{"pluginName":""}}
[55864] [2026-01-09 17:43:42] [INFO] [PLUGINCHANNEL]  {"level":"system","source":"IdeSession","action":"HandleMessage","detail":{"actionName":"DIAGNOSTIC_SCAN"}}
[55864] [2026-01-09 17:43:42] [INFO] [PLUGINCHANNEL]  {"level":"error","source":"IdeSession","action":"PluginNotFound","detail":{"pluginName":""}}
[55864] [2026-01-09 17:43:46] [INFO] [PLUGINCHANNEL]  {"level":"system","source":"IdeSession","action":"HandleMessage","detail":{"actionName":"DIAGNOSTIC_SCAN"}}
[55864] [2026-01-09 17:43:46] [INFO] [PLUGINCHANNEL]  {"level":"error","source":"IdeSession","action":"PluginNotFound","detail":{"pluginName":""}}
[55864] [2026-01-09 17:43:49] [INFO] [PLUGINCHANNEL]  {"level":"system","source":"IdeSession","action":"HandleMessage","detail":{"actionName":"DIAGNOSTIC_SCAN"}}
[55864] [2026-01-09 17:43:49] [INFO] [PLUGINCHANNEL]  {"level":"error","source":"IdeSession","action":"PluginNotFound","detail":{"pluginName":""}}
[55864] [2026-01-09 17:43:53] [INFO] [PLUGINCHANNEL]  {"level":"system","source":"IdeSession","action":"HandleMessage","detail":{"actionName":"DIAGNOSTIC_SCAN"}}
[55864] [2026-01-09 17:43:53] [INFO] [PLUGINCHANNEL]  {"level":"error","source":"IdeSession","action":"PluginNotFound","detail":{"pluginName":""}}
[55864] [2026-01-09 17:43:54] [INFO] [PLUGINCHANNEL]  {"level":"system","source":"IdeSession","action":"HandleMessage","detail":{"actionName":"DIAGNOSTIC_SCAN"}}
[55864] [2026-01-09 17:43:54] [INFO] [PLUGINCHANNEL]  {"level":"error","source":"IdeSession","action":"PluginNotFound","detail":{"pluginName":""}}
[55864] [2026-01-09 17:43:57] [INFO] [PLUGINCHANNEL]  {"level":"system","source":"IdeSession","action":"HandleMessage","detail":{"actionName":"DIAGNOSTIC_SCAN"}}
[55864] [2026-01-09 17:43:57] [INFO] [PLUGINCHANNEL]  {"level":"error","source":"IdeSession","action":"PluginNotFound","detail":{"pluginName":""}}
[55864] [2026-01-09 17:44:24] [INFO] [PLUGINCHANNEL]  {"level":"system","source":"IdeSession","action":"HandleMessage","detail":{"actionName":"DIAGNOSTIC_SCAN"}}
[55864] [2026-01-09 17:44:24] [INFO] [PLUGINCHANNEL]  {"level":"error","source":"IdeSession","action":"PluginNotFound","detail":{"pluginName":""}}
[55864] [2026-01-09 17:44:44] [INFO] [PLUGINCHANNEL]  {"level":"system","source":"IdeSession","action":"HandleMessage","detail":{"actionName":"DIAGNOSTIC_SCAN"}}
[55864] [2026-01-09 17:44:44] [INFO] [PLUGINCHANNEL]  {"level":"error","source":"IdeSession","action":"PluginNotFound","detail":{"pluginName":""}}
[55864] [2026-01-09 17:44:48] [INFO] [PLUGINCHANNEL]  {"level":"system","source":"IdeSession","action":"HandleMessage","detail":{"actionName":"DIAGNOSTIC_SCAN"}}
[55864] [2026-01-09 17:44:48] [INFO] [PLUGINCHANNEL]  {"level":"error","source":"IdeSession","action":"PluginNotFound","detail":{"pluginName":""}}
[55864] [2026-01-09 17:44:56] [INFO] [PLUGINCHANNEL]  {"level":"system","source":"IdeSession","action":"HandleMessage","detail":{"actionName":"DIAGNOSTIC_SCAN"}}
[55864] [2026-01-09 17:44:56] [INFO] [PLUGINCHANNEL]  {"level":"error","source":"IdeSession","action":"PluginNotFound","detail":{"pluginName":""}}
[55864] [2026-01-09 17:45:17] [INFO] [PLUGINCHANNEL]  {"level":"system","source":"IdeSession","action":"HandleMessage","detail":{"actionName":"DIAGNOSTIC_SCAN"}}
[55864] [2026-01-09 17:45:17] [INFO] [PLUGINCHANNEL]  {"level":"error","source":"IdeSession","action":"PluginNotFound","detail":{"pluginName":""}}
[55864] [2026-01-09 17:45:23] [INFO] [PLUGINCHANNEL]  {"level":"system","source":"IdeSession","action":"HandleMessage","detail":{"actionName":"DIAGNOSTIC_SCAN"}}
[55864] [2026-01-09 17:45:23] [INFO] [PLUGINCHANNEL]  {"level":"error","source":"IdeSession","action":"PluginNotFound","detail":{"pluginName":""}}
[55864] [2026-01-09 17:45:24] [INFO] [PLUGINCHANNEL]  {"level":"system","source":"IdeSession","action":"HandleMessage","detail":{"actionName":"DIAGNOSTIC_SCAN"}}
[55864] [2026-01-09 17:45:24] [INFO] [PLUGINCHANNEL]  {"level":"error","source":"IdeSession","action":"PluginNotFound","detail":{"pluginName":""}}
[55864] [2026-01-09 17:45:38] [INFO] [PLUGINCHANNEL]  {"level":"system","source":"IdeSession","action":"HandleMessage","detail":{"actionName":"DIAGNOSTIC_SCAN"}}
[55864] [2026-01-09 17:45:38] [INFO] [PLUGINCHANNEL]  {"level":"error","source":"IdeSession","action":"PluginNotFound","detail":{"pluginName":""}}
[55864] [2026-01-09 17:45:39] [INFO] [PLUGINCHANNEL]  {"level":"system","source":"IdeSession","action":"HandleMessage","detail":{"actionName":"DIAGNOSTIC_SCAN"}}
[55864] [2026-01-09 17:45:39] [INFO] [PLUGINCHANNEL]  {"level":"error","source":"IdeSession","action":"PluginNotFound","detail":{"pluginName":""}}
[55864] [2026-01-09 17:45:41] [INFO] [PLUGINCHANNEL]  {"level":"system","source":"IdeSession","action":"HandleMessage","detail":{"actionName":"DIAGNOSTIC_SCAN"}}
[55864] [2026-01-09 17:45:41] [INFO] [PLUGINCHANNEL]  {"level":"error","source":"IdeSession","action":"PluginNotFound","detail":{"pluginName":""}}
[55864] [2026-01-09 17:45:48] [INFO] [PLUGINCHANNEL]  {"level":"system","source":"IdeSession","action":"HandleMessage","detail":{"actionName":"DIAGNOSTIC_SCAN"}}
[55864] [2026-01-09 17:45:48] [INFO] [PLUGINCHANNEL]  {"level":"error","source":"IdeSession","action":"PluginNotFound","detail":{"pluginName":""}}
[55864] [2026-01-09 17:45:53] [INFO] [PLUGINCHANNEL]  {"level":"system","source":"IdeSession","action":"HandleMessage","detail":{"actionName":"DIAGNOSTIC_SCAN"}}
[55864] [2026-01-09 17:45:53] [INFO] [PLUGINCHANNEL]  {"level":"error","source":"IdeSession","action":"PluginNotFound","detail":{"pluginName":""}}
[55864] [2026-01-09 17:46:02] [INFO] [PLUGINCHANNEL]  {"level":"system","source":"IdeSession","action":"HandleMessage","detail":{"actionName":"DIAGNOSTIC_SCAN"}}
[55864] [2026-01-09 17:46:02] [INFO] [PLUGINCHANNEL]  {"level":"error","source":"IdeSession","action":"PluginNotFound","detail":{"pluginName":""}}
[55864] [2026-01-09 17:46:08] [INFO] [PLUGINCHANNEL]  {"level":"system","source":"IdeSession","action":"HandleMessage","detail":{"actionName":"DIAGNOSTIC_SCAN"}}
[55864] [2026-01-09 17:46:08] [INFO] [PLUGINCHANNEL]  {"level":"error","source":"IdeSession","action":"PluginNotFound","detail":{"pluginName":""}}
[55864] [2026-01-09 17:46:32] [INFO] [PLUGINCHANNEL]  {"level":"system","source":"IdeSession","action":"HandleMessage","detail":{"actionName":"DIAGNOSTIC_SCAN"}}
[55864] [2026-01-09 17:46:32] [INFO] [PLUGINCHANNEL]  {"level":"error","source":"IdeSession","action":"PluginNotFound","detail":{"pluginName":""}}
[55864] [2026-01-09 17:46:36] [INFO] [PLUGINCHANNEL]  {"level":"system","source":"IdeSession","action":"HandleMessage","detail":{"actionName":"DIAGNOSTIC_SCAN"}}
[55864] [2026-01-09 17:46:36] [INFO] [PLUGINCHANNEL]  {"level":"error","source":"IdeSession","action":"PluginNotFound","detail":{"pluginName":""}}
[55864] [2026-01-09 17:47:23] [INFO] [PLUGINCHANNEL]  {"level":"warn","source":"IdeSession","action":"SessionTimeout","detail":{}}
[55864] [2026-01-09 17:47:33] [INFO] [PLUGINCHANNEL]  {"level":"warn","source":"IdeSession","action":"SessionTimeout","detail":{}}
[55864] [2026-01-09 17:47:40] [INFO] [PLUGINCHANNEL]  {"level":"warn","source":"IdeSession","action":"SessionTimeout","detail":{}}
[55864] [2026-01-09 17:47:44] [INFO] [PLUGINCHANNEL]  {"level":"warn","source":"IdeSession","action":"SessionTimeout","detail":{}}
[55864] [2026-01-09 17:48:02] [INFO] [PLUGINCHANNEL]  {"level":"warn","source":"IdeSession","action":"SessionTimeout","detail":{}}
[55864] [2026-01-09 17:48:08] [INFO] [PLUGINCHANNEL]  {"level":"warn","source":"IdeSession","action":"SessionTimeout","detail":{}}
[55864] [2026-01-09 17:48:10] [INFO] [PLUGINCHANNEL]  {"level":"warn","source":"IdeSession","action":"SessionTimeout","detail":{}}
[55864] [2026-01-09 17:48:20] [INFO] [PLUGINCHANNEL]  {"level":"warn","source":"IdeSession","action":"SessionTimeout","detail":{}}
[55864] [2026-01-09 17:48:22] [INFO] [PLUGINCHANNEL]  {"level":"warn","source":"IdeSession","action":"SessionTimeout","detail":{}}
[55864] [2026-01-09 17:48:22] [INFO] [PLUGINCHANNEL]  {"level":"warn","source":"IdeSession","action":"SessionTimeout","detail":{}}
[55864] [2026-01-09 17:48:31] [INFO] [PLUGINCHANNEL]  {"level":"warn","source":"IdeSession","action":"SessionTimeout","detail":{}}
[55864] [2026-01-09 17:48:41] [INFO] [PLUGINCHANNEL]  {"level":"warn","source":"IdeSession","action":"SessionTimeout","detail":{}}
[55864] [2026-01-09 17:48:42] [INFO] [PLUGINCHANNEL]  {"level":"warn","source":"IdeSession","action":"SessionTimeout","detail":{}}
[55864] [2026-01-09 17:48:46] [INFO] [PLUGINCHANNEL]  {"level":"warn","source":"IdeSession","action":"SessionTimeout","detail":{}}
[55864] [2026-01-09 17:48:49] [INFO] [PLUGINCHANNEL]  {"level":"warn","source":"IdeSession","action":"SessionTimeout","detail":{}}
[55864] [2026-01-09 17:48:53] [INFO] [PLUGINCHANNEL]  {"level":"warn","source":"IdeSession","action":"SessionTimeout","detail":{}}
[55864] [2026-01-09 17:48:54] [INFO] [PLUGINCHANNEL]  {"level":"warn","source":"IdeSession","action":"SessionTimeout","detail":{}}
[55864] [2026-01-09 17:48:57] [INFO] [PLUGINCHANNEL]  {"level":"warn","source":"IdeSession","action":"SessionTimeout","detail":{}}
[55864] [2026-01-09 17:49:24] [INFO] [PLUGINCHANNEL]  {"level":"warn","source":"IdeSession","action":"SessionTimeout","detail":{}}
[55864] [2026-01-09 17:49:44] [INFO] [PLUGINCHANNEL]  {"level":"warn","source":"IdeSession","action":"SessionTimeout","detail":{}}
[55864] [2026-01-09 17:49:48] [INFO] [PLUGINCHANNEL]  {"level":"warn","source":"IdeSession","action":"SessionTimeout","detail":{}}
[55864] [2026-01-09 17:49:56] [INFO] [PLUGINCHANNEL]  {"level":"warn","source":"IdeSession","action":"SessionTimeout","detail":{}}
[55864] [2026-01-09 17:50:17] [INFO] [PLUGINCHANNEL]  {"level":"warn","source":"IdeSession","action":"SessionTimeout","detail":{}}
[55864] [2026-01-09 17:50:23] [INFO] [PLUGINCHANNEL]  {"level":"warn","source":"IdeSession","action":"SessionTimeout","detail":{}}
[55864] [2026-01-09 17:50:24] [INFO] [PLUGINCHANNEL]  {"level":"warn","source":"IdeSession","action":"SessionTimeout","detail":{}}
[55864] [2026-01-09 17:50:38] [INFO] [PLUGINCHANNEL]  {"level":"warn","source":"IdeSession","action":"SessionTimeout","detail":{}}
[55864] [2026-01-09 17:50:39] [INFO] [PLUGINCHANNEL]  {"level":"warn","source":"IdeSession","action":"SessionTimeout","detail":{}}
[55864] [2026-01-09 17:50:41] [INFO] [PLUGINCHANNEL]  {"level":"warn","source":"IdeSession","action":"SessionTimeout","detail":{}}
[55864] [2026-01-09 17:50:48] [INFO] [PLUGINCHANNEL]  {"level":"warn","source":"IdeSession","action":"SessionTimeout","detail":{}}
[55864] [2026-01-09 17:50:53] [INFO] [PLUGINCHANNEL]  {"level":"warn","source":"IdeSession","action":"SessionTimeout","detail":{}}
[55864] [2026-01-09 17:51:02] [INFO] [PLUGINCHANNEL]  {"level":"warn","source":"IdeSession","action":"SessionTimeout","detail":{}}
[55864] [2026-01-09 17:51:08] [INFO] [PLUGINCHANNEL]  {"level":"warn","source":"IdeSession","action":"SessionTimeout","detail":{}}
[55864] [2026-01-09 17:51:32] [INFO] [PLUGINCHANNEL]  {"level":"warn","source":"IdeSession","action":"SessionTimeout","detail":{}}
[55864] [2026-01-09 17:51:36] [INFO] [PLUGINCHANNEL]  {"level":"warn","source":"IdeSession","action":"SessionTimeout","detail":{}}
[61559] [2026-01-09 18:47:37] [INFO] [ENGINE]  onInitialize: {"processId":null,"rootUri":null,"capabilities":{"workspace":{"workspaceFolders":true},"textDocument":{}},"clientInfo":{"name":"BaiduComate","version":"3.23.0"},"workspaceFolders":[{"uri":"file:///Users/xiaoliu/baidu/bpit-proc-apps/tms/","name":"tms"}]}
[61559] [2026-01-09 18:47:37] [INFO] [ENGINE]  kernel Initialized
[61559] [2026-01-09 18:47:37] [INFO] [ENGINE]  <--------- ENGINE sendNotification: ENGINE_PROCESS_START_SUCCESS {}
[61559] [2026-01-09 18:47:37] [INFO] [BROWSERPLUGINSERVER]  WebSocket服务器启动成功: 49153
[61559] [2026-01-09 18:47:37] [INFO] [ENGINE]  ---------> ENGINE REC: ACTION_BRANCH_CHANGE {}
[61559] [2026-01-09 18:47:38] [VERBOSE] [PLUGINCONFIG]  Write global plugin config success to {"github":{"enabled":true,"config":{"accessToken":""}},"demo-feature":{"enabled":false,"config":{"token":"this text from cloud config"}},"iapi":{"enabled":true,"config":{"token":"","projectId":-1,"serverLanguage":"Java","serverFramework":"SpringBoot","serverDaoFramework":"JPA"}},"comate":{"enabled":true,"config":{"codeExplainPrompt":"请解释如下代码{{selectedCode}}","inlineCommentLanguage":"中文","inlineCommentMode":"完整","functionCommentIncludeFunctionParameters":"是","functionCommentLanguage":"中文","unitTestPrompt":"","unitTestAddContext":"是"}},"jarvis":{"enabled":true},"git":{"enabled":true,"config":{"githubAccessToken":"","gitlabAccessToken":"","giteeAccessToken":""}},"security":{"enabled":true,"meta":{"independentProcess":true,"enableBackgroundService":true,"defaultPermissions":[],"onlyBusinesses":true,"enableDiagnostic":true,"diagnosticCapabilityName":"diagnosticScan"}},"bfc":{"enabled":false,"config":{"projectId":""}},"appdev":{"enabled":true},"fcnap":{"enabled":true},"smartapp":{"enabled":true},"paddle":{"enabled":true},"gdp":{"enabled":true},"front-end-skills":{"enabled":true},"dev-tools":{"enabled":true},"devaux":{"enabled":true},"tor":{"enabled":true},"testmate":{"enabled":true},"cnap":{"enabled":true},"icafe":{"enabled":true},"workcard":{"enabled":true},"ipipe":{"enabled":true},"weiyun":{"enabled":true},"casebuilder":{"enabled":true},"ievalue":{"enabled":true},"springer":{"enabled":true},"mapsearch":{"enabled":true},"f2c":{"enabled":true},"centrino":{"enabled":true},"wenku":{"enabled":false},"harmonyos":{"enabled":true},"bpm":{"enabled":true},"aiscan":{"enabled":true},"robot":{"enabled":true}}
[61559] [2026-01-09 18:47:38] [VERBOSE] [PLUGINCONFIG]  Write global plugin config success to mergedConfig {"github":{"enabled":true,"config":{"accessToken":""}},"demo-feature":{"enabled":false,"config":{"token":"this text from cloud config"}},"iapi":{"enabled":true,"config":{"token":"","projectId":-1,"serverLanguage":"Java","serverFramework":"SpringBoot","serverDaoFramework":"JPA"}},"comate":{"enabled":true,"config":{"codeExplainPrompt":"请解释如下代码{{selectedCode}}","inlineCommentLanguage":"中文","inlineCommentMode":"完整","functionCommentIncludeFunctionParameters":"是","functionCommentLanguage":"中文","unitTestPrompt":"","unitTestAddContext":"是"}},"jarvis":{"enabled":true},"git":{"enabled":true,"config":{"githubAccessToken":"","gitlabAccessToken":"","giteeAccessToken":""}},"security":{"enabled":true,"meta":{"independentProcess":true,"enableBackgroundService":true,"defaultPermissions":[],"onlyBusinesses":true,"enableDiagnostic":true,"diagnosticCapabilityName":"diagnosticScan"}},"bfc":{"enabled":false,"config":{"projectId":""}},"appdev":{"enabled":true},"fcnap":{"enabled":true},"smartapp":{"enabled":true},"paddle":{"enabled":true},"gdp":{"enabled":true},"front-end-skills":{"enabled":true},"dev-tools":{"enabled":true},"devaux":{"enabled":true},"tor":{"enabled":true},"testmate":{"enabled":true},"cnap":{"enabled":true},"icafe":{"enabled":true},"workcard":{"enabled":true},"ipipe":{"enabled":true},"weiyun":{"enabled":true},"casebuilder":{"enabled":true},"ievalue":{"enabled":true},"springer":{"enabled":true},"mapsearch":{"enabled":true},"f2c":{"enabled":true},"centrino":{"enabled":true},"wenku":{"enabled":false},"harmonyos":{"enabled":true},"bpm":{"enabled":true},"aiscan":{"enabled":true},"robot":{"enabled":true}}
[61559] [2026-01-09 18:47:38] [INFO] [PLUGINCHANNEL]  {"level":"system","source":"PluginEngine","action":"PluginLoadStart","detail":{"directory":"/Users/xiaoliu/Library/Application Support/JetBrains/IntelliJIdea2025.2/plugins/comate-intellij-plugin/comate-agent/bin/comate-kernel/plugins/aiscan"}}
[61559] [2026-01-09 18:47:38] [INFO] [PLUGINCHANNEL]  pluginPid cluster 61613
[61559] [2026-01-09 18:47:38] [INFO] [PLUGINCHANNEL]  {"level":"system","source":"PluginEngine","action":"PluginLoadFish","detail":{"directory":"/Users/xiaoliu/Library/Application Support/JetBrains/IntelliJIdea2025.2/plugins/comate-intellij-plugin/comate-agent/bin/comate-kernel/plugins/aiscan"}}
[61559] [2026-01-09 18:47:38] [INFO] [PLUGINCHANNEL]  {"level":"system","source":"PluginEngine","action":"PluginLoadStart","detail":{"directory":"/Users/xiaoliu/Library/Application Support/JetBrains/IntelliJIdea2025.2/plugins/comate-intellij-plugin/comate-agent/bin/comate-kernel/plugins/appdev"}}
[61559] [2026-01-09 18:47:38] [INFO] [PLUGINCHANNEL]  {"level":"system","source":"PluginEngine","action":"PluginLoadFish","detail":{"directory":"/Users/xiaoliu/Library/Application Support/JetBrains/IntelliJIdea2025.2/plugins/comate-intellij-plugin/comate-agent/bin/comate-kernel/plugins/appdev"}}
[61559] [2026-01-09 18:47:38] [INFO] [PLUGINCHANNEL]  {"level":"system","source":"PluginEngine","action":"PluginLoadStart","detail":{"directory":"/Users/xiaoliu/Library/Application Support/JetBrains/IntelliJIdea2025.2/plugins/comate-intellij-plugin/comate-agent/bin/comate-kernel/plugins/bpm"}}
[61559] [2026-01-09 18:47:38] [INFO] [PLUGINCHANNEL]  {"level":"system","source":"PluginEngine","action":"PluginLoadFish","detail":{"directory":"/Users/xiaoliu/Library/Application Support/JetBrains/IntelliJIdea2025.2/plugins/comate-intellij-plugin/comate-agent/bin/comate-kernel/plugins/bpm"}}
[61559] [2026-01-09 18:47:38] [INFO] [PLUGINCHANNEL]  {"level":"system","source":"PluginEngine","action":"PluginLoadStart","detail":{"directory":"/Users/xiaoliu/Library/Application Support/JetBrains/IntelliJIdea2025.2/plugins/comate-intellij-plugin/comate-agent/bin/comate-kernel/plugins/casebuilder"}}
[61559] [2026-01-09 18:47:39] [INFO] [PLUGINCHANNEL]  {"level":"system","source":"PluginEngine","action":"PluginLoadFish","detail":{"directory":"/Users/xiaoliu/Library/Application Support/JetBrains/IntelliJIdea2025.2/plugins/comate-intellij-plugin/comate-agent/bin/comate-kernel/plugins/casebuilder"}}
[61559] [2026-01-09 18:47:39] [INFO] [PLUGINCHANNEL]  {"level":"system","source":"PluginEngine","action":"PluginLoadStart","detail":{"directory":"/Users/xiaoliu/Library/Application Support/JetBrains/IntelliJIdea2025.2/plugins/comate-intellij-plugin/comate-agent/bin/comate-kernel/plugins/centrino"}}
[61559] [2026-01-09 18:47:39] [INFO] [PLUGINCHANNEL]  {"level":"system","source":"PluginEngine","action":"PluginLoadFish","detail":{"directory":"/Users/xiaoliu/Library/Application Support/JetBrains/IntelliJIdea2025.2/plugins/comate-intellij-plugin/comate-agent/bin/comate-kernel/plugins/centrino"}}
[61559] [2026-01-09 18:47:39] [INFO] [PLUGINCHANNEL]  {"level":"system","source":"PluginEngine","action":"PluginLoadStart","detail":{"directory":"/Users/xiaoliu/Library/Application Support/JetBrains/IntelliJIdea2025.2/plugins/comate-intellij-plugin/comate-agent/bin/comate-kernel/plugins/cnap"}}
[61559] [2026-01-09 18:47:40] [INFO] [PLUGINCHANNEL]  {"level":"system","source":"PluginEngine","action":"PluginLoadFish","detail":{"directory":"/Users/xiaoliu/Library/Application Support/JetBrains/IntelliJIdea2025.2/plugins/comate-intellij-plugin/comate-agent/bin/comate-kernel/plugins/cnap"}}
[61559] [2026-01-09 18:47:40] [INFO] [PLUGINCHANNEL]  {"level":"system","source":"PluginEngine","action":"PluginLoadStart","detail":{"directory":"/Users/xiaoliu/Library/Application Support/JetBrains/IntelliJIdea2025.2/plugins/comate-intellij-plugin/comate-agent/bin/comate-kernel/plugins/dev-tools"}}
[61559] [2026-01-09 18:47:41] [INFO] [PLUGINCHANNEL]  {"level":"system","source":"PluginEngine","action":"PluginLoadFish","detail":{"directory":"/Users/xiaoliu/Library/Application Support/JetBrains/IntelliJIdea2025.2/plugins/comate-intellij-plugin/comate-agent/bin/comate-kernel/plugins/dev-tools"}}
[61559] [2026-01-09 18:47:41] [INFO] [PLUGINCHANNEL]  {"level":"system","source":"PluginEngine","action":"PluginLoadStart","detail":{"directory":"/Users/xiaoliu/Library/Application Support/JetBrains/IntelliJIdea2025.2/plugins/comate-intellij-plugin/comate-agent/bin/comate-kernel/plugins/devaux"}}
[61559] [2026-01-09 18:47:41] [INFO] [PLUGINCHANNEL]  {"level":"system","source":"PluginEngine","action":"PluginLoadFish","detail":{"directory":"/Users/xiaoliu/Library/Application Support/JetBrains/IntelliJIdea2025.2/plugins/comate-intellij-plugin/comate-agent/bin/comate-kernel/plugins/devaux"}}
[61559] [2026-01-09 18:47:41] [INFO] [PLUGINCHANNEL]  {"level":"system","source":"PluginEngine","action":"PluginLoadStart","detail":{"directory":"/Users/xiaoliu/Library/Application Support/JetBrains/IntelliJIdea2025.2/plugins/comate-intellij-plugin/comate-agent/bin/comate-kernel/plugins/f2c"}}
[61559] [2026-01-09 18:47:42] [INFO] [PLUGINCHANNEL]  {"level":"system","source":"PluginEngine","action":"PluginLoadFish","detail":{"directory":"/Users/xiaoliu/Library/Application Support/JetBrains/IntelliJIdea2025.2/plugins/comate-intellij-plugin/comate-agent/bin/comate-kernel/plugins/f2c"}}
[61559] [2026-01-09 18:47:42] [INFO] [PLUGINCHANNEL]  {"level":"system","source":"PluginEngine","action":"PluginLoadStart","detail":{"directory":"/Users/xiaoliu/Library/Application Support/JetBrains/IntelliJIdea2025.2/plugins/comate-intellij-plugin/comate-agent/bin/comate-kernel/plugins/fcnap"}}
[61559] [2026-01-09 18:47:42] [INFO] [PLUGINCHANNEL]  {"level":"system","source":"PluginEngine","action":"PluginLoadFish","detail":{"directory":"/Users/xiaoliu/Library/Application Support/JetBrains/IntelliJIdea2025.2/plugins/comate-intellij-plugin/comate-agent/bin/comate-kernel/plugins/fcnap"}}
[61559] [2026-01-09 18:47:42] [INFO] [PLUGINCHANNEL]  {"level":"system","source":"PluginEngine","action":"PluginLoadStart","detail":{"directory":"/Users/xiaoliu/Library/Application Support/JetBrains/IntelliJIdea2025.2/plugins/comate-intellij-plugin/comate-agent/bin/comate-kernel/plugins/front-end-skills"}}
[61559] [2026-01-09 18:47:42] [INFO] [PLUGINCHANNEL]  {"level":"system","source":"PluginEngine","action":"PluginLoadFish","detail":{"directory":"/Users/xiaoliu/Library/Application Support/JetBrains/IntelliJIdea2025.2/plugins/comate-intellij-plugin/comate-agent/bin/comate-kernel/plugins/front-end-skills"}}
[61559] [2026-01-09 18:47:42] [INFO] [PLUGINCHANNEL]  {"level":"system","source":"PluginEngine","action":"PluginLoadStart","detail":{"directory":"/Users/xiaoliu/Library/Application Support/JetBrains/IntelliJIdea2025.2/plugins/comate-intellij-plugin/comate-agent/bin/comate-kernel/plugins/gdp"}}
[61559] [2026-01-09 18:47:42] [INFO] [PLUGINCHANNEL]  {"level":"system","source":"PluginEngine","action":"PluginLoadFish","detail":{"directory":"/Users/xiaoliu/Library/Application Support/JetBrains/IntelliJIdea2025.2/plugins/comate-intellij-plugin/comate-agent/bin/comate-kernel/plugins/gdp"}}
[61559] [2026-01-09 18:47:42] [INFO] [PLUGINCHANNEL]  {"level":"system","source":"PluginEngine","action":"PluginLoadStart","detail":{"directory":"/Users/xiaoliu/Library/Application Support/JetBrains/IntelliJIdea2025.2/plugins/comate-intellij-plugin/comate-agent/bin/comate-kernel/plugins/git"}}
[61559] [2026-01-09 18:47:43] [INFO] [PLUGINCHANNEL]  {"level":"system","source":"PluginEngine","action":"PluginLoadFish","detail":{"directory":"/Users/xiaoliu/Library/Application Support/JetBrains/IntelliJIdea2025.2/plugins/comate-intellij-plugin/comate-agent/bin/comate-kernel/plugins/git"}}
[61559] [2026-01-09 18:47:43] [INFO] [PLUGINCHANNEL]  {"level":"system","source":"PluginEngine","action":"PluginLoadStart","detail":{"directory":"/Users/xiaoliu/Library/Application Support/JetBrains/IntelliJIdea2025.2/plugins/comate-intellij-plugin/comate-agent/bin/comate-kernel/plugins/harmonyos"}}
[61559] [2026-01-09 18:47:43] [INFO] [PLUGINCHANNEL]  {"level":"system","source":"PluginEngine","action":"PluginLoadFish","detail":{"directory":"/Users/xiaoliu/Library/Application Support/JetBrains/IntelliJIdea2025.2/plugins/comate-intellij-plugin/comate-agent/bin/comate-kernel/plugins/harmonyos"}}
[61559] [2026-01-09 18:47:43] [INFO] [PLUGINCHANNEL]  {"level":"system","source":"PluginEngine","action":"PluginLoadStart","detail":{"directory":"/Users/xiaoliu/Library/Application Support/JetBrains/IntelliJIdea2025.2/plugins/comate-intellij-plugin/comate-agent/bin/comate-kernel/plugins/iapi"}}
[61559] [2026-01-09 18:47:43] [INFO] [PLUGINCHANNEL]  {"level":"system","source":"PluginEngine","action":"PluginLoadFish","detail":{"directory":"/Users/xiaoliu/Library/Application Support/JetBrains/IntelliJIdea2025.2/plugins/comate-intellij-plugin/comate-agent/bin/comate-kernel/plugins/iapi"}}
[61559] [2026-01-09 18:47:43] [INFO] [PLUGINCHANNEL]  {"level":"system","source":"PluginEngine","action":"PluginLoadStart","detail":{"directory":"/Users/xiaoliu/Library/Application Support/JetBrains/IntelliJIdea2025.2/plugins/comate-intellij-plugin/comate-agent/bin/comate-kernel/plugins/icafe"}}
[61559] [2026-01-09 18:47:43] [INFO] [PLUGINCHANNEL]  {"level":"system","source":"PluginEngine","action":"PluginLoadFish","detail":{"directory":"/Users/xiaoliu/Library/Application Support/JetBrains/IntelliJIdea2025.2/plugins/comate-intellij-plugin/comate-agent/bin/comate-kernel/plugins/icafe"}}
[61559] [2026-01-09 18:47:43] [INFO] [PLUGINCHANNEL]  {"level":"system","source":"PluginEngine","action":"PluginLoadStart","detail":{"directory":"/Users/xiaoliu/Library/Application Support/JetBrains/IntelliJIdea2025.2/plugins/comate-intellij-plugin/comate-agent/bin/comate-kernel/plugins/ievalue"}}
[61559] [2026-01-09 18:47:43] [INFO] [PLUGINCHANNEL]  {"level":"system","source":"PluginEngine","action":"PluginLoadFish","detail":{"directory":"/Users/xiaoliu/Library/Application Support/JetBrains/IntelliJIdea2025.2/plugins/comate-intellij-plugin/comate-agent/bin/comate-kernel/plugins/ievalue"}}
[61559] [2026-01-09 18:47:43] [INFO] [PLUGINCHANNEL]  {"level":"system","source":"PluginEngine","action":"PluginLoadStart","detail":{"directory":"/Users/xiaoliu/Library/Application Support/JetBrains/IntelliJIdea2025.2/plugins/comate-intellij-plugin/comate-agent/bin/comate-kernel/plugins/ipipe"}}
[61559] [2026-01-09 18:47:43] [INFO] [PLUGINCHANNEL]  {"level":"system","source":"PluginEngine","action":"PluginLoadFish","detail":{"directory":"/Users/xiaoliu/Library/Application Support/JetBrains/IntelliJIdea2025.2/plugins/comate-intellij-plugin/comate-agent/bin/comate-kernel/plugins/ipipe"}}
[61559] [2026-01-09 18:47:43] [INFO] [PLUGINCHANNEL]  {"level":"system","source":"PluginEngine","action":"PluginLoadStart","detail":{"directory":"/Users/xiaoliu/Library/Application Support/JetBrains/IntelliJIdea2025.2/plugins/comate-intellij-plugin/comate-agent/bin/comate-kernel/plugins/jarvis"}}
[61559] [2026-01-09 18:47:43] [INFO] [PLUGINCHANNEL]  {"level":"system","source":"PluginEngine","action":"PluginLoadFish","detail":{"directory":"/Users/xiaoliu/Library/Application Support/JetBrains/IntelliJIdea2025.2/plugins/comate-intellij-plugin/comate-agent/bin/comate-kernel/plugins/jarvis"}}
[61559] [2026-01-09 18:47:43] [INFO] [PLUGINCHANNEL]  {"level":"system","source":"PluginEngine","action":"PluginLoadStart","detail":{"directory":"/Users/xiaoliu/Library/Application Support/JetBrains/IntelliJIdea2025.2/plugins/comate-intellij-plugin/comate-agent/bin/comate-kernel/plugins/mapsearch"}}
[61559] [2026-01-09 18:47:44] [INFO] [PLUGINCHANNEL]  {"level":"system","source":"PluginEngine","action":"PluginLoadFish","detail":{"directory":"/Users/xiaoliu/Library/Application Support/JetBrains/IntelliJIdea2025.2/plugins/comate-intellij-plugin/comate-agent/bin/comate-kernel/plugins/mapsearch"}}
[61559] [2026-01-09 18:47:44] [INFO] [PLUGINCHANNEL]  {"level":"system","source":"PluginEngine","action":"PluginLoadStart","detail":{"directory":"/Users/xiaoliu/Library/Application Support/JetBrains/IntelliJIdea2025.2/plugins/comate-intellij-plugin/comate-agent/bin/comate-kernel/plugins/paddle"}}
[61559] [2026-01-09 18:47:44] [INFO] [PLUGINCHANNEL]  {"level":"system","source":"PluginEngine","action":"PluginLoadFish","detail":{"directory":"/Users/xiaoliu/Library/Application Support/JetBrains/IntelliJIdea2025.2/plugins/comate-intellij-plugin/comate-agent/bin/comate-kernel/plugins/paddle"}}
[61559] [2026-01-09 18:47:44] [INFO] [PLUGINCHANNEL]  {"level":"system","source":"PluginEngine","action":"PluginLoadStart","detail":{"directory":"/Users/xiaoliu/Library/Application Support/JetBrains/IntelliJIdea2025.2/plugins/comate-intellij-plugin/comate-agent/bin/comate-kernel/plugins/robot"}}
[61559] [2026-01-09 18:47:44] [INFO] [PLUGINCHANNEL]  {"level":"system","source":"PluginEngine","action":"PluginLoadFish","detail":{"directory":"/Users/xiaoliu/Library/Application Support/JetBrains/IntelliJIdea2025.2/plugins/comate-intellij-plugin/comate-agent/bin/comate-kernel/plugins/robot"}}
[61559] [2026-01-09 18:47:44] [INFO] [PLUGINCHANNEL]  {"level":"system","source":"PluginEngine","action":"PluginLoadStart","detail":{"directory":"/Users/xiaoliu/Library/Application Support/JetBrains/IntelliJIdea2025.2/plugins/comate-intellij-plugin/comate-agent/bin/comate-kernel/plugins/security"}}
[61559] [2026-01-09 18:47:44] [INFO] [PLUGINCHANNEL]  pluginPid security 61625
[61559] [2026-01-09 18:47:44] [INFO] [PLUGINCHANNEL]  {"level":"system","source":"PluginEngine","action":"PluginLoadFish","detail":{"directory":"/Users/xiaoliu/Library/Application Support/JetBrains/IntelliJIdea2025.2/plugins/comate-intellij-plugin/comate-agent/bin/comate-kernel/plugins/security"}}
[61559] [2026-01-09 18:47:44] [INFO] [PLUGINCHANNEL]  {"level":"system","source":"PluginEngine","action":"PluginLoadStart","detail":{"directory":"/Users/xiaoliu/Library/Application Support/JetBrains/IntelliJIdea2025.2/plugins/comate-intellij-plugin/comate-agent/bin/comate-kernel/plugins/smartapp"}}
[61559] [2026-01-09 18:47:44] [INFO] [PLUGINCHANNEL]  {"level":"system","source":"PluginEngine","action":"PluginLoadFish","detail":{"directory":"/Users/xiaoliu/Library/Application Support/JetBrains/IntelliJIdea2025.2/plugins/comate-intellij-plugin/comate-agent/bin/comate-kernel/plugins/smartapp"}}
[61559] [2026-01-09 18:47:44] [INFO] [PLUGINCHANNEL]  {"level":"system","source":"PluginEngine","action":"PluginLoadStart","detail":{"directory":"/Users/xiaoliu/Library/Application Support/JetBrains/IntelliJIdea2025.2/plugins/comate-intellij-plugin/comate-agent/bin/comate-kernel/plugins/testmate"}}
[61559] [2026-01-09 18:47:45] [INFO] [PLUGINCHANNEL]  {"level":"system","source":"PluginEngine","action":"PluginLoadFish","detail":{"directory":"/Users/xiaoliu/Library/Application Support/JetBrains/IntelliJIdea2025.2/plugins/comate-intellij-plugin/comate-agent/bin/comate-kernel/plugins/testmate"}}
[61559] [2026-01-09 18:47:45] [INFO] [PLUGINCHANNEL]  {"level":"system","source":"PluginEngine","action":"PluginLoadStart","detail":{"directory":"/Users/xiaoliu/Library/Application Support/JetBrains/IntelliJIdea2025.2/plugins/comate-intellij-plugin/comate-agent/bin/comate-kernel/plugins/tor"}}
[61559] [2026-01-09 18:47:45] [INFO] [PLUGINCHANNEL]  {"level":"system","source":"PluginEngine","action":"PluginLoadFish","detail":{"directory":"/Users/xiaoliu/Library/Application Support/JetBrains/IntelliJIdea2025.2/plugins/comate-intellij-plugin/comate-agent/bin/comate-kernel/plugins/tor"}}
[61559] [2026-01-09 18:47:45] [INFO] [PLUGINCHANNEL]  {"level":"system","source":"PluginEngine","action":"PluginLoadStart","detail":{"directory":"/Users/xiaoliu/Library/Application Support/JetBrains/IntelliJIdea2025.2/plugins/comate-intellij-plugin/comate-agent/bin/comate-kernel/plugins/weiyun"}}
[61559] [2026-01-09 18:47:45] [INFO] [PLUGINCHANNEL]  {"level":"system","source":"PluginEngine","action":"PluginLoadFish","detail":{"directory":"/Users/xiaoliu/Library/Application Support/JetBrains/IntelliJIdea2025.2/plugins/comate-intellij-plugin/comate-agent/bin/comate-kernel/plugins/weiyun"}}
[61559] [2026-01-09 18:47:45] [INFO] [PLUGINCHANNEL]  {"level":"system","source":"PluginEngine","action":"PluginLoadStart","detail":{"directory":"/Users/xiaoliu/Library/Application Support/JetBrains/IntelliJIdea2025.2/plugins/comate-intellij-plugin/comate-agent/bin/comate-kernel/plugins/workcard"}}
[61559] [2026-01-09 18:47:45] [INFO] [PLUGINCHANNEL]  {"level":"system","source":"PluginEngine","action":"PluginLoadFish","detail":{"directory":"/Users/xiaoliu/Library/Application Support/JetBrains/IntelliJIdea2025.2/plugins/comate-intellij-plugin/comate-agent/bin/comate-kernel/plugins/workcard"}}
[61559] [2026-01-09 18:47:45] [INFO] [PROMPTTEMPLATESERVICE]  PromptTemplateService init
[61559] [2026-01-09 18:47:45] [INFO] [SADIAGNOSTIC]  AISAService: Successfully fetched 13 agent configs
[61559] [2026-01-09 18:47:45] [INFO] [CS]  AISA Service initialized successfully
[61559] [2026-01-09 18:47:45] [INFO] [CS]  IDE: jetbrains
[61559] [2026-01-09 18:47:45] [INFO] [CS]  HTTP Proxy URL: None
[61559] [2026-01-09 18:47:45] [INFO] [CS]  HTTP No Proxy: None
[61559] [2026-01-09 18:47:45] [INFO] [CS]  HTTP HOST: None
[61559] [2026-01-09 18:47:45] [INFO] [CS]  Environment: production
[61559] [2026-01-09 18:47:45] [INFO] [CS]  Platform: internal
[61559] [2026-01-09 18:47:45] [INFO] [CS]  Api Base Url: https://comate.baidu-int.com
[61559] [2026-01-09 18:47:45] [INFO] [CS]  User Info: {"platform":"internal","ideName":"jetbrains","ideSeries":"JetBrains-Local-IntellijIdeaUltimate","ideVersion":"252.23892.409","version":"3.23.0","license":"","name":"liumandong","uid":"69e828314752","device":"db2d56f3defe668d58955316a7e83dbf","displayName":"刘满东","email":"liumandong@baidu.com","username":"liumandong","enterpriseConfig":null}
[61559] [2026-01-09 18:47:45] [INFO] [CS]  Language: zh-cn
[61559] [2026-01-09 18:47:45] [INFO] [CS]  Engine Initialized
[61559] [2026-01-09 18:47:45] [INFO] [ENGINE]  <--------- ENGINE SEND: COMATE_PLUS_INITIALIZED {}
[61559] [2026-01-09 18:47:45] [ERROR] [ENGINE]  failed to send to ide connection COMATE_PLUS_INITIALIZED {} {"code":-32601}
[61559] [2026-01-09 18:47:57] [INFO] [PLUGINCHANNEL]  {"level":"system","source":"IdeSession","action":"HandleMessage","detail":{"actionName":"DIAGNOSTIC_SCAN"}}
[61559] [2026-01-09 18:47:57] [INFO] [PLUGINCHANNEL]  {"level":"error","source":"IdeSession","action":"PluginNotFound","detail":{"pluginName":""}}
[55864] [2026-01-09 18:48:32] [INFO] [PLUGINCHANNEL]  {"level":"system","source":"IdeSession","action":"HandleMessage","detail":{"actionName":"DIAGNOSTIC_SCAN"}}
[55864] [2026-01-09 18:48:32] [INFO] [PLUGINCHANNEL]  {"level":"error","source":"IdeSession","action":"PluginNotFound","detail":{"pluginName":""}}
[55864] [2026-01-09 18:48:41] [INFO] [PLUGINCHANNEL]  {"level":"system","source":"IdeSession","action":"HandleMessage","detail":{"actionName":"DIAGNOSTIC_SCAN"}}
[55864] [2026-01-09 18:48:41] [INFO] [PLUGINCHANNEL]  {"level":"error","source":"IdeSession","action":"PluginNotFound","detail":{"pluginName":""}}
[61559] [2026-01-09 18:52:57] [INFO] [PLUGINCHANNEL]  {"level":"warn","source":"IdeSession","action":"SessionTimeout","detail":{}}
[55864] [2026-01-09 18:53:32] [INFO] [PLUGINCHANNEL]  {"level":"warn","source":"IdeSession","action":"SessionTimeout","detail":{}}
[55864] [2026-01-09 18:53:41] [INFO] [PLUGINCHANNEL]  {"level":"warn","source":"IdeSession","action":"SessionTimeout","detail":{}}
[55864] [2026-01-09 19:07:13] [INFO] [PLUGINCHANNEL]  {"level":"system","source":"IdeSession","action":"HandleMessage","detail":{"actionName":"DIAGNOSTIC_SCAN"}}
[55864] [2026-01-09 19:07:13] [INFO] [PLUGINCHANNEL]  {"level":"error","source":"IdeSession","action":"PluginNotFound","detail":{"pluginName":""}}
[55864] [2026-01-09 19:07:16] [INFO] [PLUGINCHANNEL]  {"level":"system","source":"IdeSession","action":"HandleMessage","detail":{"actionName":"DIAGNOSTIC_SCAN"}}
[55864] [2026-01-09 19:07:16] [INFO] [PLUGINCHANNEL]  {"level":"error","source":"IdeSession","action":"PluginNotFound","detail":{"pluginName":""}}
[55864] [2026-01-09 19:07:22] [INFO] [PLUGINCHANNEL]  {"level":"system","source":"IdeSession","action":"HandleMessage","detail":{"actionName":"DIAGNOSTIC_SCAN"}}
[55864] [2026-01-09 19:07:22] [INFO] [PLUGINCHANNEL]  {"level":"error","source":"IdeSession","action":"PluginNotFound","detail":{"pluginName":""}}
[55864] [2026-01-09 19:07:33] [INFO] [PLUGINCHANNEL]  {"level":"system","source":"IdeSession","action":"HandleMessage","detail":{"actionName":"DIAGNOSTIC_SCAN"}}
[55864] [2026-01-09 19:07:33] [INFO] [PLUGINCHANNEL]  {"level":"error","source":"IdeSession","action":"PluginNotFound","detail":{"pluginName":""}}
[55864] [2026-01-09 19:08:21] [INFO] [PLUGINCHANNEL]  {"level":"system","source":"IdeSession","action":"HandleMessage","detail":{"actionName":"DIAGNOSTIC_SCAN"}}
[55864] [2026-01-09 19:08:21] [INFO] [PLUGINCHANNEL]  {"level":"error","source":"IdeSession","action":"PluginNotFound","detail":{"pluginName":""}}
[55864] [2026-01-09 19:08:40] [INFO] [PLUGINCHANNEL]  {"level":"system","source":"IdeSession","action":"HandleMessage","detail":{"actionName":"DIAGNOSTIC_SCAN"}}
[55864] [2026-01-09 19:08:40] [INFO] [PLUGINCHANNEL]  {"level":"error","source":"IdeSession","action":"PluginNotFound","detail":{"pluginName":""}}
[55864] [2026-01-09 19:08:45] [INFO] [PLUGINCHANNEL]  {"level":"system","source":"IdeSession","action":"HandleMessage","detail":{"actionName":"DIAGNOSTIC_SCAN"}}
[55864] [2026-01-09 19:08:45] [INFO] [PLUGINCHANNEL]  {"level":"error","source":"IdeSession","action":"PluginNotFound","detail":{"pluginName":""}}
[55864] [2026-01-09 19:08:49] [INFO] [PLUGINCHANNEL]  {"level":"system","source":"IdeSession","action":"HandleMessage","detail":{"actionName":"DIAGNOSTIC_SCAN"}}
[55864] [2026-01-09 19:08:49] [INFO] [PLUGINCHANNEL]  {"level":"error","source":"IdeSession","action":"PluginNotFound","detail":{"pluginName":""}}
[55864] [2026-01-09 19:08:52] [INFO] [PLUGINCHANNEL]  {"level":"system","source":"IdeSession","action":"HandleMessage","detail":{"actionName":"DIAGNOSTIC_SCAN"}}
[55864] [2026-01-09 19:08:52] [INFO] [PLUGINCHANNEL]  {"level":"error","source":"IdeSession","action":"PluginNotFound","detail":{"pluginName":""}}
[55864] [2026-01-09 19:08:57] [INFO] [PLUGINCHANNEL]  {"level":"system","source":"IdeSession","action":"HandleMessage","detail":{"actionName":"DIAGNOSTIC_SCAN"}}
[55864] [2026-01-09 19:08:57] [INFO] [PLUGINCHANNEL]  {"level":"error","source":"IdeSession","action":"PluginNotFound","detail":{"pluginName":""}}
[55864] [2026-01-09 19:08:58] [INFO] [PLUGINCHANNEL]  {"level":"system","source":"IdeSession","action":"HandleMessage","detail":{"actionName":"DIAGNOSTIC_SCAN"}}
[55864] [2026-01-09 19:08:58] [INFO] [PLUGINCHANNEL]  {"level":"error","source":"IdeSession","action":"PluginNotFound","detail":{"pluginName":""}}
[55864] [2026-01-09 19:09:05] [INFO] [PLUGINCHANNEL]  {"level":"system","source":"IdeSession","action":"HandleMessage","detail":{"actionName":"DIAGNOSTIC_SCAN"}}
[55864] [2026-01-09 19:09:05] [INFO] [PLUGINCHANNEL]  {"level":"error","source":"IdeSession","action":"PluginNotFound","detail":{"pluginName":""}}
[55864] [2026-01-09 19:09:06] [INFO] [PLUGINCHANNEL]  {"level":"system","source":"IdeSession","action":"HandleMessage","detail":{"actionName":"DIAGNOSTIC_SCAN"}}
[55864] [2026-01-09 19:09:06] [INFO] [PLUGINCHANNEL]  {"level":"error","source":"IdeSession","action":"PluginNotFound","detail":{"pluginName":""}}
[55864] [2026-01-09 19:09:10] [INFO] [PLUGINCHANNEL]  {"level":"system","source":"IdeSession","action":"HandleMessage","detail":{"actionName":"DIAGNOSTIC_SCAN"}}
[55864] [2026-01-09 19:09:10] [INFO] [PLUGINCHANNEL]  {"level":"error","source":"IdeSession","action":"PluginNotFound","detail":{"pluginName":""}}
[55864] [2026-01-09 19:09:15] [INFO] [PLUGINCHANNEL]  {"level":"system","source":"IdeSession","action":"HandleMessage","detail":{"actionName":"DIAGNOSTIC_SCAN"}}
[55864] [2026-01-09 19:09:15] [INFO] [PLUGINCHANNEL]  {"level":"error","source":"IdeSession","action":"PluginNotFound","detail":{"pluginName":""}}
[55864] [2026-01-09 19:09:23] [INFO] [PLUGINCHANNEL]  {"level":"system","source":"IdeSession","action":"HandleMessage","detail":{"actionName":"DIAGNOSTIC_SCAN"}}
[55864] [2026-01-09 19:09:23] [INFO] [PLUGINCHANNEL]  {"level":"error","source":"IdeSession","action":"PluginNotFound","detail":{"pluginName":""}}
[55864] [2026-01-09 19:09:25] [INFO] [PLUGINCHANNEL]  {"level":"system","source":"IdeSession","action":"HandleMessage","detail":{"actionName":"DIAGNOSTIC_SCAN"}}
[55864] [2026-01-09 19:09:25] [INFO] [PLUGINCHANNEL]  {"level":"error","source":"IdeSession","action":"PluginNotFound","detail":{"pluginName":""}}
[55864] [2026-01-09 19:09:33] [INFO] [PLUGINCHANNEL]  {"level":"system","source":"IdeSession","action":"HandleMessage","detail":{"actionName":"DIAGNOSTIC_SCAN"}}
[55864] [2026-01-09 19:09:33] [INFO] [PLUGINCHANNEL]  {"level":"error","source":"IdeSession","action":"PluginNotFound","detail":{"pluginName":""}}
[55864] [2026-01-09 19:09:38] [INFO] [PLUGINCHANNEL]  {"level":"system","source":"IdeSession","action":"HandleMessage","detail":{"actionName":"DIAGNOSTIC_SCAN"}}
[55864] [2026-01-09 19:09:38] [INFO] [PLUGINCHANNEL]  {"level":"error","source":"IdeSession","action":"PluginNotFound","detail":{"pluginName":""}}
[55864] [2026-01-09 19:09:43] [INFO] [PLUGINCHANNEL]  {"level":"system","source":"IdeSession","action":"HandleMessage","detail":{"actionName":"DIAGNOSTIC_SCAN"}}
[55864] [2026-01-09 19:09:43] [INFO] [PLUGINCHANNEL]  {"level":"error","source":"IdeSession","action":"PluginNotFound","detail":{"pluginName":""}}
[55864] [2026-01-09 19:09:46] [INFO] [PLUGINCHANNEL]  {"level":"system","source":"IdeSession","action":"HandleMessage","detail":{"actionName":"DIAGNOSTIC_SCAN"}}
[55864] [2026-01-09 19:09:46] [INFO] [PLUGINCHANNEL]  {"level":"error","source":"IdeSession","action":"PluginNotFound","detail":{"pluginName":""}}
[55864] [2026-01-09 19:09:51] [INFO] [PLUGINCHANNEL]  {"level":"system","source":"IdeSession","action":"HandleMessage","detail":{"actionName":"DIAGNOSTIC_SCAN"}}
[55864] [2026-01-09 19:09:51] [INFO] [PLUGINCHANNEL]  {"level":"error","source":"IdeSession","action":"PluginNotFound","detail":{"pluginName":""}}
[55864] [2026-01-09 19:09:58] [INFO] [PLUGINCHANNEL]  {"level":"system","source":"IdeSession","action":"HandleMessage","detail":{"actionName":"DIAGNOSTIC_SCAN"}}
[55864] [2026-01-09 19:09:58] [INFO] [PLUGINCHANNEL]  {"level":"error","source":"IdeSession","action":"PluginNotFound","detail":{"pluginName":""}}
[55864] [2026-01-09 19:10:07] [INFO] [PLUGINCHANNEL]  {"level":"system","source":"IdeSession","action":"HandleMessage","detail":{"actionName":"DIAGNOSTIC_SCAN"}}
[55864] [2026-01-09 19:10:07] [INFO] [PLUGINCHANNEL]  {"level":"error","source":"IdeSession","action":"PluginNotFound","detail":{"pluginName":""}}
[55864] [2026-01-09 19:10:20] [INFO] [PLUGINCHANNEL]  {"level":"system","source":"IdeSession","action":"HandleMessage","detail":{"actionName":"DIAGNOSTIC_SCAN"}}
[55864] [2026-01-09 19:10:20] [INFO] [PLUGINCHANNEL]  {"level":"error","source":"IdeSession","action":"PluginNotFound","detail":{"pluginName":""}}
[55864] [2026-01-09 19:11:23] [INFO] [PLUGINCHANNEL]  {"level":"system","source":"IdeSession","action":"HandleMessage","detail":{"actionName":"DIAGNOSTIC_SCAN"}}
[55864] [2026-01-09 19:11:23] [INFO] [PLUGINCHANNEL]  {"level":"error","source":"IdeSession","action":"PluginNotFound","detail":{"pluginName":""}}
[55864] [2026-01-09 19:12:13] [INFO] [PLUGINCHANNEL]  {"level":"warn","source":"IdeSession","action":"SessionTimeout","detail":{}}
[55864] [2026-01-09 19:12:16] [INFO] [PLUGINCHANNEL]  {"level":"warn","source":"IdeSession","action":"SessionTimeout","detail":{}}
[55864] [2026-01-09 19:12:22] [INFO] [PLUGINCHANNEL]  {"level":"warn","source":"IdeSession","action":"SessionTimeout","detail":{}}
[55864] [2026-01-09 19:12:33] [INFO] [PLUGINCHANNEL]  {"level":"warn","source":"IdeSession","action":"SessionTimeout","detail":{}}
[55864] [2026-01-09 19:13:21] [INFO] [PLUGINCHANNEL]  {"level":"warn","source":"IdeSession","action":"SessionTimeout","detail":{}}
[55864] [2026-01-09 19:13:40] [INFO] [PLUGINCHANNEL]  {"level":"warn","source":"IdeSession","action":"SessionTimeout","detail":{}}
[55864] [2026-01-09 19:13:45] [INFO] [PLUGINCHANNEL]  {"level":"warn","source":"IdeSession","action":"SessionTimeout","detail":{}}
[55864] [2026-01-09 19:13:49] [INFO] [PLUGINCHANNEL]  {"level":"warn","source":"IdeSession","action":"SessionTimeout","detail":{}}
[55864] [2026-01-09 19:13:52] [INFO] [PLUGINCHANNEL]  {"level":"warn","source":"IdeSession","action":"SessionTimeout","detail":{}}
[55864] [2026-01-09 19:13:57] [INFO] [PLUGINCHANNEL]  {"level":"warn","source":"IdeSession","action":"SessionTimeout","detail":{}}
[55864] [2026-01-09 19:13:58] [INFO] [PLUGINCHANNEL]  {"level":"warn","source":"IdeSession","action":"SessionTimeout","detail":{}}
[55864] [2026-01-09 19:14:05] [INFO] [PLUGINCHANNEL]  {"level":"warn","source":"IdeSession","action":"SessionTimeout","detail":{}}
[55864] [2026-01-09 19:14:06] [INFO] [PLUGINCHANNEL]  {"level":"warn","source":"IdeSession","action":"SessionTimeout","detail":{}}
[55864] [2026-01-09 19:14:10] [INFO] [PLUGINCHANNEL]  {"level":"warn","source":"IdeSession","action":"SessionTimeout","detail":{}}
[55864] [2026-01-09 19:14:15] [INFO] [PLUGINCHANNEL]  {"level":"warn","source":"IdeSession","action":"SessionTimeout","detail":{}}
[55864] [2026-01-09 19:14:23] [INFO] [PLUGINCHANNEL]  {"level":"warn","source":"IdeSession","action":"SessionTimeout","detail":{}}
[55864] [2026-01-09 19:14:25] [INFO] [PLUGINCHANNEL]  {"level":"warn","source":"IdeSession","action":"SessionTimeout","detail":{}}
[55864] [2026-01-09 19:14:33] [INFO] [PLUGINCHANNEL]  {"level":"warn","source":"IdeSession","action":"SessionTimeout","detail":{}}
[55864] [2026-01-09 19:14:37] [INFO] [PLUGINCHANNEL]  {"level":"system","source":"IdeSession","action":"HandleMessage","detail":{"actionName":"DIAGNOSTIC_SCAN"}}
[55864] [2026-01-09 19:14:37] [INFO] [PLUGINCHANNEL]  {"level":"error","source":"IdeSession","action":"PluginNotFound","detail":{"pluginName":""}}
[55864] [2026-01-09 19:14:38] [INFO] [PLUGINCHANNEL]  {"level":"system","source":"IdeSession","action":"HandleMessage","detail":{"actionName":"DIAGNOSTIC_SCAN"}}
[55864] [2026-01-09 19:14:38] [INFO] [PLUGINCHANNEL]  {"level":"error","source":"IdeSession","action":"PluginNotFound","detail":{"pluginName":""}}
[55864] [2026-01-09 19:14:38] [INFO] [PLUGINCHANNEL]  {"level":"warn","source":"IdeSession","action":"SessionTimeout","detail":{}}
[55864] [2026-01-09 19:14:41] [INFO] [PLUGINCHANNEL]  {"level":"system","source":"IdeSession","action":"HandleMessage","detail":{"actionName":"DIAGNOSTIC_SCAN"}}
[55864] [2026-01-09 19:14:41] [INFO] [PLUGINCHANNEL]  {"level":"error","source":"IdeSession","action":"PluginNotFound","detail":{"pluginName":""}}
[55864] [2026-01-09 19:14:43] [INFO] [PLUGINCHANNEL]  {"level":"warn","source":"IdeSession","action":"SessionTimeout","detail":{}}
[55864] [2026-01-09 19:14:44] [INFO] [PLUGINCHANNEL]  {"level":"system","source":"IdeSession","action":"HandleMessage","detail":{"actionName":"DIAGNOSTIC_SCAN"}}
[55864] [2026-01-09 19:14:44] [INFO] [PLUGINCHANNEL]  {"level":"error","source":"IdeSession","action":"PluginNotFound","detail":{"pluginName":""}}
[55864] [2026-01-09 19:14:46] [INFO] [PLUGINCHANNEL]  {"level":"warn","source":"IdeSession","action":"SessionTimeout","detail":{}}
[55864] [2026-01-09 19:14:51] [INFO] [PLUGINCHANNEL]  {"level":"warn","source":"IdeSession","action":"SessionTimeout","detail":{}}
[55864] [2026-01-09 19:14:51] [INFO] [PLUGINCHANNEL]  {"level":"system","source":"IdeSession","action":"HandleMessage","detail":{"actionName":"DIAGNOSTIC_SCAN"}}
[55864] [2026-01-09 19:14:51] [INFO] [PLUGINCHANNEL]  {"level":"error","source":"IdeSession","action":"PluginNotFound","detail":{"pluginName":""}}
[55864] [2026-01-09 19:14:58] [INFO] [PLUGINCHANNEL]  {"level":"system","source":"IdeSession","action":"HandleMessage","detail":{"actionName":"DIAGNOSTIC_SCAN"}}
[55864] [2026-01-09 19:14:58] [INFO] [PLUGINCHANNEL]  {"level":"error","source":"IdeSession","action":"PluginNotFound","detail":{"pluginName":""}}
[55864] [2026-01-09 19:14:58] [INFO] [PLUGINCHANNEL]  {"level":"warn","source":"IdeSession","action":"SessionTimeout","detail":{}}
[55864] [2026-01-09 19:15:07] [INFO] [PLUGINCHANNEL]  {"level":"warn","source":"IdeSession","action":"SessionTimeout","detail":{}}
[55864] [2026-01-09 19:15:09] [INFO] [PLUGINCHANNEL]  {"level":"system","source":"IdeSession","action":"HandleMessage","detail":{"actionName":"DIAGNOSTIC_SCAN"}}
[55864] [2026-01-09 19:15:09] [INFO] [PLUGINCHANNEL]  {"level":"error","source":"IdeSession","action":"PluginNotFound","detail":{"pluginName":""}}
[55864] [2026-01-09 19:15:20] [INFO] [PLUGINCHANNEL]  {"level":"warn","source":"IdeSession","action":"SessionTimeout","detail":{}}
[55864] [2026-01-09 19:15:23] [INFO] [PLUGINCHANNEL]  {"level":"system","source":"IdeSession","action":"HandleMessage","detail":{"actionName":"DIAGNOSTIC_SCAN"}}
[55864] [2026-01-09 19:15:23] [INFO] [PLUGINCHANNEL]  {"level":"error","source":"IdeSession","action":"PluginNotFound","detail":{"pluginName":""}}
[55864] [2026-01-09 19:15:26] [INFO] [PLUGINCHANNEL]  {"level":"system","source":"IdeSession","action":"HandleMessage","detail":{"actionName":"DIAGNOSTIC_SCAN"}}
[55864] [2026-01-09 19:15:26] [INFO] [PLUGINCHANNEL]  {"level":"error","source":"IdeSession","action":"PluginNotFound","detail":{"pluginName":""}}
[55864] [2026-01-09 19:15:35] [INFO] [PLUGINCHANNEL]  {"level":"system","source":"IdeSession","action":"HandleMessage","detail":{"actionName":"DIAGNOSTIC_SCAN"}}
[55864] [2026-01-09 19:15:35] [INFO] [PLUGINCHANNEL]  {"level":"error","source":"IdeSession","action":"PluginNotFound","detail":{"pluginName":""}}
[55864] [2026-01-09 19:15:37] [INFO] [PLUGINCHANNEL]  {"level":"system","source":"IdeSession","action":"HandleMessage","detail":{"actionName":"DIAGNOSTIC_SCAN"}}
[55864] [2026-01-09 19:15:37] [INFO] [PLUGINCHANNEL]  {"level":"error","source":"IdeSession","action":"PluginNotFound","detail":{"pluginName":""}}
[55864] [2026-01-09 19:15:47] [INFO] [PLUGINCHANNEL]  {"level":"system","source":"IdeSession","action":"HandleMessage","detail":{"actionName":"DIAGNOSTIC_SCAN"}}
[55864] [2026-01-09 19:15:47] [INFO] [PLUGINCHANNEL]  {"level":"error","source":"IdeSession","action":"PluginNotFound","detail":{"pluginName":""}}
[55864] [2026-01-09 19:16:23] [INFO] [PLUGINCHANNEL]  {"level":"warn","source":"IdeSession","action":"SessionTimeout","detail":{}}
[55864] [2026-01-09 19:16:24] [INFO] [PLUGINCHANNEL]  {"level":"system","source":"IdeSession","action":"HandleMessage","detail":{"actionName":"DIAGNOSTIC_SCAN"}}
[55864] [2026-01-09 19:16:24] [INFO] [PLUGINCHANNEL]  {"level":"error","source":"IdeSession","action":"PluginNotFound","detail":{"pluginName":""}}
[55864] [2026-01-09 19:16:28] [INFO] [PLUGINCHANNEL]  {"level":"system","source":"IdeSession","action":"HandleMessage","detail":{"actionName":"DIAGNOSTIC_SCAN"}}
[55864] [2026-01-09 19:16:28] [INFO] [PLUGINCHANNEL]  {"level":"error","source":"IdeSession","action":"PluginNotFound","detail":{"pluginName":""}}
[55864] [2026-01-09 19:16:31] [INFO] [PLUGINCHANNEL]  {"level":"system","source":"IdeSession","action":"HandleMessage","detail":{"actionName":"DIAGNOSTIC_SCAN"}}
[55864] [2026-01-09 19:16:31] [INFO] [PLUGINCHANNEL]  {"level":"error","source":"IdeSession","action":"PluginNotFound","detail":{"pluginName":""}}
[55864] [2026-01-09 19:18:06] [INFO] [PLUGINCHANNEL]  {"level":"system","source":"IdeSession","action":"HandleMessage","detail":{"actionName":"DIAGNOSTIC_SCAN"}}
[55864] [2026-01-09 19:18:06] [INFO] [PLUGINCHANNEL]  {"level":"error","source":"IdeSession","action":"PluginNotFound","detail":{"pluginName":""}}
[55864] [2026-01-09 19:18:07] [INFO] [PLUGINCHANNEL]  {"level":"system","source":"IdeSession","action":"HandleMessage","detail":{"actionName":"DIAGNOSTIC_SCAN"}}
[55864] [2026-01-09 19:18:07] [INFO] [PLUGINCHANNEL]  {"level":"error","source":"IdeSession","action":"PluginNotFound","detail":{"pluginName":""}}
[55864] [2026-01-09 19:18:16] [INFO] [PLUGINCHANNEL]  {"level":"system","source":"IdeSession","action":"HandleMessage","detail":{"actionName":"DIAGNOSTIC_SCAN"}}
[55864] [2026-01-09 19:18:16] [INFO] [PLUGINCHANNEL]  {"level":"error","source":"IdeSession","action":"PluginNotFound","detail":{"pluginName":""}}
[55864] [2026-01-09 19:18:25] [INFO] [PLUGINCHANNEL]  {"level":"system","source":"IdeSession","action":"HandleMessage","detail":{"actionName":"DIAGNOSTIC_SCAN"}}
[55864] [2026-01-09 19:18:25] [INFO] [PLUGINCHANNEL]  {"level":"error","source":"IdeSession","action":"PluginNotFound","detail":{"pluginName":""}}
[55864] [2026-01-09 19:19:05] [INFO] [PLUGINCHANNEL]  {"level":"system","source":"IdeSession","action":"HandleMessage","detail":{"actionName":"DIAGNOSTIC_SCAN"}}
[55864] [2026-01-09 19:19:05] [INFO] [PLUGINCHANNEL]  {"level":"error","source":"IdeSession","action":"PluginNotFound","detail":{"pluginName":""}}
[55864] [2026-01-09 19:19:20] [INFO] [PLUGINCHANNEL]  {"level":"system","source":"IdeSession","action":"HandleMessage","detail":{"actionName":"DIAGNOSTIC_SCAN"}}
[55864] [2026-01-09 19:19:20] [INFO] [PLUGINCHANNEL]  {"level":"error","source":"IdeSession","action":"PluginNotFound","detail":{"pluginName":""}}
[55864] [2026-01-09 19:19:28] [INFO] [PLUGINCHANNEL]  {"level":"system","source":"IdeSession","action":"HandleMessage","detail":{"actionName":"DIAGNOSTIC_SCAN"}}
[55864] [2026-01-09 19:19:28] [INFO] [PLUGINCHANNEL]  {"level":"error","source":"IdeSession","action":"PluginNotFound","detail":{"pluginName":""}}
[55864] [2026-01-09 19:19:37] [INFO] [PLUGINCHANNEL]  {"level":"warn","source":"IdeSession","action":"SessionTimeout","detail":{}}
[55864] [2026-01-09 19:19:38] [INFO] [PLUGINCHANNEL]  {"level":"warn","source":"IdeSession","action":"SessionTimeout","detail":{}}
[55864] [2026-01-09 19:19:41] [INFO] [PLUGINCHANNEL]  {"level":"warn","source":"IdeSession","action":"SessionTimeout","detail":{}}
[55864] [2026-01-09 19:19:41] [INFO] [PLUGINCHANNEL]  {"level":"system","source":"IdeSession","action":"HandleMessage","detail":{"actionName":"DIAGNOSTIC_SCAN"}}
[55864] [2026-01-09 19:19:41] [INFO] [PLUGINCHANNEL]  {"level":"error","source":"IdeSession","action":"PluginNotFound","detail":{"pluginName":""}}
[55864] [2026-01-09 19:19:44] [INFO] [PLUGINCHANNEL]  {"level":"warn","source":"IdeSession","action":"SessionTimeout","detail":{}}
[55864] [2026-01-09 19:19:51] [INFO] [PLUGINCHANNEL]  {"level":"warn","source":"IdeSession","action":"SessionTimeout","detail":{}}
[55864] [2026-01-09 19:19:54] [INFO] [PLUGINCHANNEL]  {"level":"system","source":"IdeSession","action":"HandleMessage","detail":{"actionName":"DIAGNOSTIC_SCAN"}}
[55864] [2026-01-09 19:19:54] [INFO] [PLUGINCHANNEL]  {"level":"error","source":"IdeSession","action":"PluginNotFound","detail":{"pluginName":""}}
[55864] [2026-01-09 19:19:58] [INFO] [PLUGINCHANNEL]  {"level":"warn","source":"IdeSession","action":"SessionTimeout","detail":{}}
[55864] [2026-01-09 19:20:04] [INFO] [PLUGINCHANNEL]  {"level":"system","source":"IdeSession","action":"HandleMessage","detail":{"actionName":"DIAGNOSTIC_SCAN"}}
[55864] [2026-01-09 19:20:04] [INFO] [PLUGINCHANNEL]  {"level":"error","source":"IdeSession","action":"PluginNotFound","detail":{"pluginName":""}}
[55864] [2026-01-09 19:20:09] [INFO] [PLUGINCHANNEL]  {"level":"warn","source":"IdeSession","action":"SessionTimeout","detail":{}}
[55864] [2026-01-09 19:20:23] [INFO] [PLUGINCHANNEL]  {"level":"warn","source":"IdeSession","action":"SessionTimeout","detail":{}}
[55864] [2026-01-09 19:20:26] [INFO] [PLUGINCHANNEL]  {"level":"warn","source":"IdeSession","action":"SessionTimeout","detail":{}}
[55864] [2026-01-09 19:20:29] [INFO] [PLUGINCHANNEL]  {"level":"system","source":"IdeSession","action":"HandleMessage","detail":{"actionName":"DIAGNOSTIC_SCAN"}}
[55864] [2026-01-09 19:20:29] [INFO] [PLUGINCHANNEL]  {"level":"error","source":"IdeSession","action":"PluginNotFound","detail":{"pluginName":""}}
[55864] [2026-01-09 19:20:35] [INFO] [PLUGINCHANNEL]  {"level":"warn","source":"IdeSession","action":"SessionTimeout","detail":{}}
[55864] [2026-01-09 19:20:37] [INFO] [PLUGINCHANNEL]  {"level":"warn","source":"IdeSession","action":"SessionTimeout","detail":{}}
[55864] [2026-01-09 19:20:40] [INFO] [PLUGINCHANNEL]  {"level":"system","source":"IdeSession","action":"HandleMessage","detail":{"actionName":"DIAGNOSTIC_SCAN"}}
[55864] [2026-01-09 19:20:40] [INFO] [PLUGINCHANNEL]  {"level":"error","source":"IdeSession","action":"PluginNotFound","detail":{"pluginName":""}}
[55864] [2026-01-09 19:20:42] [INFO] [PLUGINCHANNEL]  {"level":"system","source":"IdeSession","action":"HandleMessage","detail":{"actionName":"DIAGNOSTIC_SCAN"}}
[55864] [2026-01-09 19:20:42] [INFO] [PLUGINCHANNEL]  {"level":"error","source":"IdeSession","action":"PluginNotFound","detail":{"pluginName":""}}
[55864] [2026-01-09 19:20:47] [INFO] [PLUGINCHANNEL]  {"level":"warn","source":"IdeSession","action":"SessionTimeout","detail":{}}
[55864] [2026-01-09 19:20:50] [INFO] [PLUGINCHANNEL]  {"level":"system","source":"IdeSession","action":"HandleMessage","detail":{"actionName":"DIAGNOSTIC_SCAN"}}
[55864] [2026-01-09 19:20:50] [INFO] [PLUGINCHANNEL]  {"level":"error","source":"IdeSession","action":"PluginNotFound","detail":{"pluginName":""}}
[55864] [2026-01-09 19:20:52] [INFO] [PLUGINCHANNEL]  {"level":"system","source":"IdeSession","action":"HandleMessage","detail":{"actionName":"DIAGNOSTIC_SCAN"}}
[55864] [2026-01-09 19:20:52] [INFO] [PLUGINCHANNEL]  {"level":"error","source":"IdeSession","action":"PluginNotFound","detail":{"pluginName":""}}
[55864] [2026-01-09 19:20:55] [INFO] [PLUGINCHANNEL]  {"level":"system","source":"IdeSession","action":"HandleMessage","detail":{"actionName":"DIAGNOSTIC_SCAN"}}
[55864] [2026-01-09 19:20:55] [INFO] [PLUGINCHANNEL]  {"level":"error","source":"IdeSession","action":"PluginNotFound","detail":{"pluginName":""}}
[55864] [2026-01-09 19:21:16] [INFO] [PLUGINCHANNEL]  {"level":"system","source":"IdeSession","action":"HandleMessage","detail":{"actionName":"DIAGNOSTIC_SCAN"}}
[55864] [2026-01-09 19:21:16] [INFO] [PLUGINCHANNEL]  {"level":"error","source":"IdeSession","action":"PluginNotFound","detail":{"pluginName":""}}
[55864] [2026-01-09 19:21:20] [INFO] [PLUGINCHANNEL]  {"level":"system","source":"IdeSession","action":"HandleMessage","detail":{"actionName":"DIAGNOSTIC_SCAN"}}
[55864] [2026-01-09 19:21:20] [INFO] [PLUGINCHANNEL]  {"level":"error","source":"IdeSession","action":"PluginNotFound","detail":{"pluginName":""}}
[55864] [2026-01-09 19:21:22] [INFO] [PLUGINCHANNEL]  {"level":"system","source":"IdeSession","action":"HandleMessage","detail":{"actionName":"DIAGNOSTIC_SCAN"}}
[55864] [2026-01-09 19:21:22] [INFO] [PLUGINCHANNEL]  {"level":"error","source":"IdeSession","action":"PluginNotFound","detail":{"pluginName":""}}
[55864] [2026-01-09 19:21:24] [INFO] [PLUGINCHANNEL]  {"level":"warn","source":"IdeSession","action":"SessionTimeout","detail":{}}
[55864] [2026-01-09 19:21:25] [INFO] [PLUGINCHANNEL]  {"level":"system","source":"IdeSession","action":"HandleMessage","detail":{"actionName":"DIAGNOSTIC_SCAN"}}
[55864] [2026-01-09 19:21:25] [INFO] [PLUGINCHANNEL]  {"level":"error","source":"IdeSession","action":"PluginNotFound","detail":{"pluginName":""}}
[55864] [2026-01-09 19:21:28] [INFO] [PLUGINCHANNEL]  {"level":"warn","source":"IdeSession","action":"SessionTimeout","detail":{}}
[55864] [2026-01-09 19:21:31] [INFO] [PLUGINCHANNEL]  {"level":"warn","source":"IdeSession","action":"SessionTimeout","detail":{}}
[55864] [2026-01-09 19:21:34] [INFO] [PLUGINCHANNEL]  {"level":"system","source":"IdeSession","action":"HandleMessage","detail":{"actionName":"DIAGNOSTIC_SCAN"}}
[55864] [2026-01-09 19:21:34] [INFO] [PLUGINCHANNEL]  {"level":"error","source":"IdeSession","action":"PluginNotFound","detail":{"pluginName":""}}
[55864] [2026-01-09 19:21:41] [INFO] [PLUGINCHANNEL]  {"level":"system","source":"IdeSession","action":"HandleMessage","detail":{"actionName":"DIAGNOSTIC_SCAN"}}
[55864] [2026-01-09 19:21:41] [INFO] [PLUGINCHANNEL]  {"level":"error","source":"IdeSession","action":"PluginNotFound","detail":{"pluginName":""}}
[55864] [2026-01-09 19:21:44] [INFO] [PLUGINCHANNEL]  {"level":"system","source":"IdeSession","action":"HandleMessage","detail":{"actionName":"DIAGNOSTIC_SCAN"}}
[55864] [2026-01-09 19:21:44] [INFO] [PLUGINCHANNEL]  {"level":"error","source":"IdeSession","action":"PluginNotFound","detail":{"pluginName":""}}
[55864] [2026-01-09 19:21:46] [INFO] [PLUGINCHANNEL]  {"level":"system","source":"IdeSession","action":"HandleMessage","detail":{"actionName":"DIAGNOSTIC_SCAN"}}
[55864] [2026-01-09 19:21:46] [INFO] [PLUGINCHANNEL]  {"level":"error","source":"IdeSession","action":"PluginNotFound","detail":{"pluginName":""}}
[55864] [2026-01-09 19:21:48] [INFO] [PLUGINCHANNEL]  {"level":"system","source":"IdeSession","action":"HandleMessage","detail":{"actionName":"DIAGNOSTIC_SCAN"}}
[55864] [2026-01-09 19:21:48] [INFO] [PLUGINCHANNEL]  {"level":"error","source":"IdeSession","action":"PluginNotFound","detail":{"pluginName":""}}
[55864] [2026-01-09 19:21:56] [INFO] [PLUGINCHANNEL]  {"level":"system","source":"IdeSession","action":"HandleMessage","detail":{"actionName":"DIAGNOSTIC_SCAN"}}
[55864] [2026-01-09 19:21:56] [INFO] [PLUGINCHANNEL]  {"level":"error","source":"IdeSession","action":"PluginNotFound","detail":{"pluginName":""}}
[55864] [2026-01-09 19:21:56] [INFO] [PLUGINCHANNEL]  {"level":"system","source":"IdeSession","action":"HandleMessage","detail":{"actionName":"DIAGNOSTIC_SCAN"}}
[55864] [2026-01-09 19:21:56] [INFO] [PLUGINCHANNEL]  {"level":"error","source":"IdeSession","action":"PluginNotFound","detail":{"pluginName":""}}
[55864] [2026-01-09 19:21:57] [INFO] [PLUGINCHANNEL]  {"level":"system","source":"IdeSession","action":"HandleMessage","detail":{"actionName":"DIAGNOSTIC_SCAN"}}
[55864] [2026-01-09 19:21:57] [INFO] [PLUGINCHANNEL]  {"level":"error","source":"IdeSession","action":"PluginNotFound","detail":{"pluginName":""}}
[55864] [2026-01-09 19:22:14] [INFO] [PLUGINCHANNEL]  {"level":"system","source":"IdeSession","action":"HandleMessage","detail":{"actionName":"DIAGNOSTIC_SCAN"}}
[55864] [2026-01-09 19:22:14] [INFO] [PLUGINCHANNEL]  {"level":"error","source":"IdeSession","action":"PluginNotFound","detail":{"pluginName":""}}
[55864] [2026-01-09 19:22:42] [INFO] [PLUGINCHANNEL]  {"level":"system","source":"IdeSession","action":"HandleMessage","detail":{"actionName":"DIAGNOSTIC_SCAN"}}
[55864] [2026-01-09 19:22:42] [INFO] [PLUGINCHANNEL]  {"level":"error","source":"IdeSession","action":"PluginNotFound","detail":{"pluginName":""}}
[55864] [2026-01-09 19:22:50] [INFO] [PLUGINCHANNEL]  {"level":"system","source":"IdeSession","action":"HandleMessage","detail":{"actionName":"DIAGNOSTIC_SCAN"}}
[55864] [2026-01-09 19:22:50] [INFO] [PLUGINCHANNEL]  {"level":"error","source":"IdeSession","action":"PluginNotFound","detail":{"pluginName":""}}
[55864] [2026-01-09 19:23:06] [INFO] [PLUGINCHANNEL]  {"level":"warn","source":"IdeSession","action":"SessionTimeout","detail":{}}
[55864] [2026-01-09 19:23:07] [INFO] [PLUGINCHANNEL]  {"level":"warn","source":"IdeSession","action":"SessionTimeout","detail":{}}
[55864] [2026-01-09 19:23:12] [INFO] [PLUGINCHANNEL]  {"level":"system","source":"IdeSession","action":"HandleMessage","detail":{"actionName":"DIAGNOSTIC_SCAN"}}
[55864] [2026-01-09 19:23:12] [INFO] [PLUGINCHANNEL]  {"level":"error","source":"IdeSession","action":"PluginNotFound","detail":{"pluginName":""}}
[55864] [2026-01-09 19:23:16] [INFO] [PLUGINCHANNEL]  {"level":"warn","source":"IdeSession","action":"SessionTimeout","detail":{}}
[55864] [2026-01-09 19:23:25] [INFO] [PLUGINCHANNEL]  {"level":"warn","source":"IdeSession","action":"SessionTimeout","detail":{}}
[55864] [2026-01-09 19:24:01] [INFO] [PLUGINCHANNEL]  {"level":"system","source":"IdeSession","action":"HandleMessage","detail":{"actionName":"DIAGNOSTIC_SCAN"}}
[55864] [2026-01-09 19:24:01] [INFO] [PLUGINCHANNEL]  {"level":"error","source":"IdeSession","action":"PluginNotFound","detail":{"pluginName":""}}
[55864] [2026-01-09 19:24:05] [INFO] [PLUGINCHANNEL]  {"level":"warn","source":"IdeSession","action":"SessionTimeout","detail":{}}
[55864] [2026-01-09 19:24:20] [INFO] [PLUGINCHANNEL]  {"level":"warn","source":"IdeSession","action":"SessionTimeout","detail":{}}
[55864] [2026-01-09 19:24:28] [INFO] [PLUGINCHANNEL]  {"level":"warn","source":"IdeSession","action":"SessionTimeout","detail":{}}
[55864] [2026-01-09 19:24:41] [INFO] [PLUGINCHANNEL]  {"level":"warn","source":"IdeSession","action":"SessionTimeout","detail":{}}
[55864] [2026-01-09 19:24:42] [INFO] [PLUGINCHANNEL]  {"level":"system","source":"IdeSession","action":"HandleMessage","detail":{"actionName":"DIAGNOSTIC_SCAN"}}
[55864] [2026-01-09 19:24:42] [INFO] [PLUGINCHANNEL]  {"level":"error","source":"IdeSession","action":"PluginNotFound","detail":{"pluginName":""}}
[55864] [2026-01-09 19:24:54] [INFO] [PLUGINCHANNEL]  {"level":"warn","source":"IdeSession","action":"SessionTimeout","detail":{}}
[55864] [2026-01-09 19:25:04] [INFO] [PLUGINCHANNEL]  {"level":"warn","source":"IdeSession","action":"SessionTimeout","detail":{}}
[55864] [2026-01-09 19:25:14] [INFO] [PLUGINCHANNEL]  {"level":"system","source":"IdeSession","action":"HandleMessage","detail":{"actionName":"DIAGNOSTIC_SCAN"}}
[55864] [2026-01-09 19:25:14] [INFO] [PLUGINCHANNEL]  {"level":"error","source":"IdeSession","action":"PluginNotFound","detail":{"pluginName":""}}
[55864] [2026-01-09 19:25:29] [INFO] [PLUGINCHANNEL]  {"level":"warn","source":"IdeSession","action":"SessionTimeout","detail":{}}
[55864] [2026-01-09 19:25:40] [INFO] [PLUGINCHANNEL]  {"level":"warn","source":"IdeSession","action":"SessionTimeout","detail":{}}
[55864] [2026-01-09 19:25:42] [INFO] [PLUGINCHANNEL]  {"level":"warn","source":"IdeSession","action":"SessionTimeout","detail":{}}
[55864] [2026-01-09 19:25:50] [INFO] [PLUGINCHANNEL]  {"level":"warn","source":"IdeSession","action":"SessionTimeout","detail":{}}
[55864] [2026-01-09 19:25:52] [INFO] [PLUGINCHANNEL]  {"level":"warn","source":"IdeSession","action":"SessionTimeout","detail":{}}
[55864] [2026-01-09 19:25:55] [INFO] [PLUGINCHANNEL]  {"level":"warn","source":"IdeSession","action":"SessionTimeout","detail":{}}
[55864] [2026-01-09 19:26:16] [INFO] [PLUGINCHANNEL]  {"level":"warn","source":"IdeSession","action":"SessionTimeout","detail":{}}
[55864] [2026-01-09 19:26:20] [INFO] [PLUGINCHANNEL]  {"level":"warn","source":"IdeSession","action":"SessionTimeout","detail":{}}
[55864] [2026-01-09 19:26:22] [INFO] [PLUGINCHANNEL]  {"level":"warn","source":"IdeSession","action":"SessionTimeout","detail":{}}
[55864] [2026-01-09 19:26:25] [INFO] [PLUGINCHANNEL]  {"level":"warn","source":"IdeSession","action":"SessionTimeout","detail":{}}
[55864] [2026-01-09 19:26:34] [INFO] [PLUGINCHANNEL]  {"level":"warn","source":"IdeSession","action":"SessionTimeout","detail":{}}
[55864] [2026-01-09 19:26:41] [INFO] [PLUGINCHANNEL]  {"level":"warn","source":"IdeSession","action":"SessionTimeout","detail":{}}
[55864] [2026-01-09 19:26:44] [INFO] [PLUGINCHANNEL]  {"level":"warn","source":"IdeSession","action":"SessionTimeout","detail":{}}
[55864] [2026-01-09 19:26:46] [INFO] [PLUGINCHANNEL]  {"level":"warn","source":"IdeSession","action":"SessionTimeout","detail":{}}
[55864] [2026-01-09 19:26:48] [INFO] [PLUGINCHANNEL]  {"level":"warn","source":"IdeSession","action":"SessionTimeout","detail":{}}
[55864] [2026-01-09 19:26:56] [INFO] [PLUGINCHANNEL]  {"level":"warn","source":"IdeSession","action":"SessionTimeout","detail":{}}
[55864] [2026-01-09 19:26:56] [INFO] [PLUGINCHANNEL]  {"level":"warn","source":"IdeSession","action":"SessionTimeout","detail":{}}
[55864] [2026-01-09 19:26:57] [INFO] [PLUGINCHANNEL]  {"level":"warn","source":"IdeSession","action":"SessionTimeout","detail":{}}
[55864] [2026-01-09 19:27:14] [INFO] [PLUGINCHANNEL]  {"level":"warn","source":"IdeSession","action":"SessionTimeout","detail":{}}
[55864] [2026-01-09 19:27:29] [INFO] [PLUGINCHANNEL]  {"level":"system","source":"IdeSession","action":"HandleMessage","detail":{"actionName":"DIAGNOSTIC_SCAN"}}
[55864] [2026-01-09 19:27:29] [INFO] [PLUGINCHANNEL]  {"level":"error","source":"IdeSession","action":"PluginNotFound","detail":{"pluginName":""}}
[55864] [2026-01-09 19:27:38] [INFO] [PLUGINCHANNEL]  {"level":"system","source":"IdeSession","action":"HandleMessage","detail":{"actionName":"DIAGNOSTIC_SCAN"}}
[55864] [2026-01-09 19:27:38] [INFO] [PLUGINCHANNEL]  {"level":"error","source":"IdeSession","action":"PluginNotFound","detail":{"pluginName":""}}
[55864] [2026-01-09 19:27:39] [INFO] [PLUGINCHANNEL]  {"level":"system","source":"IdeSession","action":"HandleMessage","detail":{"actionName":"DIAGNOSTIC_SCAN"}}
[55864] [2026-01-09 19:27:39] [INFO] [PLUGINCHANNEL]  {"level":"error","source":"IdeSession","action":"PluginNotFound","detail":{"pluginName":""}}
[55864] [2026-01-09 19:27:42] [INFO] [PLUGINCHANNEL]  {"level":"warn","source":"IdeSession","action":"SessionTimeout","detail":{}}
[55864] [2026-01-09 19:27:42] [INFO] [PLUGINCHANNEL]  {"level":"system","source":"IdeSession","action":"HandleMessage","detail":{"actionName":"DIAGNOSTIC_SCAN"}}
[55864] [2026-01-09 19:27:42] [INFO] [PLUGINCHANNEL]  {"level":"error","source":"IdeSession","action":"PluginNotFound","detail":{"pluginName":""}}
[55864] [2026-01-09 19:27:45] [INFO] [PLUGINCHANNEL]  {"level":"system","source":"IdeSession","action":"HandleMessage","detail":{"actionName":"DIAGNOSTIC_SCAN"}}
[55864] [2026-01-09 19:27:45] [INFO] [PLUGINCHANNEL]  {"level":"error","source":"IdeSession","action":"PluginNotFound","detail":{"pluginName":""}}
[55864] [2026-01-09 19:27:45] [INFO] [PLUGINCHANNEL]  {"level":"system","source":"IdeSession","action":"HandleMessage","detail":{"actionName":"DIAGNOSTIC_SCAN"}}
[55864] [2026-01-09 19:27:45] [INFO] [PLUGINCHANNEL]  {"level":"error","source":"IdeSession","action":"PluginNotFound","detail":{"pluginName":""}}
[55864] [2026-01-09 19:27:46] [INFO] [PLUGINCHANNEL]  {"level":"system","source":"IdeSession","action":"HandleMessage","detail":{"actionName":"DIAGNOSTIC_SCAN"}}
[55864] [2026-01-09 19:27:46] [INFO] [PLUGINCHANNEL]  {"level":"error","source":"IdeSession","action":"PluginNotFound","detail":{"pluginName":""}}
[55864] [2026-01-09 19:27:47] [INFO] [PLUGINCHANNEL]  {"level":"system","source":"IdeSession","action":"HandleMessage","detail":{"actionName":"DIAGNOSTIC_SCAN"}}
[55864] [2026-01-09 19:27:47] [INFO] [PLUGINCHANNEL]  {"level":"error","source":"IdeSession","action":"PluginNotFound","detail":{"pluginName":""}}
[55864] [2026-01-09 19:27:47] [INFO] [PLUGINCHANNEL]  {"level":"system","source":"IdeSession","action":"HandleMessage","detail":{"actionName":"DIAGNOSTIC_SCAN"}}
[55864] [2026-01-09 19:27:47] [INFO] [PLUGINCHANNEL]  {"level":"error","source":"IdeSession","action":"PluginNotFound","detail":{"pluginName":""}}
[55864] [2026-01-09 19:27:49] [INFO] [PLUGINCHANNEL]  {"level":"system","source":"IdeSession","action":"HandleMessage","detail":{"actionName":"DIAGNOSTIC_SCAN"}}
[55864] [2026-01-09 19:27:49] [INFO] [PLUGINCHANNEL]  {"level":"error","source":"IdeSession","action":"PluginNotFound","detail":{"pluginName":""}}
[55864] [2026-01-09 19:27:50] [INFO] [PLUGINCHANNEL]  {"level":"system","source":"IdeSession","action":"HandleMessage","detail":{"actionName":"DIAGNOSTIC_SCAN"}}
[55864] [2026-01-09 19:27:50] [INFO] [PLUGINCHANNEL]  {"level":"error","source":"IdeSession","action":"PluginNotFound","detail":{"pluginName":""}}
[55864] [2026-01-09 19:27:50] [INFO] [PLUGINCHANNEL]  {"level":"warn","source":"IdeSession","action":"SessionTimeout","detail":{}}
[55864] [2026-01-09 19:27:53] [INFO] [PLUGINCHANNEL]  {"level":"system","source":"IdeSession","action":"HandleMessage","detail":{"actionName":"DIAGNOSTIC_SCAN"}}
[55864] [2026-01-09 19:27:53] [INFO] [PLUGINCHANNEL]  {"level":"error","source":"IdeSession","action":"PluginNotFound","detail":{"pluginName":""}}
[55864] [2026-01-09 19:27:55] [INFO] [PLUGINCHANNEL]  {"level":"system","source":"IdeSession","action":"HandleMessage","detail":{"actionName":"DIAGNOSTIC_SCAN"}}
[55864] [2026-01-09 19:27:55] [INFO] [PLUGINCHANNEL]  {"level":"error","source":"IdeSession","action":"PluginNotFound","detail":{"pluginName":""}}
[55864] [2026-01-09 19:27:57] [INFO] [PLUGINCHANNEL]  {"level":"system","source":"IdeSession","action":"HandleMessage","detail":{"actionName":"DIAGNOSTIC_SCAN"}}
[55864] [2026-01-09 19:27:57] [INFO] [PLUGINCHANNEL]  {"level":"error","source":"IdeSession","action":"PluginNotFound","detail":{"pluginName":""}}
[55864] [2026-01-09 19:27:59] [INFO] [PLUGINCHANNEL]  {"level":"system","source":"IdeSession","action":"HandleMessage","detail":{"actionName":"DIAGNOSTIC_SCAN"}}
[55864] [2026-01-09 19:27:59] [INFO] [PLUGINCHANNEL]  {"level":"error","source":"IdeSession","action":"PluginNotFound","detail":{"pluginName":""}}
[55864] [2026-01-09 19:28:00] [INFO] [PLUGINCHANNEL]  {"level":"system","source":"IdeSession","action":"HandleMessage","detail":{"actionName":"DIAGNOSTIC_SCAN"}}
[55864] [2026-01-09 19:28:00] [INFO] [PLUGINCHANNEL]  {"level":"error","source":"IdeSession","action":"PluginNotFound","detail":{"pluginName":""}}
[55864] [2026-01-09 19:28:01] [INFO] [PLUGINCHANNEL]  {"level":"system","source":"IdeSession","action":"HandleMessage","detail":{"actionName":"DIAGNOSTIC_SCAN"}}
[55864] [2026-01-09 19:28:01] [INFO] [PLUGINCHANNEL]  {"level":"error","source":"IdeSession","action":"PluginNotFound","detail":{"pluginName":""}}
[55864] [2026-01-09 19:28:01] [INFO] [PLUGINCHANNEL]  {"level":"system","source":"IdeSession","action":"HandleMessage","detail":{"actionName":"DIAGNOSTIC_SCAN"}}
[55864] [2026-01-09 19:28:01] [INFO] [PLUGINCHANNEL]  {"level":"error","source":"IdeSession","action":"PluginNotFound","detail":{"pluginName":""}}
[55864] [2026-01-09 19:28:02] [INFO] [PLUGINCHANNEL]  {"level":"system","source":"IdeSession","action":"HandleMessage","detail":{"actionName":"DIAGNOSTIC_SCAN"}}
[55864] [2026-01-09 19:28:02] [INFO] [PLUGINCHANNEL]  {"level":"error","source":"IdeSession","action":"PluginNotFound","detail":{"pluginName":""}}
[55864] [2026-01-09 19:28:02] [INFO] [PLUGINCHANNEL]  {"level":"system","source":"IdeSession","action":"HandleMessage","detail":{"actionName":"DIAGNOSTIC_SCAN"}}
[55864] [2026-01-09 19:28:02] [INFO] [PLUGINCHANNEL]  {"level":"error","source":"IdeSession","action":"PluginNotFound","detail":{"pluginName":""}}
[55864] [2026-01-09 19:28:03] [INFO] [PLUGINCHANNEL]  {"level":"system","source":"IdeSession","action":"HandleMessage","detail":{"actionName":"DIAGNOSTIC_SCAN"}}
[55864] [2026-01-09 19:28:03] [INFO] [PLUGINCHANNEL]  {"level":"error","source":"IdeSession","action":"PluginNotFound","detail":{"pluginName":""}}
[55864] [2026-01-09 19:28:12] [INFO] [PLUGINCHANNEL]  {"level":"warn","source":"IdeSession","action":"SessionTimeout","detail":{}}
[55864] [2026-01-09 19:29:01] [INFO] [PLUGINCHANNEL]  {"level":"warn","source":"IdeSession","action":"SessionTimeout","detail":{}}
[55864] [2026-01-09 19:29:42] [INFO] [PLUGINCHANNEL]  {"level":"warn","source":"IdeSession","action":"SessionTimeout","detail":{}}
[55864] [2026-01-09 19:30:14] [INFO] [PLUGINCHANNEL]  {"level":"warn","source":"IdeSession","action":"SessionTimeout","detail":{}}
[55864] [2026-01-09 19:32:29] [INFO] [PLUGINCHANNEL]  {"level":"warn","source":"IdeSession","action":"SessionTimeout","detail":{}}
[55864] [2026-01-09 19:32:38] [INFO] [PLUGINCHANNEL]  {"level":"warn","source":"IdeSession","action":"SessionTimeout","detail":{}}
[55864] [2026-01-09 19:32:39] [INFO] [PLUGINCHANNEL]  {"level":"warn","source":"IdeSession","action":"SessionTimeout","detail":{}}
[55864] [2026-01-09 19:32:42] [INFO] [PLUGINCHANNEL]  {"level":"warn","source":"IdeSession","action":"SessionTimeout","detail":{}}
[55864] [2026-01-09 19:32:45] [INFO] [PLUGINCHANNEL]  {"level":"warn","source":"IdeSession","action":"SessionTimeout","detail":{}}
[55864] [2026-01-09 19:32:45] [INFO] [PLUGINCHANNEL]  {"level":"warn","source":"IdeSession","action":"SessionTimeout","detail":{}}
[55864] [2026-01-09 19:32:46] [INFO] [PLUGINCHANNEL]  {"level":"warn","source":"IdeSession","action":"SessionTimeout","detail":{}}
[55864] [2026-01-09 19:32:47] [INFO] [PLUGINCHANNEL]  {"level":"warn","source":"IdeSession","action":"SessionTimeout","detail":{}}
[55864] [2026-01-09 19:32:47] [INFO] [PLUGINCHANNEL]  {"level":"warn","source":"IdeSession","action":"SessionTimeout","detail":{}}
[55864] [2026-01-09 19:32:49] [INFO] [PLUGINCHANNEL]  {"level":"warn","source":"IdeSession","action":"SessionTimeout","detail":{}}
[55864] [2026-01-09 19:32:50] [INFO] [PLUGINCHANNEL]  {"level":"warn","source":"IdeSession","action":"SessionTimeout","detail":{}}
[55864] [2026-01-09 19:32:53] [INFO] [PLUGINCHANNEL]  {"level":"warn","source":"IdeSession","action":"SessionTimeout","detail":{}}
[55864] [2026-01-09 19:32:55] [INFO] [PLUGINCHANNEL]  {"level":"warn","source":"IdeSession","action":"SessionTimeout","detail":{}}
[55864] [2026-01-09 19:32:57] [INFO] [PLUGINCHANNEL]  {"level":"warn","source":"IdeSession","action":"SessionTimeout","detail":{}}
[55864] [2026-01-09 19:32:59] [INFO] [PLUGINCHANNEL]  {"level":"warn","source":"IdeSession","action":"SessionTimeout","detail":{}}
[55864] [2026-01-09 19:33:00] [INFO] [PLUGINCHANNEL]  {"level":"warn","source":"IdeSession","action":"SessionTimeout","detail":{}}
[55864] [2026-01-09 19:33:01] [INFO] [PLUGINCHANNEL]  {"level":"warn","source":"IdeSession","action":"SessionTimeout","detail":{}}
[55864] [2026-01-09 19:33:01] [INFO] [PLUGINCHANNEL]  {"level":"warn","source":"IdeSession","action":"SessionTimeout","detail":{}}
[55864] [2026-01-09 19:33:02] [INFO] [PLUGINCHANNEL]  {"level":"warn","source":"IdeSession","action":"SessionTimeout","detail":{}}
[55864] [2026-01-09 19:33:02] [INFO] [PLUGINCHANNEL]  {"level":"warn","source":"IdeSession","action":"SessionTimeout","detail":{}}
[55864] [2026-01-09 19:33:03] [INFO] [PLUGINCHANNEL]  {"level":"warn","source":"IdeSession","action":"SessionTimeout","detail":{}}
[55864] [2026-01-09 19:35:11] [INFO] [PLUGINCHANNEL]  {"level":"system","source":"IdeSession","action":"HandleMessage","detail":{"actionName":"DIAGNOSTIC_SCAN"}}
[55864] [2026-01-09 19:35:11] [INFO] [PLUGINCHANNEL]  {"level":"error","source":"IdeSession","action":"PluginNotFound","detail":{"pluginName":""}}
[55864] [2026-01-09 19:35:12] [INFO] [PLUGINCHANNEL]  {"level":"system","source":"IdeSession","action":"HandleMessage","detail":{"actionName":"DIAGNOSTIC_SCAN"}}
[55864] [2026-01-09 19:35:12] [INFO] [PLUGINCHANNEL]  {"level":"error","source":"IdeSession","action":"PluginNotFound","detail":{"pluginName":""}}
[55864] [2026-01-09 19:35:12] [INFO] [PLUGINCHANNEL]  {"level":"system","source":"IdeSession","action":"HandleMessage","detail":{"actionName":"DIAGNOSTIC_SCAN"}}
[55864] [2026-01-09 19:35:12] [INFO] [PLUGINCHANNEL]  {"level":"error","source":"IdeSession","action":"PluginNotFound","detail":{"pluginName":""}}
[55864] [2026-01-09 19:35:13] [INFO] [PLUGINCHANNEL]  {"level":"system","source":"IdeSession","action":"HandleMessage","detail":{"actionName":"DIAGNOSTIC_SCAN"}}
[55864] [2026-01-09 19:35:13] [INFO] [PLUGINCHANNEL]  {"level":"error","source":"IdeSession","action":"PluginNotFound","detail":{"pluginName":""}}
[55864] [2026-01-09 19:35:15] [INFO] [PLUGINCHANNEL]  {"level":"system","source":"IdeSession","action":"HandleMessage","detail":{"actionName":"DIAGNOSTIC_SCAN"}}
[55864] [2026-01-09 19:35:15] [INFO] [PLUGINCHANNEL]  {"level":"error","source":"IdeSession","action":"PluginNotFound","detail":{"pluginName":""}}
[55864] [2026-01-09 19:35:15] [INFO] [PLUGINCHANNEL]  {"level":"system","source":"IdeSession","action":"HandleMessage","detail":{"actionName":"DIAGNOSTIC_SCAN"}}
[55864] [2026-01-09 19:35:16] [INFO] [PLUGINCHANNEL]  {"level":"error","source":"IdeSession","action":"PluginNotFound","detail":{"pluginName":""}}
[55864] [2026-01-09 19:35:32] [INFO] [PLUGINCHANNEL]  {"level":"system","source":"IdeSession","action":"HandleMessage","detail":{"actionName":"DIAGNOSTIC_SCAN"}}
[55864] [2026-01-09 19:35:32] [INFO] [PLUGINCHANNEL]  {"level":"error","source":"IdeSession","action":"PluginNotFound","detail":{"pluginName":""}}
[55864] [2026-01-09 19:35:58] [INFO] [PLUGINCHANNEL]  {"level":"system","source":"IdeSession","action":"HandleMessage","detail":{"actionName":"DIAGNOSTIC_SCAN"}}
[55864] [2026-01-09 19:35:58] [INFO] [PLUGINCHANNEL]  {"level":"error","source":"IdeSession","action":"PluginNotFound","detail":{"pluginName":""}}
[55864] [2026-01-09 19:36:21] [INFO] [PLUGINCHANNEL]  {"level":"system","source":"IdeSession","action":"HandleMessage","detail":{"actionName":"DIAGNOSTIC_SCAN"}}
[55864] [2026-01-09 19:36:21] [INFO] [PLUGINCHANNEL]  {"level":"error","source":"IdeSession","action":"PluginNotFound","detail":{"pluginName":""}}
[55864] [2026-01-09 19:36:22] [INFO] [PLUGINCHANNEL]  {"level":"system","source":"IdeSession","action":"HandleMessage","detail":{"actionName":"DIAGNOSTIC_SCAN"}}
[55864] [2026-01-09 19:36:22] [INFO] [PLUGINCHANNEL]  {"level":"error","source":"IdeSession","action":"PluginNotFound","detail":{"pluginName":""}}
[55864] [2026-01-09 19:36:25] [INFO] [PLUGINCHANNEL]  {"level":"system","source":"IdeSession","action":"HandleMessage","detail":{"actionName":"DIAGNOSTIC_SCAN"}}
[55864] [2026-01-09 19:36:25] [INFO] [PLUGINCHANNEL]  {"level":"error","source":"IdeSession","action":"PluginNotFound","detail":{"pluginName":""}}
[55864] [2026-01-09 19:36:26] [INFO] [PLUGINCHANNEL]  {"level":"system","source":"IdeSession","action":"HandleMessage","detail":{"actionName":"DIAGNOSTIC_SCAN"}}
[55864] [2026-01-09 19:36:26] [INFO] [PLUGINCHANNEL]  {"level":"error","source":"IdeSession","action":"PluginNotFound","detail":{"pluginName":""}}
[55864] [2026-01-09 19:36:29] [INFO] [PLUGINCHANNEL]  {"level":"system","source":"IdeSession","action":"HandleMessage","detail":{"actionName":"DIAGNOSTIC_SCAN"}}
[55864] [2026-01-09 19:36:29] [INFO] [PLUGINCHANNEL]  {"level":"error","source":"IdeSession","action":"PluginNotFound","detail":{"pluginName":""}}
[55864] [2026-01-09 19:36:58] [INFO] [PLUGINCHANNEL]  {"level":"system","source":"IdeSession","action":"HandleMessage","detail":{"actionName":"DIAGNOSTIC_SCAN"}}
[55864] [2026-01-09 19:36:58] [INFO] [PLUGINCHANNEL]  {"level":"error","source":"IdeSession","action":"PluginNotFound","detail":{"pluginName":""}}
[55864] [2026-01-09 19:36:59] [INFO] [PLUGINCHANNEL]  {"level":"system","source":"IdeSession","action":"HandleMessage","detail":{"actionName":"DIAGNOSTIC_SCAN"}}
[55864] [2026-01-09 19:36:59] [INFO] [PLUGINCHANNEL]  {"level":"error","source":"IdeSession","action":"PluginNotFound","detail":{"pluginName":""}}
[55864] [2026-01-09 19:40:11] [INFO] [PLUGINCHANNEL]  {"level":"warn","source":"IdeSession","action":"SessionTimeout","detail":{}}
[55864] [2026-01-09 19:40:12] [INFO] [PLUGINCHANNEL]  {"level":"warn","source":"IdeSession","action":"SessionTimeout","detail":{}}
[55864] [2026-01-09 19:40:12] [INFO] [PLUGINCHANNEL]  {"level":"warn","source":"IdeSession","action":"SessionTimeout","detail":{}}
[55864] [2026-01-09 19:40:13] [INFO] [PLUGINCHANNEL]  {"level":"warn","source":"IdeSession","action":"SessionTimeout","detail":{}}
[55864] [2026-01-09 19:40:15] [INFO] [PLUGINCHANNEL]  {"level":"warn","source":"IdeSession","action":"SessionTimeout","detail":{}}
[55864] [2026-01-09 19:40:15] [INFO] [PLUGINCHANNEL]  {"level":"warn","source":"IdeSession","action":"SessionTimeout","detail":{}}
[55864] [2026-01-09 19:40:32] [INFO] [PLUGINCHANNEL]  {"level":"warn","source":"IdeSession","action":"SessionTimeout","detail":{}}
[55864] [2026-01-09 19:40:58] [INFO] [PLUGINCHANNEL]  {"level":"warn","source":"IdeSession","action":"SessionTimeout","detail":{}}
[55864] [2026-01-09 19:41:21] [INFO] [PLUGINCHANNEL]  {"level":"warn","source":"IdeSession","action":"SessionTimeout","detail":{}}
[55864] [2026-01-09 19:41:22] [INFO] [PLUGINCHANNEL]  {"level":"warn","source":"IdeSession","action":"SessionTimeout","detail":{}}
[55864] [2026-01-09 19:41:25] [INFO] [PLUGINCHANNEL]  {"level":"warn","source":"IdeSession","action":"SessionTimeout","detail":{}}
[55864] [2026-01-09 19:41:26] [INFO] [PLUGINCHANNEL]  {"level":"warn","source":"IdeSession","action":"SessionTimeout","detail":{}}
[55864] [2026-01-09 19:41:29] [INFO] [PLUGINCHANNEL]  {"level":"warn","source":"IdeSession","action":"SessionTimeout","detail":{}}
[55864] [2026-01-09 19:41:58] [INFO] [PLUGINCHANNEL]  {"level":"warn","source":"IdeSession","action":"SessionTimeout","detail":{}}
[55864] [2026-01-09 19:41:59] [INFO] [PLUGINCHANNEL]  {"level":"warn","source":"IdeSession","action":"SessionTimeout","detail":{}}
[55864] [2026-01-09 19:42:06] [INFO] [PLUGINCHANNEL]  {"level":"system","source":"IdeSession","action":"HandleMessage","detail":{"actionName":"DIAGNOSTIC_SCAN"}}
[55864] [2026-01-09 19:42:06] [INFO] [PLUGINCHANNEL]  {"level":"error","source":"IdeSession","action":"PluginNotFound","detail":{"pluginName":""}}
[55864] [2026-01-09 19:42:17] [INFO] [PLUGINCHANNEL]  {"level":"system","source":"IdeSession","action":"HandleMessage","detail":{"actionName":"DIAGNOSTIC_SCAN"}}
[55864] [2026-01-09 19:42:17] [INFO] [PLUGINCHANNEL]  {"level":"error","source":"IdeSession","action":"PluginNotFound","detail":{"pluginName":""}}
[55864] [2026-01-09 19:42:36] [INFO] [PLUGINCHANNEL]  {"level":"system","source":"IdeSession","action":"HandleMessage","detail":{"actionName":"DIAGNOSTIC_SCAN"}}
[55864] [2026-01-09 19:42:36] [INFO] [PLUGINCHANNEL]  {"level":"error","source":"IdeSession","action":"PluginNotFound","detail":{"pluginName":""}}
[55864] [2026-01-09 19:43:17] [INFO] [PLUGINCHANNEL]  {"level":"system","source":"IdeSession","action":"HandleMessage","detail":{"actionName":"DIAGNOSTIC_SCAN"}}
[55864] [2026-01-09 19:43:17] [INFO] [PLUGINCHANNEL]  {"level":"error","source":"IdeSession","action":"PluginNotFound","detail":{"pluginName":""}}
[55864] [2026-01-09 19:43:39] [INFO] [PLUGINCHANNEL]  {"level":"system","source":"IdeSession","action":"HandleMessage","detail":{"actionName":"DIAGNOSTIC_SCAN"}}
[55864] [2026-01-09 19:43:39] [INFO] [PLUGINCHANNEL]  {"level":"error","source":"IdeSession","action":"PluginNotFound","detail":{"pluginName":""}}
[55864] [2026-01-09 19:43:40] [INFO] [PLUGINCHANNEL]  {"level":"system","source":"IdeSession","action":"HandleMessage","detail":{"actionName":"DIAGNOSTIC_SCAN"}}
[55864] [2026-01-09 19:43:40] [INFO] [PLUGINCHANNEL]  {"level":"error","source":"IdeSession","action":"PluginNotFound","detail":{"pluginName":""}}
[55864] [2026-01-09 19:43:41] [INFO] [PLUGINCHANNEL]  {"level":"system","source":"IdeSession","action":"HandleMessage","detail":{"actionName":"DIAGNOSTIC_SCAN"}}
[55864] [2026-01-09 19:43:41] [INFO] [PLUGINCHANNEL]  {"level":"error","source":"IdeSession","action":"PluginNotFound","detail":{"pluginName":""}}
[55864] [2026-01-09 19:43:46] [INFO] [PLUGINCHANNEL]  {"level":"system","source":"IdeSession","action":"HandleMessage","detail":{"actionName":"DIAGNOSTIC_SCAN"}}
[55864] [2026-01-09 19:43:46] [INFO] [PLUGINCHANNEL]  {"level":"error","source":"IdeSession","action":"PluginNotFound","detail":{"pluginName":""}}
[55864] [2026-01-09 19:43:51] [INFO] [PLUGINCHANNEL]  {"level":"system","source":"IdeSession","action":"HandleMessage","detail":{"actionName":"DIAGNOSTIC_SCAN"}}
[55864] [2026-01-09 19:43:51] [INFO] [PLUGINCHANNEL]  {"level":"error","source":"IdeSession","action":"PluginNotFound","detail":{"pluginName":""}}
[55864] [2026-01-09 19:43:54] [INFO] [PLUGINCHANNEL]  {"level":"system","source":"IdeSession","action":"HandleMessage","detail":{"actionName":"DIAGNOSTIC_SCAN"}}
[55864] [2026-01-09 19:43:54] [INFO] [PLUGINCHANNEL]  {"level":"error","source":"IdeSession","action":"PluginNotFound","detail":{"pluginName":""}}
[55864] [2026-01-09 19:43:54] [INFO] [PLUGINCHANNEL]  {"level":"system","source":"IdeSession","action":"HandleMessage","detail":{"actionName":"DIAGNOSTIC_SCAN"}}
[55864] [2026-01-09 19:43:54] [INFO] [PLUGINCHANNEL]  {"level":"error","source":"IdeSession","action":"PluginNotFound","detail":{"pluginName":""}}
[55864] [2026-01-09 19:43:56] [INFO] [PLUGINCHANNEL]  {"level":"system","source":"IdeSession","action":"HandleMessage","detail":{"actionName":"DIAGNOSTIC_SCAN"}}
[55864] [2026-01-09 19:43:56] [INFO] [PLUGINCHANNEL]  {"level":"error","source":"IdeSession","action":"PluginNotFound","detail":{"pluginName":""}}
[55864] [2026-01-09 19:44:03] [INFO] [PLUGINCHANNEL]  {"level":"system","source":"IdeSession","action":"HandleMessage","detail":{"actionName":"DIAGNOSTIC_SCAN"}}
[55864] [2026-01-09 19:44:03] [INFO] [PLUGINCHANNEL]  {"level":"error","source":"IdeSession","action":"PluginNotFound","detail":{"pluginName":""}}
[55864] [2026-01-09 19:44:16] [INFO] [PLUGINCHANNEL]  {"level":"system","source":"IdeSession","action":"HandleMessage","detail":{"actionName":"DIAGNOSTIC_SCAN"}}
[55864] [2026-01-09 19:44:16] [INFO] [PLUGINCHANNEL]  {"level":"error","source":"IdeSession","action":"PluginNotFound","detail":{"pluginName":""}}
[55864] [2026-01-09 19:47:06] [INFO] [PLUGINCHANNEL]  {"level":"warn","source":"IdeSession","action":"SessionTimeout","detail":{}}
[55864] [2026-01-09 19:47:17] [INFO] [PLUGINCHANNEL]  {"level":"warn","source":"IdeSession","action":"SessionTimeout","detail":{}}
[55864] [2026-01-09 19:47:36] [INFO] [PLUGINCHANNEL]  {"level":"warn","source":"IdeSession","action":"SessionTimeout","detail":{}}
[55864] [2026-01-09 19:48:17] [INFO] [PLUGINCHANNEL]  {"level":"warn","source":"IdeSession","action":"SessionTimeout","detail":{}}
[55864] [2026-01-09 19:48:29] [INFO] [CONVERSATIONMANAGER]  setForegroundConversation 20fec48e-734a-4cda-b6a7-4b56823ff21d
[55864] [2026-01-09 19:48:29] [VERBOSE] [VIRTUALEDITOR]  VirtualEditor.getActiveDocument, args: 
[55864] [2026-01-09 19:48:29] [INFO] [ENGINE]  <--------- ENGINE SEND: VIRTUAL_EDITOR_EVENT {"action":"getActiveDocument","payload":{"uuid":"df43101e-039d-4ce3-a16c-409db988006d"}}
[55864] [2026-01-09 19:48:29] [INFO] [CONVERSATIONMANAGER]  [Performance] agent-start-analyze take 23.04354190826416 ms
[55864] [2026-01-09 19:48:29] [INFO] [CONVERSATIONMANAGER]  E2EBot start new roundtrip
[55864] [2026-01-09 19:48:29] [VERBOSE] [VIRTUALEDITOR]  VirtualEditor.getActiveDocument, args: 
[55864] [2026-01-09 19:48:29] [INFO] [ENGINE]  <--------- ENGINE SEND: VIRTUAL_EDITOR_EVENT {"action":"getActiveDocument","payload":{"uuid":"75aca94f-b8f2-48b9-a039-7c37639b3c80"}}
[55864] [2026-01-09 19:48:29] [INFO] [ENGINE]  ---------> ENGINE REC: COMATE_AGENT_SET_FOREGROUND_CONVERSATION {"data":"{\"agentPayload\":{\"conversationId\":\"20fec48e-734a-4cda-b6a7-4b56823ff21d\"}}"}
[55864] [2026-01-09 19:48:29] [INFO] [CONVERSATIONMANAGER]  setForegroundConversation 20fec48e-734a-4cda-b6a7-4b56823ff21d
[55864] [2026-01-09 19:48:29] [INFO] [ENGINE]  ---------> ENGINE REC: VIRTUAL_EDITOR_EVENT {"uuid":"df43101e-039d-4ce3-a16c-409db988006d","existed":true,"absolutePath":"/Users/xiaoliu/baidu/bpit-proc-apps/pmc/pmc-basic-bankcommon/src/main/java/com/baidu/pmc/bankcommon/core/service/bcm/impl/BankBcmServiceImpl.java","content":"package com.baidu.pmc.bankcommon.core.service.bcm.impl;\n\nimport com.alibaba.fastjson.JSON;\nimport com.baidu.pmc.bankcommon.core.constants.Constants;\nimport com.baidu.pmc.bankcommon.core.dto.ResponseBodyDTO;\nimport com.baidu.pmc.bankcommon.core.dto.ResponseHeaderDTO;\nimport com.baidu.pmc.bankcommon.core.service.AccountService;\nimport com.baidu.pmc.bankcommon.core.service.BankCommonPayInstructInterService;\nimport com.baidu.pmc.bankcommon.core.service.BankStrategyClient;\nimport com.baidu.pmc.bankcommon.core.service.BankcommonPayInstructService;\nimport com.baidu.pmc.bankcommon.core.service.BankcommonService;\nimport com.baidu.pmc.bankcommon.core.service.MachineService;\nimport com.baidu.pmc.bankcommon.core.service.PayChecksHisService;\nimport com.baidu.pmc.bankcommon.core.service.PayChecksService;\nimport com.baidu.pmc.bankcommon.core.service.PayChecksWriteBackService;\nimport com.baidu.pmc.bankcommon.core.service.PmcPayCommonBankColSetService;\nimport com.baidu.pmc.bankcommon.core.service.bcm.BankBcmService;\nimport com.baidu.pmc.bankcommon.core.service.impl.OperateByJDBC;\nimport com.baidu.pmc.bankcommon.core.service.impl.SendMailService;\nimport com.baidu.pmc.bankcommon.core.utils.DateTool;\nimport com.baidu.pmc.bankcommon.core.utils.MessageBuilder;\nimport com.baidu.pmc.bankcommon.core.utils.ResponseXmlParser;\nimport com.baidu.pmc.bankcommon.core.utils.WkContextHolder;\nimport com.baidu.pmc.bankcommon.persistence.dao.PmcPayCommonBankColSetMapper;\nimport com.baidu.pmc.bankcommon.persistence.dao.PmcPayCommonBankSetMapper;\nimport com.baidu.pmc.bankcommon.persistence.dao.PmcPayCommonTransFlexSetMapper;\nimport com.baidu.pmc.bankcommon.persistence.domain.PmcPayCommonBankColSet;\nimport com.baidu.pmc.common.utils.DateUtils;\nimport com.baidu.pmc.common.utils.StringUtils;\nimport com.baidu.pmc.pojo.dto.cmb.TransInfo;\nimport com.baidu.pmc.pojo.model.PmcAccount;\nimport com.baidu.pmc.pojo.model.PmcPayCommonBankSet;\nimport com.baidu.pmc.pojo.model.cmb.PayQO;\nimport lombok.extern.slf4j.Slf4j;\nimport org.apache.commons.collections.CollectionUtils;\nimport org.springframework.beans.factory.annotation.Autowired;\nimport org.springframework.stereotype.Service;\nimport tk.mybatis.mapper.entity.Example;\n\nimport java.util.ArrayList;\nimport java.util.HashMap;\nimport java.util.List;\nimport java.util.Map;\nimport java.util.Objects;\n\nimport static com.baidu.pmc.pojo.constants.Constants.PmcLookupInfoCode.BD_COMPANY;\nimport static com.baidu.pmc.pojo.constants.Constants.PmcLookupInfoCode.CURRENCY;\n\n@Slf4j\n@Service\npublic class BankBcmServiceImpl implements BankBcmService {\n    /**\n     * 10 毫秒重试\n     */\n    private static final long REDIS_LOCK_TIMEOUT = 10;\n    /**\n     * 10 分钟超时\n     */\n    private static final int REDIS_LOCK_EXPIRE = 10 * 60;\n\n\n    @Autowired\n    private AccountService accountService;\n\n    @Autowired\n    private SendMailService mailService;\n    @Autowired\n    private MachineService machineService;\n    @Autowired\n    private BankcommonPayInstructService bankcommonPayInstructService;\n    //  @Autowired\n    //    private BankcommonPayInstructMapper bankcommonPayInstructMapper;\n    @Autowired\n    private BankCommonPayInstructInterService bankCommonPayInstructInterService;\n    @Autowired\n    private PayChecksWriteBackService payChecksWriteBackService;\n    @Autowired\n    private PayChecksService payChecksService;\n    @Autowired\n    private PayChecksHisService payChecksHisService;\n    @Autowired\n    private OperateByJDBC operateByJDBC;\n\n    @Autowired\n    private MessageBuilder messageBuilder;\n\n    @Autowired\n    private ResponseXmlParser responseXmlParser;\n\n    @Autowired\n    private PmcPayCommonBankColSetMapper pmcPayCommonBankColSetMapper;\n\n    @Autowired\n    private PmcPayCommonBankColSetService pmcPayCommonBankColSetService;\n\n    @Autowired\n    private PmcPayCommonBankSetMapper pmcPayCommonBankSetMapper;\n\n    @Autowired\n    private BankStrategyClient bankStrategyClient;\n\n    @Autowired\n    private PmcPayCommonTransFlexSetMapper pmcPayCommonTransFlexSetMapper;\n\n    @Autowired\n    private BankcommonService bankcommonService;\n\n    @Override\n    public List<TransInfo> selectBankcommonTrans(PayQO payQO, Map<String, String> extentionParams) {\n        List<TransInfo> result = new ArrayList<>();\n        PmcAccount account = accountService.queryBankcommonAccountByAccountNo(payQO);\n        if (account == null || payQO.getStartDate() == null || payQO.getEndDate() == null) {\n            return result;\n        }\n\n        Map<String, Object> dto = new HashMap<String, Object>();\n        dto.put(\"tenantId\", account.getTenantId());\n        dto.put(\"account\", account.getAccountNo());\n        dto.put(\"bankCode\", account.getBank());\n        dto.put(\"currency\", account.getCurrency());\n        dto.put(\"beginDate\", DateUtils.formatDate(payQO.getStartDate(), DateTool.DAY_PARTTEN_YYYYMMDD));\n        dto.put(\"endDate\", DateUtils.formatDate(payQO.getEndDate(), DateTool.DAY_PARTTEN_YYYYMMDD));\n        // 如果有日期扩展参数，则使用扩展参数覆盖默认参数\n        if (Objects.nonNull(extentionParams)) {\n            if (Objects.nonNull(extentionParams.get(\"beginDate\"))) {\n                dto.put(\"beginDate\", extentionParams.get(\"beginDate\"));\n            }\n            if (Objects.nonNull(extentionParams.get(\"endDate\"))) {\n                dto.put(\"endDate\", extentionParams.get(\"endDate\"));\n            }\n        }\n        this.homeTransactionsDeal(dto, extentionParams);\n\n        if (CollectionUtils.isNotEmpty((List<TransInfo>) dto.get(\"transInfoList\"))) {\n            String company = operateByJDBC.translate(BD_COMPANY, account.getCompanyCode());\n            for (TransInfo trans : (List<TransInfo>) dto.get(\"transInfoList\")) {\n                trans.setBankAccount(account.getAccountNo());\n                trans.setCompanyName(company);\n                trans.setCurrencyName(operateByJDBC.translate(CURRENCY, trans.getCurrency()));\n                result.add(trans);\n            }\n        }\n\n        return result;\n    }\n\n\n    /**\n     * 调起银行流水接口\n     */\n    private void homeTransactionsDeal(Map<String, Object> dto, Map<String, String> extentionParams) {\n        try {\n            Integer pageSize = 20;\n            Example examplePageSize = new Example(PmcPayCommonBankColSet.class);\n            examplePageSize.createCriteria().\n                    andEqualTo(\"bankCode\", dto.get(\"bankCode\"))\n                    .andEqualTo(\"interfaceType\", dto.get(\"interfaceType\"))\n                    .andEqualTo(\"interfaceDirection\", Constants.BankcommonInterfaceDirectionEnum.REQUEST)\n                    .andEqualTo(\"columnCode\", Constants.BankcommonColumnCodeEnum.DEFAULT_PAGE_SIZE)\n                    .andEqualTo(\"enableFlag\", Constants.ENABLED_Y);\n            List<PmcPayCommonBankColSet> pmcPayCommonBankColSetsPageSize = pmcPayCommonBankColSetMapper.selectByExample(examplePageSize);\n            if (CollectionUtils.isNotEmpty(pmcPayCommonBankColSetsPageSize)) {\n                pageSize = Integer.parseInt(pmcPayCommonBankColSetsPageSize.get(0).getMappingBankCol());\n            }\n            dto.put(\"pageSize\", pageSize);\n            List<TransInfo> res = new ArrayList<>();\n            dto.put(\"funName\", Constants.BankcommonTranscodeEnum.TRANSACTIONS);\n            String request = messageBuilder.queryTransactionsMessage(dto, extentionParams);\n\n            // 发送银行请求\n            String response = bankcommonService.postBank(request, dto, StringUtils.toString(dto.get(\"bankCode\")));\n            if (Constants.NO_ENABLED_MACHINE.equals(response)) {\n                log.error(\"流水查询时 无可用前置机异常, accountNo={}\", StringUtils.toString(dto.get(\"account\")));\n            } else if (Constants.BANK_POST_EXCEPTION.equals(response)) {\n                log.error(\"流水查询请求异常, accountNo={}\", StringUtils.toString(dto.get(\"account\")));\n            }\n            ResponseHeaderDTO responseHeaderDto =\n                    responseXmlParser.parseResponseXml(response, dto);\n            log.info(\"homeTransactionsDeal 处理银行请求结果 resDto={}\", JSON.toJSONString(responseHeaderDto));\n            if (responseHeaderDto == null) {\n                log.error(\"homeTransactionsDeal 银行报文解析为空\");\n                return;\n            }\n            ResponseHeaderDTO.SystemHeadBean header = responseHeaderDto.getHeader();\n            ResponseBodyDTO bodyDto = responseHeaderDto.getBody();\n            if (header == null || !Constants.RESPONSE_SUCCESS.equals(header.getStatus()) || bodyDto == null\n                    || CollectionUtils.isEmpty(bodyDto.getTransInfoList())) {\n                log.error(\"homeTransactionsDeal 银行报文解析发生错误\");\n                return;\n            }\n            // 处理成功\n            res.addAll(bodyDto.getTransInfoList());\n\n            dto.put(\"transInfoList\", res);\n        } catch (Exception e) {\n            log.error(\"homeTransactionsDeal 账户流水处理失败\", e);\n        }\n    }\n\n}\n","scheme":"file","completed":false,"isEnd":false,"failed":false}
[55864] [2026-01-09 19:48:29] [INFO] [ENGINE]  ---------> ENGINE REC: VIRTUAL_EDITOR_EVENT {"uuid":"75aca94f-b8f2-48b9-a039-7c37639b3c80","existed":true,"absolutePath":"/Users/xiaoliu/baidu/bpit-proc-apps/pmc/pmc-basic-bankcommon/src/main/java/com/baidu/pmc/bankcommon/core/service/bcm/impl/BankBcmServiceImpl.java","content":"package com.baidu.pmc.bankcommon.core.service.bcm.impl;\n\nimport com.alibaba.fastjson.JSON;\nimport com.baidu.pmc.bankcommon.core.constants.Constants;\nimport com.baidu.pmc.bankcommon.core.dto.ResponseBodyDTO;\nimport com.baidu.pmc.bankcommon.core.dto.ResponseHeaderDTO;\nimport com.baidu.pmc.bankcommon.core.service.AccountService;\nimport com.baidu.pmc.bankcommon.core.service.BankCommonPayInstructInterService;\nimport com.baidu.pmc.bankcommon.core.service.BankStrategyClient;\nimport com.baidu.pmc.bankcommon.core.service.BankcommonPayInstructService;\nimport com.baidu.pmc.bankcommon.core.service.BankcommonService;\nimport com.baidu.pmc.bankcommon.core.service.MachineService;\nimport com.baidu.pmc.bankcommon.core.service.PayChecksHisService;\nimport com.baidu.pmc.bankcommon.core.service.PayChecksService;\nimport com.baidu.pmc.bankcommon.core.service.PayChecksWriteBackService;\nimport com.baidu.pmc.bankcommon.core.service.PmcPayCommonBankColSetService;\nimport com.baidu.pmc.bankcommon.core.service.bcm.BankBcmService;\nimport com.baidu.pmc.bankcommon.core.service.impl.OperateByJDBC;\nimport com.baidu.pmc.bankcommon.core.service.impl.SendMailService;\nimport com.baidu.pmc.bankcommon.core.utils.DateTool;\nimport com.baidu.pmc.bankcommon.core.utils.MessageBuilder;\nimport com.baidu.pmc.bankcommon.core.utils.ResponseXmlParser;\nimport com.baidu.pmc.bankcommon.core.utils.WkContextHolder;\nimport com.baidu.pmc.bankcommon.persistence.dao.PmcPayCommonBankColSetMapper;\nimport com.baidu.pmc.bankcommon.persistence.dao.PmcPayCommonBankSetMapper;\nimport com.baidu.pmc.bankcommon.persistence.dao.PmcPayCommonTransFlexSetMapper;\nimport com.baidu.pmc.bankcommon.persistence.domain.PmcPayCommonBankColSet;\nimport com.baidu.pmc.common.utils.DateUtils;\nimport com.baidu.pmc.common.utils.StringUtils;\nimport com.baidu.pmc.pojo.dto.cmb.TransInfo;\nimport com.baidu.pmc.pojo.model.PmcAccount;\nimport com.baidu.pmc.pojo.model.PmcPayCommonBankSet;\nimport com.baidu.pmc.pojo.model.cmb.PayQO;\nimport lombok.extern.slf4j.Slf4j;\nimport org.apache.commons.collections.CollectionUtils;\nimport org.springframework.beans.factory.annotation.Autowired;\nimport org.springframework.stereotype.Service;\nimport tk.mybatis.mapper.entity.Example;\n\nimport java.util.ArrayList;\nimport java.util.HashMap;\nimport java.util.List;\nimport java.util.Map;\nimport java.util.Objects;\n\nimport static com.baidu.pmc.pojo.constants.Constants.PmcLookupInfoCode.BD_COMPANY;\nimport static com.baidu.pmc.pojo.constants.Constants.PmcLookupInfoCode.CURRENCY;\n\n@Slf4j\n@Service\npublic class BankBcmServiceImpl implements BankBcmService {\n    /**\n     * 10 毫秒重试\n     */\n    private static final long REDIS_LOCK_TIMEOUT = 10;\n    /**\n     * 10 分钟超时\n     */\n    private static final int REDIS_LOCK_EXPIRE = 10 * 60;\n\n\n    @Autowired\n    private AccountService accountService;\n\n    @Autowired\n    private SendMailService mailService;\n    @Autowired\n    private MachineService machineService;\n    @Autowired\n    private BankcommonPayInstructService bankcommonPayInstructService;\n    //  @Autowired\n    //    private BankcommonPayInstructMapper bankcommonPayInstructMapper;\n    @Autowired\n    private BankCommonPayInstructInterService bankCommonPayInstructInterService;\n    @Autowired\n    private PayChecksWriteBackService payChecksWriteBackService;\n    @Autowired\n    private PayChecksService payChecksService;\n    @Autowired\n    private PayChecksHisService payChecksHisService;\n    @Autowired\n    private OperateByJDBC operateByJDBC;\n\n    @Autowired\n    private MessageBuilder messageBuilder;\n\n    @Autowired\n    private ResponseXmlParser responseXmlParser;\n\n    @Autowired\n    private PmcPayCommonBankColSetMapper pmcPayCommonBankColSetMapper;\n\n    @Autowired\n    private PmcPayCommonBankColSetService pmcPayCommonBankColSetService;\n\n    @Autowired\n    private PmcPayCommonBankSetMapper pmcPayCommonBankSetMapper;\n\n    @Autowired\n    private BankStrategyClient bankStrategyClient;\n\n    @Autowired\n    private PmcPayCommonTransFlexSetMapper pmcPayCommonTransFlexSetMapper;\n\n    @Autowired\n    private BankcommonService bankcommonService;\n\n    @Override\n    public List<TransInfo> selectBankcommonTrans(PayQO payQO, Map<String, String> extentionParams) {\n        List<TransInfo> result = new ArrayList<>();\n        PmcAccount account = accountService.queryBankcommonAccountByAccountNo(payQO);\n        if (account == null || payQO.getStartDate() == null || payQO.getEndDate() == null) {\n            return result;\n        }\n\n        Map<String, Object> dto = new HashMap<String, Object>();\n        dto.put(\"tenantId\", account.getTenantId());\n        dto.put(\"account\", account.getAccountNo());\n        dto.put(\"bankCode\", account.getBank());\n        dto.put(\"currency\", account.getCurrency());\n        dto.put(\"beginDate\", DateUtils.formatDate(payQO.getStartDate(), DateTool.DAY_PARTTEN_YYYYMMDD));\n        dto.put(\"endDate\", DateUtils.formatDate(payQO.getEndDate(), DateTool.DAY_PARTTEN_YYYYMMDD));\n        // 如果有日期扩展参数，则使用扩展参数覆盖默认参数\n        if (Objects.nonNull(extentionParams)) {\n            if (Objects.nonNull(extentionParams.get(\"beginDate\"))) {\n                dto.put(\"beginDate\", extentionParams.get(\"beginDate\"));\n            }\n            if (Objects.nonNull(extentionParams.get(\"endDate\"))) {\n                dto.put(\"endDate\", extentionParams.get(\"endDate\"));\n            }\n        }\n        this.homeTransactionsDeal(dto, extentionParams);\n\n        if (CollectionUtils.isNotEmpty((List<TransInfo>) dto.get(\"transInfoList\"))) {\n            String company = operateByJDBC.translate(BD_COMPANY, account.getCompanyCode());\n            for (TransInfo trans : (List<TransInfo>) dto.get(\"transInfoList\")) {\n                trans.setBankAccount(account.getAccountNo());\n                trans.setCompanyName(company);\n                trans.setCurrencyName(operateByJDBC.translate(CURRENCY, trans.getCurrency()));\n                result.add(trans);\n            }\n        }\n\n        return result;\n    }\n\n\n    /**\n     * 调起银行流水接口\n     */\n    private void homeTransactionsDeal(Map<String, Object> dto, Map<String, String> extentionParams) {\n        try {\n            Integer pageSize = 20;\n            Example examplePageSize = new Example(PmcPayCommonBankColSet.class);\n            examplePageSize.createCriteria().\n                    andEqualTo(\"bankCode\", dto.get(\"bankCode\"))\n                    .andEqualTo(\"interfaceType\", dto.get(\"interfaceType\"))\n                    .andEqualTo(\"interfaceDirection\", Constants.BankcommonInterfaceDirectionEnum.REQUEST)\n                    .andEqualTo(\"columnCode\", Constants.BankcommonColumnCodeEnum.DEFAULT_PAGE_SIZE)\n                    .andEqualTo(\"enableFlag\", Constants.ENABLED_Y);\n            List<PmcPayCommonBankColSet> pmcPayCommonBankColSetsPageSize = pmcPayCommonBankColSetMapper.selectByExample(examplePageSize);\n            if (CollectionUtils.isNotEmpty(pmcPayCommonBankColSetsPageSize)) {\n                pageSize = Integer.parseInt(pmcPayCommonBankColSetsPageSize.get(0).getMappingBankCol());\n            }\n            dto.put(\"pageSize\", pageSize);\n            List<TransInfo> res = new ArrayList<>();\n            dto.put(\"funName\", Constants.BankcommonTranscodeEnum.TRANSACTIONS);\n            String request = messageBuilder.queryTransactionsMessage(dto, extentionParams);\n\n            // 发送银行请求\n            String response = bankcommonService.postBank(request, dto, StringUtils.toString(dto.get(\"bankCode\")));\n            if (Constants.NO_ENABLED_MACHINE.equals(response)) {\n                log.error(\"流水查询时 无可用前置机异常, accountNo={}\", StringUtils.toString(dto.get(\"account\")));\n            } else if (Constants.BANK_POST_EXCEPTION.equals(response)) {\n                log.error(\"流水查询请求异常, accountNo={}\", StringUtils.toString(dto.get(\"account\")));\n            }\n            ResponseHeaderDTO responseHeaderDto =\n                    responseXmlParser.parseResponseXml(response, dto);\n            log.info(\"homeTransactionsDeal 处理银行请求结果 resDto={}\", JSON.toJSONString(responseHeaderDto));\n            if (responseHeaderDto == null) {\n                log.error(\"homeTransactionsDeal 银行报文解析为空\");\n                return;\n            }\n            ResponseHeaderDTO.SystemHeadBean header = responseHeaderDto.getHeader();\n            ResponseBodyDTO bodyDto = responseHeaderDto.getBody();\n            if (header == null || !Constants.RESPONSE_SUCCESS.equals(header.getStatus()) || bodyDto == null\n                    || CollectionUtils.isEmpty(bodyDto.getTransInfoList())) {\n                log.error(\"homeTransactionsDeal 银行报文解析发生错误\");\n                return;\n            }\n            // 处理成功\n            res.addAll(bodyDto.getTransInfoList());\n\n            dto.put(\"transInfoList\", res);\n        } catch (Exception e) {\n            log.error(\"homeTransactionsDeal 账户流水处理失败\", e);\n        }\n    }\n\n}\n","scheme":"file","completed":false,"isEnd":false,"failed":false}
[55864] [2026-01-09 19:48:29] [VERBOSE] [VIRTUALEDITOR]  VirtualEditor.getDocument, args: absolutePath=/Users/xiaoliu/baidu/bpit-proc-apps/pmc/pmc-basic-bankcommon/src/main/java/com/baidu/pmc/bankcommon/core/service/bcm/impl/BankBcmServiceImpl.java
[55864] [2026-01-09 19:48:29] [INFO] [ENGINE]  <--------- ENGINE SEND: VIRTUAL_EDITOR_EVENT {"action":"getDocument","payload":{"absolutePath":"/Users/xiaoliu/baidu/bpit-proc-apps/pmc/pmc-basic-bankcommon/src/main/java/com/baidu/pmc/bankcommon/core/service/bcm/impl/BankBcmServiceImpl.java","uuid":"0d77b032-f500-4375-a501-03769a72ff21"}}
[55864] [2026-01-09 19:48:29] [INFO] [ENGINE]  ---------> ENGINE REC: VIRTUAL_EDITOR_EVENT {"uuid":"0d77b032-f500-4375-a501-03769a72ff21","existed":true,"content":"package com.baidu.pmc.bankcommon.core.service.bcm.impl;\n\nimport com.alibaba.fastjson.JSON;\nimport com.baidu.pmc.bankcommon.core.constants.Constants;\nimport com.baidu.pmc.bankcommon.core.dto.ResponseBodyDTO;\nimport com.baidu.pmc.bankcommon.core.dto.ResponseHeaderDTO;\nimport com.baidu.pmc.bankcommon.core.service.AccountService;\nimport com.baidu.pmc.bankcommon.core.service.BankCommonPayInstructInterService;\nimport com.baidu.pmc.bankcommon.core.service.BankStrategyClient;\nimport com.baidu.pmc.bankcommon.core.service.BankcommonPayInstructService;\nimport com.baidu.pmc.bankcommon.core.service.BankcommonService;\nimport com.baidu.pmc.bankcommon.core.service.MachineService;\nimport com.baidu.pmc.bankcommon.core.service.PayChecksHisService;\nimport com.baidu.pmc.bankcommon.core.service.PayChecksService;\nimport com.baidu.pmc.bankcommon.core.service.PayChecksWriteBackService;\nimport com.baidu.pmc.bankcommon.core.service.PmcPayCommonBankColSetService;\nimport com.baidu.pmc.bankcommon.core.service.bcm.BankBcmService;\nimport com.baidu.pmc.bankcommon.core.service.impl.OperateByJDBC;\nimport com.baidu.pmc.bankcommon.core.service.impl.SendMailService;\nimport com.baidu.pmc.bankcommon.core.utils.DateTool;\nimport com.baidu.pmc.bankcommon.core.utils.MessageBuilder;\nimport com.baidu.pmc.bankcommon.core.utils.ResponseXmlParser;\nimport com.baidu.pmc.bankcommon.core.utils.WkContextHolder;\nimport com.baidu.pmc.bankcommon.persistence.dao.PmcPayCommonBankColSetMapper;\nimport com.baidu.pmc.bankcommon.persistence.dao.PmcPayCommonBankSetMapper;\nimport com.baidu.pmc.bankcommon.persistence.dao.PmcPayCommonTransFlexSetMapper;\nimport com.baidu.pmc.bankcommon.persistence.domain.PmcPayCommonBankColSet;\nimport com.baidu.pmc.common.utils.DateUtils;\nimport com.baidu.pmc.common.utils.StringUtils;\nimport com.baidu.pmc.pojo.dto.cmb.TransInfo;\nimport com.baidu.pmc.pojo.model.PmcAccount;\nimport com.baidu.pmc.pojo.model.PmcPayCommonBankSet;\nimport com.baidu.pmc.pojo.model.cmb.PayQO;\nimport lombok.extern.slf4j.Slf4j;\nimport org.apache.commons.collections.CollectionUtils;\nimport org.springframework.beans.factory.annotation.Autowired;\nimport org.springframework.stereotype.Service;\nimport tk.mybatis.mapper.entity.Example;\n\nimport java.util.ArrayList;\nimport java.util.HashMap;\nimport java.util.List;\nimport java.util.Map;\nimport java.util.Objects;\n\nimport static com.baidu.pmc.pojo.constants.Constants.PmcLookupInfoCode.BD_COMPANY;\nimport static com.baidu.pmc.pojo.constants.Constants.PmcLookupInfoCode.CURRENCY;\n\n@Slf4j\n@Service\npublic class BankBcmServiceImpl implements BankBcmService {\n    /**\n     * 10 毫秒重试\n     */\n    private static final long REDIS_LOCK_TIMEOUT = 10;\n    /**\n     * 10 分钟超时\n     */\n    private static final int REDIS_LOCK_EXPIRE = 10 * 60;\n\n\n    @Autowired\n    private AccountService accountService;\n\n    @Autowired\n    private SendMailService mailService;\n    @Autowired\n    private MachineService machineService;\n    @Autowired\n    private BankcommonPayInstructService bankcommonPayInstructService;\n    //  @Autowired\n    //    private BankcommonPayInstructMapper bankcommonPayInstructMapper;\n    @Autowired\n    private BankCommonPayInstructInterService bankCommonPayInstructInterService;\n    @Autowired\n    private PayChecksWriteBackService payChecksWriteBackService;\n    @Autowired\n    private PayChecksService payChecksService;\n    @Autowired\n    private PayChecksHisService payChecksHisService;\n    @Autowired\n    private OperateByJDBC operateByJDBC;\n\n    @Autowired\n    private MessageBuilder messageBuilder;\n\n    @Autowired\n    private ResponseXmlParser responseXmlParser;\n\n    @Autowired\n    private PmcPayCommonBankColSetMapper pmcPayCommonBankColSetMapper;\n\n    @Autowired\n    private PmcPayCommonBankColSetService pmcPayCommonBankColSetService;\n\n    @Autowired\n    private PmcPayCommonBankSetMapper pmcPayCommonBankSetMapper;\n\n    @Autowired\n    private BankStrategyClient bankStrategyClient;\n\n    @Autowired\n    private PmcPayCommonTransFlexSetMapper pmcPayCommonTransFlexSetMapper;\n\n    @Autowired\n    private BankcommonService bankcommonService;\n\n    @Override\n    public List<TransInfo> selectBankcommonTrans(PayQO payQO, Map<String, String> extentionParams) {\n        List<TransInfo> result = new ArrayList<>();\n        PmcAccount account = accountService.queryBankcommonAccountByAccountNo(payQO);\n        if (account == null || payQO.getStartDate() == null || payQO.getEndDate() == null) {\n            return result;\n        }\n\n        Map<String, Object> dto = new HashMap<String, Object>();\n        dto.put(\"tenantId\", account.getTenantId());\n        dto.put(\"account\", account.getAccountNo());\n        dto.put(\"bankCode\", account.getBank());\n        dto.put(\"currency\", account.getCurrency());\n        dto.put(\"beginDate\", DateUtils.formatDate(payQO.getStartDate(), DateTool.DAY_PARTTEN_YYYYMMDD));\n        dto.put(\"endDate\", DateUtils.formatDate(payQO.getEndDate(), DateTool.DAY_PARTTEN_YYYYMMDD));\n        // 如果有日期扩展参数，则使用扩展参数覆盖默认参数\n        if (Objects.nonNull(extentionParams)) {\n            if (Objects.nonNull(extentionParams.get(\"beginDate\"))) {\n                dto.put(\"beginDate\", extentionParams.get(\"beginDate\"));\n            }\n            if (Objects.nonNull(extentionParams.get(\"endDate\"))) {\n                dto.put(\"endDate\", extentionParams.get(\"endDate\"));\n            }\n        }\n        this.homeTransactionsDeal(dto, extentionParams);\n\n        if (CollectionUtils.isNotEmpty((List<TransInfo>) dto.get(\"transInfoList\"))) {\n            String company = operateByJDBC.translate(BD_COMPANY, account.getCompanyCode());\n            for (TransInfo trans : (List<TransInfo>) dto.get(\"transInfoList\")) {\n                trans.setBankAccount(account.getAccountNo());\n                trans.setCompanyName(company);\n                trans.setCurrencyName(operateByJDBC.translate(CURRENCY, trans.getCurrency()));\n                result.add(trans);\n            }\n        }\n\n        return result;\n    }\n\n\n    /**\n     * 调起银行流水接口\n     */\n    private void homeTransactionsDeal(Map<String, Object> dto, Map<String, String> extentionParams) {\n        try {\n            Integer pageSize = 20;\n            Example examplePageSize = new Example(PmcPayCommonBankColSet.class);\n            examplePageSize.createCriteria().\n                    andEqualTo(\"bankCode\", dto.get(\"bankCode\"))\n                    .andEqualTo(\"interfaceType\", dto.get(\"interfaceType\"))\n                    .andEqualTo(\"interfaceDirection\", Constants.BankcommonInterfaceDirectionEnum.REQUEST)\n                    .andEqualTo(\"columnCode\", Constants.BankcommonColumnCodeEnum.DEFAULT_PAGE_SIZE)\n                    .andEqualTo(\"enableFlag\", Constants.ENABLED_Y);\n            List<PmcPayCommonBankColSet> pmcPayCommonBankColSetsPageSize = pmcPayCommonBankColSetMapper.selectByExample(examplePageSize);\n            if (CollectionUtils.isNotEmpty(pmcPayCommonBankColSetsPageSize)) {\n                pageSize = Integer.parseInt(pmcPayCommonBankColSetsPageSize.get(0).getMappingBankCol());\n            }\n            dto.put(\"pageSize\", pageSize);\n            List<TransInfo> res = new ArrayList<>();\n            dto.put(\"funName\", Constants.BankcommonTranscodeEnum.TRANSACTIONS);\n            String request = messageBuilder.queryTransactionsMessage(dto, extentionParams);\n\n            // 发送银行请求\n            String response = bankcommonService.postBank(request, dto, StringUtils.toString(dto.get(\"bankCode\")));\n            if (Constants.NO_ENABLED_MACHINE.equals(response)) {\n                log.error(\"流水查询时 无可用前置机异常, accountNo={}\", StringUtils.toString(dto.get(\"account\")));\n            } else if (Constants.BANK_POST_EXCEPTION.equals(response)) {\n                log.error(\"流水查询请求异常, accountNo={}\", StringUtils.toString(dto.get(\"account\")));\n            }\n            ResponseHeaderDTO responseHeaderDto =\n                    responseXmlParser.parseResponseXml(response, dto);\n            log.info(\"homeTransactionsDeal 处理银行请求结果 resDto={}\", JSON.toJSONString(responseHeaderDto));\n            if (responseHeaderDto == null) {\n                log.error(\"homeTransactionsDeal 银行报文解析为空\");\n                return;\n            }\n            ResponseHeaderDTO.SystemHeadBean header = responseHeaderDto.getHeader();\n            ResponseBodyDTO bodyDto = responseHeaderDto.getBody();\n            if (header == null || !Constants.RESPONSE_SUCCESS.equals(header.getStatus()) || bodyDto == null\n                    || CollectionUtils.isEmpty(bodyDto.getTransInfoList())) {\n                log.error(\"homeTransactionsDeal 银行报文解析发生错误\");\n                return;\n            }\n            // 处理成功\n            res.addAll(bodyDto.getTransInfoList());\n\n            dto.put(\"transInfoList\", res);\n        } catch (Exception e) {\n            log.error(\"homeTransactionsDeal 账户流水处理失败\", e);\n        }\n    }\n\n}\n","completed":false,"isEnd":false,"failed":false}
[55864] [2026-01-09 19:48:29] [INFO] [CONVERSATIONMANAGER]  [Performance] agent-end-analyze take 315.88679218292236 ms
[55864] [2026-01-09 19:48:29] [INFO] [CONVERSATIONMANAGER]  [Performance] agent-readenv-end take 485.00762462615967 ms
[55864] [2026-01-09 19:48:29] [VERBOSE] [VIRTUALEDITOR]  VirtualEditor.startConversationEditSession, args: conversationId=20fec48e-734a-4cda-b6a7-4b56823ff21d,source=E2EBotConversation
[55864] [2026-01-09 19:48:29] [INFO] [ENGINE]  <--------- ENGINE SEND: VIRTUAL_EDITOR_EVENT {"action":"startConversationEditSession","payload":{"conversationId":"20fec48e-734a-4cda-b6a7-4b56823ff21d","source":"E2EBotConversation","uuid":"746fe11c-1fcb-4fc2-9bfc-920efa42bad4"}}
[55864] [2026-01-09 19:48:29] [VERBOSE] [VIRTUALEDITOR]  VirtualEditor.getDocument, args: absolutePath=/Users/xiaoliu/baidu/bpit-proc-apps/pmc/.comate/rules/rules.mdr
[55864] [2026-01-09 19:48:29] [INFO] [ENGINE]  <--------- ENGINE SEND: VIRTUAL_EDITOR_EVENT {"action":"getDocument","payload":{"absolutePath":"/Users/xiaoliu/baidu/bpit-proc-apps/pmc/.comate/rules/rules.mdr","uuid":"12edbf8c-4893-495e-9e4a-1efdd596fa9c"}}
[55864] [2026-01-09 19:48:29] [INFO] [ENGINE]  ---------> ENGINE REC: VIRTUAL_EDITOR_EVENT {"uuid":"12edbf8c-4893-495e-9e4a-1efdd596fa9c","existed":true,"content":"---\n alwaysApply: true \n---\n# 百度PMC支付管理中心项目规则\n\n## 项目概览\n\n**项目定位**: 百度企业金融支付管理中心，处理多银行渠道的企业支付业务\n**架构模式**: Spring Cloud微服务架构，按银行维度模块化设计\n**技术栈**: Spring Boot 1.5.9 + MyBatis + Spring Cloud Netflix + Hessian\n\n## 核心架构规则\n\n### 模块划分原则\n- **银行独立模块**: 每个银行对应独立服务模块（pmc-basic-{bank-code}）\n- **通用支撑模块**: pmc-basic-common（基础设施）、pmc-basic-pojo（数据模型）、pmc-basic-persistence（数据访问）\n- **业务核心模块**: pmc-basic-service（核心业务）、pmc-basic-web（网关层）\n- **策略模式**: 所有银行模块实现统一BankStrategy接口，运行时动态选择具体实现\n\n### 分层架构规范\n```\nController层 → Service层 → 银行策略层 → Persistence层\n```\n- Controller: 统一使用@RestController，返回ResponseMessage包装对象\n- Service: 接口+实现类模式，使用Spring声明式事务\n- 策略层: 通过BankStrategyEnum枚举选择具体银行实现\n- Persistence: MyBatis + 通用Mapper，XML映射文件位于resources/mapper/\n\n## 开发契约\n\n### 异常处理模式\n- 全局异常处理器: 使用@RestControllerAdvice统一处理FeignException、AccessDeniedException等\n- 统一响应: 所有API返回ResponseMessage对象（包含status、message、data字段）\n- 操作日志: 基于MyBatis拦截器自动记录DELETE/UPDATE操作，异步写入\n\n### 银行接口封装规范\n- **报文标准化**: 统一使用MessageBuilder构建银行报文，ResponseXmlParser解析响应\n- **XML处理**: 使用JDOM2处理银行XML报文，XPath进行节点操作\n- **安全机制**: 各银行独立处理加密、证书、签名等安全要求\n- **通信协议**: 主要使用HTTP+XML，部分银行支持FTP/SFTP\n\n### 命名规范\n- **包名**: com.baidu.pmc.{bank-code}.{layer}\n- **类名**: {BankCode}{Function}（如：CmbController、IcbcService）\n- **方法名**: selectXxx、queryXxx、insertXxx、updateXxx、deleteXxx\n- **表名**: pmc_{bank-code}_{entity-name}\n- **模块名**: pmc-basic-{bank-code}\n\n### 配置管理\n- **多环境支持**: Maven profiles管理local/dev/test/uat/sit/vir/online环境\n- **配置中心**: Spring Cloud Config集中管理配置\n- **服务注册**: Eureka进行服务发现和注册\n- **网关路由**: Zuul统一路由转发和过滤处理\n\n## 关键开发模式\n\n### 银行适配器模式\n每个银行模块独立部署，通过策略模式实现统一调用：\n1. 定义BankStrategy接口规范\n2. 各银行实现具体的策略类\n3. 通过BankStrategyEnum选择具体实现\n4. 运行时动态绑定银行特定逻辑\n\n### 数据一致性保障\n- **事务边界**: Service层定义事务边界，跨银行操作使用最终一致性\n- **幂等性**: 支付指令使用唯一标识，支持重复提交校验\n- **状态管理**: 统一支付状态流转（待发送→已发送→处理中→成功/失败）\n\n### 异步处理机制\n- **异步日志**: 使用@Async注解实现操作日志异步写入\n- **消息推送**: 集成百度微云消息中心进行状态通知\n- **重试机制**: 银行接口调用支持可配置的重试策略\n\n## 环境配置\n\n### 端口分配\n各银行服务使用不同端口避免冲突：\n- 主服务: 8080\n- 招商银行: 8081\n- 工商银行: 8082\n- 建设银行: 8083\n- [需人工确认] 其他银行端口按顺序分配\n\n### 构建部署\n- **构建工具**: Maven多模块项目，Java 8编译\n- **CI/CD**: BCloud平台自动化构建\n- **构建脚本**: 各环境独立脚本（sitBuild.sh、uatBuild.sh等）\n- **产出物**: 统一输出到output目录\n\n## 集成规范\n\n### 百度内部系统集成\n- **认证系统**: UUAP统一认证，支持单点登录\n- **消息中心**: 百度微云消息中心推送状态变更通知\n- **工作流**: WK工作流引擎处理审批流程\n\n### 外部接口规范\n- **RESTful API**: 统一使用REST风格接口\n- **数据格式**: JSON为主，银行接口使用XML\n- **错误码**: 统一错误码规范，区分系统错误和业务错误\n\n## 注意事项\n\n1. **银行模块隔离**: 禁止跨银行模块直接调用，必须通过策略模式\n2. **环境配置**: 严格按Maven profile进行环境隔离，禁止配置混淆\n3. **安全要求**: 银行敏感信息（密钥、证书）按各银行要求独立管理\n4. **事务边界**: 避免跨银行事务，使用补偿机制保证最终一致性\n5. **版本兼容**: Spring Boot 1.5.9版本，注意依赖版本冲突\n\n---\n\n**最后更新**: 2025-11-09\n**适用范围**: 百度PMC支付管理中心所有开发活动\n**规则优先级**: 项目级规则 > 通用开发规范 > 个人编码习惯","completed":false,"isEnd":false,"failed":false}
[55864] [2026-01-09 19:48:29] [INFO] [CONVERSATIONMANAGER]  [Performance] agent-start-stream take 492.6753330230713 ms
[55864] [2026-01-09 19:48:32] [INFO] [CONVERSATIONMANAGER]  [Performance] agent-first-token take 2565.4825830459595 ms
[55864] [2026-01-09 19:48:33] [VERBOSE] [VIRTUALEDITOR]  VirtualEditor.getDocument, args: absolutePath=/Users/xiaoliu/baidu/bpit-proc-apps/pmc/.comate/rules/rules.mdr
[55864] [2026-01-09 19:48:33] [INFO] [ENGINE]  <--------- ENGINE SEND: VIRTUAL_EDITOR_EVENT {"action":"getDocument","payload":{"absolutePath":"/Users/xiaoliu/baidu/bpit-proc-apps/pmc/.comate/rules/rules.mdr","uuid":"d2794d1a-6cca-424f-8db3-323897991bc5"}}
[55864] [2026-01-09 19:48:33] [INFO] [ENGINE]  ---------> ENGINE REC: VIRTUAL_EDITOR_EVENT {"uuid":"d2794d1a-6cca-424f-8db3-323897991bc5","existed":true,"content":"---\n alwaysApply: true \n---\n# 百度PMC支付管理中心项目规则\n\n## 项目概览\n\n**项目定位**: 百度企业金融支付管理中心，处理多银行渠道的企业支付业务\n**架构模式**: Spring Cloud微服务架构，按银行维度模块化设计\n**技术栈**: Spring Boot 1.5.9 + MyBatis + Spring Cloud Netflix + Hessian\n\n## 核心架构规则\n\n### 模块划分原则\n- **银行独立模块**: 每个银行对应独立服务模块（pmc-basic-{bank-code}）\n- **通用支撑模块**: pmc-basic-common（基础设施）、pmc-basic-pojo（数据模型）、pmc-basic-persistence（数据访问）\n- **业务核心模块**: pmc-basic-service（核心业务）、pmc-basic-web（网关层）\n- **策略模式**: 所有银行模块实现统一BankStrategy接口，运行时动态选择具体实现\n\n### 分层架构规范\n```\nController层 → Service层 → 银行策略层 → Persistence层\n```\n- Controller: 统一使用@RestController，返回ResponseMessage包装对象\n- Service: 接口+实现类模式，使用Spring声明式事务\n- 策略层: 通过BankStrategyEnum枚举选择具体银行实现\n- Persistence: MyBatis + 通用Mapper，XML映射文件位于resources/mapper/\n\n## 开发契约\n\n### 异常处理模式\n- 全局异常处理器: 使用@RestControllerAdvice统一处理FeignException、AccessDeniedException等\n- 统一响应: 所有API返回ResponseMessage对象（包含status、message、data字段）\n- 操作日志: 基于MyBatis拦截器自动记录DELETE/UPDATE操作，异步写入\n\n### 银行接口封装规范\n- **报文标准化**: 统一使用MessageBuilder构建银行报文，ResponseXmlParser解析响应\n- **XML处理**: 使用JDOM2处理银行XML报文，XPath进行节点操作\n- **安全机制**: 各银行独立处理加密、证书、签名等安全要求\n- **通信协议**: 主要使用HTTP+XML，部分银行支持FTP/SFTP\n\n### 命名规范\n- **包名**: com.baidu.pmc.{bank-code}.{layer}\n- **类名**: {BankCode}{Function}（如：CmbController、IcbcService）\n- **方法名**: selectXxx、queryXxx、insertXxx、updateXxx、deleteXxx\n- **表名**: pmc_{bank-code}_{entity-name}\n- **模块名**: pmc-basic-{bank-code}\n\n### 配置管理\n- **多环境支持**: Maven profiles管理local/dev/test/uat/sit/vir/online环境\n- **配置中心**: Spring Cloud Config集中管理配置\n- **服务注册**: Eureka进行服务发现和注册\n- **网关路由**: Zuul统一路由转发和过滤处理\n\n## 关键开发模式\n\n### 银行适配器模式\n每个银行模块独立部署，通过策略模式实现统一调用：\n1. 定义BankStrategy接口规范\n2. 各银行实现具体的策略类\n3. 通过BankStrategyEnum选择具体实现\n4. 运行时动态绑定银行特定逻辑\n\n### 数据一致性保障\n- **事务边界**: Service层定义事务边界，跨银行操作使用最终一致性\n- **幂等性**: 支付指令使用唯一标识，支持重复提交校验\n- **状态管理**: 统一支付状态流转（待发送→已发送→处理中→成功/失败）\n\n### 异步处理机制\n- **异步日志**: 使用@Async注解实现操作日志异步写入\n- **消息推送**: 集成百度微云消息中心进行状态通知\n- **重试机制**: 银行接口调用支持可配置的重试策略\n\n## 环境配置\n\n### 端口分配\n各银行服务使用不同端口避免冲突：\n- 主服务: 8080\n- 招商银行: 8081\n- 工商银行: 8082\n- 建设银行: 8083\n- [需人工确认] 其他银行端口按顺序分配\n\n### 构建部署\n- **构建工具**: Maven多模块项目，Java 8编译\n- **CI/CD**: BCloud平台自动化构建\n- **构建脚本**: 各环境独立脚本（sitBuild.sh、uatBuild.sh等）\n- **产出物**: 统一输出到output目录\n\n## 集成规范\n\n### 百度内部系统集成\n- **认证系统**: UUAP统一认证，支持单点登录\n- **消息中心**: 百度微云消息中心推送状态变更通知\n- **工作流**: WK工作流引擎处理审批流程\n\n### 外部接口规范\n- **RESTful API**: 统一使用REST风格接口\n- **数据格式**: JSON为主，银行接口使用XML\n- **错误码**: 统一错误码规范，区分系统错误和业务错误\n\n## 注意事项\n\n1. **银行模块隔离**: 禁止跨银行模块直接调用，必须通过策略模式\n2. **环境配置**: 严格按Maven profile进行环境隔离，禁止配置混淆\n3. **安全要求**: 银行敏感信息（密钥、证书）按各银行要求独立管理\n4. **事务边界**: 避免跨银行事务，使用补偿机制保证最终一致性\n5. **版本兼容**: Spring Boot 1.5.9版本，注意依赖版本冲突\n\n---\n\n**最后更新**: 2025-11-09\n**适用范围**: 百度PMC支付管理中心所有开发活动\n**规则优先级**: 项目级规则 > 通用开发规范 > 个人编码习惯","completed":false,"isEnd":false,"failed":false}
[55864] [2026-01-09 19:48:34] [INFO] [ENGINE]  ---------> ENGINE REC: COMATE_AGENT_NEW_MESSAGE {"data":"{\"agentPayload\":{\"messageType\":\"refresh-messages\",\"conversationId\":\"20fec48e-734a-4cda-b6a7-4b56823ff21d\",\"payload\":{}}}"}
[55864] [2026-01-09 19:48:34] [INFO] [CONVERSATIONMANAGER]  onConversationMessage {"messageType":"refresh-messages","conversationId":"20fec48e-734a-4cda-b6a7-4b56823ff21d","payload":{}}
[55864] [2026-01-09 19:48:35] [VERBOSE] [VIRTUALEDITOR]  VirtualEditor.getDocument, args: absolutePath=/Users/xiaoliu/baidu/bpit-proc-apps/pmc/pmc-basic-bankcommon/src/main/java/com/baidu/pmc/bankcommon/core/service/bcm/impl/BankBcmServiceImpl.java
[55864] [2026-01-09 19:48:35] [INFO] [ENGINE]  <--------- ENGINE SEND: VIRTUAL_EDITOR_EVENT {"action":"getDocument","payload":{"absolutePath":"/Users/xiaoliu/baidu/bpit-proc-apps/pmc/pmc-basic-bankcommon/src/main/java/com/baidu/pmc/bankcommon/core/service/bcm/impl/BankBcmServiceImpl.java","uuid":"0f8ea235-aa31-4752-ae4d-b4bf733524f4"}}
[55864] [2026-01-09 19:48:35] [INFO] [ENGINE]  ---------> ENGINE REC: VIRTUAL_EDITOR_EVENT {"uuid":"0f8ea235-aa31-4752-ae4d-b4bf733524f4","existed":true,"content":"package com.baidu.pmc.bankcommon.core.service.bcm.impl;\n\nimport com.alibaba.fastjson.JSON;\nimport com.baidu.pmc.bankcommon.core.constants.Constants;\nimport com.baidu.pmc.bankcommon.core.dto.ResponseBodyDTO;\nimport com.baidu.pmc.bankcommon.core.dto.ResponseHeaderDTO;\nimport com.baidu.pmc.bankcommon.core.service.AccountService;\nimport com.baidu.pmc.bankcommon.core.service.BankCommonPayInstructInterService;\nimport com.baidu.pmc.bankcommon.core.service.BankStrategyClient;\nimport com.baidu.pmc.bankcommon.core.service.BankcommonPayInstructService;\nimport com.baidu.pmc.bankcommon.core.service.BankcommonService;\nimport com.baidu.pmc.bankcommon.core.service.MachineService;\nimport com.baidu.pmc.bankcommon.core.service.PayChecksHisService;\nimport com.baidu.pmc.bankcommon.core.service.PayChecksService;\nimport com.baidu.pmc.bankcommon.core.service.PayChecksWriteBackService;\nimport com.baidu.pmc.bankcommon.core.service.PmcPayCommonBankColSetService;\nimport com.baidu.pmc.bankcommon.core.service.bcm.BankBcmService;\nimport com.baidu.pmc.bankcommon.core.service.impl.OperateByJDBC;\nimport com.baidu.pmc.bankcommon.core.service.impl.SendMailService;\nimport com.baidu.pmc.bankcommon.core.utils.DateTool;\nimport com.baidu.pmc.bankcommon.core.utils.MessageBuilder;\nimport com.baidu.pmc.bankcommon.core.utils.ResponseXmlParser;\nimport com.baidu.pmc.bankcommon.core.utils.WkContextHolder;\nimport com.baidu.pmc.bankcommon.persistence.dao.PmcPayCommonBankColSetMapper;\nimport com.baidu.pmc.bankcommon.persistence.dao.PmcPayCommonBankSetMapper;\nimport com.baidu.pmc.bankcommon.persistence.dao.PmcPayCommonTransFlexSetMapper;\nimport com.baidu.pmc.bankcommon.persistence.domain.PmcPayCommonBankColSet;\nimport com.baidu.pmc.common.utils.DateUtils;\nimport com.baidu.pmc.common.utils.StringUtils;\nimport com.baidu.pmc.pojo.dto.cmb.TransInfo;\nimport com.baidu.pmc.pojo.model.PmcAccount;\nimport com.baidu.pmc.pojo.model.PmcPayCommonBankSet;\nimport com.baidu.pmc.pojo.model.cmb.PayQO;\nimport lombok.extern.slf4j.Slf4j;\nimport org.apache.commons.collections.CollectionUtils;\nimport org.springframework.beans.factory.annotation.Autowired;\nimport org.springframework.stereotype.Service;\nimport tk.mybatis.mapper.entity.Example;\n\nimport java.util.ArrayList;\nimport java.util.HashMap;\nimport java.util.List;\nimport java.util.Map;\nimport java.util.Objects;\n\nimport static com.baidu.pmc.pojo.constants.Constants.PmcLookupInfoCode.BD_COMPANY;\nimport static com.baidu.pmc.pojo.constants.Constants.PmcLookupInfoCode.CURRENCY;\n\n@Slf4j\n@Service\npublic class BankBcmServiceImpl implements BankBcmService {\n    /**\n     * 10 毫秒重试\n     */\n    private static final long REDIS_LOCK_TIMEOUT = 10;\n    /**\n     * 10 分钟超时\n     */\n    private static final int REDIS_LOCK_EXPIRE = 10 * 60;\n\n\n    @Autowired\n    private AccountService accountService;\n\n    @Autowired\n    private SendMailService mailService;\n    @Autowired\n    private MachineService machineService;\n    @Autowired\n    private BankcommonPayInstructService bankcommonPayInstructService;\n    //  @Autowired\n    //    private BankcommonPayInstructMapper bankcommonPayInstructMapper;\n    @Autowired\n    private BankCommonPayInstructInterService bankCommonPayInstructInterService;\n    @Autowired\n    private PayChecksWriteBackService payChecksWriteBackService;\n    @Autowired\n    private PayChecksService payChecksService;\n    @Autowired\n    private PayChecksHisService payChecksHisService;\n    @Autowired\n    private OperateByJDBC operateByJDBC;\n\n    @Autowired\n    private MessageBuilder messageBuilder;\n\n    @Autowired\n    private ResponseXmlParser responseXmlParser;\n\n    @Autowired\n    private PmcPayCommonBankColSetMapper pmcPayCommonBankColSetMapper;\n\n    @Autowired\n    private PmcPayCommonBankColSetService pmcPayCommonBankColSetService;\n\n    @Autowired\n    private PmcPayCommonBankSetMapper pmcPayCommonBankSetMapper;\n\n    @Autowired\n    private BankStrategyClient bankStrategyClient;\n\n    @Autowired\n    private PmcPayCommonTransFlexSetMapper pmcPayCommonTransFlexSetMapper;\n\n    @Autowired\n    private BankcommonService bankcommonService;\n\n    @Override\n    public List<TransInfo> selectBankcommonTrans(PayQO payQO, Map<String, String> extentionParams) {\n        List<TransInfo> result = new ArrayList<>();\n        PmcAccount account = accountService.queryBankcommonAccountByAccountNo(payQO);\n        if (account == null || payQO.getStartDate() == null || payQO.getEndDate() == null) {\n            return result;\n        }\n\n        Map<String, Object> dto = new HashMap<String, Object>();\n        dto.put(\"tenantId\", account.getTenantId());\n        dto.put(\"account\", account.getAccountNo());\n        dto.put(\"bankCode\", account.getBank());\n        dto.put(\"currency\", account.getCurrency());\n        dto.put(\"beginDate\", DateUtils.formatDate(payQO.getStartDate(), DateTool.DAY_PARTTEN_YYYYMMDD));\n        dto.put(\"endDate\", DateUtils.formatDate(payQO.getEndDate(), DateTool.DAY_PARTTEN_YYYYMMDD));\n        // 如果有日期扩展参数，则使用扩展参数覆盖默认参数\n        if (Objects.nonNull(extentionParams)) {\n            if (Objects.nonNull(extentionParams.get(\"beginDate\"))) {\n                dto.put(\"beginDate\", extentionParams.get(\"beginDate\"));\n            }\n            if (Objects.nonNull(extentionParams.get(\"endDate\"))) {\n                dto.put(\"endDate\", extentionParams.get(\"endDate\"));\n            }\n        }\n        this.homeTransactionsDeal(dto, extentionParams);\n\n        if (CollectionUtils.isNotEmpty((List<TransInfo>) dto.get(\"transInfoList\"))) {\n            String company = operateByJDBC.translate(BD_COMPANY, account.getCompanyCode());\n            for (TransInfo trans : (List<TransInfo>) dto.get(\"transInfoList\")) {\n                trans.setBankAccount(account.getAccountNo());\n                trans.setCompanyName(company);\n                trans.setCurrencyName(operateByJDBC.translate(CURRENCY, trans.getCurrency()));\n                result.add(trans);\n            }\n        }\n\n        return result;\n    }\n\n\n    /**\n     * 调起银行流水接口\n     */\n    private void homeTransactionsDeal(Map<String, Object> dto, Map<String, String> extentionParams) {\n        try {\n            Integer pageSize = 20;\n            Example examplePageSize = new Example(PmcPayCommonBankColSet.class);\n            examplePageSize.createCriteria().\n                    andEqualTo(\"bankCode\", dto.get(\"bankCode\"))\n                    .andEqualTo(\"interfaceType\", dto.get(\"interfaceType\"))\n                    .andEqualTo(\"interfaceDirection\", Constants.BankcommonInterfaceDirectionEnum.REQUEST)\n                    .andEqualTo(\"columnCode\", Constants.BankcommonColumnCodeEnum.DEFAULT_PAGE_SIZE)\n                    .andEqualTo(\"enableFlag\", Constants.ENABLED_Y);\n            List<PmcPayCommonBankColSet> pmcPayCommonBankColSetsPageSize = pmcPayCommonBankColSetMapper.selectByExample(examplePageSize);\n            if (CollectionUtils.isNotEmpty(pmcPayCommonBankColSetsPageSize)) {\n                pageSize = Integer.parseInt(pmcPayCommonBankColSetsPageSize.get(0).getMappingBankCol());\n            }\n            dto.put(\"pageSize\", pageSize);\n            List<TransInfo> res = new ArrayList<>();\n            dto.put(\"funName\", Constants.BankcommonTranscodeEnum.TRANSACTIONS);\n            String request = messageBuilder.queryTransactionsMessage(dto, extentionParams);\n\n            // 发送银行请求\n            String response = bankcommonService.postBank(request, dto, StringUtils.toString(dto.get(\"bankCode\")));\n            if (Constants.NO_ENABLED_MACHINE.equals(response)) {\n                log.error(\"流水查询时 无可用前置机异常, accountNo={}\", StringUtils.toString(dto.get(\"account\")));\n            } else if (Constants.BANK_POST_EXCEPTION.equals(response)) {\n                log.error(\"流水查询请求异常, accountNo={}\", StringUtils.toString(dto.get(\"account\")));\n            }\n            ResponseHeaderDTO responseHeaderDto =\n                    responseXmlParser.parseResponseXml(response, dto);\n            log.info(\"homeTransactionsDeal 处理银行请求结果 resDto={}\", JSON.toJSONString(responseHeaderDto));\n            if (responseHeaderDto == null) {\n                log.error(\"homeTransactionsDeal 银行报文解析为空\");\n                return;\n            }\n            ResponseHeaderDTO.SystemHeadBean header = responseHeaderDto.getHeader();\n            ResponseBodyDTO bodyDto = responseHeaderDto.getBody();\n            if (header == null || !Constants.RESPONSE_SUCCESS.equals(header.getStatus()) || bodyDto == null\n                    || CollectionUtils.isEmpty(bodyDto.getTransInfoList())) {\n                log.error(\"homeTransactionsDeal 银行报文解析发生错误\");\n                return;\n            }\n            // 处理成功\n            res.addAll(bodyDto.getTransInfoList());\n\n            dto.put(\"transInfoList\", res);\n        } catch (Exception e) {\n            log.error(\"homeTransactionsDeal 账户流水处理失败\", e);\n        }\n    }\n\n}\n","completed":false,"isEnd":false,"failed":false}
[55864] [2026-01-09 19:48:35] [VERBOSE] [VIRTUALEDITOR]  VirtualEditor.getDocument, args: absolutePath=/Users/xiaoliu/baidu/bpit-proc-apps/pmc/.comate/rules/rules.mdr
[55864] [2026-01-09 19:48:35] [INFO] [ENGINE]  <--------- ENGINE SEND: VIRTUAL_EDITOR_EVENT {"action":"getDocument","payload":{"absolutePath":"/Users/xiaoliu/baidu/bpit-proc-apps/pmc/.comate/rules/rules.mdr","uuid":"eef5109f-7394-457c-8fe6-66e65b4fe7a8"}}
[55864] [2026-01-09 19:48:35] [INFO] [ENGINE]  ---------> ENGINE REC: VIRTUAL_EDITOR_EVENT {"uuid":"eef5109f-7394-457c-8fe6-66e65b4fe7a8","existed":true,"content":"---\n alwaysApply: true \n---\n# 百度PMC支付管理中心项目规则\n\n## 项目概览\n\n**项目定位**: 百度企业金融支付管理中心，处理多银行渠道的企业支付业务\n**架构模式**: Spring Cloud微服务架构，按银行维度模块化设计\n**技术栈**: Spring Boot 1.5.9 + MyBatis + Spring Cloud Netflix + Hessian\n\n## 核心架构规则\n\n### 模块划分原则\n- **银行独立模块**: 每个银行对应独立服务模块（pmc-basic-{bank-code}）\n- **通用支撑模块**: pmc-basic-common（基础设施）、pmc-basic-pojo（数据模型）、pmc-basic-persistence（数据访问）\n- **业务核心模块**: pmc-basic-service（核心业务）、pmc-basic-web（网关层）\n- **策略模式**: 所有银行模块实现统一BankStrategy接口，运行时动态选择具体实现\n\n### 分层架构规范\n```\nController层 → Service层 → 银行策略层 → Persistence层\n```\n- Controller: 统一使用@RestController，返回ResponseMessage包装对象\n- Service: 接口+实现类模式，使用Spring声明式事务\n- 策略层: 通过BankStrategyEnum枚举选择具体银行实现\n- Persistence: MyBatis + 通用Mapper，XML映射文件位于resources/mapper/\n\n## 开发契约\n\n### 异常处理模式\n- 全局异常处理器: 使用@RestControllerAdvice统一处理FeignException、AccessDeniedException等\n- 统一响应: 所有API返回ResponseMessage对象（包含status、message、data字段）\n- 操作日志: 基于MyBatis拦截器自动记录DELETE/UPDATE操作，异步写入\n\n### 银行接口封装规范\n- **报文标准化**: 统一使用MessageBuilder构建银行报文，ResponseXmlParser解析响应\n- **XML处理**: 使用JDOM2处理银行XML报文，XPath进行节点操作\n- **安全机制**: 各银行独立处理加密、证书、签名等安全要求\n- **通信协议**: 主要使用HTTP+XML，部分银行支持FTP/SFTP\n\n### 命名规范\n- **包名**: com.baidu.pmc.{bank-code}.{layer}\n- **类名**: {BankCode}{Function}（如：CmbController、IcbcService）\n- **方法名**: selectXxx、queryXxx、insertXxx、updateXxx、deleteXxx\n- **表名**: pmc_{bank-code}_{entity-name}\n- **模块名**: pmc-basic-{bank-code}\n\n### 配置管理\n- **多环境支持**: Maven profiles管理local/dev/test/uat/sit/vir/online环境\n- **配置中心**: Spring Cloud Config集中管理配置\n- **服务注册**: Eureka进行服务发现和注册\n- **网关路由**: Zuul统一路由转发和过滤处理\n\n## 关键开发模式\n\n### 银行适配器模式\n每个银行模块独立部署，通过策略模式实现统一调用：\n1. 定义BankStrategy接口规范\n2. 各银行实现具体的策略类\n3. 通过BankStrategyEnum选择具体实现\n4. 运行时动态绑定银行特定逻辑\n\n### 数据一致性保障\n- **事务边界**: Service层定义事务边界，跨银行操作使用最终一致性\n- **幂等性**: 支付指令使用唯一标识，支持重复提交校验\n- **状态管理**: 统一支付状态流转（待发送→已发送→处理中→成功/失败）\n\n### 异步处理机制\n- **异步日志**: 使用@Async注解实现操作日志异步写入\n- **消息推送**: 集成百度微云消息中心进行状态通知\n- **重试机制**: 银行接口调用支持可配置的重试策略\n\n## 环境配置\n\n### 端口分配\n各银行服务使用不同端口避免冲突：\n- 主服务: 8080\n- 招商银行: 8081\n- 工商银行: 8082\n- 建设银行: 8083\n- [需人工确认] 其他银行端口按顺序分配\n\n### 构建部署\n- **构建工具**: Maven多模块项目，Java 8编译\n- **CI/CD**: BCloud平台自动化构建\n- **构建脚本**: 各环境独立脚本（sitBuild.sh、uatBuild.sh等）\n- **产出物**: 统一输出到output目录\n\n## 集成规范\n\n### 百度内部系统集成\n- **认证系统**: UUAP统一认证，支持单点登录\n- **消息中心**: 百度微云消息中心推送状态变更通知\n- **工作流**: WK工作流引擎处理审批流程\n\n### 外部接口规范\n- **RESTful API**: 统一使用REST风格接口\n- **数据格式**: JSON为主，银行接口使用XML\n- **错误码**: 统一错误码规范，区分系统错误和业务错误\n\n## 注意事项\n\n1. **银行模块隔离**: 禁止跨银行模块直接调用，必须通过策略模式\n2. **环境配置**: 严格按Maven profile进行环境隔离，禁止配置混淆\n3. **安全要求**: 银行敏感信息（密钥、证书）按各银行要求独立管理\n4. **事务边界**: 避免跨银行事务，使用补偿机制保证最终一致性\n5. **版本兼容**: Spring Boot 1.5.9版本，注意依赖版本冲突\n\n---\n\n**最后更新**: 2025-11-09\n**适用范围**: 百度PMC支付管理中心所有开发活动\n**规则优先级**: 项目级规则 > 通用开发规范 > 个人编码习惯","completed":false,"isEnd":false,"failed":false}
[55864] [2026-01-09 19:48:36] [INFO] [ENGINE]  ---------> ENGINE REC: COMATE_AGENT_NEW_MESSAGE {"data":"{\"agentPayload\":{\"messageType\":\"refresh-messages\",\"conversationId\":\"20fec48e-734a-4cda-b6a7-4b56823ff21d\",\"payload\":{}}}"}
[55864] [2026-01-09 19:48:36] [INFO] [CONVERSATIONMANAGER]  onConversationMessage {"messageType":"refresh-messages","conversationId":"20fec48e-734a-4cda-b6a7-4b56823ff21d","payload":{}}
[55864] [2026-01-09 19:48:37] [INFO] [ENGINE]  ---------> ENGINE REC: COMATE_AGENT_NEW_MESSAGE {"data":"{\"agentPayload\":{\"messageType\":\"refresh-messages\",\"conversationId\":\"20fec48e-734a-4cda-b6a7-4b56823ff21d\",\"payload\":{}}}"}
[55864] [2026-01-09 19:48:37] [INFO] [CONVERSATIONMANAGER]  onConversationMessage {"messageType":"refresh-messages","conversationId":"20fec48e-734a-4cda-b6a7-4b56823ff21d","payload":{}}
[55864] [2026-01-09 19:48:37] [VERBOSE] [VIRTUALEDITOR]  VirtualEditor.getDocument, args: absolutePath=/Users/xiaoliu/baidu/bpit-proc-apps/pmc/pmc-basic-bankcommon/src/main/java/com/baidu/pmc/bankcommon/core/utils/BankTransactionParser.java
[55864] [2026-01-09 19:48:37] [INFO] [ENGINE]  <--------- ENGINE SEND: VIRTUAL_EDITOR_EVENT {"action":"getDocument","payload":{"absolutePath":"/Users/xiaoliu/baidu/bpit-proc-apps/pmc/pmc-basic-bankcommon/src/main/java/com/baidu/pmc/bankcommon/core/utils/BankTransactionParser.java","uuid":"f555f2c9-509a-49ee-be2b-74301dd1e6ed"}}
[55864] [2026-01-09 19:48:37] [INFO] [ENGINE]  ---------> ENGINE REC: VIRTUAL_EDITOR_EVENT {"uuid":"f555f2c9-509a-49ee-be2b-74301dd1e6ed","existed":false,"content":"","completed":false,"isEnd":false,"failed":false}
[55864] [2026-01-09 19:48:37] [VERBOSE] [VIRTUALEDITOR]  VirtualEditor.getDocument, args: absolutePath=/Users/xiaoliu/baidu/bpit-proc-apps/pmc/pmc-basic-bankcommon/src/main/java/com/baidu/pmc/bankcommon/core/utils/BankTransactionParser.java
[55864] [2026-01-09 19:48:37] [INFO] [ENGINE]  <--------- ENGINE SEND: VIRTUAL_EDITOR_EVENT {"action":"getDocument","payload":{"absolutePath":"/Users/xiaoliu/baidu/bpit-proc-apps/pmc/pmc-basic-bankcommon/src/main/java/com/baidu/pmc/bankcommon/core/utils/BankTransactionParser.java","uuid":"a3186ef1-4fe6-4d80-bcf8-39fb6f0cb8dd"}}
[55864] [2026-01-09 19:48:37] [INFO] [ENGINE]  ---------> ENGINE REC: VIRTUAL_EDITOR_EVENT {"uuid":"a3186ef1-4fe6-4d80-bcf8-39fb6f0cb8dd","existed":false,"content":"","completed":false,"isEnd":false,"failed":false}
[55864] [2026-01-09 19:48:39] [INFO] [PLUGINCHANNEL]  {"level":"warn","source":"IdeSession","action":"SessionTimeout","detail":{}}
[55864] [2026-01-09 19:48:40] [INFO] [PLUGINCHANNEL]  {"level":"warn","source":"IdeSession","action":"SessionTimeout","detail":{}}
[55864] [2026-01-09 19:48:41] [INFO] [PLUGINCHANNEL]  {"level":"warn","source":"IdeSession","action":"SessionTimeout","detail":{}}
[55864] [2026-01-09 19:48:46] [INFO] [PLUGINCHANNEL]  {"level":"warn","source":"IdeSession","action":"SessionTimeout","detail":{}}
[55864] [2026-01-09 19:48:48] [INFO] [ENGINE]  ---------> ENGINE REC: COMATE_AGENT_NEW_MESSAGE {"data":"{\"agentPayload\":{\"messageType\":\"refresh-messages\",\"conversationId\":\"20fec48e-734a-4cda-b6a7-4b56823ff21d\",\"payload\":{}}}"}
[55864] [2026-01-09 19:48:48] [INFO] [CONVERSATIONMANAGER]  onConversationMessage {"messageType":"refresh-messages","conversationId":"20fec48e-734a-4cda-b6a7-4b56823ff21d","payload":{}}
[55864] [2026-01-09 19:48:51] [INFO] [PLUGINCHANNEL]  {"level":"warn","source":"IdeSession","action":"SessionTimeout","detail":{}}
[55864] [2026-01-09 19:48:54] [INFO] [PLUGINCHANNEL]  {"level":"warn","source":"IdeSession","action":"SessionTimeout","detail":{}}
[55864] [2026-01-09 19:48:54] [INFO] [PLUGINCHANNEL]  {"level":"warn","source":"IdeSession","action":"SessionTimeout","detail":{}}
[55864] [2026-01-09 19:48:56] [INFO] [PLUGINCHANNEL]  {"level":"warn","source":"IdeSession","action":"SessionTimeout","detail":{}}
[55864] [2026-01-09 19:49:03] [INFO] [PLUGINCHANNEL]  {"level":"warn","source":"IdeSession","action":"SessionTimeout","detail":{}}
[55864] [2026-01-09 19:49:15] [VERBOSE] [VIRTUALEDITOR]  VirtualEditor.getActiveDocument, args: 
[55864] [2026-01-09 19:49:15] [INFO] [ENGINE]  <--------- ENGINE SEND: VIRTUAL_EDITOR_EVENT {"action":"getActiveDocument","payload":{"uuid":"5fedeafa-66cc-42ab-be54-ba49a98fef6d"}}
[55864] [2026-01-09 19:49:15] [INFO] [ENGINE]  ---------> ENGINE REC: VIRTUAL_EDITOR_EVENT {"uuid":"5fedeafa-66cc-42ab-be54-ba49a98fef6d","existed":true,"absolutePath":"/Users/xiaoliu/baidu/bpit-proc-apps/pmc/pmc-basic-bankcommon/src/main/java/com/baidu/pmc/bankcommon/core/service/bcm/impl/BankBcmServiceImpl.java","content":"package com.baidu.pmc.bankcommon.core.service.bcm.impl;\n\nimport com.alibaba.fastjson.JSON;\nimport com.baidu.pmc.bankcommon.core.constants.Constants;\nimport com.baidu.pmc.bankcommon.core.dto.ResponseBodyDTO;\nimport com.baidu.pmc.bankcommon.core.dto.ResponseHeaderDTO;\nimport com.baidu.pmc.bankcommon.core.service.AccountService;\nimport com.baidu.pmc.bankcommon.core.service.BankCommonPayInstructInterService;\nimport com.baidu.pmc.bankcommon.core.service.BankStrategyClient;\nimport com.baidu.pmc.bankcommon.core.service.BankcommonPayInstructService;\nimport com.baidu.pmc.bankcommon.core.service.BankcommonService;\nimport com.baidu.pmc.bankcommon.core.service.MachineService;\nimport com.baidu.pmc.bankcommon.core.service.PayChecksHisService;\nimport com.baidu.pmc.bankcommon.core.service.PayChecksService;\nimport com.baidu.pmc.bankcommon.core.service.PayChecksWriteBackService;\nimport com.baidu.pmc.bankcommon.core.service.PmcPayCommonBankColSetService;\nimport com.baidu.pmc.bankcommon.core.service.bcm.BankBcmService;\nimport com.baidu.pmc.bankcommon.core.service.impl.OperateByJDBC;\nimport com.baidu.pmc.bankcommon.core.service.impl.SendMailService;\nimport com.baidu.pmc.bankcommon.core.utils.DateTool;\nimport com.baidu.pmc.bankcommon.core.utils.MessageBuilder;\nimport com.baidu.pmc.bankcommon.core.utils.ResponseXmlParser;\nimport com.baidu.pmc.bankcommon.core.utils.WkContextHolder;\nimport com.baidu.pmc.bankcommon.persistence.dao.PmcPayCommonBankColSetMapper;\nimport com.baidu.pmc.bankcommon.persistence.dao.PmcPayCommonBankSetMapper;\nimport com.baidu.pmc.bankcommon.persistence.dao.PmcPayCommonTransFlexSetMapper;\nimport com.baidu.pmc.bankcommon.persistence.domain.PmcPayCommonBankColSet;\nimport com.baidu.pmc.common.utils.DateUtils;\nimport com.baidu.pmc.common.utils.StringUtils;\nimport com.baidu.pmc.pojo.dto.cmb.TransInfo;\nimport com.baidu.pmc.pojo.model.PmcAccount;\nimport com.baidu.pmc.pojo.model.PmcPayCommonBankSet;\nimport com.baidu.pmc.pojo.model.cmb.PayQO;\nimport lombok.extern.slf4j.Slf4j;\nimport org.apache.commons.collections.CollectionUtils;\nimport org.springframework.beans.factory.annotation.Autowired;\nimport org.springframework.stereotype.Service;\nimport tk.mybatis.mapper.entity.Example;\n\nimport java.util.ArrayList;\nimport java.util.HashMap;\nimport java.util.List;\nimport java.util.Map;\nimport java.util.Objects;\n\nimport static com.baidu.pmc.pojo.constants.Constants.PmcLookupInfoCode.BD_COMPANY;\nimport static com.baidu.pmc.pojo.constants.Constants.PmcLookupInfoCode.CURRENCY;\n\n@Slf4j\n@Service\npublic class BankBcmServiceImpl implements BankBcmService {\n    /**\n     * 10 毫秒重试\n     */\n    private static final long REDIS_LOCK_TIMEOUT = 10;\n    /**\n     * 10 分钟超时\n     */\n    private static final int REDIS_LOCK_EXPIRE = 10 * 60;\n\n\n    @Autowired\n    private AccountService accountService;\n\n    @Autowired\n    private SendMailService mailService;\n    @Autowired\n    private MachineService machineService;\n    @Autowired\n    private BankcommonPayInstructService bankcommonPayInstructService;\n    //  @Autowired\n    //    private BankcommonPayInstructMapper bankcommonPayInstructMapper;\n    @Autowired\n    private BankCommonPayInstructInterService bankCommonPayInstructInterService;\n    @Autowired\n    private PayChecksWriteBackService payChecksWriteBackService;\n    @Autowired\n    private PayChecksService payChecksService;\n    @Autowired\n    private PayChecksHisService payChecksHisService;\n    @Autowired\n    private OperateByJDBC operateByJDBC;\n\n    @Autowired\n    private MessageBuilder messageBuilder;\n\n    @Autowired\n    private ResponseXmlParser responseXmlParser;\n\n    @Autowired\n    private PmcPayCommonBankColSetMapper pmcPayCommonBankColSetMapper;\n\n    @Autowired\n    private PmcPayCommonBankColSetService pmcPayCommonBankColSetService;\n\n    @Autowired\n    private PmcPayCommonBankSetMapper pmcPayCommonBankSetMapper;\n\n    @Autowired\n    private BankStrategyClient bankStrategyClient;\n\n    @Autowired\n    private PmcPayCommonTransFlexSetMapper pmcPayCommonTransFlexSetMapper;\n\n    @Autowired\n    private BankcommonService bankcommonService;\n\n    @Override\n    public List<TransInfo> selectBankcommonTrans(PayQO payQO, Map<String, String> extentionParams) {\n        List<TransInfo> result = new ArrayList<>();\n        PmcAccount account = accountService.queryBankcommonAccountByAccountNo(payQO);\n        if (account == null || payQO.getStartDate() == null || payQO.getEndDate() == null) {\n            return result;\n        }\n\n        Map<String, Object> dto = new HashMap<String, Object>();\n        dto.put(\"tenantId\", account.getTenantId());\n        dto.put(\"account\", account.getAccountNo());\n        dto.put(\"bankCode\", account.getBank());\n        dto.put(\"currency\", account.getCurrency());\n        dto.put(\"beginDate\", DateUtils.formatDate(payQO.getStartDate(), DateTool.DAY_PARTTEN_YYYYMMDD));\n        dto.put(\"endDate\", DateUtils.formatDate(payQO.getEndDate(), DateTool.DAY_PARTTEN_YYYYMMDD));\n        // 如果有日期扩展参数，则使用扩展参数覆盖默认参数\n        if (Objects.nonNull(extentionParams)) {\n            if (Objects.nonNull(extentionParams.get(\"beginDate\"))) {\n                dto.put(\"beginDate\", extentionParams.get(\"beginDate\"));\n            }\n            if (Objects.nonNull(extentionParams.get(\"endDate\"))) {\n                dto.put(\"endDate\", extentionParams.get(\"endDate\"));\n            }\n        }\n        this.homeTransactionsDeal(dto, extentionParams);\n\n        if (CollectionUtils.isNotEmpty((List<TransInfo>) dto.get(\"transInfoList\"))) {\n            String company = operateByJDBC.translate(BD_COMPANY, account.getCompanyCode());\n            for (TransInfo trans : (List<TransInfo>) dto.get(\"transInfoList\")) {\n                trans.setBankAccount(account.getAccountNo());\n                trans.setCompanyName(company);\n                trans.setCurrencyName(operateByJDBC.translate(CURRENCY, trans.getCurrency()));\n                result.add(trans);\n            }\n        }\n\n        return result;\n    }\n\n\n    /**\n     * 调起银行流水接口\n     */\n    private void homeTransactionsDeal(Map<String, Object> dto, Map<String, String> extentionParams) {\n        try {\n            Integer pageSize = 20;\n            Example examplePageSize = new Example(PmcPayCommonBankColSet.class);\n            examplePageSize.createCriteria().\n                    andEqualTo(\"bankCode\", dto.get(\"bankCode\"))\n                    .andEqualTo(\"interfaceType\", dto.get(\"interfaceType\"))\n                    .andEqualTo(\"interfaceDirection\", Constants.BankcommonInterfaceDirectionEnum.REQUEST)\n                    .andEqualTo(\"columnCode\", Constants.BankcommonColumnCodeEnum.DEFAULT_PAGE_SIZE)\n                    .andEqualTo(\"enableFlag\", Constants.ENABLED_Y);\n            List<PmcPayCommonBankColSet> pmcPayCommonBankColSetsPageSize = pmcPayCommonBankColSetMapper.selectByExample(examplePageSize);\n            if (CollectionUtils.isNotEmpty(pmcPayCommonBankColSetsPageSize)) {\n                pageSize = Integer.parseInt(pmcPayCommonBankColSetsPageSize.get(0).getMappingBankCol());\n            }\n            dto.put(\"pageSize\", pageSize);\n            List<TransInfo> res = new ArrayList<>();\n            dto.put(\"funName\", Constants.BankcommonTranscodeEnum.TRANSACTIONS);\n            String request = messageBuilder.queryTransactionsMessage(dto, extentionParams);\n\n            // 发送银行请求\n            String response = bankcommonService.postBank(request, dto, StringUtils.toString(dto.get(\"bankCode\")));\n            if (Constants.NO_ENABLED_MACHINE.equals(response)) {\n                log.error(\"流水查询时 无可用前置机异常, accountNo={}\", StringUtils.toString(dto.get(\"account\")));\n            } else if (Constants.BANK_POST_EXCEPTION.equals(response)) {\n                log.error(\"流水查询请求异常, accountNo={}\", StringUtils.toString(dto.get(\"account\")));\n            }\n            ResponseHeaderDTO responseHeaderDto =\n                    responseXmlParser.parseResponseXml(response, dto);\n            log.info(\"homeTransactionsDeal 处理银行请求结果 resDto={}\", JSON.toJSONString(responseHeaderDto));\n            if (responseHeaderDto == null) {\n                log.error(\"homeTransactionsDeal 银行报文解析为空\");\n                return;\n            }\n            ResponseHeaderDTO.SystemHeadBean header = responseHeaderDto.getHeader();\n            ResponseBodyDTO bodyDto = responseHeaderDto.getBody();\n            if (header == null || !Constants.RESPONSE_SUCCESS.equals(header.getStatus()) || bodyDto == null\n                    || CollectionUtils.isEmpty(bodyDto.getTransInfoList())) {\n                log.error(\"homeTransactionsDeal 银行报文解析发生错误\");\n                return;\n            }\n            // 处理成功\n            res.addAll(bodyDto.getTransInfoList());\n\n            dto.put(\"transInfoList\", res);\n        } catch (Exception e) {\n            log.error(\"homeTransactionsDeal 账户流水处理失败\", e);\n        }\n    }\n\n}\n","scheme":"file","completed":false,"isEnd":false,"failed":false}
[55864] [2026-01-09 19:49:15] [VERBOSE] [VIRTUALEDITOR]  VirtualEditor.openVirtualDiffDocument, args: absolutePath=/Users/xiaoliu/baidu/bpit-proc-apps/pmc/pmc-basic-bankcommon/src/main/java/com/baidu/pmc/bankcommon/core/utils/BankTransactionParser.java,stream=true,source=E2EBotConversation,acceptable=true,action=edit,openFileDiff=true,conversationId=20fec48e-734a-4cda-b6a7-4b56823ff21d,elementId=6960eb13965cab162c60ac51,inlineView=true
[55864] [2026-01-09 19:49:15] [INFO] [ENGINE]  <--------- ENGINE SEND: VIRTUAL_EDITOR_EVENT {"action":"openVirtualDiffDocument","payload":{"absolutePath":"/Users/xiaoliu/baidu/bpit-proc-apps/pmc/pmc-basic-bankcommon/src/main/java/com/baidu/pmc/bankcommon/core/utils/BankTransactionParser.java","content":"","modified":"package com.baidu.pmc.bankcommon.core.utils;\n\nimport com.baidu.pmc.bankcommon.core.model.BankTransaction;\nimport lombok.extern.slf4j.Slf4j;\nimport org.apache.commons.lang3.StringUtils;\n\nimport java.util.ArrayList;\nimport java.util.Arrays;\nimport java.util.List;\n\n/**\n * 银行交易记录解析工具类\n * 用于解析银行流水文本数据，按照固定分隔符分割字段\n */\n@Slf4j\npublic class BankTransactionParser {\n\n    private static final String FIELD_SEPARATOR = \"|\";\n    private static final int EXPECTED_FIELD_COUNT = 26;\n\n    /**\n     * 解析银行交易记录字符串\n     *\n     * @param dataString 包含表头和数据的完整字符串\n     * @return 解析后的交易记录列表\n     */\n    public static List<BankTransaction> parseBankTransactions(String dataString) {\n        List<BankTransaction> transactions = new ArrayList<>();\n        \n        if (StringUtils.isBlank(dataString)) {\n            log.warn(\"银行交易记录字符串为空\");\n            return transactions;\n        }\n\n        // 按行分割字符串\n        String[] lines = dataString.split(\"\\n\");\n        if (lines.length < 2) {\n            log.warn(\"银行交易记录数据行数不足，至少需要表头和一行数据\");\n            return transactions;\n        }\n\n        try {\n            // 第一行是表头\n            String headerLine = lines[0].trim();\n            // 移除开头的\"状态|\"，并根据项目规则修正字段名\n            String[] headerFields = parseFields(headerLine.replaceFirst(\"^状态\\\\|\", \"\"));\n            \n            // 处理数据行\n            for (int i = 1; i < lines.length; i++) {\n                String dataLine = lines[i].trim();\n                if (StringUtils.isBlank(dataLine)) {\n                    continue;\n                }\n                \n                String[] dataFields = parseFields(dataLine);\n                if (dataFields.length == EXPECTED_FIELD_COUNT) {\n                    BankTransaction transaction = createTransaction(headerFields, dataFields);\n                    transactions.add(transaction);\n                } else {\n                    log.warn(\"第{}行数据字段数量不正确，期望{}个，实际{}个\", \n                            i + 1, EXPECTED_FIELD_COUNT, dataFields.length);\n                }\n            }\n            \n        } catch (Exception e) {\n            log.error(\"解析银行交易记录时发生异常\", e);\n        }\n\n        return transactions;\n    }\n\n    /**\n     * 解析单行数据字段\n     *\n     * @param line 原始数据行\n     * @return 分割后的字段数组\n     */\n    private static String[] parseFields(String line) {\n        String[] fields = line.split(\"\\\\\" + FIELD_SEPARATOR, -1); // 保留空字段\n        \n        // 处理字段值，去除前后空格\n        for (int i = 0; i < fields.length; i++) {\n            fields[i] = fields[i].trim();\n        }\n        \n        return fields;\n    }\n\n    /**\n     * 根据表头和数据字段创建交易记录对象\n     *\n     * @param headerFields 表头字段\n     * @param dataFields 数据字段\n     * @return 交易记录对象\n     */\n    private static BankTransaction createTransaction(String[] headerFields, String[] dataFields) {\n        BankTransaction transaction = new BankTransaction();\n        \n        // 根据索引设置字段值\n        if (headerFields.length >= 1) transaction.setStatus(getField(dataFields, 0)); // 状态\n        if (headerFields.length >= 2) transaction.setTransactionDate(getField(dataFields, 1)); // 交易日期\n        if (headerFields.length >= 3) transaction.setTransactionTime(getField(dataFields, 2)); // 交易时间\n        if (headerFields.length >= 4) transaction.setBusinessType(getField(dataFields, 3)); // 业务类型\n        if (headerFields.length >= 5) transaction.setSerialNumber(getField(dataFields, 4)); // 流水号\n        if (headerFields.length >= 6) transaction.setSequenceNumber(getField(dataFields, 5)); // 流水序号\n        if (headerFields.length >= 7) transaction.setAccountNumber(getField(dataFields, 6)); // 账号\n        if (headerFields.length >= 8) transaction.setAccountName(getField(dataFields, 7)); // 户名\n        if (headerFields.length >= 9) transaction.setIncomeExpenseFlag(getField(dataFields, 8)); // 收支标志\n        if (headerFields.length >= 10) transaction.setCurrency(getField(dataFields, 9)); // 币种\n        if (headerFields.length >= 11) transaction.setTransactionAmount(getField(dataFields, 10)); // 交易金额\n        if (headerFields.length >= 12) transaction.setBalance(getField(dataFields, 11)); // 余额\n        if (headerFields.length >= 13) transaction.setAvailableBalance(getField(dataFields, 12)); // 可用余额\n        if (headerFields.length >= 14) transaction.setCounterpartyAccount(getField(dataFields, 13)); // 对方账号\n        if (headerFields.length >= 15) transaction.setCounterpartyName(getField(dataFields, 14)); // 对方户名\n        if (headerFields.length >= 16) transaction.setCounterpartyAddress(getField(dataFields, 15)); // 对方地址\n        if (headerFields.length >= 17) transaction.setCounterpartyBankCode(getField(dataFields, 16)); // 对方开户行行号\n        if (headerFields.length >= 18) transaction.setCounterpartyBankName(getField(dataFields, 17)); // 对方开户行行名\n        if (headerFields.length >= 19) transaction.setBillType(getField(dataFields, 18)); // 票据种类\n        if (headerFields.length >= 20) transaction.setBillNumber(getField(dataFields, 19)); // 票据号码\n        if (headerFields.length >= 21) transaction.setBillName(getField(dataFields, 20)); // 票据名称\n        if (headerFields.length >= 22) transaction.setBillIssueDate(getField(dataFields, 21)); // 票据签发日期\n        if (headerFields.length >= 23) transaction.setRemarkMemo(getField(dataFields, 22)); // 附言\n        if (headerFields.length >= 24) transaction.setAdditionalRemark(getField(dataFields, 23)); // 备注\n        if (headerFields.length >= 25) transaction.setTransactionCode(getField(dataFields, 24)); // 交易码\n        if (headerFields.length >= 26) transaction.setBackupField(getField(dataFields, 25)); // 备用字段\n        \n        return transaction;\n    }\n\n    /**\n     * 安全获取字段值\n     *\n     * @param fields 字段数组\n     * @param index 索引\n     * @return 字段值，如果索引越界返回空字符串\n     */\n    private static String getField(String[] fields, int index) {\n        return (index >= 0 && index < fields.length) ? fields[index] : \"\";\n    }\n\n    /**\n     * 打印解析结果（用于调试和验证）\n     *\n     * @param transactions 交易记录列表\n     */\n    public static void printParsingResult(List<BankTransaction> transactions) {\n        log.info(\"=== 银行交易记录解析结果 ===\");\n        log.info(\"共解析出 {} 条交易记录\", transactions.size());\n        \n        for (int i = 0; i < transactions.size(); i++) {\n            BankTransaction transaction = transactions.get(i);\n            log.info(\"第 {} 条记录:\", i + 1);\n            log.info(\"  状态: {}\", transaction.getStatus());\n            log.info(\"  交易日期: {}\", transaction.getTransactionDate());\n            log.info(\"  交易时间: {}\", transaction.getTransactionTime());\n            log.info(\"  业务类型: {}\", transaction.getBusinessType());\n            log.info(\"  流水号: {}\", transaction.getSerialNumber());\n            log.info(\"  账号: {}\", maskAccountNumber(transaction.getAccountNumber()));\n            log.info(\"  户名: {}\", transaction.getAccountName());\n            log.info(\"  收支标志: {}\", transaction.getIncomeExpenseFlag());\n            log.info(\"  交易金额: {}\", transaction.getTransactionAmount());\n            log.info(\"  余额: {}\", transaction.getBalance());\n            log.info(\"  附言: {}\", transaction.getRemarkMemo());\n            log.info(\"---\");\n        }\n    }\n\n    /**\n     * 脱敏处理账号信息（用于日志输出）\n     *\n     * @param accountNumber 原始账号\n     * @return 脱敏后的账号\n     */\n    private static String maskAccountNumber(String accountNumber) {\n        if (StringUtils.isBlank(accountNumber) || accountNumber.length() <= 8) {\n            return accountNumber;\n        }\n        return accountNumber.substring(0, 4) + \"****\" + accountNumber.substring(accountNumber.length() - 4);\n    }\n}","stream":true,"source":"E2EBotConversation","acceptable":true,"action":"edit","openFileDiff":true,"conversationId":"20fec48e-734a-4cda-b6a7-4b56823ff21d","elementId":"6960eb13965cab162c60ac51","inlineView":true,"uuid":"88ac3bc7-f599-46c0-b591-d277175381a3"}}
[55864] [2026-01-09 19:49:16] [INFO] [ENGINE]  ---------> ENGINE REC: COMATE_AGENT_NEW_MESSAGE {"data":"{\"agentPayload\":{\"messageType\":\"refresh-messages\",\"conversationId\":\"20fec48e-734a-4cda-b6a7-4b56823ff21d\",\"payload\":{}}}"}
[55864] [2026-01-09 19:49:16] [INFO] [CONVERSATIONMANAGER]  onConversationMessage {"messageType":"refresh-messages","conversationId":"20fec48e-734a-4cda-b6a7-4b56823ff21d","payload":{}}
[55864] [2026-01-09 19:49:16] [INFO] [PLUGINCHANNEL]  {"level":"warn","source":"IdeSession","action":"SessionTimeout","detail":{}}
[55864] [2026-01-09 19:49:16] [INFO] [PLUGINCHANNEL]  {"level":"system","source":"IdeSession","action":"HandleMessage","detail":{"actionName":"DIAGNOSTIC_SCAN"}}
[55864] [2026-01-09 19:49:16] [INFO] [PLUGINCHANNEL]  {"level":"error","source":"IdeSession","action":"PluginNotFound","detail":{"pluginName":""}}
[55864] [2026-01-09 19:49:18] [VERBOSE] [VIRTUALEDITOR]  VirtualEditor.getDocument, args: absolutePath=/Users/xiaoliu/baidu/bpit-proc-apps/pmc/pmc-basic-bankcommon/src/main/java/com/baidu/pmc/bankcommon/core/utils/BankTransactionParser.java
[55864] [2026-01-09 19:49:18] [INFO] [ENGINE]  <--------- ENGINE SEND: VIRTUAL_EDITOR_EVENT {"action":"getDocument","payload":{"absolutePath":"/Users/xiaoliu/baidu/bpit-proc-apps/pmc/pmc-basic-bankcommon/src/main/java/com/baidu/pmc/bankcommon/core/utils/BankTransactionParser.java","uuid":"b460afcb-2ebb-40f2-be8d-5488dff25c37"}}
[55864] [2026-01-09 19:49:18] [INFO] [ENGINE]  ---------> ENGINE REC: VIRTUAL_EDITOR_EVENT {"uuid":"b460afcb-2ebb-40f2-be8d-5488dff25c37","existed":true,"content":"package com.baidu.pmc.bankcommon.core.utils;\n\nimport com.baidu.pmc.bankcommon.core.model.BankTransaction;\nimport lombok.extern.slf4j.Slf4j;\nimport org.apache.commons.lang3.StringUtils;\n\nimport java.util.ArrayList;\nimport java.util.Arrays;\nimport java.util.List;\n\n/**\n * 银行交易记录解析工具类\n * 用于解析银行流水文本数据，按照固定分隔符分割字段\n */\n@Slf4j\npublic class BankTransactionParser {\n\n    private static final String FIELD_SEPARATOR = \"|\";\n    private static final int EXPECTED_FIELD_COUNT = 26;\n\n    /**\n     * 解析银行交易记录字符串\n     *\n     * @param dataString 包含表头和数据的完整字符串\n     * @return 解析后的交易记录列表\n     */\n    public static List<BankTransaction> parseBankTransactions(String dataString) {\n        List<BankTransaction> transactions = new ArrayList<>();\n\n        if (StringUtils.isBlank(dataString)) {\n            log.warn(\"银行交易记录字符串为空\");\n            return transactions;\n        }\n\n        // 按行分割字符串\n        String[] lines = dataString.split(\"\\n\");\n        if (lines.length < 2) {\n            log.warn(\"银行交易记录数据行数不足，至少需要表头和一行数据\");\n            return transactions;\n        }\n\n        try {\n            // 第一行是表头\n            String headerLine = lines[0].trim();\n            // 移除开头的\"状态|\"，并根据项目规则修正字段名\n            String[] headerFields = parseFields(headerLine.replaceFirst(\"^状态\\\\|\", \"\"));\n\n            // 处理数据行\n            for (int i = 1; i < lines.length; i++) {\n                String dataLine = lines[i].trim();\n                if (StringUtils.isBlank(dataLine)) {\n                    continue;\n                }\n\n                String[] dataFields = parseFields(dataLine);\n                if (dataFields.length == EXPECTED_FIELD_COUNT) {\n                    BankTransaction transaction = createTransaction(headerFields, dataFields);\n                    transactions.add(transaction);\n                } else {\n                    log.warn(\"第{}行数据字段数量不正确，期望{}个，实际{}个\",\n                            i + 1, EXPECTED_FIELD_COUNT, dataFields.length);\n                }\n            }\n\n        } catch (Exception e) {\n            log.error(\"解析银行交易记录时发生异常\", e);\n        }\n\n        return transactions;\n    }\n\n    /**\n     * 解析单行数据字段\n     *\n     * @param line 原始数据行\n     * @return 分割后的字段数组\n     */\n    private static String[] parseFields(String line) {\n        String[] fields = line.split(\"\\\\\" + FIELD_SEPARATOR, -1); // 保留空字段\n\n        // 处理字段值，去除前后空格\n        for (int i = 0; i < fields.length; i++) {\n            fields[i] = fields[i].trim();\n        }\n\n        return fields;\n    }\n\n    /**\n     * 根据表头和数据字段创建交易记录对象\n     *\n     * @param headerFields 表头字段\n     * @param dataFields 数据字段\n     * @return 交易记录对象\n     */\n    private static BankTransaction createTransaction(String[] headerFields, String[] dataFields) {\n        BankTransaction transaction = new BankTransaction();\n\n        // 根据索引设置字段值\n        if (headerFields.length >= 1) transaction.setStatus(getField(dataFields, 0)); // 状态\n        if (headerFields.length >= 2) transaction.setTransactionDate(getField(dataFields, 1)); // 交易日期\n        if (headerFields.length >= 3) transaction.setTransactionTime(getField(dataFields, 2)); // 交易时间\n        if (headerFields.length >= 4) transaction.setBusinessType(getField(dataFields, 3)); // 业务类型\n        if (headerFields.length >= 5) transaction.setSerialNumber(getField(dataFields, 4)); // 流水号\n        if (headerFields.length >= 6) transaction.setSequenceNumber(getField(dataFields, 5)); // 流水序号\n        if (headerFields.length >= 7) transaction.setAccountNumber(getField(dataFields, 6)); // 账号\n        if (headerFields.length >= 8) transaction.setAccountName(getField(dataFields, 7)); // 户名\n        if (headerFields.length >= 9) transaction.setIncomeExpenseFlag(getField(dataFields, 8)); // 收支标志\n        if (headerFields.length >= 10) transaction.setCurrency(getField(dataFields, 9)); // 币种\n        if (headerFields.length >= 11) transaction.setTransactionAmount(getField(dataFields, 10)); // 交易金额\n        if (headerFields.length >= 12) transaction.setBalance(getField(dataFields, 11)); // 余额\n        if (headerFields.length >= 13) transaction.setAvailableBalance(getField(dataFields, 12)); // 可用余额\n        if (headerFields.length >= 14) transaction.setCounterpartyAccount(getField(dataFields, 13)); // 对方账号\n        if (headerFields.length >= 15) transaction.setCounterpartyName(getField(dataFields, 14)); // 对方户名\n        if (headerFields.length >= 16) transaction.setCounterpartyAddress(getField(dataFields, 15)); // 对方地址\n        if (headerFields.length >= 17) transaction.setCounterpartyBankCode(getField(dataFields, 16)); // 对方开户行行号\n        if (headerFields.length >= 18) transaction.setCounterpartyBankName(getField(dataFields, 17)); // 对方开户行行名\n        if (headerFields.length >= 19) transaction.setBillType(getField(dataFields, 18)); // 票据种类\n        if (headerFields.length >= 20) transaction.setBillNumber(getField(dataFields, 19)); // 票据号码\n        if (headerFields.length >= 21) transaction.setBillName(getField(dataFields, 20)); // 票据名称\n        if (headerFields.length >= 22) transaction.setBillIssueDate(getField(dataFields, 21)); // 票据签发日期\n        if (headerFields.length >= 23) transaction.setRemarkMemo(getField(dataFields, 22)); // 附言\n        if (headerFields.length >= 24) transaction.setAdditionalRemark(getField(dataFields, 23)); // 备注\n        if (headerFields.length >= 25) transaction.setTransactionCode(getField(dataFields, 24)); // 交易码\n        if (headerFields.length >= 26) transaction.setBackupField(getField(dataFields, 25)); // 备用字段\n\n        return transaction;\n    }\n\n    /**\n     * 安全获取字段值\n     *\n     * @param fields 字段数组\n     * @param index 索引\n     * @return 字段值，如果索引越界返回空字符串\n     */\n    private static String getField(String[] fields, int index) {\n        return (index >= 0 && index < fields.length) ? fields[index] : \"\";\n    }\n\n    /**\n     * 打印解析结果（用于调试和验证）\n     *\n     * @param transactions 交易记录列表\n     */\n    public static void printParsingResult(List<BankTransaction> transactions) {\n        log.info(\"=== 银行交易记录解析结果 ===\");\n        log.info(\"共解析出 {} 条交易记录\", transactions.size());\n\n        for (int i = 0; i < transactions.size(); i++) {\n            BankTransaction transaction = transactions.get(i);\n            log.info(\"第 {} 条记录:\", i + 1);\n            log.info(\"  状态: {}\", transaction.getStatus());\n            log.info(\"  交易日期: {}\", transaction.getTransactionDate());\n            log.info(\"  交易时间: {}\", transaction.getTransactionTime());\n            log.info(\"  业务类型: {}\", transaction.getBusinessType());\n            log.info(\"  流水号: {}\", transaction.getSerialNumber());\n            log.info(\"  账号: {}\", maskAccountNumber(transaction.getAccountNumber()));\n            log.info(\"  户名: {}\", transaction.getAccountName());\n            log.info(\"  收支标志: {}\", transaction.getIncomeExpenseFlag());\n            log.info(\"  交易金额: {}\", transaction.getTransactionAmount());\n            log.info(\"  余额: {}\", transaction.getBalance());\n            log.info(\"  附言: {}\", transaction.getRemarkMemo());\n            log.info(\"---\");\n        }\n    }\n\n    /**\n     * 脱敏处理账号信息（用于日志输出）\n     *\n     * @param accountNumber 原始账号\n     * @return 脱敏后的账号\n     */\n    private static String maskAccountNumber(String accountNumber) {\n        if (StringUtils.isBlank(accountNumber) || accountNumber.length() <= 8) {\n            return accountNumber;\n        }\n        return accountNumber.substring(0, 4) + \"****\" + accountNumber.substring(accountNumber.length() - 4);\n    }\n}","completed":false,"isEnd":false,"failed":false}
[55864] [2026-01-09 19:49:18] [VERBOSE] [VIRTUALEDITOR]  VirtualEditor.getDocument, args: absolutePath=/Users/xiaoliu/baidu/bpit-proc-apps/pmc/.comate/rules/rules.mdr
[55864] [2026-01-09 19:49:18] [INFO] [ENGINE]  <--------- ENGINE SEND: VIRTUAL_EDITOR_EVENT {"action":"getDocument","payload":{"absolutePath":"/Users/xiaoliu/baidu/bpit-proc-apps/pmc/.comate/rules/rules.mdr","uuid":"eaab4263-4371-4beb-8d2f-6b331173508c"}}
[55864] [2026-01-09 19:49:18] [INFO] [ENGINE]  ---------> ENGINE REC: VIRTUAL_EDITOR_EVENT {"uuid":"eaab4263-4371-4beb-8d2f-6b331173508c","existed":true,"content":"---\n alwaysApply: true \n---\n# 百度PMC支付管理中心项目规则\n\n## 项目概览\n\n**项目定位**: 百度企业金融支付管理中心，处理多银行渠道的企业支付业务\n**架构模式**: Spring Cloud微服务架构，按银行维度模块化设计\n**技术栈**: Spring Boot 1.5.9 + MyBatis + Spring Cloud Netflix + Hessian\n\n## 核心架构规则\n\n### 模块划分原则\n- **银行独立模块**: 每个银行对应独立服务模块（pmc-basic-{bank-code}）\n- **通用支撑模块**: pmc-basic-common（基础设施）、pmc-basic-pojo（数据模型）、pmc-basic-persistence（数据访问）\n- **业务核心模块**: pmc-basic-service（核心业务）、pmc-basic-web（网关层）\n- **策略模式**: 所有银行模块实现统一BankStrategy接口，运行时动态选择具体实现\n\n### 分层架构规范\n```\nController层 → Service层 → 银行策略层 → Persistence层\n```\n- Controller: 统一使用@RestController，返回ResponseMessage包装对象\n- Service: 接口+实现类模式，使用Spring声明式事务\n- 策略层: 通过BankStrategyEnum枚举选择具体银行实现\n- Persistence: MyBatis + 通用Mapper，XML映射文件位于resources/mapper/\n\n## 开发契约\n\n### 异常处理模式\n- 全局异常处理器: 使用@RestControllerAdvice统一处理FeignException、AccessDeniedException等\n- 统一响应: 所有API返回ResponseMessage对象（包含status、message、data字段）\n- 操作日志: 基于MyBatis拦截器自动记录DELETE/UPDATE操作，异步写入\n\n### 银行接口封装规范\n- **报文标准化**: 统一使用MessageBuilder构建银行报文，ResponseXmlParser解析响应\n- **XML处理**: 使用JDOM2处理银行XML报文，XPath进行节点操作\n- **安全机制**: 各银行独立处理加密、证书、签名等安全要求\n- **通信协议**: 主要使用HTTP+XML，部分银行支持FTP/SFTP\n\n### 命名规范\n- **包名**: com.baidu.pmc.{bank-code}.{layer}\n- **类名**: {BankCode}{Function}（如：CmbController、IcbcService）\n- **方法名**: selectXxx、queryXxx、insertXxx、updateXxx、deleteXxx\n- **表名**: pmc_{bank-code}_{entity-name}\n- **模块名**: pmc-basic-{bank-code}\n\n### 配置管理\n- **多环境支持**: Maven profiles管理local/dev/test/uat/sit/vir/online环境\n- **配置中心**: Spring Cloud Config集中管理配置\n- **服务注册**: Eureka进行服务发现和注册\n- **网关路由**: Zuul统一路由转发和过滤处理\n\n## 关键开发模式\n\n### 银行适配器模式\n每个银行模块独立部署，通过策略模式实现统一调用：\n1. 定义BankStrategy接口规范\n2. 各银行实现具体的策略类\n3. 通过BankStrategyEnum选择具体实现\n4. 运行时动态绑定银行特定逻辑\n\n### 数据一致性保障\n- **事务边界**: Service层定义事务边界，跨银行操作使用最终一致性\n- **幂等性**: 支付指令使用唯一标识，支持重复提交校验\n- **状态管理**: 统一支付状态流转（待发送→已发送→处理中→成功/失败）\n\n### 异步处理机制\n- **异步日志**: 使用@Async注解实现操作日志异步写入\n- **消息推送**: 集成百度微云消息中心进行状态通知\n- **重试机制**: 银行接口调用支持可配置的重试策略\n\n## 环境配置\n\n### 端口分配\n各银行服务使用不同端口避免冲突：\n- 主服务: 8080\n- 招商银行: 8081\n- 工商银行: 8082\n- 建设银行: 8083\n- [需人工确认] 其他银行端口按顺序分配\n\n### 构建部署\n- **构建工具**: Maven多模块项目，Java 8编译\n- **CI/CD**: BCloud平台自动化构建\n- **构建脚本**: 各环境独立脚本（sitBuild.sh、uatBuild.sh等）\n- **产出物**: 统一输出到output目录\n\n## 集成规范\n\n### 百度内部系统集成\n- **认证系统**: UUAP统一认证，支持单点登录\n- **消息中心**: 百度微云消息中心推送状态变更通知\n- **工作流**: WK工作流引擎处理审批流程\n\n### 外部接口规范\n- **RESTful API**: 统一使用REST风格接口\n- **数据格式**: JSON为主，银行接口使用XML\n- **错误码**: 统一错误码规范，区分系统错误和业务错误\n\n## 注意事项\n\n1. **银行模块隔离**: 禁止跨银行模块直接调用，必须通过策略模式\n2. **环境配置**: 严格按Maven profile进行环境隔离，禁止配置混淆\n3. **安全要求**: 银行敏感信息（密钥、证书）按各银行要求独立管理\n4. **事务边界**: 避免跨银行事务，使用补偿机制保证最终一致性\n5. **版本兼容**: Spring Boot 1.5.9版本，注意依赖版本冲突\n\n---\n\n**最后更新**: 2025-11-09\n**适用范围**: 百度PMC支付管理中心所有开发活动\n**规则优先级**: 项目级规则 > 通用开发规范 > 个人编码习惯","completed":false,"isEnd":false,"failed":false}
[55864] [2026-01-09 19:49:19] [INFO] [ENGINE]  ---------> ENGINE REC: COMATE_AGENT_NEW_MESSAGE {"data":"{\"agentPayload\":{\"messageType\":\"refresh-messages\",\"conversationId\":\"20fec48e-734a-4cda-b6a7-4b56823ff21d\",\"payload\":{}}}"}
[55864] [2026-01-09 19:49:19] [INFO] [CONVERSATIONMANAGER]  onConversationMessage {"messageType":"refresh-messages","conversationId":"20fec48e-734a-4cda-b6a7-4b56823ff21d","payload":{}}
[55864] [2026-01-09 19:49:20] [INFO] [ENGINE]  ---------> ENGINE REC: COMATE_AGENT_NEW_MESSAGE {"data":"{\"agentPayload\":{\"messageType\":\"refresh-messages\",\"conversationId\":\"20fec48e-734a-4cda-b6a7-4b56823ff21d\",\"payload\":{}}}"}
[55864] [2026-01-09 19:49:20] [INFO] [CONVERSATIONMANAGER]  onConversationMessage {"messageType":"refresh-messages","conversationId":"20fec48e-734a-4cda-b6a7-4b56823ff21d","payload":{}}
[55864] [2026-01-09 19:49:21] [VERBOSE] [VIRTUALEDITOR]  VirtualEditor.getDocument, args: absolutePath=/Users/xiaoliu/baidu/bpit-proc-apps/pmc/pmc-basic-bankcommon/src/main/java/com/baidu/pmc/bankcommon/core/model/BankTransaction.java
[55864] [2026-01-09 19:49:21] [INFO] [ENGINE]  <--------- ENGINE SEND: VIRTUAL_EDITOR_EVENT {"action":"getDocument","payload":{"absolutePath":"/Users/xiaoliu/baidu/bpit-proc-apps/pmc/pmc-basic-bankcommon/src/main/java/com/baidu/pmc/bankcommon/core/model/BankTransaction.java","uuid":"1e7a2a47-c93d-4dd3-8c36-805c444c5b67"}}
[55864] [2026-01-09 19:49:21] [INFO] [ENGINE]  ---------> ENGINE REC: VIRTUAL_EDITOR_EVENT {"uuid":"1e7a2a47-c93d-4dd3-8c36-805c444c5b67","existed":false,"content":"","completed":false,"isEnd":false,"failed":false}
[55864] [2026-01-09 19:49:21] [VERBOSE] [VIRTUALEDITOR]  VirtualEditor.getDocument, args: absolutePath=/Users/xiaoliu/baidu/bpit-proc-apps/pmc/pmc-basic-bankcommon/src/main/java/com/baidu/pmc/bankcommon/core/model/BankTransaction.java
[55864] [2026-01-09 19:49:21] [INFO] [ENGINE]  <--------- ENGINE SEND: VIRTUAL_EDITOR_EVENT {"action":"getDocument","payload":{"absolutePath":"/Users/xiaoliu/baidu/bpit-proc-apps/pmc/pmc-basic-bankcommon/src/main/java/com/baidu/pmc/bankcommon/core/model/BankTransaction.java","uuid":"613a23ac-c88b-4180-8bc4-862097d2116e"}}
[55864] [2026-01-09 19:49:21] [INFO] [ENGINE]  ---------> ENGINE REC: VIRTUAL_EDITOR_EVENT {"uuid":"613a23ac-c88b-4180-8bc4-862097d2116e","existed":false,"content":"","completed":false,"isEnd":false,"failed":false}
[55864] [2026-01-09 19:49:30] [VERBOSE] [VIRTUALEDITOR]  VirtualEditor.getActiveDocument, args: 
[55864] [2026-01-09 19:49:30] [INFO] [ENGINE]  <--------- ENGINE SEND: VIRTUAL_EDITOR_EVENT {"action":"getActiveDocument","payload":{"uuid":"b8e4baa2-7db7-4951-b332-7069874d2a21"}}
[55864] [2026-01-09 19:49:30] [INFO] [ENGINE]  ---------> ENGINE REC: VIRTUAL_EDITOR_EVENT {"uuid":"b8e4baa2-7db7-4951-b332-7069874d2a21","existed":true,"absolutePath":"/Users/xiaoliu/baidu/bpit-proc-apps/pmc/pmc-basic-bankcommon/src/main/java/com/baidu/pmc/bankcommon/core/utils/BankTransactionParser.java","content":"package com.baidu.pmc.bankcommon.core.utils;\n\nimport com.baidu.pmc.bankcommon.core.model.BankTransaction;\nimport lombok.extern.slf4j.Slf4j;\nimport org.apache.commons.lang3.StringUtils;\n\nimport java.util.ArrayList;\nimport java.util.Arrays;\nimport java.util.List;\n\n/**\n * 银行交易记录解析工具类\n * 用于解析银行流水文本数据，按照固定分隔符分割字段\n */\n@Slf4j\npublic class BankTransactionParser {\n\n    private static final String FIELD_SEPARATOR = \"|\";\n    private static final int EXPECTED_FIELD_COUNT = 26;\n\n    /**\n     * 解析银行交易记录字符串\n     *\n     * @param dataString 包含表头和数据的完整字符串\n     * @return 解析后的交易记录列表\n     */\n    public static List<BankTransaction> parseBankTransactions(String dataString) {\n        List<BankTransaction> transactions = new ArrayList<>();\n\n        if (StringUtils.isBlank(dataString)) {\n            log.warn(\"银行交易记录字符串为空\");\n            return transactions;\n        }\n\n        // 按行分割字符串\n        String[] lines = dataString.split(\"\\n\");\n        if (lines.length < 2) {\n            log.warn(\"银行交易记录数据行数不足，至少需要表头和一行数据\");\n            return transactions;\n        }\n\n        try {\n            // 第一行是表头\n            String headerLine = lines[0].trim();\n            // 移除开头的\"状态|\"，并根据项目规则修正字段名\n            String[] headerFields = parseFields(headerLine.replaceFirst(\"^状态\\\\|\", \"\"));\n\n            // 处理数据行\n            for (int i = 1; i < lines.length; i++) {\n                String dataLine = lines[i].trim();\n                if (StringUtils.isBlank(dataLine)) {\n                    continue;\n                }\n\n                String[] dataFields = parseFields(dataLine);\n                if (dataFields.length == EXPECTED_FIELD_COUNT) {\n                    BankTransaction transaction = createTransaction(headerFields, dataFields);\n                    transactions.add(transaction);\n                } else {\n                    log.warn(\"第{}行数据字段数量不正确，期望{}个，实际{}个\",\n                            i + 1, EXPECTED_FIELD_COUNT, dataFields.length);\n                }\n            }\n\n        } catch (Exception e) {\n            log.error(\"解析银行交易记录时发生异常\", e);\n        }\n\n        return transactions;\n    }\n\n    /**\n     * 解析单行数据字段\n     *\n     * @param line 原始数据行\n     * @return 分割后的字段数组\n     */\n    private static String[] parseFields(String line) {\n        String[] fields = line.split(\"\\\\\" + FIELD_SEPARATOR, -1); // 保留空字段\n\n        // 处理字段值，去除前后空格\n        for (int i = 0; i < fields.length; i++) {\n            fields[i] = fields[i].trim();\n        }\n\n        return fields;\n    }\n\n    /**\n     * 根据表头和数据字段创建交易记录对象\n     *\n     * @param headerFields 表头字段\n     * @param dataFields 数据字段\n     * @return 交易记录对象\n     */\n    private static BankTransaction createTransaction(String[] headerFields, String[] dataFields) {\n        BankTransaction transaction = new BankTransaction();\n\n        // 根据索引设置字段值\n        if (headerFields.length >= 1) transaction.setStatus(getField(dataFields, 0)); // 状态\n        if (headerFields.length >= 2) transaction.setTransactionDate(getField(dataFields, 1)); // 交易日期\n        if (headerFields.length >= 3) transaction.setTransactionTime(getField(dataFields, 2)); // 交易时间\n        if (headerFields.length >= 4) transaction.setBusinessType(getField(dataFields, 3)); // 业务类型\n        if (headerFields.length >= 5) transaction.setSerialNumber(getField(dataFields, 4)); // 流水号\n        if (headerFields.length >= 6) transaction.setSequenceNumber(getField(dataFields, 5)); // 流水序号\n        if (headerFields.length >= 7) transaction.setAccountNumber(getField(dataFields, 6)); // 账号\n        if (headerFields.length >= 8) transaction.setAccountName(getField(dataFields, 7)); // 户名\n        if (headerFields.length >= 9) transaction.setIncomeExpenseFlag(getField(dataFields, 8)); // 收支标志\n        if (headerFields.length >= 10) transaction.setCurrency(getField(dataFields, 9)); // 币种\n        if (headerFields.length >= 11) transaction.setTransactionAmount(getField(dataFields, 10)); // 交易金额\n        if (headerFields.length >= 12) transaction.setBalance(getField(dataFields, 11)); // 余额\n        if (headerFields.length >= 13) transaction.setAvailableBalance(getField(dataFields, 12)); // 可用余额\n        if (headerFields.length >= 14) transaction.setCounterpartyAccount(getField(dataFields, 13)); // 对方账号\n        if (headerFields.length >= 15) transaction.setCounterpartyName(getField(dataFields, 14)); // 对方户名\n        if (headerFields.length >= 16) transaction.setCounterpartyAddress(getField(dataFields, 15)); // 对方地址\n        if (headerFields.length >= 17) transaction.setCounterpartyBankCode(getField(dataFields, 16)); // 对方开户行行号\n        if (headerFields.length >= 18) transaction.setCounterpartyBankName(getField(dataFields, 17)); // 对方开户行行名\n        if (headerFields.length >= 19) transaction.setBillType(getField(dataFields, 18)); // 票据种类\n        if (headerFields.length >= 20) transaction.setBillNumber(getField(dataFields, 19)); // 票据号码\n        if (headerFields.length >= 21) transaction.setBillName(getField(dataFields, 20)); // 票据名称\n        if (headerFields.length >= 22) transaction.setBillIssueDate(getField(dataFields, 21)); // 票据签发日期\n        if (headerFields.length >= 23) transaction.setRemarkMemo(getField(dataFields, 22)); // 附言\n        if (headerFields.length >= 24) transaction.setAdditionalRemark(getField(dataFields, 23)); // 备注\n        if (headerFields.length >= 25) transaction.setTransactionCode(getField(dataFields, 24)); // 交易码\n        if (headerFields.length >= 26) transaction.setBackupField(getField(dataFields, 25)); // 备用字段\n\n        return transaction;\n    }\n\n    /**\n     * 安全获取字段值\n     *\n     * @param fields 字段数组\n     * @param index 索引\n     * @return 字段值，如果索引越界返回空字符串\n     */\n    private static String getField(String[] fields, int index) {\n        return (index >= 0 && index < fields.length) ? fields[index] : \"\";\n    }\n\n    /**\n     * 打印解析结果（用于调试和验证）\n     *\n     * @param transactions 交易记录列表\n     */\n    public static void printParsingResult(List<BankTransaction> transactions) {\n        log.info(\"=== 银行交易记录解析结果 ===\");\n        log.info(\"共解析出 {} 条交易记录\", transactions.size());\n\n        for (int i = 0; i < transactions.size(); i++) {\n            BankTransaction transaction = transactions.get(i);\n            log.info(\"第 {} 条记录:\", i + 1);\n            log.info(\"  状态: {}\", transaction.getStatus());\n            log.info(\"  交易日期: {}\", transaction.getTransactionDate());\n            log.info(\"  交易时间: {}\", transaction.getTransactionTime());\n            log.info(\"  业务类型: {}\", transaction.getBusinessType());\n            log.info(\"  流水号: {}\", transaction.getSerialNumber());\n            log.info(\"  账号: {}\", maskAccountNumber(transaction.getAccountNumber()));\n            log.info(\"  户名: {}\", transaction.getAccountName());\n            log.info(\"  收支标志: {}\", transaction.getIncomeExpenseFlag());\n            log.info(\"  交易金额: {}\", transaction.getTransactionAmount());\n            log.info(\"  余额: {}\", transaction.getBalance());\n            log.info(\"  附言: {}\", transaction.getRemarkMemo());\n            log.info(\"---\");\n        }\n    }\n\n    /**\n     * 脱敏处理账号信息（用于日志输出）\n     *\n     * @param accountNumber 原始账号\n     * @return 脱敏后的账号\n     */\n    private static String maskAccountNumber(String accountNumber) {\n        if (StringUtils.isBlank(accountNumber) || accountNumber.length() <= 8) {\n            return accountNumber;\n        }\n        return accountNumber.substring(0, 4) + \"****\" + accountNumber.substring(accountNumber.length() - 4);\n    }\n}","scheme":"file","completed":false,"isEnd":false,"failed":false}
[55864] [2026-01-09 19:49:30] [VERBOSE] [VIRTUALEDITOR]  VirtualEditor.openVirtualDiffDocument, args: absolutePath=/Users/xiaoliu/baidu/bpit-proc-apps/pmc/pmc-basic-bankcommon/src/main/java/com/baidu/pmc/bankcommon/core/model/BankTransaction.java,stream=true,source=E2EBotConversation,acceptable=true,action=edit,openFileDiff=false,conversationId=20fec48e-734a-4cda-b6a7-4b56823ff21d,elementId=6960eb3e52ad0b146922c53c,inlineView=true
[55864] [2026-01-09 19:49:30] [INFO] [ENGINE]  <--------- ENGINE SEND: VIRTUAL_EDITOR_EVENT {"action":"openVirtualDiffDocument","payload":{"absolutePath":"/Users/xiaoliu/baidu/bpit-proc-apps/pmc/pmc-basic-bankcommon/src/main/java/com/baidu/pmc/bankcommon/core/model/BankTransaction.java","content":"","modified":"package com.baidu.pmc.bankcommon.core.model;\n\nimport lombok.Data;\n\nimport java.io.Serializable;\n\n/**\n * 银行交易记录数据模型\n * 对应银行流水查询返回的交易明细记录\n */\n@Data\npublic class BankTransaction implements Serializable {\n    private static final long serialVersionUID = 1L;\n\n    /**\n     * 状态\n     */\n    private String status;\n\n    /**\n     * 交易日期 (格式: YYYYMMDD)\n     */\n    private String transactionDate;\n\n    /**\n     * 交易时间 (格式: HHmmss)\n     */\n    private String transactionTime;\n\n    /**\n     * 业务类型\n     */\n    private String businessType;\n\n    /**\n     * 流水号\n     */\n    private String serialNumber;\n\n    /**\n     * 流水序号\n     */\n    private String sequenceNumber;\n\n    /**\n     * 账号\n     */\n    private String accountNumber;\n\n    /**\n     * 户名\n     */\n    private String accountName;\n\n    /**\n     * 收支标志 (D:支出, C:收入)\n     */\n    private String incomeExpenseFlag;\n\n    /**\n     * 币种 (如: CNY)\n     */\n    private String currency;\n\n    /**\n     * 交易金额\n     */\n    private String transactionAmount;\n\n    /**\n     * 余额\n     */\n    private String balance;\n\n    /**\n     * 可用余额\n     */\n    private String availableBalance;\n\n    /**\n     * 对方账号\n     */\n    private String counterpartyAccount;\n\n    /**\n     * 对方户名\n     */\n    private String counterpartyName;\n\n    /**\n     * 对方地址\n     */\n    private String counterpartyAddress;\n\n    /**\n     * 对方开户行行号\n     */\n    private String counterpartyBankCode;\n\n    /**\n     * 对方开户行行名\n     */\n    private String counterpartyBankName;\n\n    /**\n     * 票据种类\n     */\n    private String billType;\n\n    /**\n     * 票据号码\n     */\n    private String billNumber;\n\n    /**\n     * 票据名称\n     */\n    private String billName;\n\n    /**\n     * 票据签发日期\n     */\n    private String billIssueDate;\n\n    /**\n     * 附言\n     */\n    private String remarkMemo;\n\n    /**\n     * 备注\n     */\n    private String additionalRemark;\n\n    /**\n     * 交易码\n     */\n    private String transactionCode;\n\n    /**\n     * 备用字段\n     */\n    private String backupField;\n}","stream":true,"source":"E2EBotConversation","acceptable":true,"action":"edit","openFileDiff":false,"conversationId":"20fec48e-734a-4cda-b6a7-4b56823ff21d","elementId":"6960eb3e52ad0b146922c53c","inlineView":true,"uuid":"8af1ba23-5265-44fe-ad01-a65c14d0d5d1"}}
[55864] [2026-01-09 19:49:31] [INFO] [PLUGINCHANNEL]  {"level":"system","source":"IdeSession","action":"HandleMessage","detail":{"actionName":"DIAGNOSTIC_SCAN"}}
[55864] [2026-01-09 19:49:31] [INFO] [PLUGINCHANNEL]  {"level":"error","source":"IdeSession","action":"PluginNotFound","detail":{"pluginName":""}}
[55864] [2026-01-09 19:49:31] [INFO] [ENGINE]  ---------> ENGINE REC: COMATE_AGENT_NEW_MESSAGE {"data":"{\"agentPayload\":{\"messageType\":\"refresh-messages\",\"conversationId\":\"20fec48e-734a-4cda-b6a7-4b56823ff21d\",\"payload\":{}}}"}
[55864] [2026-01-09 19:49:31] [INFO] [CONVERSATIONMANAGER]  onConversationMessage {"messageType":"refresh-messages","conversationId":"20fec48e-734a-4cda-b6a7-4b56823ff21d","payload":{}}
[55864] [2026-01-09 19:49:31] [INFO] [PLUGINCHANNEL]  {"level":"system","source":"IdeSession","action":"HandleMessage","detail":{"actionName":"DIAGNOSTIC_SCAN"}}
[55864] [2026-01-09 19:49:31] [INFO] [PLUGINCHANNEL]  {"level":"error","source":"IdeSession","action":"PluginNotFound","detail":{"pluginName":""}}
[55864] [2026-01-09 19:49:33] [VERBOSE] [VIRTUALEDITOR]  VirtualEditor.getDocument, args: absolutePath=/Users/xiaoliu/baidu/bpit-proc-apps/pmc/pmc-basic-bankcommon/src/main/java/com/baidu/pmc/bankcommon/core/model/BankTransaction.java
[55864] [2026-01-09 19:49:33] [INFO] [ENGINE]  <--------- ENGINE SEND: VIRTUAL_EDITOR_EVENT {"action":"getDocument","payload":{"absolutePath":"/Users/xiaoliu/baidu/bpit-proc-apps/pmc/pmc-basic-bankcommon/src/main/java/com/baidu/pmc/bankcommon/core/model/BankTransaction.java","uuid":"de754fc3-1a96-4dd4-b63c-12a83d56a650"}}
[55864] [2026-01-09 19:49:33] [INFO] [ENGINE]  ---------> ENGINE REC: VIRTUAL_EDITOR_EVENT {"uuid":"de754fc3-1a96-4dd4-b63c-12a83d56a650","existed":true,"content":"package com.baidu.pmc.bankcommon.core.model;\n\nimport lombok.Data;\n\nimport java.io.Serializable;\n\n/**\n * 银行交易记录数据模型\n * 对应银行流水查询返回的交易明细记录\n */\n@Data\npublic class BankTransaction implements Serializable {\n    private static final long serialVersionUID = 1L;\n\n    /**\n     * 状态\n     */\n    private String status;\n\n    /**\n     * 交易日期 (格式: YYYYMMDD)\n     */\n    private String transactionDate;\n\n    /**\n     * 交易时间 (格式: HHmmss)\n     */\n    private String transactionTime;\n\n    /**\n     * 业务类型\n     */\n    private String businessType;\n\n    /**\n     * 流水号\n     */\n    private String serialNumber;\n\n    /**\n     * 流水序号\n     */\n    private String sequenceNumber;\n\n    /**\n     * 账号\n     */\n    private String accountNumber;\n\n    /**\n     * 户名\n     */\n    private String accountName;\n\n    /**\n     * 收支标志 (D:支出, C:收入)\n     */\n    private String incomeExpenseFlag;\n\n    /**\n     * 币种 (如: CNY)\n     */\n    private String currency;\n\n    /**\n     * 交易金额\n     */\n    private String transactionAmount;\n\n    /**\n     * 余额\n     */\n    private String balance;\n\n    /**\n     * 可用余额\n     */\n    private String availableBalance;\n\n    /**\n     * 对方账号\n     */\n    private String counterpartyAccount;\n\n    /**\n     * 对方户名\n     */\n    private String counterpartyName;\n\n    /**\n     * 对方地址\n     */\n    private String counterpartyAddress;\n\n    /**\n     * 对方开户行行号\n     */\n    private String counterpartyBankCode;\n\n    /**\n     * 对方开户行行名\n     */\n    private String counterpartyBankName;\n\n    /**\n     * 票据种类\n     */\n    private String billType;\n\n    /**\n     * 票据号码\n     */\n    private String billNumber;\n\n    /**\n     * 票据名称\n     */\n    private String billName;\n\n    /**\n     * 票据签发日期\n     */\n    private String billIssueDate;\n\n    /**\n     * 附言\n     */\n    private String remarkMemo;\n\n    /**\n     * 备注\n     */\n    private String additionalRemark;\n\n    /**\n     * 交易码\n     */\n    private String transactionCode;\n\n    /**\n     * 备用字段\n     */\n    private String backupField;\n}","completed":false,"isEnd":false,"failed":false}
[55864] [2026-01-09 19:49:33] [VERBOSE] [VIRTUALEDITOR]  VirtualEditor.getDocument, args: absolutePath=/Users/xiaoliu/baidu/bpit-proc-apps/pmc/.comate/rules/rules.mdr
[55864] [2026-01-09 19:49:33] [INFO] [ENGINE]  <--------- ENGINE SEND: VIRTUAL_EDITOR_EVENT {"action":"getDocument","payload":{"absolutePath":"/Users/xiaoliu/baidu/bpit-proc-apps/pmc/.comate/rules/rules.mdr","uuid":"29f20fe3-acce-4a47-bb92-8bd6344f08ac"}}
[55864] [2026-01-09 19:49:33] [INFO] [ENGINE]  ---------> ENGINE REC: VIRTUAL_EDITOR_EVENT {"uuid":"29f20fe3-acce-4a47-bb92-8bd6344f08ac","existed":true,"content":"---\n alwaysApply: true \n---\n# 百度PMC支付管理中心项目规则\n\n## 项目概览\n\n**项目定位**: 百度企业金融支付管理中心，处理多银行渠道的企业支付业务\n**架构模式**: Spring Cloud微服务架构，按银行维度模块化设计\n**技术栈**: Spring Boot 1.5.9 + MyBatis + Spring Cloud Netflix + Hessian\n\n## 核心架构规则\n\n### 模块划分原则\n- **银行独立模块**: 每个银行对应独立服务模块（pmc-basic-{bank-code}）\n- **通用支撑模块**: pmc-basic-common（基础设施）、pmc-basic-pojo（数据模型）、pmc-basic-persistence（数据访问）\n- **业务核心模块**: pmc-basic-service（核心业务）、pmc-basic-web（网关层）\n- **策略模式**: 所有银行模块实现统一BankStrategy接口，运行时动态选择具体实现\n\n### 分层架构规范\n```\nController层 → Service层 → 银行策略层 → Persistence层\n```\n- Controller: 统一使用@RestController，返回ResponseMessage包装对象\n- Service: 接口+实现类模式，使用Spring声明式事务\n- 策略层: 通过BankStrategyEnum枚举选择具体银行实现\n- Persistence: MyBatis + 通用Mapper，XML映射文件位于resources/mapper/\n\n## 开发契约\n\n### 异常处理模式\n- 全局异常处理器: 使用@RestControllerAdvice统一处理FeignException、AccessDeniedException等\n- 统一响应: 所有API返回ResponseMessage对象（包含status、message、data字段）\n- 操作日志: 基于MyBatis拦截器自动记录DELETE/UPDATE操作，异步写入\n\n### 银行接口封装规范\n- **报文标准化**: 统一使用MessageBuilder构建银行报文，ResponseXmlParser解析响应\n- **XML处理**: 使用JDOM2处理银行XML报文，XPath进行节点操作\n- **安全机制**: 各银行独立处理加密、证书、签名等安全要求\n- **通信协议**: 主要使用HTTP+XML，部分银行支持FTP/SFTP\n\n### 命名规范\n- **包名**: com.baidu.pmc.{bank-code}.{layer}\n- **类名**: {BankCode}{Function}（如：CmbController、IcbcService）\n- **方法名**: selectXxx、queryXxx、insertXxx、updateXxx、deleteXxx\n- **表名**: pmc_{bank-code}_{entity-name}\n- **模块名**: pmc-basic-{bank-code}\n\n### 配置管理\n- **多环境支持**: Maven profiles管理local/dev/test/uat/sit/vir/online环境\n- **配置中心**: Spring Cloud Config集中管理配置\n- **服务注册**: Eureka进行服务发现和注册\n- **网关路由**: Zuul统一路由转发和过滤处理\n\n## 关键开发模式\n\n### 银行适配器模式\n每个银行模块独立部署，通过策略模式实现统一调用：\n1. 定义BankStrategy接口规范\n2. 各银行实现具体的策略类\n3. 通过BankStrategyEnum选择具体实现\n4. 运行时动态绑定银行特定逻辑\n\n### 数据一致性保障\n- **事务边界**: Service层定义事务边界，跨银行操作使用最终一致性\n- **幂等性**: 支付指令使用唯一标识，支持重复提交校验\n- **状态管理**: 统一支付状态流转（待发送→已发送→处理中→成功/失败）\n\n### 异步处理机制\n- **异步日志**: 使用@Async注解实现操作日志异步写入\n- **消息推送**: 集成百度微云消息中心进行状态通知\n- **重试机制**: 银行接口调用支持可配置的重试策略\n\n## 环境配置\n\n### 端口分配\n各银行服务使用不同端口避免冲突：\n- 主服务: 8080\n- 招商银行: 8081\n- 工商银行: 8082\n- 建设银行: 8083\n- [需人工确认] 其他银行端口按顺序分配\n\n### 构建部署\n- **构建工具**: Maven多模块项目，Java 8编译\n- **CI/CD**: BCloud平台自动化构建\n- **构建脚本**: 各环境独立脚本（sitBuild.sh、uatBuild.sh等）\n- **产出物**: 统一输出到output目录\n\n## 集成规范\n\n### 百度内部系统集成\n- **认证系统**: UUAP统一认证，支持单点登录\n- **消息中心**: 百度微云消息中心推送状态变更通知\n- **工作流**: WK工作流引擎处理审批流程\n\n### 外部接口规范\n- **RESTful API**: 统一使用REST风格接口\n- **数据格式**: JSON为主，银行接口使用XML\n- **错误码**: 统一错误码规范，区分系统错误和业务错误\n\n## 注意事项\n\n1. **银行模块隔离**: 禁止跨银行模块直接调用，必须通过策略模式\n2. **环境配置**: 严格按Maven profile进行环境隔离，禁止配置混淆\n3. **安全要求**: 银行敏感信息（密钥、证书）按各银行要求独立管理\n4. **事务边界**: 避免跨银行事务，使用补偿机制保证最终一致性\n5. **版本兼容**: Spring Boot 1.5.9版本，注意依赖版本冲突\n\n---\n\n**最后更新**: 2025-11-09\n**适用范围**: 百度PMC支付管理中心所有开发活动\n**规则优先级**: 项目级规则 > 通用开发规范 > 个人编码习惯","completed":false,"isEnd":false,"failed":false}
[55864] [2026-01-09 19:49:34] [INFO] [ENGINE]  ---------> ENGINE REC: COMATE_AGENT_NEW_MESSAGE {"data":"{\"agentPayload\":{\"messageType\":\"refresh-messages\",\"conversationId\":\"20fec48e-734a-4cda-b6a7-4b56823ff21d\",\"payload\":{}}}"}
[55864] [2026-01-09 19:49:34] [INFO] [CONVERSATIONMANAGER]  onConversationMessage {"messageType":"refresh-messages","conversationId":"20fec48e-734a-4cda-b6a7-4b56823ff21d","payload":{}}
[55864] [2026-01-09 19:49:36] [VERBOSE] [VIRTUALEDITOR]  VirtualEditor.getDocument, args: absolutePath=/Users/xiaoliu/baidu/bpit-proc-apps/pmc/.comate/rules/rules.mdr
[55864] [2026-01-09 19:49:36] [INFO] [ENGINE]  <--------- ENGINE SEND: VIRTUAL_EDITOR_EVENT {"action":"getDocument","payload":{"absolutePath":"/Users/xiaoliu/baidu/bpit-proc-apps/pmc/.comate/rules/rules.mdr","uuid":"2dfeb00b-7e61-4817-934a-c6f8f4538b73"}}
[55864] [2026-01-09 19:49:36] [INFO] [ENGINE]  ---------> ENGINE REC: VIRTUAL_EDITOR_EVENT {"uuid":"2dfeb00b-7e61-4817-934a-c6f8f4538b73","existed":true,"content":"---\n alwaysApply: true \n---\n# 百度PMC支付管理中心项目规则\n\n## 项目概览\n\n**项目定位**: 百度企业金融支付管理中心，处理多银行渠道的企业支付业务\n**架构模式**: Spring Cloud微服务架构，按银行维度模块化设计\n**技术栈**: Spring Boot 1.5.9 + MyBatis + Spring Cloud Netflix + Hessian\n\n## 核心架构规则\n\n### 模块划分原则\n- **银行独立模块**: 每个银行对应独立服务模块（pmc-basic-{bank-code}）\n- **通用支撑模块**: pmc-basic-common（基础设施）、pmc-basic-pojo（数据模型）、pmc-basic-persistence（数据访问）\n- **业务核心模块**: pmc-basic-service（核心业务）、pmc-basic-web（网关层）\n- **策略模式**: 所有银行模块实现统一BankStrategy接口，运行时动态选择具体实现\n\n### 分层架构规范\n```\nController层 → Service层 → 银行策略层 → Persistence层\n```\n- Controller: 统一使用@RestController，返回ResponseMessage包装对象\n- Service: 接口+实现类模式，使用Spring声明式事务\n- 策略层: 通过BankStrategyEnum枚举选择具体银行实现\n- Persistence: MyBatis + 通用Mapper，XML映射文件位于resources/mapper/\n\n## 开发契约\n\n### 异常处理模式\n- 全局异常处理器: 使用@RestControllerAdvice统一处理FeignException、AccessDeniedException等\n- 统一响应: 所有API返回ResponseMessage对象（包含status、message、data字段）\n- 操作日志: 基于MyBatis拦截器自动记录DELETE/UPDATE操作，异步写入\n\n### 银行接口封装规范\n- **报文标准化**: 统一使用MessageBuilder构建银行报文，ResponseXmlParser解析响应\n- **XML处理**: 使用JDOM2处理银行XML报文，XPath进行节点操作\n- **安全机制**: 各银行独立处理加密、证书、签名等安全要求\n- **通信协议**: 主要使用HTTP+XML，部分银行支持FTP/SFTP\n\n### 命名规范\n- **包名**: com.baidu.pmc.{bank-code}.{layer}\n- **类名**: {BankCode}{Function}（如：CmbController、IcbcService）\n- **方法名**: selectXxx、queryXxx、insertXxx、updateXxx、deleteXxx\n- **表名**: pmc_{bank-code}_{entity-name}\n- **模块名**: pmc-basic-{bank-code}\n\n### 配置管理\n- **多环境支持**: Maven profiles管理local/dev/test/uat/sit/vir/online环境\n- **配置中心**: Spring Cloud Config集中管理配置\n- **服务注册**: Eureka进行服务发现和注册\n- **网关路由**: Zuul统一路由转发和过滤处理\n\n## 关键开发模式\n\n### 银行适配器模式\n每个银行模块独立部署，通过策略模式实现统一调用：\n1. 定义BankStrategy接口规范\n2. 各银行实现具体的策略类\n3. 通过BankStrategyEnum选择具体实现\n4. 运行时动态绑定银行特定逻辑\n\n### 数据一致性保障\n- **事务边界**: Service层定义事务边界，跨银行操作使用最终一致性\n- **幂等性**: 支付指令使用唯一标识，支持重复提交校验\n- **状态管理**: 统一支付状态流转（待发送→已发送→处理中→成功/失败）\n\n### 异步处理机制\n- **异步日志**: 使用@Async注解实现操作日志异步写入\n- **消息推送**: 集成百度微云消息中心进行状态通知\n- **重试机制**: 银行接口调用支持可配置的重试策略\n\n## 环境配置\n\n### 端口分配\n各银行服务使用不同端口避免冲突：\n- 主服务: 8080\n- 招商银行: 8081\n- 工商银行: 8082\n- 建设银行: 8083\n- [需人工确认] 其他银行端口按顺序分配\n\n### 构建部署\n- **构建工具**: Maven多模块项目，Java 8编译\n- **CI/CD**: BCloud平台自动化构建\n- **构建脚本**: 各环境独立脚本（sitBuild.sh、uatBuild.sh等）\n- **产出物**: 统一输出到output目录\n\n## 集成规范\n\n### 百度内部系统集成\n- **认证系统**: UUAP统一认证，支持单点登录\n- **消息中心**: 百度微云消息中心推送状态变更通知\n- **工作流**: WK工作流引擎处理审批流程\n\n### 外部接口规范\n- **RESTful API**: 统一使用REST风格接口\n- **数据格式**: JSON为主，银行接口使用XML\n- **错误码**: 统一错误码规范，区分系统错误和业务错误\n\n## 注意事项\n\n1. **银行模块隔离**: 禁止跨银行模块直接调用，必须通过策略模式\n2. **环境配置**: 严格按Maven profile进行环境隔离，禁止配置混淆\n3. **安全要求**: 银行敏感信息（密钥、证书）按各银行要求独立管理\n4. **事务边界**: 避免跨银行事务，使用补偿机制保证最终一致性\n5. **版本兼容**: Spring Boot 1.5.9版本，注意依赖版本冲突\n\n---\n\n**最后更新**: 2025-11-09\n**适用范围**: 百度PMC支付管理中心所有开发活动\n**规则优先级**: 项目级规则 > 通用开发规范 > 个人编码习惯","completed":false,"isEnd":false,"failed":false}
[55864] [2026-01-09 19:49:37] [INFO] [ENGINE]  ---------> ENGINE REC: COMATE_AGENT_NEW_MESSAGE {"data":"{\"agentPayload\":{\"messageType\":\"refresh-messages\",\"conversationId\":\"20fec48e-734a-4cda-b6a7-4b56823ff21d\",\"payload\":{}}}"}
[55864] [2026-01-09 19:49:37] [INFO] [CONVERSATIONMANAGER]  onConversationMessage {"messageType":"refresh-messages","conversationId":"20fec48e-734a-4cda-b6a7-4b56823ff21d","payload":{}}
[55864] [2026-01-09 19:49:39] [INFO] [ENGINE]  ---------> ENGINE REC: COMATE_AGENT_NEW_MESSAGE {"data":"{\"agentPayload\":{\"messageType\":\"refresh-messages\",\"conversationId\":\"20fec48e-734a-4cda-b6a7-4b56823ff21d\",\"payload\":{}}}"}
[55864] [2026-01-09 19:49:39] [INFO] [CONVERSATIONMANAGER]  onConversationMessage {"messageType":"refresh-messages","conversationId":"20fec48e-734a-4cda-b6a7-4b56823ff21d","payload":{}}
[55864] [2026-01-09 19:49:39] [VERBOSE] [VIRTUALEDITOR]  VirtualEditor.getDocument, args: absolutePath=/Users/xiaoliu/baidu/bpit-proc-apps/pmc/pmc-basic-bankcommon/src/test/java/com/baidu/pmc/bankcommon/core/utils/BankTransactionParserTest.java
[55864] [2026-01-09 19:49:39] [INFO] [ENGINE]  <--------- ENGINE SEND: VIRTUAL_EDITOR_EVENT {"action":"getDocument","payload":{"absolutePath":"/Users/xiaoliu/baidu/bpit-proc-apps/pmc/pmc-basic-bankcommon/src/test/java/com/baidu/pmc/bankcommon/core/utils/BankTransactionParserTest.java","uuid":"dfed1680-3dfa-49ee-b07f-dc63a70a8fcb"}}
[55864] [2026-01-09 19:49:39] [INFO] [ENGINE]  ---------> ENGINE REC: VIRTUAL_EDITOR_EVENT {"uuid":"dfed1680-3dfa-49ee-b07f-dc63a70a8fcb","existed":false,"content":"","completed":false,"isEnd":false,"failed":false}
[55864] [2026-01-09 19:49:39] [VERBOSE] [VIRTUALEDITOR]  VirtualEditor.getDocument, args: absolutePath=/Users/xiaoliu/baidu/bpit-proc-apps/pmc/pmc-basic-bankcommon/src/test/java/com/baidu/pmc/bankcommon/core/utils/BankTransactionParserTest.java
[55864] [2026-01-09 19:49:39] [INFO] [ENGINE]  <--------- ENGINE SEND: VIRTUAL_EDITOR_EVENT {"action":"getDocument","payload":{"absolutePath":"/Users/xiaoliu/baidu/bpit-proc-apps/pmc/pmc-basic-bankcommon/src/test/java/com/baidu/pmc/bankcommon/core/utils/BankTransactionParserTest.java","uuid":"4d005928-4194-4a66-ad9f-6d9004d08c5f"}}
[55864] [2026-01-09 19:49:39] [INFO] [ENGINE]  ---------> ENGINE REC: VIRTUAL_EDITOR_EVENT {"uuid":"4d005928-4194-4a66-ad9f-6d9004d08c5f","existed":false,"content":"","completed":false,"isEnd":false,"failed":false}
[55864] [2026-01-09 19:50:13] [VERBOSE] [VIRTUALEDITOR]  VirtualEditor.getActiveDocument, args: 
[55864] [2026-01-09 19:50:13] [INFO] [ENGINE]  <--------- ENGINE SEND: VIRTUAL_EDITOR_EVENT {"action":"getActiveDocument","payload":{"uuid":"76a80289-1f68-4937-acf7-9b722f6d26df"}}
[55864] [2026-01-09 19:50:13] [INFO] [ENGINE]  ---------> ENGINE REC: VIRTUAL_EDITOR_EVENT {"uuid":"76a80289-1f68-4937-acf7-9b722f6d26df","existed":true,"absolutePath":"/Users/xiaoliu/baidu/bpit-proc-apps/pmc/pmc-basic-bankcommon/src/main/java/com/baidu/pmc/bankcommon/core/model/BankTransaction.java","content":"package com.baidu.pmc.bankcommon.core.model;\n\nimport lombok.Data;\n\nimport java.io.Serializable;\n\n/**\n * 银行交易记录数据模型\n * 对应银行流水查询返回的交易明细记录\n */\n@Data\npublic class BankTransaction implements Serializable {\n    private static final long serialVersionUID = 1L;\n\n    /**\n     * 状态\n     */\n    private String status;\n\n    /**\n     * 交易日期 (格式: YYYYMMDD)\n     */\n    private String transactionDate;\n\n    /**\n     * 交易时间 (格式: HHmmss)\n     */\n    private String transactionTime;\n\n    /**\n     * 业务类型\n     */\n    private String businessType;\n\n    /**\n     * 流水号\n     */\n    private String serialNumber;\n\n    /**\n     * 流水序号\n     */\n    private String sequenceNumber;\n\n    /**\n     * 账号\n     */\n    private String accountNumber;\n\n    /**\n     * 户名\n     */\n    private String accountName;\n\n    /**\n     * 收支标志 (D:支出, C:收入)\n     */\n    private String incomeExpenseFlag;\n\n    /**\n     * 币种 (如: CNY)\n     */\n    private String currency;\n\n    /**\n     * 交易金额\n     */\n    private String transactionAmount;\n\n    /**\n     * 余额\n     */\n    private String balance;\n\n    /**\n     * 可用余额\n     */\n    private String availableBalance;\n\n    /**\n     * 对方账号\n     */\n    private String counterpartyAccount;\n\n    /**\n     * 对方户名\n     */\n    private String counterpartyName;\n\n    /**\n     * 对方地址\n     */\n    private String counterpartyAddress;\n\n    /**\n     * 对方开户行行号\n     */\n    private String counterpartyBankCode;\n\n    /**\n     * 对方开户行行名\n     */\n    private String counterpartyBankName;\n\n    /**\n     * 票据种类\n     */\n    private String billType;\n\n    /**\n     * 票据号码\n     */\n    private String billNumber;\n\n    /**\n     * 票据名称\n     */\n    private String billName;\n\n    /**\n     * 票据签发日期\n     */\n    private String billIssueDate;\n\n    /**\n     * 附言\n     */\n    private String remarkMemo;\n\n    /**\n     * 备注\n     */\n    private String additionalRemark;\n\n    /**\n     * 交易码\n     */\n    private String transactionCode;\n\n    /**\n     * 备用字段\n     */\n    private String backupField;\n}","scheme":"file","completed":false,"isEnd":false,"failed":false}
[55864] [2026-01-09 19:50:13] [VERBOSE] [VIRTUALEDITOR]  VirtualEditor.openVirtualDiffDocument, args: absolutePath=/Users/xiaoliu/baidu/bpit-proc-apps/pmc/pmc-basic-bankcommon/src/test/java/com/baidu/pmc/bankcommon/core/utils/BankTransactionParserTest.java,stream=true,source=E2EBotConversation,acceptable=true,action=edit,openFileDiff=false,conversationId=20fec48e-734a-4cda-b6a7-4b56823ff21d,elementId=6960eb50965cab162c60ad97,inlineView=true
[55864] [2026-01-09 19:50:13] [INFO] [ENGINE]  <--------- ENGINE SEND: VIRTUAL_EDITOR_EVENT {"action":"openVirtualDiffDocument","payload":{"absolutePath":"/Users/xiaoliu/baidu/bpit-proc-apps/pmc/pmc-basic-bankcommon/src/test/java/com/baidu/pmc/bankcommon/core/utils/BankTransactionParserTest.java","content":"","modified":"package com.baidu.pmc.bankcommon.core.utils;\n\nimport com.baidu.pmc.bankcommon.core.model.BankTransaction;\nimport lombok.extern.slf4j.Slf4j;\nimport org.junit.Test;\nimport org.springframework.boot.test.context.SpringBootTest;\n\nimport java.util.List;\n\nimport static org.junit.Assert.*;\n\n/**\n * 银行交易记录解析工具测试类\n */\n@Slf4j\n@SpringBootTest\npublic class BankTransactionParserTest {\n\n    @Test\n    public void testParseBankTransactions() {\n        // 测试数据 - 银行流水文本格式\n        String bankData = \"状态|交易日期|交易时间|业务类型|流水号|流水序号|账号|户名|收支标志|币种|交易金额|余额|可用余额|对方账号|对方户名|对方地址|对方开户行行号|对方开户行行名|票据种类|票据号码|票据名称|票据签发日期|附言|备注|交易码|备用\\n\" +\n                \"0|20251105|093003|2|EBB0001P70190041|1|310069079018800073806|怒访址撵鉴遮斌粤惨佣|D|CNY|100.00|11991096.17|0|81100614850188002002204|僧铃抬鲸届系括冉翘损御缎缠||01110146999|交通银行北京广渠路支行||||||q2yuyh5004#测试1|101700||\\n\" +\n                \"0|20251105|093022|2|EBB0001P70080041|2|310069079018800073806|怒访址撵鉴遮斌粤惨佣|D|CNY|100.00|11990996.17|0|81100614850188002002205|僧铃抬鲸届系括冉翘损御缎缠||01110146999|交通银行北京广渠路支行||||||q2yuyh50054#测试1|101700||\";\n\n        // 执行解析\n        List<BankTransaction> transactions = BankTransactionParser.parseBankTransactions(bankData);\n\n        // 断言验证\n        assertNotNull(\"交易记录列表不应为空\", transactions);\n        assertEquals(\"应解析出2条交易记录\", 2, transactions.size());\n\n        // 验证第一条记录\n        BankTransaction firstTransaction = transactions.get(0);\n        assertEquals(\"状态不正确\", \"0\", firstTransaction.getStatus());\n        assertEquals(\"交易日期不正确\", \"20251105\", firstTransaction.getTransactionDate());\n        assertEquals(\"交易时间不正确\", \"093003\", firstTransaction.getTransactionTime());\n        assertEquals(\"业务类型不正确\", \"2\", firstTransaction.getBusinessType());\n        assertEquals(\"流水号不正确\", \"EBB0001P70190041\", firstTransaction.getSerialNumber());\n        assertEquals(\"流水序号不正确\", \"1\", firstTransaction.getSequenceNumber());\n        assertEquals(\"账号不正确\", \"310069079018800073806\", firstTransaction.getAccountNumber());\n        assertEquals(\"户名不正确\", \"怒访址撵鉴遮斌粤惨佣\", firstTransaction.getAccountName());\n        assertEquals(\"收支标志不正确\", \"D\", firstTransaction.getIncomeExpenseFlag());\n        assertEquals(\"币种不正确\", \"CNY\", firstTransaction.getCurrency());\n        assertEquals(\"交易金额不正确\", \"100.00\", firstTransaction.getTransactionAmount());\n        assertEquals(\"余额不正确\", \"11991096.17\", firstTransaction.getBalance());\n        assertEquals(\"附言不正确\", \"q2yuyh5004#测试1\", firstTransaction.getRemarkMemo());\n        assertEquals(\"交易码不正确\", \"101700\", firstTransaction.getTransactionCode());\n\n        // 验证第二条记录\n        BankTransaction secondTransaction = transactions.get(1);\n        assertEquals(\"流水号不正确\", \"EBB0001P70080041\", secondTransaction.getSerialNumber());\n        assertEquals(\"流水序号不正确\", \"2\", secondTransaction.getSequenceNumber());\n        assertEquals(\"交易金额不正确\", \"100.00\", secondTransaction.getTransactionAmount());\n        assertEquals(\"余额不正确\", \"11990996.17\", secondTransaction.getBalance());\n\n        log.info(\"测试通过：成功解析 {} 条银行交易记录\", transactions.size());\n        BankTransactionParser.printParsingResult(transactions);\n    }\n\n    @Test\n    public void testParseEmptyData() {\n        String emptyData = \"\";\n        List<BankTransaction> transactions = BankTransactionParser.parseBankTransactions(emptyData);\n        assertNotNull(\"空数据应返回空列表\", transactions);\n        assertTrue(\"空数据应返回空列表\", transactions.isEmpty());\n    }\n\n    @Test\n    public void testParseMalformedData() {\n        // 测试字段数量不正确的数据行\n        String malformedData = \"状态|交易日期|交易时间|业务类型\\n\" +\n                \"0|20251105|093003|2|多余的字段|多余的字段\";\n        \n        List<BankTransaction> transactions = BankTransactionParser.parseBankTransactions(malformedData);\n        assertNotNull(\"异常数据应返回空列表\", transactions);\n        assertTrue(\"异常数据应返回空列表\", transactions.isEmpty());\n    }\n\n    @Test\n    public void testParseUserProvidedData() {\n        // 使用用户提供的完整数据进行测试\n        String userData = \"状态|交易日期|交易时间|业务类型|流水号|流水序号|账号|户名|收支标志|币种|交易金额|余额|可用余额|对方账号|对方户名|对方地址|对方开户行行号|对方开户行行名|票据种类|票据号码|票据名称|票据签发日期|附言|备注|交易码|备用\\n\" +\n                \"0|20251105|093003|2|EBB0001P70190041|1|310069079018800073806|怒访址撵鉴遮斌粤惨佣|D|CNY|100.00|11991096.17|0|81100614850188002002204|僧铃抬鲸届系括冉翘损御缎缠||01110146999|交通银行北京广渠路支行||||||q2yuyh5004#测试1|101700||\\n\" +\n                \"0|20251105|093022|2|EBB0001P70080041|2|310069079018800073806|怒访址撵鉴遮斌粤惨佣|D|CNY|100.00|11990996.17|0|81100614850188002002205|僧铃抬鲸届系括冉翘损御缎缠||01110146999|交通银行北京广渠路支行||||||q2yuyh50054#测试1|101700||\\n\" +\n                \"0|20251105|093041|2|EBB0001P70160051|3|310069079018800073806|怒访址撵鉴遮斌粤惨佣|D|CNY|100.00|11990896.17|0|81100614850188002002206|僧铃抬鲸届系括冉翘损御缎缠||01110146999|交通银行北京广渠路支行||||||q2yuy454#测试1|101700||\\n\" +\n                \"0|20251105|093058|2|EBB0001P70160052|4|310069079018800073806|怒访址撵鉴遮斌粤惨佣|D|CNY|100.00|11990796.17|0|81100614850188002002207|僧铃抬鲸届系括冉翘损御缎缠||01110146999|交通银行北京广渠路支行||||||q2yuy4554#测试1|101700||\";\n\n        List<BankTransaction> transactions = BankTransactionParser.parseBankTransactions(userData);\n        \n        assertEquals(\"应解析出完整的23条交易记录\", 23, transactions.size());\n        \n        // 验证解析的数据完整性\n        for (int i = 0; i < transactions.size(); i++) {\n            BankTransaction transaction = transactions.get(i);\n            assertNotNull(\"交易记录不应为空\", transaction);\n            assertEquals(\"账号应一致\", \"310069079018800073806\", transaction.getAccountNumber());\n            assertEquals(\"户名应一致\", \"怒访址撵鉴遮斌粤惨佣\", transaction.getAccountName());\n            assertEquals(\"币种应一致\", \"CNY\", transaction.getCurrency());\n        }\n        \n        log.info(\"用户数据测试通过：成功解析 {} 条完整交易记录\", transactions.size());\n    }\n}","stream":true,"source":"E2EBotConversation","acceptable":true,"action":"edit","openFileDiff":false,"conversationId":"20fec48e-734a-4cda-b6a7-4b56823ff21d","elementId":"6960eb50965cab162c60ad97","inlineView":true,"uuid":"74b53ced-da1c-4c6d-acc6-c8364c1d1ddd"}}
[55864] [2026-01-09 19:50:14] [INFO] [ENGINE]  ---------> ENGINE REC: COMATE_AGENT_NEW_MESSAGE {"data":"{\"agentPayload\":{\"messageType\":\"refresh-messages\",\"conversationId\":\"20fec48e-734a-4cda-b6a7-4b56823ff21d\",\"payload\":{}}}"}
[55864] [2026-01-09 19:50:14] [INFO] [CONVERSATIONMANAGER]  onConversationMessage {"messageType":"refresh-messages","conversationId":"20fec48e-734a-4cda-b6a7-4b56823ff21d","payload":{}}
[55864] [2026-01-09 19:50:14] [INFO] [PLUGINCHANNEL]  {"level":"system","source":"IdeSession","action":"HandleMessage","detail":{"actionName":"DIAGNOSTIC_SCAN"}}
[55864] [2026-01-09 19:50:14] [INFO] [PLUGINCHANNEL]  {"level":"error","source":"IdeSession","action":"PluginNotFound","detail":{"pluginName":""}}
[55864] [2026-01-09 19:50:16] [VERBOSE] [VIRTUALEDITOR]  VirtualEditor.getDocument, args: absolutePath=/Users/xiaoliu/baidu/bpit-proc-apps/pmc/pmc-basic-bankcommon/src/test/java/com/baidu/pmc/bankcommon/core/utils/BankTransactionParserTest.java
[55864] [2026-01-09 19:50:16] [INFO] [ENGINE]  <--------- ENGINE SEND: VIRTUAL_EDITOR_EVENT {"action":"getDocument","payload":{"absolutePath":"/Users/xiaoliu/baidu/bpit-proc-apps/pmc/pmc-basic-bankcommon/src/test/java/com/baidu/pmc/bankcommon/core/utils/BankTransactionParserTest.java","uuid":"d188ce8a-940a-4bd8-825d-8fde0ef08c51"}}
[55864] [2026-01-09 19:50:16] [INFO] [ENGINE]  ---------> ENGINE REC: VIRTUAL_EDITOR_EVENT {"uuid":"d188ce8a-940a-4bd8-825d-8fde0ef08c51","existed":true,"content":"package com.baidu.pmc.bankcommon.core.utils;\n\nimport com.baidu.pmc.bankcommon.core.model.BankTransaction;\nimport lombok.extern.slf4j.Slf4j;\nimport org.junit.Test;\nimport org.springframework.boot.test.context.SpringBootTest;\n\nimport java.util.List;\n\nimport static org.junit.Assert.*;\n\n/**\n * 银行交易记录解析工具测试类\n */\n@Slf4j\n@SpringBootTest\npublic class BankTransactionParserTest {\n\n    @Test\n    public void testParseBankTransactions() {\n        // 测试数据 - 银行流水文本格式\n        String bankData = \"状态|交易日期|交易时间|业务类型|流水号|流水序号|账号|户名|收支标志|币种|交易金额|余额|可用余额|对方账号|对方户名|对方地址|对方开户行行号|对方开户行行名|票据种类|票据号码|票据名称|票据签发日期|附言|备注|交易码|备用\\n\" +\n                \"0|20251105|093003|2|EBB0001P70190041|1|310069079018800073806|怒访址撵鉴遮斌粤惨佣|D|CNY|100.00|11991096.17|0|81100614850188002002204|僧铃抬鲸届系括冉翘损御缎缠||01110146999|交通银行北京广渠路支行||||||q2yuyh5004#测试1|101700||\\n\" +\n                \"0|20251105|093022|2|EBB0001P70080041|2|310069079018800073806|怒访址撵鉴遮斌粤惨佣|D|CNY|100.00|11990996.17|0|81100614850188002002205|僧铃抬鲸届系括冉翘损御缎缠||01110146999|交通银行北京广渠路支行||||||q2yuyh50054#测试1|101700||\";\n\n        // 执行解析\n        List<BankTransaction> transactions = BankTransactionParser.parseBankTransactions(bankData);\n\n        // 断言验证\n        assertNotNull(\"交易记录列表不应为空\", transactions);\n        assertEquals(\"应解析出2条交易记录\", 2, transactions.size());\n\n        // 验证第一条记录\n        BankTransaction firstTransaction = transactions.get(0);\n        assertEquals(\"状态不正确\", \"0\", firstTransaction.getStatus());\n        assertEquals(\"交易日期不正确\", \"20251105\", firstTransaction.getTransactionDate());\n        assertEquals(\"交易时间不正确\", \"093003\", firstTransaction.getTransactionTime());\n        assertEquals(\"业务类型不正确\", \"2\", firstTransaction.getBusinessType());\n        assertEquals(\"流水号不正确\", \"EBB0001P70190041\", firstTransaction.getSerialNumber());\n        assertEquals(\"流水序号不正确\", \"1\", firstTransaction.getSequenceNumber());\n        assertEquals(\"账号不正确\", \"310069079018800073806\", firstTransaction.getAccountNumber());\n        assertEquals(\"户名不正确\", \"怒访址撵鉴遮斌粤惨佣\", firstTransaction.getAccountName());\n        assertEquals(\"收支标志不正确\", \"D\", firstTransaction.getIncomeExpenseFlag());\n        assertEquals(\"币种不正确\", \"CNY\", firstTransaction.getCurrency());\n        assertEquals(\"交易金额不正确\", \"100.00\", firstTransaction.getTransactionAmount());\n        assertEquals(\"余额不正确\", \"11991096.17\", firstTransaction.getBalance());\n        assertEquals(\"附言不正确\", \"q2yuyh5004#测试1\", firstTransaction.getRemarkMemo());\n        assertEquals(\"交易码不正确\", \"101700\", firstTransaction.getTransactionCode());\n\n        // 验证第二条记录\n        BankTransaction secondTransaction = transactions.get(1);\n        assertEquals(\"流水号不正确\", \"EBB0001P70080041\", secondTransaction.getSerialNumber());\n        assertEquals(\"流水序号不正确\", \"2\", secondTransaction.getSequenceNumber());\n        assertEquals(\"交易金额不正确\", \"100.00\", secondTransaction.getTransactionAmount());\n        assertEquals(\"余额不正确\", \"11990996.17\", secondTransaction.getBalance());\n\n        log.info(\"测试通过：成功解析 {} 条银行交易记录\", transactions.size());\n        BankTransactionParser.printParsingResult(transactions);\n    }\n\n    @Test\n    public void testParseEmptyData() {\n        String emptyData = \"\";\n        List<BankTransaction> transactions = BankTransactionParser.parseBankTransactions(emptyData);\n        assertNotNull(\"空数据应返回空列表\", transactions);\n        assertTrue(\"空数据应返回空列表\", transactions.isEmpty());\n    }\n\n    @Test\n    public void testParseMalformedData() {\n        // 测试字段数量不正确的数据行\n        String malformedData = \"状态|交易日期|交易时间|业务类型\\n\" +\n                \"0|20251105|093003|2|多余的字段|多余的字段\";\n\n        List<BankTransaction> transactions = BankTransactionParser.parseBankTransactions(malformedData);\n        assertNotNull(\"异常数据应返回空列表\", transactions);\n        assertTrue(\"异常数据应返回空列表\", transactions.isEmpty());\n    }\n\n    @Test\n    public void testParseUserProvidedData() {\n        // 使用用户提供的完整数据进行测试\n        String userData = \"状态|交易日期|交易时间|业务类型|流水号|流水序号|账号|户名|收支标志|币种|交易金额|余额|可用余额|对方账号|对方户名|对方地址|对方开户行行号|对方开户行行名|票据种类|票据号码|票据名称|票据签发日期|附言|备注|交易码|备用\\n\" +\n                \"0|20251105|093003|2|EBB0001P70190041|1|310069079018800073806|怒访址撵鉴遮斌粤惨佣|D|CNY|100.00|11991096.17|0|81100614850188002002204|僧铃抬鲸届系括冉翘损御缎缠||01110146999|交通银行北京广渠路支行||||||q2yuyh5004#测试1|101700||\\n\" +\n                \"0|20251105|093022|2|EBB0001P70080041|2|310069079018800073806|怒访址撵鉴遮斌粤惨佣|D|CNY|100.00|11990996.17|0|81100614850188002002205|僧铃抬鲸届系括冉翘损御缎缠||01110146999|交通银行北京广渠路支行||||||q2yuyh50054#测试1|101700||\\n\" +\n                \"0|20251105|093041|2|EBB0001P70160051|3|310069079018800073806|怒访址撵鉴遮斌粤惨佣|D|CNY|100.00|11990896.17|0|81100614850188002002206|僧铃抬鲸届系括冉翘损御缎缠||01110146999|交通银行北京广渠路支行||||||q2yuy454#测试1|101700||\\n\" +\n                \"0|20251105|093058|2|EBB0001P70160052|4|310069079018800073806|怒访址撵鉴遮斌粤惨佣|D|CNY|100.00|11990796.17|0|81100614850188002002207|僧铃抬鲸届系括冉翘损御缎缠||01110146999|交通银行北京广渠路支行||||||q2yuy4554#测试1|101700||\";\n\n        List<BankTransaction> transactions = BankTransactionParser.parseBankTransactions(userData);\n\n        assertEquals(\"应解析出完整的23条交易记录\", 23, transactions.size());\n\n        // 验证解析的数据完整性\n        for (int i = 0; i < transactions.size(); i++) {\n            BankTransaction transaction = transactions.get(i);\n            assertNotNull(\"交易记录不应为空\", transaction);\n            assertEquals(\"账号应一致\", \"310069079018800073806\", transaction.getAccountNumber());\n            assertEquals(\"户名应一致\", \"怒访址撵鉴遮斌粤惨佣\", transaction.getAccountName());\n            assertEquals(\"币种应一致\", \"CNY\", transaction.getCurrency());\n        }\n\n        log.info(\"用户数据测试通过：成功解析 {} 条完整交易记录\", transactions.size());\n    }\n}","completed":false,"isEnd":false,"failed":false}
[55864] [2026-01-09 19:50:16] [VERBOSE] [VIRTUALEDITOR]  VirtualEditor.getDocument, args: absolutePath=/Users/xiaoliu/baidu/bpit-proc-apps/pmc/.comate/rules/rules.mdr
[55864] [2026-01-09 19:50:16] [INFO] [ENGINE]  <--------- ENGINE SEND: VIRTUAL_EDITOR_EVENT {"action":"getDocument","payload":{"absolutePath":"/Users/xiaoliu/baidu/bpit-proc-apps/pmc/.comate/rules/rules.mdr","uuid":"7e50cbff-38cf-472a-8ebe-4da0ef6fba4e"}}
[55864] [2026-01-09 19:50:16] [INFO] [ENGINE]  ---------> ENGINE REC: VIRTUAL_EDITOR_EVENT {"uuid":"7e50cbff-38cf-472a-8ebe-4da0ef6fba4e","existed":true,"content":"---\n alwaysApply: true \n---\n# 百度PMC支付管理中心项目规则\n\n## 项目概览\n\n**项目定位**: 百度企业金融支付管理中心，处理多银行渠道的企业支付业务\n**架构模式**: Spring Cloud微服务架构，按银行维度模块化设计\n**技术栈**: Spring Boot 1.5.9 + MyBatis + Spring Cloud Netflix + Hessian\n\n## 核心架构规则\n\n### 模块划分原则\n- **银行独立模块**: 每个银行对应独立服务模块（pmc-basic-{bank-code}）\n- **通用支撑模块**: pmc-basic-common（基础设施）、pmc-basic-pojo（数据模型）、pmc-basic-persistence（数据访问）\n- **业务核心模块**: pmc-basic-service（核心业务）、pmc-basic-web（网关层）\n- **策略模式**: 所有银行模块实现统一BankStrategy接口，运行时动态选择具体实现\n\n### 分层架构规范\n```\nController层 → Service层 → 银行策略层 → Persistence层\n```\n- Controller: 统一使用@RestController，返回ResponseMessage包装对象\n- Service: 接口+实现类模式，使用Spring声明式事务\n- 策略层: 通过BankStrategyEnum枚举选择具体银行实现\n- Persistence: MyBatis + 通用Mapper，XML映射文件位于resources/mapper/\n\n## 开发契约\n\n### 异常处理模式\n- 全局异常处理器: 使用@RestControllerAdvice统一处理FeignException、AccessDeniedException等\n- 统一响应: 所有API返回ResponseMessage对象（包含status、message、data字段）\n- 操作日志: 基于MyBatis拦截器自动记录DELETE/UPDATE操作，异步写入\n\n### 银行接口封装规范\n- **报文标准化**: 统一使用MessageBuilder构建银行报文，ResponseXmlParser解析响应\n- **XML处理**: 使用JDOM2处理银行XML报文，XPath进行节点操作\n- **安全机制**: 各银行独立处理加密、证书、签名等安全要求\n- **通信协议**: 主要使用HTTP+XML，部分银行支持FTP/SFTP\n\n### 命名规范\n- **包名**: com.baidu.pmc.{bank-code}.{layer}\n- **类名**: {BankCode}{Function}（如：CmbController、IcbcService）\n- **方法名**: selectXxx、queryXxx、insertXxx、updateXxx、deleteXxx\n- **表名**: pmc_{bank-code}_{entity-name}\n- **模块名**: pmc-basic-{bank-code}\n\n### 配置管理\n- **多环境支持**: Maven profiles管理local/dev/test/uat/sit/vir/online环境\n- **配置中心**: Spring Cloud Config集中管理配置\n- **服务注册**: Eureka进行服务发现和注册\n- **网关路由**: Zuul统一路由转发和过滤处理\n\n## 关键开发模式\n\n### 银行适配器模式\n每个银行模块独立部署，通过策略模式实现统一调用：\n1. 定义BankStrategy接口规范\n2. 各银行实现具体的策略类\n3. 通过BankStrategyEnum选择具体实现\n4. 运行时动态绑定银行特定逻辑\n\n### 数据一致性保障\n- **事务边界**: Service层定义事务边界，跨银行操作使用最终一致性\n- **幂等性**: 支付指令使用唯一标识，支持重复提交校验\n- **状态管理**: 统一支付状态流转（待发送→已发送→处理中→成功/失败）\n\n### 异步处理机制\n- **异步日志**: 使用@Async注解实现操作日志异步写入\n- **消息推送**: 集成百度微云消息中心进行状态通知\n- **重试机制**: 银行接口调用支持可配置的重试策略\n\n## 环境配置\n\n### 端口分配\n各银行服务使用不同端口避免冲突：\n- 主服务: 8080\n- 招商银行: 8081\n- 工商银行: 8082\n- 建设银行: 8083\n- [需人工确认] 其他银行端口按顺序分配\n\n### 构建部署\n- **构建工具**: Maven多模块项目，Java 8编译\n- **CI/CD**: BCloud平台自动化构建\n- **构建脚本**: 各环境独立脚本（sitBuild.sh、uatBuild.sh等）\n- **产出物**: 统一输出到output目录\n\n## 集成规范\n\n### 百度内部系统集成\n- **认证系统**: UUAP统一认证，支持单点登录\n- **消息中心**: 百度微云消息中心推送状态变更通知\n- **工作流**: WK工作流引擎处理审批流程\n\n### 外部接口规范\n- **RESTful API**: 统一使用REST风格接口\n- **数据格式**: JSON为主，银行接口使用XML\n- **错误码**: 统一错误码规范，区分系统错误和业务错误\n\n## 注意事项\n\n1. **银行模块隔离**: 禁止跨银行模块直接调用，必须通过策略模式\n2. **环境配置**: 严格按Maven profile进行环境隔离，禁止配置混淆\n3. **安全要求**: 银行敏感信息（密钥、证书）按各银行要求独立管理\n4. **事务边界**: 避免跨银行事务，使用补偿机制保证最终一致性\n5. **版本兼容**: Spring Boot 1.5.9版本，注意依赖版本冲突\n\n---\n\n**最后更新**: 2025-11-09\n**适用范围**: 百度PMC支付管理中心所有开发活动\n**规则优先级**: 项目级规则 > 通用开发规范 > 个人编码习惯","completed":false,"isEnd":false,"failed":false}
[55864] [2026-01-09 19:50:17] [INFO] [ENGINE]  ---------> ENGINE REC: COMATE_AGENT_NEW_MESSAGE {"data":"{\"agentPayload\":{\"messageType\":\"refresh-messages\",\"conversationId\":\"20fec48e-734a-4cda-b6a7-4b56823ff21d\",\"payload\":{}}}"}
[55864] [2026-01-09 19:50:17] [INFO] [CONVERSATIONMANAGER]  onConversationMessage {"messageType":"refresh-messages","conversationId":"20fec48e-734a-4cda-b6a7-4b56823ff21d","payload":{}}
[55864] [2026-01-09 19:50:20] [INFO] [ENGINE]  ---------> ENGINE REC: COMATE_AGENT_NEW_MESSAGE {"data":"{\"agentPayload\":{\"messageType\":\"refresh-messages\",\"conversationId\":\"20fec48e-734a-4cda-b6a7-4b56823ff21d\",\"payload\":{}}}"}
[55864] [2026-01-09 19:50:20] [INFO] [CONVERSATIONMANAGER]  onConversationMessage {"messageType":"refresh-messages","conversationId":"20fec48e-734a-4cda-b6a7-4b56823ff21d","payload":{}}
[55864] [2026-01-09 19:50:38] [INFO] [ENGINE]  ---------> ENGINE REC: COMATE_AGENT_NEW_MESSAGE {"data":"{\"agentPayload\":{\"messageType\":\"message-operation\",\"conversationId\":\"20fec48e-734a-4cda-b6a7-4b56823ff21d\",\"payload\":{\"id\":\"c7509940-94c4-4fb9-9ab5-2349751efd6d\",\"elementId\":\"6960eb782c401c23d1a34d45\",\"action\":\"tool-call-accept\"}}}"}
[55864] [2026-01-09 19:50:38] [INFO] [CONVERSATIONMANAGER]  onConversationMessage {"messageType":"message-operation","conversationId":"20fec48e-734a-4cda-b6a7-4b56823ff21d","payload":{"id":"c7509940-94c4-4fb9-9ab5-2349751efd6d","elementId":"6960eb782c401c23d1a34d45","action":"tool-call-accept"}}
[55864] [2026-01-09 19:50:44] [INFO] [ENGINE]  ---------> ENGINE REC: COMATE_AGENT_NEW_MESSAGE {"data":"{\"agentPayload\":{\"messageType\":\"refresh-messages\",\"conversationId\":\"20fec48e-734a-4cda-b6a7-4b56823ff21d\",\"payload\":{}}}"}
[55864] [2026-01-09 19:50:44] [INFO] [CONVERSATIONMANAGER]  onConversationMessage {"messageType":"refresh-messages","conversationId":"20fec48e-734a-4cda-b6a7-4b56823ff21d","payload":{}}
[55864] [2026-01-09 19:50:45] [INFO] [ENGINE]  ---------> ENGINE REC: COMATE_AGENT_NEW_MESSAGE {"data":"{\"agentPayload\":{\"messageType\":\"refresh-messages\",\"conversationId\":\"20fec48e-734a-4cda-b6a7-4b56823ff21d\",\"payload\":{}}}"}
[55864] [2026-01-09 19:50:45] [INFO] [CONVERSATIONMANAGER]  onConversationMessage {"messageType":"refresh-messages","conversationId":"20fec48e-734a-4cda-b6a7-4b56823ff21d","payload":{}}
[55864] [2026-01-09 19:50:47] [INFO] [ENGINE]  ---------> ENGINE REC: COMATE_AGENT_NEW_MESSAGE {"data":"{\"agentPayload\":{\"messageType\":\"refresh-messages\",\"conversationId\":\"20fec48e-734a-4cda-b6a7-4b56823ff21d\",\"payload\":{}}}"}
[55864] [2026-01-09 19:50:47] [INFO] [CONVERSATIONMANAGER]  onConversationMessage {"messageType":"refresh-messages","conversationId":"20fec48e-734a-4cda-b6a7-4b56823ff21d","payload":{}}
[55864] [2026-01-09 19:50:49] [INFO] [ENGINE]  ---------> ENGINE REC: COMATE_AGENT_NEW_MESSAGE {"data":"{\"agentPayload\":{\"messageType\":\"refresh-messages\",\"conversationId\":\"20fec48e-734a-4cda-b6a7-4b56823ff21d\",\"payload\":{}}}"}
[55864] [2026-01-09 19:50:49] [INFO] [CONVERSATIONMANAGER]  onConversationMessage {"messageType":"refresh-messages","conversationId":"20fec48e-734a-4cda-b6a7-4b56823ff21d","payload":{}}
[55864] [2026-01-09 19:50:51] [INFO] [ENGINE]  ---------> ENGINE REC: COMATE_AGENT_NEW_MESSAGE {"data":"{\"agentPayload\":{\"messageType\":\"refresh-messages\",\"conversationId\":\"20fec48e-734a-4cda-b6a7-4b56823ff21d\",\"payload\":{}}}"}
[55864] [2026-01-09 19:50:51] [INFO] [CONVERSATIONMANAGER]  onConversationMessage {"messageType":"refresh-messages","conversationId":"20fec48e-734a-4cda-b6a7-4b56823ff21d","payload":{}}
[55864] [2026-01-09 19:50:52] [INFO] [ENGINE]  ---------> ENGINE REC: COMATE_AGENT_NEW_MESSAGE {"data":"{\"agentPayload\":{\"messageType\":\"refresh-messages\",\"conversationId\":\"20fec48e-734a-4cda-b6a7-4b56823ff21d\",\"payload\":{}}}"}
[55864] [2026-01-09 19:50:52] [INFO] [CONVERSATIONMANAGER]  onConversationMessage {"messageType":"refresh-messages","conversationId":"20fec48e-734a-4cda-b6a7-4b56823ff21d","payload":{}}
[55864] [2026-01-09 19:50:53] [INFO] [ENGINE]  ---------> ENGINE REC: COMATE_AGENT_NEW_MESSAGE {"data":"{\"agentPayload\":{\"messageType\":\"refresh-messages\",\"conversationId\":\"20fec48e-734a-4cda-b6a7-4b56823ff21d\",\"payload\":{}}}"}
[55864] [2026-01-09 19:50:53] [INFO] [CONVERSATIONMANAGER]  onConversationMessage {"messageType":"refresh-messages","conversationId":"20fec48e-734a-4cda-b6a7-4b56823ff21d","payload":{}}
[55864] [2026-01-09 19:50:55] [INFO] [ENGINE]  ---------> ENGINE REC: COMATE_AGENT_NEW_MESSAGE {"data":"{\"agentPayload\":{\"messageType\":\"refresh-messages\",\"conversationId\":\"20fec48e-734a-4cda-b6a7-4b56823ff21d\",\"payload\":{}}}"}
[55864] [2026-01-09 19:50:55] [INFO] [CONVERSATIONMANAGER]  onConversationMessage {"messageType":"refresh-messages","conversationId":"20fec48e-734a-4cda-b6a7-4b56823ff21d","payload":{}}
[55864] [2026-01-09 19:50:57] [INFO] [ENGINE]  ---------> ENGINE REC: COMATE_AGENT_NEW_MESSAGE {"data":"{\"agentPayload\":{\"messageType\":\"refresh-messages\",\"conversationId\":\"20fec48e-734a-4cda-b6a7-4b56823ff21d\",\"payload\":{}}}"}
[55864] [2026-01-09 19:50:57] [INFO] [CONVERSATIONMANAGER]  onConversationMessage {"messageType":"refresh-messages","conversationId":"20fec48e-734a-4cda-b6a7-4b56823ff21d","payload":{}}
[55864] [2026-01-09 19:50:58] [INFO] [ENGINE]  ---------> ENGINE REC: COMATE_AGENT_NEW_MESSAGE {"data":"{\"agentPayload\":{\"messageType\":\"refresh-messages\",\"conversationId\":\"20fec48e-734a-4cda-b6a7-4b56823ff21d\",\"payload\":{}}}"}
[55864] [2026-01-09 19:50:58] [INFO] [CONVERSATIONMANAGER]  onConversationMessage {"messageType":"refresh-messages","conversationId":"20fec48e-734a-4cda-b6a7-4b56823ff21d","payload":{}}
[55864] [2026-01-09 19:51:00] [INFO] [ENGINE]  ---------> ENGINE REC: COMATE_AGENT_NEW_MESSAGE {"data":"{\"agentPayload\":{\"messageType\":\"refresh-messages\",\"conversationId\":\"20fec48e-734a-4cda-b6a7-4b56823ff21d\",\"payload\":{}}}"}
[55864] [2026-01-09 19:51:00] [INFO] [CONVERSATIONMANAGER]  onConversationMessage {"messageType":"refresh-messages","conversationId":"20fec48e-734a-4cda-b6a7-4b56823ff21d","payload":{}}
[55864] [2026-01-09 19:51:02] [INFO] [ENGINE]  ---------> ENGINE REC: COMATE_AGENT_NEW_MESSAGE {"data":"{\"agentPayload\":{\"messageType\":\"refresh-messages\",\"conversationId\":\"20fec48e-734a-4cda-b6a7-4b56823ff21d\",\"payload\":{}}}"}
[55864] [2026-01-09 19:51:02] [INFO] [CONVERSATIONMANAGER]  onConversationMessage {"messageType":"refresh-messages","conversationId":"20fec48e-734a-4cda-b6a7-4b56823ff21d","payload":{}}
[55864] [2026-01-09 19:51:03] [INFO] [ENGINE]  ---------> ENGINE REC: COMATE_AGENT_NEW_MESSAGE {"data":"{\"agentPayload\":{\"messageType\":\"refresh-messages\",\"conversationId\":\"20fec48e-734a-4cda-b6a7-4b56823ff21d\",\"payload\":{}}}"}
[55864] [2026-01-09 19:51:03] [INFO] [CONVERSATIONMANAGER]  onConversationMessage {"messageType":"refresh-messages","conversationId":"20fec48e-734a-4cda-b6a7-4b56823ff21d","payload":{}}
[55864] [2026-01-09 19:51:05] [INFO] [ENGINE]  ---------> ENGINE REC: COMATE_AGENT_NEW_MESSAGE {"data":"{\"agentPayload\":{\"messageType\":\"refresh-messages\",\"conversationId\":\"20fec48e-734a-4cda-b6a7-4b56823ff21d\",\"payload\":{}}}"}
[55864] [2026-01-09 19:51:05] [INFO] [CONVERSATIONMANAGER]  onConversationMessage {"messageType":"refresh-messages","conversationId":"20fec48e-734a-4cda-b6a7-4b56823ff21d","payload":{}}
[55864] [2026-01-09 19:51:07] [INFO] [ENGINE]  ---------> ENGINE REC: COMATE_AGENT_NEW_MESSAGE {"data":"{\"agentPayload\":{\"messageType\":\"refresh-messages\",\"conversationId\":\"20fec48e-734a-4cda-b6a7-4b56823ff21d\",\"payload\":{}}}"}
[55864] [2026-01-09 19:51:07] [INFO] [CONVERSATIONMANAGER]  onConversationMessage {"messageType":"refresh-messages","conversationId":"20fec48e-734a-4cda-b6a7-4b56823ff21d","payload":{}}
[55864] [2026-01-09 19:51:08] [INFO] [ENGINE]  ---------> ENGINE REC: COMATE_AGENT_NEW_MESSAGE {"data":"{\"agentPayload\":{\"messageType\":\"refresh-messages\",\"conversationId\":\"20fec48e-734a-4cda-b6a7-4b56823ff21d\",\"payload\":{}}}"}
[55864] [2026-01-09 19:51:08] [INFO] [CONVERSATIONMANAGER]  onConversationMessage {"messageType":"refresh-messages","conversationId":"20fec48e-734a-4cda-b6a7-4b56823ff21d","payload":{}}
[55864] [2026-01-09 19:51:10] [INFO] [ENGINE]  ---------> ENGINE REC: COMATE_AGENT_NEW_MESSAGE {"data":"{\"agentPayload\":{\"messageType\":\"refresh-messages\",\"conversationId\":\"20fec48e-734a-4cda-b6a7-4b56823ff21d\",\"payload\":{}}}"}
[55864] [2026-01-09 19:51:10] [INFO] [CONVERSATIONMANAGER]  onConversationMessage {"messageType":"refresh-messages","conversationId":"20fec48e-734a-4cda-b6a7-4b56823ff21d","payload":{}}
[55864] [2026-01-09 19:51:11] [INFO] [ENGINE]  ---------> ENGINE REC: COMATE_AGENT_NEW_MESSAGE {"data":"{\"agentPayload\":{\"messageType\":\"refresh-messages\",\"conversationId\":\"20fec48e-734a-4cda-b6a7-4b56823ff21d\",\"payload\":{}}}"}
[55864] [2026-01-09 19:51:11] [INFO] [CONVERSATIONMANAGER]  onConversationMessage {"messageType":"refresh-messages","conversationId":"20fec48e-734a-4cda-b6a7-4b56823ff21d","payload":{}}
[55864] [2026-01-09 19:51:12] [INFO] [ENGINE]  ---------> ENGINE REC: COMATE_AGENT_NEW_MESSAGE {"data":"{\"agentPayload\":{\"messageType\":\"refresh-messages\",\"conversationId\":\"20fec48e-734a-4cda-b6a7-4b56823ff21d\",\"payload\":{}}}"}
[55864] [2026-01-09 19:51:12] [INFO] [CONVERSATIONMANAGER]  onConversationMessage {"messageType":"refresh-messages","conversationId":"20fec48e-734a-4cda-b6a7-4b56823ff21d","payload":{}}
[55864] [2026-01-09 19:51:13] [INFO] [ENGINE]  ---------> ENGINE REC: COMATE_AGENT_NEW_MESSAGE {"data":"{\"agentPayload\":{\"messageType\":\"refresh-messages\",\"conversationId\":\"20fec48e-734a-4cda-b6a7-4b56823ff21d\",\"payload\":{}}}"}
[55864] [2026-01-09 19:51:13] [INFO] [CONVERSATIONMANAGER]  onConversationMessage {"messageType":"refresh-messages","conversationId":"20fec48e-734a-4cda-b6a7-4b56823ff21d","payload":{}}
[55864] [2026-01-09 19:51:14] [INFO] [ENGINE]  ---------> ENGINE REC: COMATE_AGENT_NEW_MESSAGE {"data":"{\"agentPayload\":{\"messageType\":\"refresh-messages\",\"conversationId\":\"20fec48e-734a-4cda-b6a7-4b56823ff21d\",\"payload\":{}}}"}
[55864] [2026-01-09 19:51:14] [INFO] [CONVERSATIONMANAGER]  onConversationMessage {"messageType":"refresh-messages","conversationId":"20fec48e-734a-4cda-b6a7-4b56823ff21d","payload":{}}
[55864] [2026-01-09 19:51:16] [INFO] [ENGINE]  ---------> ENGINE REC: COMATE_AGENT_NEW_MESSAGE {"data":"{\"agentPayload\":{\"messageType\":\"refresh-messages\",\"conversationId\":\"20fec48e-734a-4cda-b6a7-4b56823ff21d\",\"payload\":{}}}"}
[55864] [2026-01-09 19:51:16] [INFO] [CONVERSATIONMANAGER]  onConversationMessage {"messageType":"refresh-messages","conversationId":"20fec48e-734a-4cda-b6a7-4b56823ff21d","payload":{}}
[55864] [2026-01-09 19:51:17] [INFO] [ENGINE]  ---------> ENGINE REC: COMATE_AGENT_NEW_MESSAGE {"data":"{\"agentPayload\":{\"messageType\":\"refresh-messages\",\"conversationId\":\"20fec48e-734a-4cda-b6a7-4b56823ff21d\",\"payload\":{}}}"}
[55864] [2026-01-09 19:51:17] [INFO] [CONVERSATIONMANAGER]  onConversationMessage {"messageType":"refresh-messages","conversationId":"20fec48e-734a-4cda-b6a7-4b56823ff21d","payload":{}}
[55864] [2026-01-09 19:51:19] [INFO] [ENGINE]  ---------> ENGINE REC: COMATE_AGENT_NEW_MESSAGE {"data":"{\"agentPayload\":{\"messageType\":\"refresh-messages\",\"conversationId\":\"20fec48e-734a-4cda-b6a7-4b56823ff21d\",\"payload\":{}}}"}
[55864] [2026-01-09 19:51:19] [INFO] [CONVERSATIONMANAGER]  onConversationMessage {"messageType":"refresh-messages","conversationId":"20fec48e-734a-4cda-b6a7-4b56823ff21d","payload":{}}
[55864] [2026-01-09 19:51:20] [INFO] [ENGINE]  ---------> ENGINE REC: COMATE_AGENT_NEW_MESSAGE {"data":"{\"agentPayload\":{\"messageType\":\"refresh-messages\",\"conversationId\":\"20fec48e-734a-4cda-b6a7-4b56823ff21d\",\"payload\":{}}}"}
[55864] [2026-01-09 19:51:20] [INFO] [CONVERSATIONMANAGER]  onConversationMessage {"messageType":"refresh-messages","conversationId":"20fec48e-734a-4cda-b6a7-4b56823ff21d","payload":{}}
[55864] [2026-01-09 19:51:21] [INFO] [ENGINE]  ---------> ENGINE REC: COMATE_AGENT_NEW_MESSAGE {"data":"{\"agentPayload\":{\"messageType\":\"refresh-messages\",\"conversationId\":\"20fec48e-734a-4cda-b6a7-4b56823ff21d\",\"payload\":{}}}"}
[55864] [2026-01-09 19:51:21] [INFO] [CONVERSATIONMANAGER]  onConversationMessage {"messageType":"refresh-messages","conversationId":"20fec48e-734a-4cda-b6a7-4b56823ff21d","payload":{}}
[55864] [2026-01-09 19:51:22] [VERBOSE] [VIRTUALEDITOR]  VirtualEditor.getDocument, args: absolutePath=/Users/xiaoliu/baidu/bpit-proc-apps/pmc/.comate/rules/rules.mdr
[55864] [2026-01-09 19:51:22] [INFO] [ENGINE]  <--------- ENGINE SEND: VIRTUAL_EDITOR_EVENT {"action":"getDocument","payload":{"absolutePath":"/Users/xiaoliu/baidu/bpit-proc-apps/pmc/.comate/rules/rules.mdr","uuid":"570e7ca2-d63d-4b3c-a969-7f127e14b8c3"}}
[55864] [2026-01-09 19:51:22] [INFO] [ENGINE]  ---------> ENGINE REC: VIRTUAL_EDITOR_EVENT {"uuid":"570e7ca2-d63d-4b3c-a969-7f127e14b8c3","existed":true,"content":"---\n alwaysApply: true \n---\n# 百度PMC支付管理中心项目规则\n\n## 项目概览\n\n**项目定位**: 百度企业金融支付管理中心，处理多银行渠道的企业支付业务\n**架构模式**: Spring Cloud微服务架构，按银行维度模块化设计\n**技术栈**: Spring Boot 1.5.9 + MyBatis + Spring Cloud Netflix + Hessian\n\n## 核心架构规则\n\n### 模块划分原则\n- **银行独立模块**: 每个银行对应独立服务模块（pmc-basic-{bank-code}）\n- **通用支撑模块**: pmc-basic-common（基础设施）、pmc-basic-pojo（数据模型）、pmc-basic-persistence（数据访问）\n- **业务核心模块**: pmc-basic-service（核心业务）、pmc-basic-web（网关层）\n- **策略模式**: 所有银行模块实现统一BankStrategy接口，运行时动态选择具体实现\n\n### 分层架构规范\n```\nController层 → Service层 → 银行策略层 → Persistence层\n```\n- Controller: 统一使用@RestController，返回ResponseMessage包装对象\n- Service: 接口+实现类模式，使用Spring声明式事务\n- 策略层: 通过BankStrategyEnum枚举选择具体银行实现\n- Persistence: MyBatis + 通用Mapper，XML映射文件位于resources/mapper/\n\n## 开发契约\n\n### 异常处理模式\n- 全局异常处理器: 使用@RestControllerAdvice统一处理FeignException、AccessDeniedException等\n- 统一响应: 所有API返回ResponseMessage对象（包含status、message、data字段）\n- 操作日志: 基于MyBatis拦截器自动记录DELETE/UPDATE操作，异步写入\n\n### 银行接口封装规范\n- **报文标准化**: 统一使用MessageBuilder构建银行报文，ResponseXmlParser解析响应\n- **XML处理**: 使用JDOM2处理银行XML报文，XPath进行节点操作\n- **安全机制**: 各银行独立处理加密、证书、签名等安全要求\n- **通信协议**: 主要使用HTTP+XML，部分银行支持FTP/SFTP\n\n### 命名规范\n- **包名**: com.baidu.pmc.{bank-code}.{layer}\n- **类名**: {BankCode}{Function}（如：CmbController、IcbcService）\n- **方法名**: selectXxx、queryXxx、insertXxx、updateXxx、deleteXxx\n- **表名**: pmc_{bank-code}_{entity-name}\n- **模块名**: pmc-basic-{bank-code}\n\n### 配置管理\n- **多环境支持**: Maven profiles管理local/dev/test/uat/sit/vir/online环境\n- **配置中心**: Spring Cloud Config集中管理配置\n- **服务注册**: Eureka进行服务发现和注册\n- **网关路由**: Zuul统一路由转发和过滤处理\n\n## 关键开发模式\n\n### 银行适配器模式\n每个银行模块独立部署，通过策略模式实现统一调用：\n1. 定义BankStrategy接口规范\n2. 各银行实现具体的策略类\n3. 通过BankStrategyEnum选择具体实现\n4. 运行时动态绑定银行特定逻辑\n\n### 数据一致性保障\n- **事务边界**: Service层定义事务边界，跨银行操作使用最终一致性\n- **幂等性**: 支付指令使用唯一标识，支持重复提交校验\n- **状态管理**: 统一支付状态流转（待发送→已发送→处理中→成功/失败）\n\n### 异步处理机制\n- **异步日志**: 使用@Async注解实现操作日志异步写入\n- **消息推送**: 集成百度微云消息中心进行状态通知\n- **重试机制**: 银行接口调用支持可配置的重试策略\n\n## 环境配置\n\n### 端口分配\n各银行服务使用不同端口避免冲突：\n- 主服务: 8080\n- 招商银行: 8081\n- 工商银行: 8082\n- 建设银行: 8083\n- [需人工确认] 其他银行端口按顺序分配\n\n### 构建部署\n- **构建工具**: Maven多模块项目，Java 8编译\n- **CI/CD**: BCloud平台自动化构建\n- **构建脚本**: 各环境独立脚本（sitBuild.sh、uatBuild.sh等）\n- **产出物**: 统一输出到output目录\n\n## 集成规范\n\n### 百度内部系统集成\n- **认证系统**: UUAP统一认证，支持单点登录\n- **消息中心**: 百度微云消息中心推送状态变更通知\n- **工作流**: WK工作流引擎处理审批流程\n\n### 外部接口规范\n- **RESTful API**: 统一使用REST风格接口\n- **数据格式**: JSON为主，银行接口使用XML\n- **错误码**: 统一错误码规范，区分系统错误和业务错误\n\n## 注意事项\n\n1. **银行模块隔离**: 禁止跨银行模块直接调用，必须通过策略模式\n2. **环境配置**: 严格按Maven profile进行环境隔离，禁止配置混淆\n3. **安全要求**: 银行敏感信息（密钥、证书）按各银行要求独立管理\n4. **事务边界**: 避免跨银行事务，使用补偿机制保证最终一致性\n5. **版本兼容**: Spring Boot 1.5.9版本，注意依赖版本冲突\n\n---\n\n**最后更新**: 2025-11-09\n**适用范围**: 百度PMC支付管理中心所有开发活动\n**规则优先级**: 项目级规则 > 通用开发规范 > 个人编码习惯","completed":false,"isEnd":false,"failed":false}
[55864] [2026-01-09 19:51:23] [INFO] [ENGINE]  ---------> ENGINE REC: COMATE_AGENT_NEW_MESSAGE {"data":"{\"agentPayload\":{\"messageType\":\"refresh-messages\",\"conversationId\":\"20fec48e-734a-4cda-b6a7-4b56823ff21d\",\"payload\":{}}}"}
[55864] [2026-01-09 19:51:23] [INFO] [CONVERSATIONMANAGER]  onConversationMessage {"messageType":"refresh-messages","conversationId":"20fec48e-734a-4cda-b6a7-4b56823ff21d","payload":{}}
[55864] [2026-01-09 19:51:25] [VERBOSE] [VIRTUALEDITOR]  VirtualEditor.getDocument, args: absolutePath=/Users/xiaoliu/baidu/bpit-proc-apps/pmc/TestBankTransactionParser.java
[55864] [2026-01-09 19:51:25] [INFO] [ENGINE]  <--------- ENGINE SEND: VIRTUAL_EDITOR_EVENT {"action":"getDocument","payload":{"absolutePath":"/Users/xiaoliu/baidu/bpit-proc-apps/pmc/TestBankTransactionParser.java","uuid":"e93362e7-aeb0-4bdd-84c8-f6b9616ca57e"}}
[55864] [2026-01-09 19:51:25] [INFO] [ENGINE]  ---------> ENGINE REC: VIRTUAL_EDITOR_EVENT {"uuid":"e93362e7-aeb0-4bdd-84c8-f6b9616ca57e","existed":false,"content":"","completed":false,"isEnd":false,"failed":false}
[55864] [2026-01-09 19:51:25] [VERBOSE] [VIRTUALEDITOR]  VirtualEditor.getDocument, args: absolutePath=/Users/xiaoliu/baidu/bpit-proc-apps/pmc/TestBankTransactionParser.java
[55864] [2026-01-09 19:51:25] [INFO] [ENGINE]  <--------- ENGINE SEND: VIRTUAL_EDITOR_EVENT {"action":"getDocument","payload":{"absolutePath":"/Users/xiaoliu/baidu/bpit-proc-apps/pmc/TestBankTransactionParser.java","uuid":"962c751d-7969-4a68-941d-d16795e11186"}}
[55864] [2026-01-09 19:51:25] [INFO] [ENGINE]  ---------> ENGINE REC: VIRTUAL_EDITOR_EVENT {"uuid":"962c751d-7969-4a68-941d-d16795e11186","existed":false,"content":"","completed":false,"isEnd":false,"failed":false}
[55864] [2026-01-09 19:51:26] [INFO] [ENGINE]  ---------> ENGINE REC: COMATE_AGENT_NEW_MESSAGE {"data":"{\"agentPayload\":{\"messageType\":\"refresh-messages\",\"conversationId\":\"20fec48e-734a-4cda-b6a7-4b56823ff21d\",\"payload\":{}}}"}
[55864] [2026-01-09 19:51:26] [INFO] [CONVERSATIONMANAGER]  onConversationMessage {"messageType":"refresh-messages","conversationId":"20fec48e-734a-4cda-b6a7-4b56823ff21d","payload":{}}
[55864] [2026-01-09 19:51:51] [INFO] [ENGINE]  ---------> ENGINE REC: COMATE_AGENT_NEW_MESSAGE {"data":"{\"agentPayload\":{\"messageType\":\"refresh-messages\",\"conversationId\":\"20fec48e-734a-4cda-b6a7-4b56823ff21d\",\"payload\":{}}}"}
[55864] [2026-01-09 19:51:51] [INFO] [CONVERSATIONMANAGER]  onConversationMessage {"messageType":"refresh-messages","conversationId":"20fec48e-734a-4cda-b6a7-4b56823ff21d","payload":{}}
[55864] [2026-01-09 19:51:53] [INFO] [ENGINE]  ---------> ENGINE REC: COMATE_AGENT_NEW_MESSAGE {"data":"{\"agentPayload\":{\"messageType\":\"refresh-messages\",\"conversationId\":\"20fec48e-734a-4cda-b6a7-4b56823ff21d\",\"payload\":{}}}"}
[55864] [2026-01-09 19:51:53] [INFO] [CONVERSATIONMANAGER]  onConversationMessage {"messageType":"refresh-messages","conversationId":"20fec48e-734a-4cda-b6a7-4b56823ff21d","payload":{}}
[55864] [2026-01-09 19:51:59] [INFO] [ENGINE]  ---------> ENGINE REC: COMATE_AGENT_NEW_MESSAGE {"data":"{\"agentPayload\":{\"messageType\":\"message-operation\",\"conversationType\":null,\"conversationId\":\"20fec48e-734a-4cda-b6a7-4b56823ff21d\",\"payload\":{\"query\":null,\"action\":\"file-accept-block\",\"filePath\":\"/Users/xiaoliu/baidu/bpit-proc-apps/pmc/pmc-basic-bankcommon/src/test/java/com/baidu/pmc/bankcommon/core/utils/BankTransactionParserTest.java\",\"elementId\":\"6960eb50965cab162c60ad97\",\"knowledgeList\":null,\"source\":\"\",\"acceptance\":{\"addLines\":0,\"deleteLines\":0,\"source\":\"\"},\"accepted\":true}}}"}
[55864] [2026-01-09 19:51:59] [INFO] [CONVERSATIONMANAGER]  onConversationMessage {"messageType":"message-operation","conversationType":null,"conversationId":"20fec48e-734a-4cda-b6a7-4b56823ff21d","payload":{"query":null,"action":"file-accept-block","filePath":"/Users/xiaoliu/baidu/bpit-proc-apps/pmc/pmc-basic-bankcommon/src/test/java/com/baidu/pmc/bankcommon/core/utils/BankTransactionParserTest.java","elementId":"6960eb50965cab162c60ad97","knowledgeList":null,"source":"","acceptance":{"addLines":0,"deleteLines":0,"source":""},"accepted":true}}
[55864] [2026-01-09 19:52:00] [INFO] [PLUGINCHANNEL]  {"level":"system","source":"IdeSession","action":"HandleMessage","detail":{"actionName":"DIAGNOSTIC_SCAN"}}
[55864] [2026-01-09 19:52:00] [INFO] [PLUGINCHANNEL]  {"level":"error","source":"IdeSession","action":"PluginNotFound","detail":{"pluginName":""}}
[55864] [2026-01-09 19:52:27] [INFO] [ENGINE]  ---------> ENGINE REC: COMATE_AGENT_NEW_MESSAGE {"data":"{\"agentPayload\":{\"messageType\":\"refresh-messages\",\"conversationId\":\"20fec48e-734a-4cda-b6a7-4b56823ff21d\",\"payload\":{}}}"}
[55864] [2026-01-09 19:52:27] [INFO] [CONVERSATIONMANAGER]  onConversationMessage {"messageType":"refresh-messages","conversationId":"20fec48e-734a-4cda-b6a7-4b56823ff21d","payload":{}}
[55864] [2026-01-09 19:52:27] [INFO] [PLUGINCHANNEL]  {"level":"system","source":"IdeSession","action":"HandleMessage","detail":{"actionName":"DIAGNOSTIC_SCAN"}}
[55864] [2026-01-09 19:52:27] [INFO] [PLUGINCHANNEL]  {"level":"error","source":"IdeSession","action":"PluginNotFound","detail":{"pluginName":""}}
[55864] [2026-01-09 19:52:28] [VERBOSE] [VIRTUALEDITOR]  VirtualEditor.getActiveDocument, args: 
[55864] [2026-01-09 19:52:28] [INFO] [ENGINE]  <--------- ENGINE SEND: VIRTUAL_EDITOR_EVENT {"action":"getActiveDocument","payload":{"uuid":"0aae360c-d97e-4ee8-b6c7-c5f99ab19cf6"}}
[55864] [2026-01-09 19:52:28] [INFO] [ENGINE]  ---------> ENGINE REC: VIRTUAL_EDITOR_EVENT {"uuid":"0aae360c-d97e-4ee8-b6c7-c5f99ab19cf6","existed":false,"completed":false,"isEnd":false,"failed":false}
[55864] [2026-01-09 19:52:28] [VERBOSE] [VIRTUALEDITOR]  VirtualEditor.openVirtualDiffDocument, args: absolutePath=/Users/xiaoliu/baidu/bpit-proc-apps/pmc/TestBankTransactionParser.java,stream=true,source=E2EBotConversation,acceptable=true,action=edit,openFileDiff=false,conversationId=20fec48e-734a-4cda-b6a7-4b56823ff21d,elementId=6960ebbbf87c787b160b32c3,inlineView=true
[55864] [2026-01-09 19:52:29] [INFO] [ENGINE]  ---------> ENGINE REC: COMATE_AGENT_NEW_MESSAGE {"data":"{\"agentPayload\":{\"messageType\":\"refresh-messages\",\"conversationId\":\"20fec48e-734a-4cda-b6a7-4b56823ff21d\",\"payload\":{}}}"}
[55864] [2026-01-09 19:52:29] [INFO] [CONVERSATIONMANAGER]  onConversationMessage {"messageType":"refresh-messages","conversationId":"20fec48e-734a-4cda-b6a7-4b56823ff21d","payload":{}}
[55864] [2026-01-09 19:52:31] [VERBOSE] [VIRTUALEDITOR]  VirtualEditor.getDocument, args: absolutePath=/Users/xiaoliu/baidu/bpit-proc-apps/pmc/TestBankTransactionParser.java
[55864] [2026-01-09 19:52:31] [INFO] [ENGINE]  <--------- ENGINE SEND: VIRTUAL_EDITOR_EVENT {"action":"getDocument","payload":{"absolutePath":"/Users/xiaoliu/baidu/bpit-proc-apps/pmc/TestBankTransactionParser.java","uuid":"2c12d8f7-4cb9-4324-b7fe-59e84c03025c"}}
[55864] [2026-01-09 19:52:31] [VERBOSE] [VIRTUALEDITOR]  VirtualEditor.getDocument, args: absolutePath=/Users/xiaoliu/baidu/bpit-proc-apps/pmc/.comate/rules/rules.mdr
[55864] [2026-01-09 19:52:31] [INFO] [ENGINE]  <--------- ENGINE SEND: VIRTUAL_EDITOR_EVENT {"action":"getDocument","payload":{"absolutePath":"/Users/xiaoliu/baidu/bpit-proc-apps/pmc/.comate/rules/rules.mdr","uuid":"92aae97a-41be-47ed-8766-084b4fa5a828"}}
[55864] [2026-01-09 19:52:31] [INFO] [ENGINE]  ---------> ENGINE REC: VIRTUAL_EDITOR_EVENT {"uuid":"92aae97a-41be-47ed-8766-084b4fa5a828","existed":true,"content":"---\n alwaysApply: true \n---\n# 百度PMC支付管理中心项目规则\n\n## 项目概览\n\n**项目定位**: 百度企业金融支付管理中心，处理多银行渠道的企业支付业务\n**架构模式**: Spring Cloud微服务架构，按银行维度模块化设计\n**技术栈**: Spring Boot 1.5.9 + MyBatis + Spring Cloud Netflix + Hessian\n\n## 核心架构规则\n\n### 模块划分原则\n- **银行独立模块**: 每个银行对应独立服务模块（pmc-basic-{bank-code}）\n- **通用支撑模块**: pmc-basic-common（基础设施）、pmc-basic-pojo（数据模型）、pmc-basic-persistence（数据访问）\n- **业务核心模块**: pmc-basic-service（核心业务）、pmc-basic-web（网关层）\n- **策略模式**: 所有银行模块实现统一BankStrategy接口，运行时动态选择具体实现\n\n### 分层架构规范\n```\nController层 → Service层 → 银行策略层 → Persistence层\n```\n- Controller: 统一使用@RestController，返回ResponseMessage包装对象\n- Service: 接口+实现类模式，使用Spring声明式事务\n- 策略层: 通过BankStrategyEnum枚举选择具体银行实现\n- Persistence: MyBatis + 通用Mapper，XML映射文件位于resources/mapper/\n\n## 开发契约\n\n### 异常处理模式\n- 全局异常处理器: 使用@RestControllerAdvice统一处理FeignException、AccessDeniedException等\n- 统一响应: 所有API返回ResponseMessage对象（包含status、message、data字段）\n- 操作日志: 基于MyBatis拦截器自动记录DELETE/UPDATE操作，异步写入\n\n### 银行接口封装规范\n- **报文标准化**: 统一使用MessageBuilder构建银行报文，ResponseXmlParser解析响应\n- **XML处理**: 使用JDOM2处理银行XML报文，XPath进行节点操作\n- **安全机制**: 各银行独立处理加密、证书、签名等安全要求\n- **通信协议**: 主要使用HTTP+XML，部分银行支持FTP/SFTP\n\n### 命名规范\n- **包名**: com.baidu.pmc.{bank-code}.{layer}\n- **类名**: {BankCode}{Function}（如：CmbController、IcbcService）\n- **方法名**: selectXxx、queryXxx、insertXxx、updateXxx、deleteXxx\n- **表名**: pmc_{bank-code}_{entity-name}\n- **模块名**: pmc-basic-{bank-code}\n\n### 配置管理\n- **多环境支持**: Maven profiles管理local/dev/test/uat/sit/vir/online环境\n- **配置中心**: Spring Cloud Config集中管理配置\n- **服务注册**: Eureka进行服务发现和注册\n- **网关路由**: Zuul统一路由转发和过滤处理\n\n## 关键开发模式\n\n### 银行适配器模式\n每个银行模块独立部署，通过策略模式实现统一调用：\n1. 定义BankStrategy接口规范\n2. 各银行实现具体的策略类\n3. 通过BankStrategyEnum选择具体实现\n4. 运行时动态绑定银行特定逻辑\n\n### 数据一致性保障\n- **事务边界**: Service层定义事务边界，跨银行操作使用最终一致性\n- **幂等性**: 支付指令使用唯一标识，支持重复提交校验\n- **状态管理**: 统一支付状态流转（待发送→已发送→处理中→成功/失败）\n\n### 异步处理机制\n- **异步日志**: 使用@Async注解实现操作日志异步写入\n- **消息推送**: 集成百度微云消息中心进行状态通知\n- **重试机制**: 银行接口调用支持可配置的重试策略\n\n## 环境配置\n\n### 端口分配\n各银行服务使用不同端口避免冲突：\n- 主服务: 8080\n- 招商银行: 8081\n- 工商银行: 8082\n- 建设银行: 8083\n- [需人工确认] 其他银行端口按顺序分配\n\n### 构建部署\n- **构建工具**: Maven多模块项目，Java 8编译\n- **CI/CD**: BCloud平台自动化构建\n- **构建脚本**: 各环境独立脚本（sitBuild.sh、uatBuild.sh等）\n- **产出物**: 统一输出到output目录\n\n## 集成规范\n\n### 百度内部系统集成\n- **认证系统**: UUAP统一认证，支持单点登录\n- **消息中心**: 百度微云消息中心推送状态变更通知\n- **工作流**: WK工作流引擎处理审批流程\n\n### 外部接口规范\n- **RESTful API**: 统一使用REST风格接口\n- **数据格式**: JSON为主，银行接口使用XML\n- **错误码**: 统一错误码规范，区分系统错误和业务错误\n\n## 注意事项\n\n1. **银行模块隔离**: 禁止跨银行模块直接调用，必须通过策略模式\n2. **环境配置**: 严格按Maven profile进行环境隔离，禁止配置混淆\n3. **安全要求**: 银行敏感信息（密钥、证书）按各银行要求独立管理\n4. **事务边界**: 避免跨银行事务，使用补偿机制保证最终一致性\n5. **版本兼容**: Spring Boot 1.5.9版本，注意依赖版本冲突\n\n---\n\n**最后更新**: 2025-11-09\n**适用范围**: 百度PMC支付管理中心所有开发活动\n**规则优先级**: 项目级规则 > 通用开发规范 > 个人编码习惯","completed":false,"isEnd":false,"failed":false}
[55864] [2026-01-09 19:52:32] [INFO] [ENGINE]  ---------> ENGINE REC: COMATE_AGENT_NEW_MESSAGE {"data":"{\"agentPayload\":{\"messageType\":\"refresh-messages\",\"conversationId\":\"20fec48e-734a-4cda-b6a7-4b56823ff21d\",\"payload\":{}}}"}
[55864] [2026-01-09 19:52:32] [INFO] [CONVERSATIONMANAGER]  onConversationMessage {"messageType":"refresh-messages","conversationId":"20fec48e-734a-4cda-b6a7-4b56823ff21d","payload":{}}
[55864] [2026-01-09 19:52:34] [INFO] [ENGINE]  ---------> ENGINE REC: COMATE_AGENT_NEW_MESSAGE {"data":"{\"agentPayload\":{\"messageType\":\"refresh-messages\",\"conversationId\":\"20fec48e-734a-4cda-b6a7-4b56823ff21d\",\"payload\":{}}}"}
[55864] [2026-01-09 19:52:34] [INFO] [CONVERSATIONMANAGER]  onConversationMessage {"messageType":"refresh-messages","conversationId":"20fec48e-734a-4cda-b6a7-4b56823ff21d","payload":{}}
[55864] [2026-01-09 19:52:39] [INFO] [ENGINE]  ---------> ENGINE REC: COMATE_AGENT_NEW_MESSAGE {"data":"{\"agentPayload\":{\"messageType\":\"message-operation\",\"conversationId\":\"20fec48e-734a-4cda-b6a7-4b56823ff21d\",\"payload\":{\"id\":\"c7509940-94c4-4fb9-9ab5-2349751efd6d\",\"elementId\":\"6960ec001393c774c087d889\",\"action\":\"tool-call-accept\"}}}"}
[55864] [2026-01-09 19:52:39] [INFO] [CONVERSATIONMANAGER]  onConversationMessage {"messageType":"message-operation","conversationId":"20fec48e-734a-4cda-b6a7-4b56823ff21d","payload":{"id":"c7509940-94c4-4fb9-9ab5-2349751efd6d","elementId":"6960ec001393c774c087d889","action":"tool-call-accept"}}
[55864] [2026-01-09 19:52:40] [VERBOSE] [VIRTUALEDITOR]  VirtualEditor.getDocument, args: absolutePath=/Users/xiaoliu/baidu/bpit-proc-apps/pmc/.comate/rules/rules.mdr
[55864] [2026-01-09 19:52:40] [INFO] [ENGINE]  <--------- ENGINE SEND: VIRTUAL_EDITOR_EVENT {"action":"getDocument","payload":{"absolutePath":"/Users/xiaoliu/baidu/bpit-proc-apps/pmc/.comate/rules/rules.mdr","uuid":"a5dd9349-54c6-431a-bb12-92d288915652"}}
[55864] [2026-01-09 19:52:40] [INFO] [ENGINE]  ---------> ENGINE REC: VIRTUAL_EDITOR_EVENT {"uuid":"a5dd9349-54c6-431a-bb12-92d288915652","existed":true,"content":"---\n alwaysApply: true \n---\n# 百度PMC支付管理中心项目规则\n\n## 项目概览\n\n**项目定位**: 百度企业金融支付管理中心，处理多银行渠道的企业支付业务\n**架构模式**: Spring Cloud微服务架构，按银行维度模块化设计\n**技术栈**: Spring Boot 1.5.9 + MyBatis + Spring Cloud Netflix + Hessian\n\n## 核心架构规则\n\n### 模块划分原则\n- **银行独立模块**: 每个银行对应独立服务模块（pmc-basic-{bank-code}）\n- **通用支撑模块**: pmc-basic-common（基础设施）、pmc-basic-pojo（数据模型）、pmc-basic-persistence（数据访问）\n- **业务核心模块**: pmc-basic-service（核心业务）、pmc-basic-web（网关层）\n- **策略模式**: 所有银行模块实现统一BankStrategy接口，运行时动态选择具体实现\n\n### 分层架构规范\n```\nController层 → Service层 → 银行策略层 → Persistence层\n```\n- Controller: 统一使用@RestController，返回ResponseMessage包装对象\n- Service: 接口+实现类模式，使用Spring声明式事务\n- 策略层: 通过BankStrategyEnum枚举选择具体银行实现\n- Persistence: MyBatis + 通用Mapper，XML映射文件位于resources/mapper/\n\n## 开发契约\n\n### 异常处理模式\n- 全局异常处理器: 使用@RestControllerAdvice统一处理FeignException、AccessDeniedException等\n- 统一响应: 所有API返回ResponseMessage对象（包含status、message、data字段）\n- 操作日志: 基于MyBatis拦截器自动记录DELETE/UPDATE操作，异步写入\n\n### 银行接口封装规范\n- **报文标准化**: 统一使用MessageBuilder构建银行报文，ResponseXmlParser解析响应\n- **XML处理**: 使用JDOM2处理银行XML报文，XPath进行节点操作\n- **安全机制**: 各银行独立处理加密、证书、签名等安全要求\n- **通信协议**: 主要使用HTTP+XML，部分银行支持FTP/SFTP\n\n### 命名规范\n- **包名**: com.baidu.pmc.{bank-code}.{layer}\n- **类名**: {BankCode}{Function}（如：CmbController、IcbcService）\n- **方法名**: selectXxx、queryXxx、insertXxx、updateXxx、deleteXxx\n- **表名**: pmc_{bank-code}_{entity-name}\n- **模块名**: pmc-basic-{bank-code}\n\n### 配置管理\n- **多环境支持**: Maven profiles管理local/dev/test/uat/sit/vir/online环境\n- **配置中心**: Spring Cloud Config集中管理配置\n- **服务注册**: Eureka进行服务发现和注册\n- **网关路由**: Zuul统一路由转发和过滤处理\n\n## 关键开发模式\n\n### 银行适配器模式\n每个银行模块独立部署，通过策略模式实现统一调用：\n1. 定义BankStrategy接口规范\n2. 各银行实现具体的策略类\n3. 通过BankStrategyEnum选择具体实现\n4. 运行时动态绑定银行特定逻辑\n\n### 数据一致性保障\n- **事务边界**: Service层定义事务边界，跨银行操作使用最终一致性\n- **幂等性**: 支付指令使用唯一标识，支持重复提交校验\n- **状态管理**: 统一支付状态流转（待发送→已发送→处理中→成功/失败）\n\n### 异步处理机制\n- **异步日志**: 使用@Async注解实现操作日志异步写入\n- **消息推送**: 集成百度微云消息中心进行状态通知\n- **重试机制**: 银行接口调用支持可配置的重试策略\n\n## 环境配置\n\n### 端口分配\n各银行服务使用不同端口避免冲突：\n- 主服务: 8080\n- 招商银行: 8081\n- 工商银行: 8082\n- 建设银行: 8083\n- [需人工确认] 其他银行端口按顺序分配\n\n### 构建部署\n- **构建工具**: Maven多模块项目，Java 8编译\n- **CI/CD**: BCloud平台自动化构建\n- **构建脚本**: 各环境独立脚本（sitBuild.sh、uatBuild.sh等）\n- **产出物**: 统一输出到output目录\n\n## 集成规范\n\n### 百度内部系统集成\n- **认证系统**: UUAP统一认证，支持单点登录\n- **消息中心**: 百度微云消息中心推送状态变更通知\n- **工作流**: WK工作流引擎处理审批流程\n\n### 外部接口规范\n- **RESTful API**: 统一使用REST风格接口\n- **数据格式**: JSON为主，银行接口使用XML\n- **错误码**: 统一错误码规范，区分系统错误和业务错误\n\n## 注意事项\n\n1. **银行模块隔离**: 禁止跨银行模块直接调用，必须通过策略模式\n2. **环境配置**: 严格按Maven profile进行环境隔离，禁止配置混淆\n3. **安全要求**: 银行敏感信息（密钥、证书）按各银行要求独立管理\n4. **事务边界**: 避免跨银行事务，使用补偿机制保证最终一致性\n5. **版本兼容**: Spring Boot 1.5.9版本，注意依赖版本冲突\n\n---\n\n**最后更新**: 2025-11-09\n**适用范围**: 百度PMC支付管理中心所有开发活动\n**规则优先级**: 项目级规则 > 通用开发规范 > 个人编码习惯","completed":false,"isEnd":false,"failed":false}
[55864] [2026-01-09 19:52:41] [INFO] [ENGINE]  ---------> ENGINE REC: COMATE_AGENT_NEW_MESSAGE {"data":"{\"agentPayload\":{\"messageType\":\"refresh-messages\",\"conversationId\":\"20fec48e-734a-4cda-b6a7-4b56823ff21d\",\"payload\":{}}}"}
[55864] [2026-01-09 19:52:41] [INFO] [CONVERSATIONMANAGER]  onConversationMessage {"messageType":"refresh-messages","conversationId":"20fec48e-734a-4cda-b6a7-4b56823ff21d","payload":{}}
[55864] [2026-01-09 19:52:43] [INFO] [ENGINE]  ---------> ENGINE REC: COMATE_AGENT_NEW_MESSAGE {"data":"{\"agentPayload\":{\"messageType\":\"refresh-messages\",\"conversationId\":\"20fec48e-734a-4cda-b6a7-4b56823ff21d\",\"payload\":{}}}"}
[55864] [2026-01-09 19:52:43] [INFO] [CONVERSATIONMANAGER]  onConversationMessage {"messageType":"refresh-messages","conversationId":"20fec48e-734a-4cda-b6a7-4b56823ff21d","payload":{}}
[55864] [2026-01-09 19:52:43] [VERBOSE] [VIRTUALEDITOR]  VirtualEditor.getDocument, args: absolutePath=/Users/xiaoliu/baidu/bpit-proc-apps/pmc/FixParseLogic.java
[55864] [2026-01-09 19:52:43] [INFO] [ENGINE]  <--------- ENGINE SEND: VIRTUAL_EDITOR_EVENT {"action":"getDocument","payload":{"absolutePath":"/Users/xiaoliu/baidu/bpit-proc-apps/pmc/FixParseLogic.java","uuid":"80847f6a-fb84-4dd2-ba07-7342c42b9133"}}
[55864] [2026-01-09 19:52:43] [INFO] [ENGINE]  ---------> ENGINE REC: VIRTUAL_EDITOR_EVENT {"uuid":"80847f6a-fb84-4dd2-ba07-7342c42b9133","existed":false,"content":"","completed":false,"isEnd":false,"failed":false}
[55864] [2026-01-09 19:52:43] [VERBOSE] [VIRTUALEDITOR]  VirtualEditor.getDocument, args: absolutePath=/Users/xiaoliu/baidu/bpit-proc-apps/pmc/FixParseLogic.java
[55864] [2026-01-09 19:52:43] [INFO] [ENGINE]  <--------- ENGINE SEND: VIRTUAL_EDITOR_EVENT {"action":"getDocument","payload":{"absolutePath":"/Users/xiaoliu/baidu/bpit-proc-apps/pmc/FixParseLogic.java","uuid":"ef2759ab-ca98-4674-9dbc-0d839c96cf5d"}}
[55864] [2026-01-09 19:52:43] [INFO] [ENGINE]  ---------> ENGINE REC: VIRTUAL_EDITOR_EVENT {"uuid":"ef2759ab-ca98-4674-9dbc-0d839c96cf5d","existed":false,"content":"","completed":false,"isEnd":false,"failed":false}
[55864] [2026-01-09 19:53:13] [INFO] [ENGINE]  ---------> ENGINE REC: COMATE_AGENT_NEW_MESSAGE {"data":"{\"agentPayload\":{\"messageType\":\"refresh-messages\",\"conversationId\":\"20fec48e-734a-4cda-b6a7-4b56823ff21d\",\"payload\":{}}}"}
[55864] [2026-01-09 19:53:13] [INFO] [CONVERSATIONMANAGER]  onConversationMessage {"messageType":"refresh-messages","conversationId":"20fec48e-734a-4cda-b6a7-4b56823ff21d","payload":{}}
[55864] [2026-01-09 19:53:39] [VERBOSE] [VIRTUALEDITOR]  VirtualEditor.getActiveDocument, args: 
[55864] [2026-01-09 19:53:39] [INFO] [ENGINE]  <--------- ENGINE SEND: VIRTUAL_EDITOR_EVENT {"action":"getActiveDocument","payload":{"uuid":"36ec9c34-06f5-4bd9-84ff-100746e13825"}}
[55864] [2026-01-09 19:53:39] [VERBOSE] [VIRTUALEDITOR]  VirtualEditor.openVirtualDiffDocument, args: absolutePath=/Users/xiaoliu/baidu/bpit-proc-apps/pmc/FixParseLogic.java,stream=true,source=E2EBotConversation,acceptable=true,action=edit,openFileDiff=false,conversationId=20fec48e-734a-4cda-b6a7-4b56823ff21d,elementId=6960ec08f1d6732043443de3,inlineView=true
[55864] [2026-01-09 19:53:40] [INFO] [ENGINE]  ---------> ENGINE REC: COMATE_AGENT_NEW_MESSAGE {"data":"{\"agentPayload\":{\"messageType\":\"refresh-messages\",\"conversationId\":\"20fec48e-734a-4cda-b6a7-4b56823ff21d\",\"payload\":{}}}"}
[55864] [2026-01-09 19:53:40] [INFO] [CONVERSATIONMANAGER]  onConversationMessage {"messageType":"refresh-messages","conversationId":"20fec48e-734a-4cda-b6a7-4b56823ff21d","payload":{}}
[55864] [2026-01-09 19:53:42] [VERBOSE] [VIRTUALEDITOR]  VirtualEditor.getDocument, args: absolutePath=/Users/xiaoliu/baidu/bpit-proc-apps/pmc/FixParseLogic.java
[55864] [2026-01-09 19:53:42] [INFO] [ENGINE]  <--------- ENGINE SEND: VIRTUAL_EDITOR_EVENT {"action":"getDocument","payload":{"absolutePath":"/Users/xiaoliu/baidu/bpit-proc-apps/pmc/FixParseLogic.java","uuid":"c9fea92f-3e34-48d0-b448-887e9739255d"}}
[55864] [2026-01-09 19:53:42] [VERBOSE] [VIRTUALEDITOR]  VirtualEditor.getDocument, args: absolutePath=/Users/xiaoliu/baidu/bpit-proc-apps/pmc/.comate/rules/rules.mdr
[55864] [2026-01-09 19:53:42] [INFO] [ENGINE]  <--------- ENGINE SEND: VIRTUAL_EDITOR_EVENT {"action":"getDocument","payload":{"absolutePath":"/Users/xiaoliu/baidu/bpit-proc-apps/pmc/.comate/rules/rules.mdr","uuid":"6257c800-9333-41ec-816f-e5bcd931d45e"}}
[55864] [2026-01-09 19:53:42] [INFO] [ENGINE]  ---------> ENGINE REC: VIRTUAL_EDITOR_EVENT {"uuid":"6257c800-9333-41ec-816f-e5bcd931d45e","existed":true,"content":"---\n alwaysApply: true \n---\n# 百度PMC支付管理中心项目规则\n\n## 项目概览\n\n**项目定位**: 百度企业金融支付管理中心，处理多银行渠道的企业支付业务\n**架构模式**: Spring Cloud微服务架构，按银行维度模块化设计\n**技术栈**: Spring Boot 1.5.9 + MyBatis + Spring Cloud Netflix + Hessian\n\n## 核心架构规则\n\n### 模块划分原则\n- **银行独立模块**: 每个银行对应独立服务模块（pmc-basic-{bank-code}）\n- **通用支撑模块**: pmc-basic-common（基础设施）、pmc-basic-pojo（数据模型）、pmc-basic-persistence（数据访问）\n- **业务核心模块**: pmc-basic-service（核心业务）、pmc-basic-web（网关层）\n- **策略模式**: 所有银行模块实现统一BankStrategy接口，运行时动态选择具体实现\n\n### 分层架构规范\n```\nController层 → Service层 → 银行策略层 → Persistence层\n```\n- Controller: 统一使用@RestController，返回ResponseMessage包装对象\n- Service: 接口+实现类模式，使用Spring声明式事务\n- 策略层: 通过BankStrategyEnum枚举选择具体银行实现\n- Persistence: MyBatis + 通用Mapper，XML映射文件位于resources/mapper/\n\n## 开发契约\n\n### 异常处理模式\n- 全局异常处理器: 使用@RestControllerAdvice统一处理FeignException、AccessDeniedException等\n- 统一响应: 所有API返回ResponseMessage对象（包含status、message、data字段）\n- 操作日志: 基于MyBatis拦截器自动记录DELETE/UPDATE操作，异步写入\n\n### 银行接口封装规范\n- **报文标准化**: 统一使用MessageBuilder构建银行报文，ResponseXmlParser解析响应\n- **XML处理**: 使用JDOM2处理银行XML报文，XPath进行节点操作\n- **安全机制**: 各银行独立处理加密、证书、签名等安全要求\n- **通信协议**: 主要使用HTTP+XML，部分银行支持FTP/SFTP\n\n### 命名规范\n- **包名**: com.baidu.pmc.{bank-code}.{layer}\n- **类名**: {BankCode}{Function}（如：CmbController、IcbcService）\n- **方法名**: selectXxx、queryXxx、insertXxx、updateXxx、deleteXxx\n- **表名**: pmc_{bank-code}_{entity-name}\n- **模块名**: pmc-basic-{bank-code}\n\n### 配置管理\n- **多环境支持**: Maven profiles管理local/dev/test/uat/sit/vir/online环境\n- **配置中心**: Spring Cloud Config集中管理配置\n- **服务注册**: Eureka进行服务发现和注册\n- **网关路由**: Zuul统一路由转发和过滤处理\n\n## 关键开发模式\n\n### 银行适配器模式\n每个银行模块独立部署，通过策略模式实现统一调用：\n1. 定义BankStrategy接口规范\n2. 各银行实现具体的策略类\n3. 通过BankStrategyEnum选择具体实现\n4. 运行时动态绑定银行特定逻辑\n\n### 数据一致性保障\n- **事务边界**: Service层定义事务边界，跨银行操作使用最终一致性\n- **幂等性**: 支付指令使用唯一标识，支持重复提交校验\n- **状态管理**: 统一支付状态流转（待发送→已发送→处理中→成功/失败）\n\n### 异步处理机制\n- **异步日志**: 使用@Async注解实现操作日志异步写入\n- **消息推送**: 集成百度微云消息中心进行状态通知\n- **重试机制**: 银行接口调用支持可配置的重试策略\n\n## 环境配置\n\n### 端口分配\n各银行服务使用不同端口避免冲突：\n- 主服务: 8080\n- 招商银行: 8081\n- 工商银行: 8082\n- 建设银行: 8083\n- [需人工确认] 其他银行端口按顺序分配\n\n### 构建部署\n- **构建工具**: Maven多模块项目，Java 8编译\n- **CI/CD**: BCloud平台自动化构建\n- **构建脚本**: 各环境独立脚本（sitBuild.sh、uatBuild.sh等）\n- **产出物**: 统一输出到output目录\n\n## 集成规范\n\n### 百度内部系统集成\n- **认证系统**: UUAP统一认证，支持单点登录\n- **消息中心**: 百度微云消息中心推送状态变更通知\n- **工作流**: WK工作流引擎处理审批流程\n\n### 外部接口规范\n- **RESTful API**: 统一使用REST风格接口\n- **数据格式**: JSON为主，银行接口使用XML\n- **错误码**: 统一错误码规范，区分系统错误和业务错误\n\n## 注意事项\n\n1. **银行模块隔离**: 禁止跨银行模块直接调用，必须通过策略模式\n2. **环境配置**: 严格按Maven profile进行环境隔离，禁止配置混淆\n3. **安全要求**: 银行敏感信息（密钥、证书）按各银行要求独立管理\n4. **事务边界**: 避免跨银行事务，使用补偿机制保证最终一致性\n5. **版本兼容**: Spring Boot 1.5.9版本，注意依赖版本冲突\n\n---\n\n**最后更新**: 2025-11-09\n**适用范围**: 百度PMC支付管理中心所有开发活动\n**规则优先级**: 项目级规则 > 通用开发规范 > 个人编码习惯","completed":false,"isEnd":false,"failed":false}
[55864] [2026-01-09 19:53:43] [INFO] [ENGINE]  ---------> ENGINE REC: COMATE_AGENT_NEW_MESSAGE {"data":"{\"agentPayload\":{\"messageType\":\"refresh-messages\",\"conversationId\":\"20fec48e-734a-4cda-b6a7-4b56823ff21d\",\"payload\":{}}}"}
[55864] [2026-01-09 19:53:43] [INFO] [CONVERSATIONMANAGER]  onConversationMessage {"messageType":"refresh-messages","conversationId":"20fec48e-734a-4cda-b6a7-4b56823ff21d","payload":{}}
[55864] [2026-01-09 19:53:46] [INFO] [ENGINE]  ---------> ENGINE REC: COMATE_AGENT_NEW_MESSAGE {"data":"{\"agentPayload\":{\"messageType\":\"refresh-messages\",\"conversationId\":\"20fec48e-734a-4cda-b6a7-4b56823ff21d\",\"payload\":{}}}"}
[55864] [2026-01-09 19:53:46] [INFO] [CONVERSATIONMANAGER]  onConversationMessage {"messageType":"refresh-messages","conversationId":"20fec48e-734a-4cda-b6a7-4b56823ff21d","payload":{}}
[55864] [2026-01-09 19:54:16] [INFO] [PLUGINCHANNEL]  {"level":"warn","source":"IdeSession","action":"SessionTimeout","detail":{}}
[55864] [2026-01-09 19:54:31] [INFO] [PLUGINCHANNEL]  {"level":"warn","source":"IdeSession","action":"SessionTimeout","detail":{}}
[55864] [2026-01-09 19:54:31] [INFO] [PLUGINCHANNEL]  {"level":"warn","source":"IdeSession","action":"SessionTimeout","detail":{}}
[55864] [2026-01-09 19:55:14] [INFO] [PLUGINCHANNEL]  {"level":"warn","source":"IdeSession","action":"SessionTimeout","detail":{}}
[55864] [2026-01-09 19:56:37] [INFO] [ENGINE]  ---------> ENGINE REC: COMATE_AGENT_NEW_MESSAGE {"data":"{\"agentPayload\":{\"messageType\":\"message-operation\",\"conversationId\":\"20fec48e-734a-4cda-b6a7-4b56823ff21d\",\"payload\":{\"id\":\"c7509940-94c4-4fb9-9ab5-2349751efd6d\",\"elementId\":\"6960ec46f1d6732043443f29\",\"action\":\"tool-call-accept\"}}}"}
[55864] [2026-01-09 19:56:37] [INFO] [CONVERSATIONMANAGER]  onConversationMessage {"messageType":"message-operation","conversationId":"20fec48e-734a-4cda-b6a7-4b56823ff21d","payload":{"id":"c7509940-94c4-4fb9-9ab5-2349751efd6d","elementId":"6960ec46f1d6732043443f29","action":"tool-call-accept"}}
[55864] [2026-01-09 19:56:38] [VERBOSE] [VIRTUALEDITOR]  VirtualEditor.getDocument, args: absolutePath=/Users/xiaoliu/baidu/bpit-proc-apps/pmc/.comate/rules/rules.mdr
[55864] [2026-01-09 19:56:38] [INFO] [ENGINE]  <--------- ENGINE SEND: VIRTUAL_EDITOR_EVENT {"action":"getDocument","payload":{"absolutePath":"/Users/xiaoliu/baidu/bpit-proc-apps/pmc/.comate/rules/rules.mdr","uuid":"e46dbfc6-7e76-4a4e-a2b9-d30abad61a1f"}}
[55864] [2026-01-09 19:56:38] [INFO] [ENGINE]  ---------> ENGINE REC: VIRTUAL_EDITOR_EVENT {"uuid":"e46dbfc6-7e76-4a4e-a2b9-d30abad61a1f","existed":true,"content":"---\n alwaysApply: true \n---\n# 百度PMC支付管理中心项目规则\n\n## 项目概览\n\n**项目定位**: 百度企业金融支付管理中心，处理多银行渠道的企业支付业务\n**架构模式**: Spring Cloud微服务架构，按银行维度模块化设计\n**技术栈**: Spring Boot 1.5.9 + MyBatis + Spring Cloud Netflix + Hessian\n\n## 核心架构规则\n\n### 模块划分原则\n- **银行独立模块**: 每个银行对应独立服务模块（pmc-basic-{bank-code}）\n- **通用支撑模块**: pmc-basic-common（基础设施）、pmc-basic-pojo（数据模型）、pmc-basic-persistence（数据访问）\n- **业务核心模块**: pmc-basic-service（核心业务）、pmc-basic-web（网关层）\n- **策略模式**: 所有银行模块实现统一BankStrategy接口，运行时动态选择具体实现\n\n### 分层架构规范\n```\nController层 → Service层 → 银行策略层 → Persistence层\n```\n- Controller: 统一使用@RestController，返回ResponseMessage包装对象\n- Service: 接口+实现类模式，使用Spring声明式事务\n- 策略层: 通过BankStrategyEnum枚举选择具体银行实现\n- Persistence: MyBatis + 通用Mapper，XML映射文件位于resources/mapper/\n\n## 开发契约\n\n### 异常处理模式\n- 全局异常处理器: 使用@RestControllerAdvice统一处理FeignException、AccessDeniedException等\n- 统一响应: 所有API返回ResponseMessage对象（包含status、message、data字段）\n- 操作日志: 基于MyBatis拦截器自动记录DELETE/UPDATE操作，异步写入\n\n### 银行接口封装规范\n- **报文标准化**: 统一使用MessageBuilder构建银行报文，ResponseXmlParser解析响应\n- **XML处理**: 使用JDOM2处理银行XML报文，XPath进行节点操作\n- **安全机制**: 各银行独立处理加密、证书、签名等安全要求\n- **通信协议**: 主要使用HTTP+XML，部分银行支持FTP/SFTP\n\n### 命名规范\n- **包名**: com.baidu.pmc.{bank-code}.{layer}\n- **类名**: {BankCode}{Function}（如：CmbController、IcbcService）\n- **方法名**: selectXxx、queryXxx、insertXxx、updateXxx、deleteXxx\n- **表名**: pmc_{bank-code}_{entity-name}\n- **模块名**: pmc-basic-{bank-code}\n\n### 配置管理\n- **多环境支持**: Maven profiles管理local/dev/test/uat/sit/vir/online环境\n- **配置中心**: Spring Cloud Config集中管理配置\n- **服务注册**: Eureka进行服务发现和注册\n- **网关路由**: Zuul统一路由转发和过滤处理\n\n## 关键开发模式\n\n### 银行适配器模式\n每个银行模块独立部署，通过策略模式实现统一调用：\n1. 定义BankStrategy接口规范\n2. 各银行实现具体的策略类\n3. 通过BankStrategyEnum选择具体实现\n4. 运行时动态绑定银行特定逻辑\n\n### 数据一致性保障\n- **事务边界**: Service层定义事务边界，跨银行操作使用最终一致性\n- **幂等性**: 支付指令使用唯一标识，支持重复提交校验\n- **状态管理**: 统一支付状态流转（待发送→已发送→处理中→成功/失败）\n\n### 异步处理机制\n- **异步日志**: 使用@Async注解实现操作日志异步写入\n- **消息推送**: 集成百度微云消息中心进行状态通知\n- **重试机制**: 银行接口调用支持可配置的重试策略\n\n## 环境配置\n\n### 端口分配\n各银行服务使用不同端口避免冲突：\n- 主服务: 8080\n- 招商银行: 8081\n- 工商银行: 8082\n- 建设银行: 8083\n- [需人工确认] 其他银行端口按顺序分配\n\n### 构建部署\n- **构建工具**: Maven多模块项目，Java 8编译\n- **CI/CD**: BCloud平台自动化构建\n- **构建脚本**: 各环境独立脚本（sitBuild.sh、uatBuild.sh等）\n- **产出物**: 统一输出到output目录\n\n## 集成规范\n\n### 百度内部系统集成\n- **认证系统**: UUAP统一认证，支持单点登录\n- **消息中心**: 百度微云消息中心推送状态变更通知\n- **工作流**: WK工作流引擎处理审批流程\n\n### 外部接口规范\n- **RESTful API**: 统一使用REST风格接口\n- **数据格式**: JSON为主，银行接口使用XML\n- **错误码**: 统一错误码规范，区分系统错误和业务错误\n\n## 注意事项\n\n1. **银行模块隔离**: 禁止跨银行模块直接调用，必须通过策略模式\n2. **环境配置**: 严格按Maven profile进行环境隔离，禁止配置混淆\n3. **安全要求**: 银行敏感信息（密钥、证书）按各银行要求独立管理\n4. **事务边界**: 避免跨银行事务，使用补偿机制保证最终一致性\n5. **版本兼容**: Spring Boot 1.5.9版本，注意依赖版本冲突\n\n---\n\n**最后更新**: 2025-11-09\n**适用范围**: 百度PMC支付管理中心所有开发活动\n**规则优先级**: 项目级规则 > 通用开发规范 > 个人编码习惯","completed":false,"isEnd":false,"failed":false}
[55864] [2026-01-09 19:56:41] [VERBOSE] [VIRTUALEDITOR]  VirtualEditor.getDocument, args: absolutePath=/Users/xiaoliu/baidu/bpit-proc-apps/pmc/CorrectParser.java
[55864] [2026-01-09 19:56:41] [INFO] [ENGINE]  <--------- ENGINE SEND: VIRTUAL_EDITOR_EVENT {"action":"getDocument","payload":{"absolutePath":"/Users/xiaoliu/baidu/bpit-proc-apps/pmc/CorrectParser.java","uuid":"1a09c326-6b93-428e-baa7-e98c386f28b3"}}
[55864] [2026-01-09 19:56:41] [INFO] [ENGINE]  ---------> ENGINE REC: VIRTUAL_EDITOR_EVENT {"uuid":"1a09c326-6b93-428e-baa7-e98c386f28b3","existed":false,"content":"","completed":false,"isEnd":false,"failed":false}
[55864] [2026-01-09 19:56:41] [VERBOSE] [VIRTUALEDITOR]  VirtualEditor.getDocument, args: absolutePath=/Users/xiaoliu/baidu/bpit-proc-apps/pmc/CorrectParser.java
[55864] [2026-01-09 19:56:41] [INFO] [ENGINE]  <--------- ENGINE SEND: VIRTUAL_EDITOR_EVENT {"action":"getDocument","payload":{"absolutePath":"/Users/xiaoliu/baidu/bpit-proc-apps/pmc/CorrectParser.java","uuid":"674e26c7-2e27-4288-854f-4e7fed177f67"}}
[55864] [2026-01-09 19:56:41] [INFO] [ENGINE]  ---------> ENGINE REC: VIRTUAL_EDITOR_EVENT {"uuid":"674e26c7-2e27-4288-854f-4e7fed177f67","existed":false,"content":"","completed":false,"isEnd":false,"failed":false}
[55864] [2026-01-09 19:56:41] [INFO] [ENGINE]  ---------> ENGINE REC: COMATE_AGENT_NEW_MESSAGE {"data":"{\"agentPayload\":{\"messageType\":\"refresh-messages\",\"conversationId\":\"20fec48e-734a-4cda-b6a7-4b56823ff21d\",\"payload\":{}}}"}
[55864] [2026-01-09 19:56:41] [INFO] [CONVERSATIONMANAGER]  onConversationMessage {"messageType":"refresh-messages","conversationId":"20fec48e-734a-4cda-b6a7-4b56823ff21d","payload":{}}
[55864] [2026-01-09 19:57:00] [INFO] [PLUGINCHANNEL]  {"level":"warn","source":"IdeSession","action":"SessionTimeout","detail":{}}
[55864] [2026-01-09 19:57:05] [INFO] [ENGINE]  ---------> ENGINE REC: COMATE_AGENT_NEW_MESSAGE {"data":"{\"agentPayload\":{\"messageType\":\"refresh-messages\",\"conversationId\":\"20fec48e-734a-4cda-b6a7-4b56823ff21d\",\"payload\":{}}}"}
[55864] [2026-01-09 19:57:05] [INFO] [CONVERSATIONMANAGER]  onConversationMessage {"messageType":"refresh-messages","conversationId":"20fec48e-734a-4cda-b6a7-4b56823ff21d","payload":{}}
[55864] [2026-01-09 19:57:07] [INFO] [ENGINE]  ---------> ENGINE REC: COMATE_AGENT_NEW_MESSAGE {"data":"{\"agentPayload\":{\"messageType\":\"refresh-messages\",\"conversationId\":\"20fec48e-734a-4cda-b6a7-4b56823ff21d\",\"payload\":{}}}"}
[55864] [2026-01-09 19:57:07] [INFO] [CONVERSATIONMANAGER]  onConversationMessage {"messageType":"refresh-messages","conversationId":"20fec48e-734a-4cda-b6a7-4b56823ff21d","payload":{}}
[55864] [2026-01-09 19:57:20] [INFO] [ENGINE]  ---------> ENGINE REC: COMATE_AGENT_NEW_MESSAGE {"data":"{\"agentPayload\":{\"messageType\":\"refresh-messages\",\"conversationId\":\"20fec48e-734a-4cda-b6a7-4b56823ff21d\",\"payload\":{}}}"}
[55864] [2026-01-09 19:57:20] [INFO] [CONVERSATIONMANAGER]  onConversationMessage {"messageType":"refresh-messages","conversationId":"20fec48e-734a-4cda-b6a7-4b56823ff21d","payload":{}}
[55864] [2026-01-09 19:57:23] [INFO] [ENGINE]  ---------> ENGINE REC: COMATE_AGENT_NEW_MESSAGE {"data":"{\"agentPayload\":{\"messageType\":\"refresh-messages\",\"conversationId\":\"20fec48e-734a-4cda-b6a7-4b56823ff21d\",\"payload\":{}}}"}
[55864] [2026-01-09 19:57:23] [INFO] [CONVERSATIONMANAGER]  onConversationMessage {"messageType":"refresh-messages","conversationId":"20fec48e-734a-4cda-b6a7-4b56823ff21d","payload":{}}
[55864] [2026-01-09 19:57:24] [INFO] [ENGINE]  ---------> ENGINE REC: COMATE_AGENT_NEW_MESSAGE {"data":"{\"agentPayload\":{\"messageType\":\"refresh-messages\",\"conversationId\":\"20fec48e-734a-4cda-b6a7-4b56823ff21d\",\"payload\":{}}}"}
[55864] [2026-01-09 19:57:24] [INFO] [CONVERSATIONMANAGER]  onConversationMessage {"messageType":"refresh-messages","conversationId":"20fec48e-734a-4cda-b6a7-4b56823ff21d","payload":{}}
[55864] [2026-01-09 19:57:27] [INFO] [PLUGINCHANNEL]  {"level":"warn","source":"IdeSession","action":"SessionTimeout","detail":{}}
[55864] [2026-01-09 19:57:28] [INFO] [PLUGINCHANNEL]  {"level":"system","source":"IdeSession","action":"HandleMessage","detail":{"actionName":"DIAGNOSTIC_SCAN"}}
[55864] [2026-01-09 19:57:28] [INFO] [PLUGINCHANNEL]  {"level":"error","source":"IdeSession","action":"PluginNotFound","detail":{"pluginName":""}}
[55864] [2026-01-09 19:57:37] [VERBOSE] [VIRTUALEDITOR]  VirtualEditor.getActiveDocument, args: 
[55864] [2026-01-09 19:57:37] [INFO] [ENGINE]  <--------- ENGINE SEND: VIRTUAL_EDITOR_EVENT {"action":"getActiveDocument","payload":{"uuid":"ec7f31a7-e81a-49a9-ab1b-a179df33562d"}}
[55864] [2026-01-09 19:57:37] [INFO] [ENGINE]  ---------> ENGINE REC: VIRTUAL_EDITOR_EVENT {"uuid":"ec7f31a7-e81a-49a9-ab1b-a179df33562d","existed":false,"completed":false,"isEnd":false,"failed":false}
[55864] [2026-01-09 19:57:37] [VERBOSE] [VIRTUALEDITOR]  VirtualEditor.openVirtualDiffDocument, args: absolutePath=/Users/xiaoliu/baidu/bpit-proc-apps/pmc/CorrectParser.java,stream=true,source=E2EBotConversation,acceptable=true,action=edit,openFileDiff=false,conversationId=20fec48e-734a-4cda-b6a7-4b56823ff21d,elementId=6960ecf6f87c787b160b3896,inlineView=true
[55864] [2026-01-09 19:57:38] [INFO] [ENGINE]  ---------> ENGINE REC: COMATE_AGENT_NEW_MESSAGE {"data":"{\"agentPayload\":{\"messageType\":\"refresh-messages\",\"conversationId\":\"20fec48e-734a-4cda-b6a7-4b56823ff21d\",\"payload\":{}}}"}
[55864] [2026-01-09 19:57:38] [INFO] [CONVERSATIONMANAGER]  onConversationMessage {"messageType":"refresh-messages","conversationId":"20fec48e-734a-4cda-b6a7-4b56823ff21d","payload":{}}
[55864] [2026-01-09 19:57:40] [VERBOSE] [VIRTUALEDITOR]  VirtualEditor.getDocument, args: absolutePath=/Users/xiaoliu/baidu/bpit-proc-apps/pmc/CorrectParser.java
[55864] [2026-01-09 19:57:40] [INFO] [ENGINE]  <--------- ENGINE SEND: VIRTUAL_EDITOR_EVENT {"action":"getDocument","payload":{"absolutePath":"/Users/xiaoliu/baidu/bpit-proc-apps/pmc/CorrectParser.java","uuid":"560545a0-ef51-41d0-beef-416ad1717b52"}}
[55864] [2026-01-09 19:57:40] [VERBOSE] [VIRTUALEDITOR]  VirtualEditor.getDocument, args: absolutePath=/Users/xiaoliu/baidu/bpit-proc-apps/pmc/.comate/rules/rules.mdr
[55864] [2026-01-09 19:57:40] [INFO] [ENGINE]  <--------- ENGINE SEND: VIRTUAL_EDITOR_EVENT {"action":"getDocument","payload":{"absolutePath":"/Users/xiaoliu/baidu/bpit-proc-apps/pmc/.comate/rules/rules.mdr","uuid":"287a79e1-675b-4fa3-bdf6-08921b342072"}}
[55864] [2026-01-09 19:57:40] [INFO] [ENGINE]  ---------> ENGINE REC: VIRTUAL_EDITOR_EVENT {"uuid":"287a79e1-675b-4fa3-bdf6-08921b342072","existed":true,"content":"---\n alwaysApply: true \n---\n# 百度PMC支付管理中心项目规则\n\n## 项目概览\n\n**项目定位**: 百度企业金融支付管理中心，处理多银行渠道的企业支付业务\n**架构模式**: Spring Cloud微服务架构，按银行维度模块化设计\n**技术栈**: Spring Boot 1.5.9 + MyBatis + Spring Cloud Netflix + Hessian\n\n## 核心架构规则\n\n### 模块划分原则\n- **银行独立模块**: 每个银行对应独立服务模块（pmc-basic-{bank-code}）\n- **通用支撑模块**: pmc-basic-common（基础设施）、pmc-basic-pojo（数据模型）、pmc-basic-persistence（数据访问）\n- **业务核心模块**: pmc-basic-service（核心业务）、pmc-basic-web（网关层）\n- **策略模式**: 所有银行模块实现统一BankStrategy接口，运行时动态选择具体实现\n\n### 分层架构规范\n```\nController层 → Service层 → 银行策略层 → Persistence层\n```\n- Controller: 统一使用@RestController，返回ResponseMessage包装对象\n- Service: 接口+实现类模式，使用Spring声明式事务\n- 策略层: 通过BankStrategyEnum枚举选择具体银行实现\n- Persistence: MyBatis + 通用Mapper，XML映射文件位于resources/mapper/\n\n## 开发契约\n\n### 异常处理模式\n- 全局异常处理器: 使用@RestControllerAdvice统一处理FeignException、AccessDeniedException等\n- 统一响应: 所有API返回ResponseMessage对象（包含status、message、data字段）\n- 操作日志: 基于MyBatis拦截器自动记录DELETE/UPDATE操作，异步写入\n\n### 银行接口封装规范\n- **报文标准化**: 统一使用MessageBuilder构建银行报文，ResponseXmlParser解析响应\n- **XML处理**: 使用JDOM2处理银行XML报文，XPath进行节点操作\n- **安全机制**: 各银行独立处理加密、证书、签名等安全要求\n- **通信协议**: 主要使用HTTP+XML，部分银行支持FTP/SFTP\n\n### 命名规范\n- **包名**: com.baidu.pmc.{bank-code}.{layer}\n- **类名**: {BankCode}{Function}（如：CmbController、IcbcService）\n- **方法名**: selectXxx、queryXxx、insertXxx、updateXxx、deleteXxx\n- **表名**: pmc_{bank-code}_{entity-name}\n- **模块名**: pmc-basic-{bank-code}\n\n### 配置管理\n- **多环境支持**: Maven profiles管理local/dev/test/uat/sit/vir/online环境\n- **配置中心**: Spring Cloud Config集中管理配置\n- **服务注册**: Eureka进行服务发现和注册\n- **网关路由**: Zuul统一路由转发和过滤处理\n\n## 关键开发模式\n\n### 银行适配器模式\n每个银行模块独立部署，通过策略模式实现统一调用：\n1. 定义BankStrategy接口规范\n2. 各银行实现具体的策略类\n3. 通过BankStrategyEnum选择具体实现\n4. 运行时动态绑定银行特定逻辑\n\n### 数据一致性保障\n- **事务边界**: Service层定义事务边界，跨银行操作使用最终一致性\n- **幂等性**: 支付指令使用唯一标识，支持重复提交校验\n- **状态管理**: 统一支付状态流转（待发送→已发送→处理中→成功/失败）\n\n### 异步处理机制\n- **异步日志**: 使用@Async注解实现操作日志异步写入\n- **消息推送**: 集成百度微云消息中心进行状态通知\n- **重试机制**: 银行接口调用支持可配置的重试策略\n\n## 环境配置\n\n### 端口分配\n各银行服务使用不同端口避免冲突：\n- 主服务: 8080\n- 招商银行: 8081\n- 工商银行: 8082\n- 建设银行: 8083\n- [需人工确认] 其他银行端口按顺序分配\n\n### 构建部署\n- **构建工具**: Maven多模块项目，Java 8编译\n- **CI/CD**: BCloud平台自动化构建\n- **构建脚本**: 各环境独立脚本（sitBuild.sh、uatBuild.sh等）\n- **产出物**: 统一输出到output目录\n\n## 集成规范\n\n### 百度内部系统集成\n- **认证系统**: UUAP统一认证，支持单点登录\n- **消息中心**: 百度微云消息中心推送状态变更通知\n- **工作流**: WK工作流引擎处理审批流程\n\n### 外部接口规范\n- **RESTful API**: 统一使用REST风格接口\n- **数据格式**: JSON为主，银行接口使用XML\n- **错误码**: 统一错误码规范，区分系统错误和业务错误\n\n## 注意事项\n\n1. **银行模块隔离**: 禁止跨银行模块直接调用，必须通过策略模式\n2. **环境配置**: 严格按Maven profile进行环境隔离，禁止配置混淆\n3. **安全要求**: 银行敏感信息（密钥、证书）按各银行要求独立管理\n4. **事务边界**: 避免跨银行事务，使用补偿机制保证最终一致性\n5. **版本兼容**: Spring Boot 1.5.9版本，注意依赖版本冲突\n\n---\n\n**最后更新**: 2025-11-09\n**适用范围**: 百度PMC支付管理中心所有开发活动\n**规则优先级**: 项目级规则 > 通用开发规范 > 个人编码习惯","completed":false,"isEnd":false,"failed":false}
[55864] [2026-01-09 19:57:41] [INFO] [ENGINE]  ---------> ENGINE REC: COMATE_AGENT_NEW_MESSAGE {"data":"{\"agentPayload\":{\"messageType\":\"refresh-messages\",\"conversationId\":\"20fec48e-734a-4cda-b6a7-4b56823ff21d\",\"payload\":{}}}"}
[55864] [2026-01-09 19:57:41] [INFO] [CONVERSATIONMANAGER]  onConversationMessage {"messageType":"refresh-messages","conversationId":"20fec48e-734a-4cda-b6a7-4b56823ff21d","payload":{}}
[55864] [2026-01-09 19:57:44] [INFO] [ENGINE]  ---------> ENGINE REC: COMATE_AGENT_NEW_MESSAGE {"data":"{\"agentPayload\":{\"messageType\":\"refresh-messages\",\"conversationId\":\"20fec48e-734a-4cda-b6a7-4b56823ff21d\",\"payload\":{}}}"}
[55864] [2026-01-09 19:57:44] [INFO] [CONVERSATIONMANAGER]  onConversationMessage {"messageType":"refresh-messages","conversationId":"20fec48e-734a-4cda-b6a7-4b56823ff21d","payload":{}}
[55864] [2026-01-09 19:57:50] [INFO] [ENGINE]  ---------> ENGINE REC: COMATE_AGENT_NEW_MESSAGE {"data":"{\"agentPayload\":{\"messageType\":\"message-operation\",\"conversationId\":\"20fec48e-734a-4cda-b6a7-4b56823ff21d\",\"payload\":{\"id\":\"c7509940-94c4-4fb9-9ab5-2349751efd6d\",\"elementId\":\"6960ed351393c774c087dec3\",\"action\":\"tool-call-accept\"}}}"}
[55864] [2026-01-09 19:57:50] [INFO] [CONVERSATIONMANAGER]  onConversationMessage {"messageType":"message-operation","conversationId":"20fec48e-734a-4cda-b6a7-4b56823ff21d","payload":{"id":"c7509940-94c4-4fb9-9ab5-2349751efd6d","elementId":"6960ed351393c774c087dec3","action":"tool-call-accept"}}
[55864] [2026-01-09 19:57:51] [VERBOSE] [VIRTUALEDITOR]  VirtualEditor.getDocument, args: absolutePath=/Users/xiaoliu/baidu/bpit-proc-apps/pmc/.comate/rules/rules.mdr
[55864] [2026-01-09 19:57:51] [INFO] [ENGINE]  <--------- ENGINE SEND: VIRTUAL_EDITOR_EVENT {"action":"getDocument","payload":{"absolutePath":"/Users/xiaoliu/baidu/bpit-proc-apps/pmc/.comate/rules/rules.mdr","uuid":"40416ed0-b060-4a5d-9be6-c78d97a2298d"}}
[55864] [2026-01-09 19:57:51] [INFO] [ENGINE]  ---------> ENGINE REC: VIRTUAL_EDITOR_EVENT {"uuid":"40416ed0-b060-4a5d-9be6-c78d97a2298d","existed":true,"content":"---\n alwaysApply: true \n---\n# 百度PMC支付管理中心项目规则\n\n## 项目概览\n\n**项目定位**: 百度企业金融支付管理中心，处理多银行渠道的企业支付业务\n**架构模式**: Spring Cloud微服务架构，按银行维度模块化设计\n**技术栈**: Spring Boot 1.5.9 + MyBatis + Spring Cloud Netflix + Hessian\n\n## 核心架构规则\n\n### 模块划分原则\n- **银行独立模块**: 每个银行对应独立服务模块（pmc-basic-{bank-code}）\n- **通用支撑模块**: pmc-basic-common（基础设施）、pmc-basic-pojo（数据模型）、pmc-basic-persistence（数据访问）\n- **业务核心模块**: pmc-basic-service（核心业务）、pmc-basic-web（网关层）\n- **策略模式**: 所有银行模块实现统一BankStrategy接口，运行时动态选择具体实现\n\n### 分层架构规范\n```\nController层 → Service层 → 银行策略层 → Persistence层\n```\n- Controller: 统一使用@RestController，返回ResponseMessage包装对象\n- Service: 接口+实现类模式，使用Spring声明式事务\n- 策略层: 通过BankStrategyEnum枚举选择具体银行实现\n- Persistence: MyBatis + 通用Mapper，XML映射文件位于resources/mapper/\n\n## 开发契约\n\n### 异常处理模式\n- 全局异常处理器: 使用@RestControllerAdvice统一处理FeignException、AccessDeniedException等\n- 统一响应: 所有API返回ResponseMessage对象（包含status、message、data字段）\n- 操作日志: 基于MyBatis拦截器自动记录DELETE/UPDATE操作，异步写入\n\n### 银行接口封装规范\n- **报文标准化**: 统一使用MessageBuilder构建银行报文，ResponseXmlParser解析响应\n- **XML处理**: 使用JDOM2处理银行XML报文，XPath进行节点操作\n- **安全机制**: 各银行独立处理加密、证书、签名等安全要求\n- **通信协议**: 主要使用HTTP+XML，部分银行支持FTP/SFTP\n\n### 命名规范\n- **包名**: com.baidu.pmc.{bank-code}.{layer}\n- **类名**: {BankCode}{Function}（如：CmbController、IcbcService）\n- **方法名**: selectXxx、queryXxx、insertXxx、updateXxx、deleteXxx\n- **表名**: pmc_{bank-code}_{entity-name}\n- **模块名**: pmc-basic-{bank-code}\n\n### 配置管理\n- **多环境支持**: Maven profiles管理local/dev/test/uat/sit/vir/online环境\n- **配置中心**: Spring Cloud Config集中管理配置\n- **服务注册**: Eureka进行服务发现和注册\n- **网关路由**: Zuul统一路由转发和过滤处理\n\n## 关键开发模式\n\n### 银行适配器模式\n每个银行模块独立部署，通过策略模式实现统一调用：\n1. 定义BankStrategy接口规范\n2. 各银行实现具体的策略类\n3. 通过BankStrategyEnum选择具体实现\n4. 运行时动态绑定银行特定逻辑\n\n### 数据一致性保障\n- **事务边界**: Service层定义事务边界，跨银行操作使用最终一致性\n- **幂等性**: 支付指令使用唯一标识，支持重复提交校验\n- **状态管理**: 统一支付状态流转（待发送→已发送→处理中→成功/失败）\n\n### 异步处理机制\n- **异步日志**: 使用@Async注解实现操作日志异步写入\n- **消息推送**: 集成百度微云消息中心进行状态通知\n- **重试机制**: 银行接口调用支持可配置的重试策略\n\n## 环境配置\n\n### 端口分配\n各银行服务使用不同端口避免冲突：\n- 主服务: 8080\n- 招商银行: 8081\n- 工商银行: 8082\n- 建设银行: 8083\n- [需人工确认] 其他银行端口按顺序分配\n\n### 构建部署\n- **构建工具**: Maven多模块项目，Java 8编译\n- **CI/CD**: BCloud平台自动化构建\n- **构建脚本**: 各环境独立脚本（sitBuild.sh、uatBuild.sh等）\n- **产出物**: 统一输出到output目录\n\n## 集成规范\n\n### 百度内部系统集成\n- **认证系统**: UUAP统一认证，支持单点登录\n- **消息中心**: 百度微云消息中心推送状态变更通知\n- **工作流**: WK工作流引擎处理审批流程\n\n### 外部接口规范\n- **RESTful API**: 统一使用REST风格接口\n- **数据格式**: JSON为主，银行接口使用XML\n- **错误码**: 统一错误码规范，区分系统错误和业务错误\n\n## 注意事项\n\n1. **银行模块隔离**: 禁止跨银行模块直接调用，必须通过策略模式\n2. **环境配置**: 严格按Maven profile进行环境隔离，禁止配置混淆\n3. **安全要求**: 银行敏感信息（密钥、证书）按各银行要求独立管理\n4. **事务边界**: 避免跨银行事务，使用补偿机制保证最终一致性\n5. **版本兼容**: Spring Boot 1.5.9版本，注意依赖版本冲突\n\n---\n\n**最后更新**: 2025-11-09\n**适用范围**: 百度PMC支付管理中心所有开发活动\n**规则优先级**: 项目级规则 > 通用开发规范 > 个人编码习惯","completed":false,"isEnd":false,"failed":false}
[55864] [2026-01-09 19:57:55] [VERBOSE] [VIRTUALEDITOR]  VirtualEditor.getDocument, args: absolutePath=/Users/xiaoliu/baidu/bpit-proc-apps/pmc/DebugDataFormat.java
[55864] [2026-01-09 19:57:55] [INFO] [ENGINE]  <--------- ENGINE SEND: VIRTUAL_EDITOR_EVENT {"action":"getDocument","payload":{"absolutePath":"/Users/xiaoliu/baidu/bpit-proc-apps/pmc/DebugDataFormat.java","uuid":"e0ebcd1c-269f-4d61-9569-009ae62541ee"}}
[55864] [2026-01-09 19:57:55] [INFO] [ENGINE]  ---------> ENGINE REC: VIRTUAL_EDITOR_EVENT {"uuid":"e0ebcd1c-269f-4d61-9569-009ae62541ee","existed":false,"content":"","completed":false,"isEnd":false,"failed":false}
[55864] [2026-01-09 19:57:55] [VERBOSE] [VIRTUALEDITOR]  VirtualEditor.getDocument, args: absolutePath=/Users/xiaoliu/baidu/bpit-proc-apps/pmc/DebugDataFormat.java
[55864] [2026-01-09 19:57:55] [INFO] [ENGINE]  <--------- ENGINE SEND: VIRTUAL_EDITOR_EVENT {"action":"getDocument","payload":{"absolutePath":"/Users/xiaoliu/baidu/bpit-proc-apps/pmc/DebugDataFormat.java","uuid":"4be06d63-91dd-4189-ab94-eb3685b031b0"}}
[55864] [2026-01-09 19:57:55] [INFO] [ENGINE]  ---------> ENGINE REC: VIRTUAL_EDITOR_EVENT {"uuid":"4be06d63-91dd-4189-ab94-eb3685b031b0","existed":false,"content":"","completed":false,"isEnd":false,"failed":false}
[55864] [2026-01-09 19:57:56] [INFO] [ENGINE]  ---------> ENGINE REC: COMATE_AGENT_NEW_MESSAGE {"data":"{\"agentPayload\":{\"messageType\":\"refresh-messages\",\"conversationId\":\"20fec48e-734a-4cda-b6a7-4b56823ff21d\",\"payload\":{}}}"}
[55864] [2026-01-09 19:57:56] [INFO] [CONVERSATIONMANAGER]  onConversationMessage {"messageType":"refresh-messages","conversationId":"20fec48e-734a-4cda-b6a7-4b56823ff21d","payload":{}}
[55864] [2026-01-09 19:58:08] [INFO] [ENGINE]  ---------> ENGINE REC: COMATE_AGENT_NEW_MESSAGE {"data":"{\"agentPayload\":{\"messageType\":\"refresh-messages\",\"conversationId\":\"20fec48e-734a-4cda-b6a7-4b56823ff21d\",\"payload\":{}}}"}
[55864] [2026-01-09 19:58:08] [INFO] [CONVERSATIONMANAGER]  onConversationMessage {"messageType":"refresh-messages","conversationId":"20fec48e-734a-4cda-b6a7-4b56823ff21d","payload":{}}
[55864] [2026-01-09 19:58:12] [VERBOSE] [VIRTUALEDITOR]  VirtualEditor.getActiveDocument, args: 
[55864] [2026-01-09 19:58:12] [INFO] [ENGINE]  <--------- ENGINE SEND: VIRTUAL_EDITOR_EVENT {"action":"getActiveDocument","payload":{"uuid":"598f9472-0f01-4b27-b2ff-7e9aa5006341"}}
[55864] [2026-01-09 19:58:12] [INFO] [ENGINE]  ---------> ENGINE REC: VIRTUAL_EDITOR_EVENT {"uuid":"598f9472-0f01-4b27-b2ff-7e9aa5006341","existed":false,"completed":false,"isEnd":false,"failed":false}
[55864] [2026-01-09 19:58:12] [VERBOSE] [VIRTUALEDITOR]  VirtualEditor.openVirtualDiffDocument, args: absolutePath=/Users/xiaoliu/baidu/bpit-proc-apps/pmc/DebugDataFormat.java,stream=true,source=E2EBotConversation,acceptable=true,action=edit,openFileDiff=false,conversationId=20fec48e-734a-4cda-b6a7-4b56823ff21d,elementId=6960ed3ff87c787b160b39fa,inlineView=true
[55864] [2026-01-09 19:58:12] [INFO] [ENGINE]  <--------- ENGINE SEND: VIRTUAL_EDITOR_EVENT {"action":"openVirtualDiffDocument","payload":{"absolutePath":"/Users/xiaoliu/baidu/bpit-proc-apps/pmc/DebugDataFormat.java","content":"","modified":"public class DebugDataFormat {\n    public static void main(String[] args) {\n        // 用户提供的原始数据\n        String userData = \"状态|交易日期|交易时间|业务类型|流水号|流水序号|账号|户名|收支标志|币种|交易金额|余额|可用余额|对方账号|对方户名|对方地址|对方开户行行号|对方开户行行名|票据种类|票据号码|票据名称|票据签发日期|附言|备注|交易码|备用\\n\" +\n                \"0|20251105|093003|2|EBB0001P70190041|1|310069079018800073806|怒访址撵鉴遮斌粤惨佣|D|CNY|100.00|11991096.17|0|81100614850188002002204|僧铃抬鲸届系括冉翘损御缎缠||01110146999|交通银行北京广渠路支行||||||q2yuyh5004#测试1|101700||\\n\" +\n                \"0|20251105|093022|2|EBB0001P70080041|2|310069079018800073806|怒访址撵鉴遮斌粤惨佣|D|CNY|100.00|11990996.17|0|81100614850188002002205|僧铃抬鲸届系括冉翘损御缎缠||01110146999|交通银行北京广渠路支行||||||q2yuyh50054#测试1|101700||\";\n\n        System.out.println(\"=== 数据格式分析 ===\");\n        \n        String[] lines = userData.split(\"\\n\");\n        System.out.println(\"总行数: \" + lines.length);\n        System.out.println();\n        \n        // 分析表头\n        System.out.println(\"📋 表头分析:\");\n        String headerLine = lines[0];\n        String[] headerFields = headerLine.split(\"\\\\|\", -1);\n        System.out.println(\"表头字段数量: \" + headerFields.length);\n        for (int i = 0; i < headerFields.length; i++) {\n            System.out.println(\"  \" + i + \": '\" + headerFields[i] + \"'\");\n        }\n        \n        System.out.println();\n        \n        // 分析数据行\n        for (int i = 1; i < lines.length; i++) {\n            System.out.println(\"📊 第\" + i + \"行数据分析:\");\n            String dataLine = lines[i];\n            String[] dataFields = dataLine.split(\"\\\\|\", -1);\n            System.out.println(\"数据字段数量: \" + dataFields.length);\n            \n            for (int j = 0; j < dataFields.length; j++) {\n                System.out.println(\"  \" + j + \": '\" + dataFields[j] + \"'\");\n            }\n            System.out.println();\n            \n            // 检查是否存在字段数量不一致的问题\n            if (dataFields.length != headerFields.length) {\n                System.out.println(\"⚠️ 字段数量不匹配: 表头\" + headerFields.length + \"个 vs 数据\" + dataFields.length + \"个\");\n            }\n        }\n        \n        System.out.println(\"=== 字段对应关系分析 ===\");\n        String[] headerFields2 = lines[0].split(\"\\\\|\", -1);\n        String[] dataFields2 = lines[1].split(\"\\\\|\", -1);\n        \n        int maxLen = Math.max(headerFields2.length, dataFields2.length);\n        for (int i = 0; i < maxLen; i++) {\n            String header = i < headerFields2.length ? headerFields2[i] : \"[无]\";\n            String data = i < dataFields2.length ? dataFields2[i] : \"[无]\";\n            System.out.printf(\"%2d. %-15s => %s%n\", i, header, data);\n        }\n    }\n}","stream":true,"source":"E2EBotConversation","acceptable":true,"action":"edit","openFileDiff":false,"conversationId":"20fec48e-734a-4cda-b6a7-4b56823ff21d","elementId":"6960ed3ff87c787b160b39fa","inlineView":true,"uuid":"cd1f420b-6f18-49d4-9683-852110d5cd9a"}}
[55864] [2026-01-09 19:58:13] [INFO] [ENGINE]  ---------> ENGINE REC: COMATE_AGENT_NEW_MESSAGE {"data":"{\"agentPayload\":{\"messageType\":\"refresh-messages\",\"conversationId\":\"20fec48e-734a-4cda-b6a7-4b56823ff21d\",\"payload\":{}}}"}
[55864] [2026-01-09 19:58:13] [INFO] [CONVERSATIONMANAGER]  onConversationMessage {"messageType":"refresh-messages","conversationId":"20fec48e-734a-4cda-b6a7-4b56823ff21d","payload":{}}
[55864] [2026-01-09 19:58:15] [VERBOSE] [VIRTUALEDITOR]  VirtualEditor.getDocument, args: absolutePath=/Users/xiaoliu/baidu/bpit-proc-apps/pmc/DebugDataFormat.java
[55864] [2026-01-09 19:58:15] [INFO] [ENGINE]  <--------- ENGINE SEND: VIRTUAL_EDITOR_EVENT {"action":"getDocument","payload":{"absolutePath":"/Users/xiaoliu/baidu/bpit-proc-apps/pmc/DebugDataFormat.java","uuid":"b982f8da-b8ff-4ec5-ac2d-c1c7fabcab53"}}
[55864] [2026-01-09 19:58:15] [INFO] [ENGINE]  ---------> ENGINE REC: VIRTUAL_EDITOR_EVENT {"uuid":"b982f8da-b8ff-4ec5-ac2d-c1c7fabcab53","existed":true,"content":"public class DebugDataFormat {\n    public static void main(String[] args) {\n        // 用户提供的原始数据\n        String userData = \"状态|交易日期|交易时间|业务类型|流水号|流水序号|账号|户名|收支标志|币种|交易金额|余额|可用余额|对方账号|对方户名|对方地址|对方开户行行号|对方开户行行名|票据种类|票据号码|票据名称|票据签发日期|附言|备注|交易码|备用\\n\" +\n                \"0|20251105|093003|2|EBB0001P70190041|1|310069079018800073806|怒访址撵鉴遮斌粤惨佣|D|CNY|100.00|11991096.17|0|81100614850188002002204|僧铃抬鲸届系括冉翘损御缎缠||01110146999|交通银行北京广渠路支行||||||q2yuyh5004#测试1|101700||\\n\" +\n                \"0|20251105|093022|2|EBB0001P70080041|2|310069079018800073806|怒访址撵鉴遮斌粤惨佣|D|CNY|100.00|11990996.17|0|81100614850188002002205|僧铃抬鲸届系括冉翘损御缎缠||01110146999|交通银行北京广渠路支行||||||q2yuyh50054#测试1|101700||\";\n\n        System.out.println(\"=== 数据格式分析 ===\");\n\n        String[] lines = userData.split(\"\\n\");\n        System.out.println(\"总行数: \" + lines.length);\n        System.out.println();\n\n        // 分析表头\n        System.out.println(\"📋 表头分析:\");\n        String headerLine = lines[0];\n        String[] headerFields = headerLine.split(\"\\\\|\", -1);\n        System.out.println(\"表头字段数量: \" + headerFields.length);\n        for (int i = 0; i < headerFields.length; i++) {\n            System.out.println(\"  \" + i + \": '\" + headerFields[i] + \"'\");\n        }\n\n        System.out.println();\n\n        // 分析数据行\n        for (int i = 1; i < lines.length; i++) {\n            System.out.println(\"📊 第\" + i + \"行数据分析:\");\n            String dataLine = lines[i];\n            String[] dataFields = dataLine.split(\"\\\\|\", -1);\n            System.out.println(\"数据字段数量: \" + dataFields.length);\n\n            for (int j = 0; j < dataFields.length; j++) {\n                System.out.println(\"  \" + j + \": '\" + dataFields[j] + \"'\");\n            }\n            System.out.println();\n\n            // 检查是否存在字段数量不一致的问题\n            if (dataFields.length != headerFields.length) {\n                System.out.println(\"⚠️ 字段数量不匹配: 表头\" + headerFields.length + \"个 vs 数据\" + dataFields.length + \"个\");\n            }\n        }\n\n        System.out.println(\"=== 字段对应关系分析 ===\");\n        String[] headerFields2 = lines[0].split(\"\\\\|\", -1);\n        String[] dataFields2 = lines[1].split(\"\\\\|\", -1);\n\n        int maxLen = Math.max(headerFields2.length, dataFields2.length);\n        for (int i = 0; i < maxLen; i++) {\n            String header = i < headerFields2.length ? headerFields2[i] : \"[无]\";\n            String data = i < dataFields2.length ? dataFields2[i] : \"[无]\";\n            System.out.printf(\"%2d. %-15s => %s%n\", i, header, data);\n        }\n    }\n}","completed":false,"isEnd":false,"failed":false}
[55864] [2026-01-09 19:58:15] [VERBOSE] [VIRTUALEDITOR]  VirtualEditor.getDocument, args: absolutePath=/Users/xiaoliu/baidu/bpit-proc-apps/pmc/.comate/rules/rules.mdr
[55864] [2026-01-09 19:58:15] [INFO] [ENGINE]  <--------- ENGINE SEND: VIRTUAL_EDITOR_EVENT {"action":"getDocument","payload":{"absolutePath":"/Users/xiaoliu/baidu/bpit-proc-apps/pmc/.comate/rules/rules.mdr","uuid":"95b461ed-a5da-4846-8d4a-3f85caceecd0"}}
[55864] [2026-01-09 19:58:15] [INFO] [ENGINE]  ---------> ENGINE REC: VIRTUAL_EDITOR_EVENT {"uuid":"95b461ed-a5da-4846-8d4a-3f85caceecd0","existed":true,"content":"---\n alwaysApply: true \n---\n# 百度PMC支付管理中心项目规则\n\n## 项目概览\n\n**项目定位**: 百度企业金融支付管理中心，处理多银行渠道的企业支付业务\n**架构模式**: Spring Cloud微服务架构，按银行维度模块化设计\n**技术栈**: Spring Boot 1.5.9 + MyBatis + Spring Cloud Netflix + Hessian\n\n## 核心架构规则\n\n### 模块划分原则\n- **银行独立模块**: 每个银行对应独立服务模块（pmc-basic-{bank-code}）\n- **通用支撑模块**: pmc-basic-common（基础设施）、pmc-basic-pojo（数据模型）、pmc-basic-persistence（数据访问）\n- **业务核心模块**: pmc-basic-service（核心业务）、pmc-basic-web（网关层）\n- **策略模式**: 所有银行模块实现统一BankStrategy接口，运行时动态选择具体实现\n\n### 分层架构规范\n```\nController层 → Service层 → 银行策略层 → Persistence层\n```\n- Controller: 统一使用@RestController，返回ResponseMessage包装对象\n- Service: 接口+实现类模式，使用Spring声明式事务\n- 策略层: 通过BankStrategyEnum枚举选择具体银行实现\n- Persistence: MyBatis + 通用Mapper，XML映射文件位于resources/mapper/\n\n## 开发契约\n\n### 异常处理模式\n- 全局异常处理器: 使用@RestControllerAdvice统一处理FeignException、AccessDeniedException等\n- 统一响应: 所有API返回ResponseMessage对象（包含status、message、data字段）\n- 操作日志: 基于MyBatis拦截器自动记录DELETE/UPDATE操作，异步写入\n\n### 银行接口封装规范\n- **报文标准化**: 统一使用MessageBuilder构建银行报文，ResponseXmlParser解析响应\n- **XML处理**: 使用JDOM2处理银行XML报文，XPath进行节点操作\n- **安全机制**: 各银行独立处理加密、证书、签名等安全要求\n- **通信协议**: 主要使用HTTP+XML，部分银行支持FTP/SFTP\n\n### 命名规范\n- **包名**: com.baidu.pmc.{bank-code}.{layer}\n- **类名**: {BankCode}{Function}（如：CmbController、IcbcService）\n- **方法名**: selectXxx、queryXxx、insertXxx、updateXxx、deleteXxx\n- **表名**: pmc_{bank-code}_{entity-name}\n- **模块名**: pmc-basic-{bank-code}\n\n### 配置管理\n- **多环境支持**: Maven profiles管理local/dev/test/uat/sit/vir/online环境\n- **配置中心**: Spring Cloud Config集中管理配置\n- **服务注册**: Eureka进行服务发现和注册\n- **网关路由**: Zuul统一路由转发和过滤处理\n\n## 关键开发模式\n\n### 银行适配器模式\n每个银行模块独立部署，通过策略模式实现统一调用：\n1. 定义BankStrategy接口规范\n2. 各银行实现具体的策略类\n3. 通过BankStrategyEnum选择具体实现\n4. 运行时动态绑定银行特定逻辑\n\n### 数据一致性保障\n- **事务边界**: Service层定义事务边界，跨银行操作使用最终一致性\n- **幂等性**: 支付指令使用唯一标识，支持重复提交校验\n- **状态管理**: 统一支付状态流转（待发送→已发送→处理中→成功/失败）\n\n### 异步处理机制\n- **异步日志**: 使用@Async注解实现操作日志异步写入\n- **消息推送**: 集成百度微云消息中心进行状态通知\n- **重试机制**: 银行接口调用支持可配置的重试策略\n\n## 环境配置\n\n### 端口分配\n各银行服务使用不同端口避免冲突：\n- 主服务: 8080\n- 招商银行: 8081\n- 工商银行: 8082\n- 建设银行: 8083\n- [需人工确认] 其他银行端口按顺序分配\n\n### 构建部署\n- **构建工具**: Maven多模块项目，Java 8编译\n- **CI/CD**: BCloud平台自动化构建\n- **构建脚本**: 各环境独立脚本（sitBuild.sh、uatBuild.sh等）\n- **产出物**: 统一输出到output目录\n\n## 集成规范\n\n### 百度内部系统集成\n- **认证系统**: UUAP统一认证，支持单点登录\n- **消息中心**: 百度微云消息中心推送状态变更通知\n- **工作流**: WK工作流引擎处理审批流程\n\n### 外部接口规范\n- **RESTful API**: 统一使用REST风格接口\n- **数据格式**: JSON为主，银行接口使用XML\n- **错误码**: 统一错误码规范，区分系统错误和业务错误\n\n## 注意事项\n\n1. **银行模块隔离**: 禁止跨银行模块直接调用，必须通过策略模式\n2. **环境配置**: 严格按Maven profile进行环境隔离，禁止配置混淆\n3. **安全要求**: 银行敏感信息（密钥、证书）按各银行要求独立管理\n4. **事务边界**: 避免跨银行事务，使用补偿机制保证最终一致性\n5. **版本兼容**: Spring Boot 1.5.9版本，注意依赖版本冲突\n\n---\n\n**最后更新**: 2025-11-09\n**适用范围**: 百度PMC支付管理中心所有开发活动\n**规则优先级**: 项目级规则 > 通用开发规范 > 个人编码习惯","completed":false,"isEnd":false,"failed":false}
[55864] [2026-01-09 19:58:16] [INFO] [ENGINE]  ---------> ENGINE REC: COMATE_AGENT_NEW_MESSAGE {"data":"{\"agentPayload\":{\"messageType\":\"refresh-messages\",\"conversationId\":\"20fec48e-734a-4cda-b6a7-4b56823ff21d\",\"payload\":{}}}"}
[55864] [2026-01-09 19:58:16] [INFO] [CONVERSATIONMANAGER]  onConversationMessage {"messageType":"refresh-messages","conversationId":"20fec48e-734a-4cda-b6a7-4b56823ff21d","payload":{}}
[55864] [2026-01-09 19:58:18] [INFO] [ENGINE]  ---------> ENGINE REC: COMATE_AGENT_NEW_MESSAGE {"data":"{\"agentPayload\":{\"messageType\":\"refresh-messages\",\"conversationId\":\"20fec48e-734a-4cda-b6a7-4b56823ff21d\",\"payload\":{}}}"}
[55864] [2026-01-09 19:58:18] [INFO] [CONVERSATIONMANAGER]  onConversationMessage {"messageType":"refresh-messages","conversationId":"20fec48e-734a-4cda-b6a7-4b56823ff21d","payload":{}}
[55864] [2026-01-09 19:59:13] [INFO] [ENGINE]  ---------> ENGINE REC: COMATE_AGENT_NEW_MESSAGE {"data":"{\"agentPayload\":{\"messageType\":\"message-operation\",\"conversationId\":\"20fec48e-734a-4cda-b6a7-4b56823ff21d\",\"payload\":{\"id\":\"c7509940-94c4-4fb9-9ab5-2349751efd6d\",\"elementId\":\"6960ed572c401c23d1a355e0\",\"action\":\"tool-call-accept\"}}}"}
[55864] [2026-01-09 19:59:13] [INFO] [CONVERSATIONMANAGER]  onConversationMessage {"messageType":"message-operation","conversationId":"20fec48e-734a-4cda-b6a7-4b56823ff21d","payload":{"id":"c7509940-94c4-4fb9-9ab5-2349751efd6d","elementId":"6960ed572c401c23d1a355e0","action":"tool-call-accept"}}
[55864] [2026-01-09 19:59:14] [VERBOSE] [VIRTUALEDITOR]  VirtualEditor.getDocument, args: absolutePath=/Users/xiaoliu/baidu/bpit-proc-apps/pmc/.comate/rules/rules.mdr
[55864] [2026-01-09 19:59:14] [INFO] [ENGINE]  <--------- ENGINE SEND: VIRTUAL_EDITOR_EVENT {"action":"getDocument","payload":{"absolutePath":"/Users/xiaoliu/baidu/bpit-proc-apps/pmc/.comate/rules/rules.mdr","uuid":"037e2fdf-2fde-42c8-a9a7-a85f28bee0f8"}}
[55864] [2026-01-09 19:59:14] [INFO] [ENGINE]  ---------> ENGINE REC: VIRTUAL_EDITOR_EVENT {"uuid":"037e2fdf-2fde-42c8-a9a7-a85f28bee0f8","existed":true,"content":"---\n alwaysApply: true \n---\n# 百度PMC支付管理中心项目规则\n\n## 项目概览\n\n**项目定位**: 百度企业金融支付管理中心，处理多银行渠道的企业支付业务\n**架构模式**: Spring Cloud微服务架构，按银行维度模块化设计\n**技术栈**: Spring Boot 1.5.9 + MyBatis + Spring Cloud Netflix + Hessian\n\n## 核心架构规则\n\n### 模块划分原则\n- **银行独立模块**: 每个银行对应独立服务模块（pmc-basic-{bank-code}）\n- **通用支撑模块**: pmc-basic-common（基础设施）、pmc-basic-pojo（数据模型）、pmc-basic-persistence（数据访问）\n- **业务核心模块**: pmc-basic-service（核心业务）、pmc-basic-web（网关层）\n- **策略模式**: 所有银行模块实现统一BankStrategy接口，运行时动态选择具体实现\n\n### 分层架构规范\n```\nController层 → Service层 → 银行策略层 → Persistence层\n```\n- Controller: 统一使用@RestController，返回ResponseMessage包装对象\n- Service: 接口+实现类模式，使用Spring声明式事务\n- 策略层: 通过BankStrategyEnum枚举选择具体银行实现\n- Persistence: MyBatis + 通用Mapper，XML映射文件位于resources/mapper/\n\n## 开发契约\n\n### 异常处理模式\n- 全局异常处理器: 使用@RestControllerAdvice统一处理FeignException、AccessDeniedException等\n- 统一响应: 所有API返回ResponseMessage对象（包含status、message、data字段）\n- 操作日志: 基于MyBatis拦截器自动记录DELETE/UPDATE操作，异步写入\n\n### 银行接口封装规范\n- **报文标准化**: 统一使用MessageBuilder构建银行报文，ResponseXmlParser解析响应\n- **XML处理**: 使用JDOM2处理银行XML报文，XPath进行节点操作\n- **安全机制**: 各银行独立处理加密、证书、签名等安全要求\n- **通信协议**: 主要使用HTTP+XML，部分银行支持FTP/SFTP\n\n### 命名规范\n- **包名**: com.baidu.pmc.{bank-code}.{layer}\n- **类名**: {BankCode}{Function}（如：CmbController、IcbcService）\n- **方法名**: selectXxx、queryXxx、insertXxx、updateXxx、deleteXxx\n- **表名**: pmc_{bank-code}_{entity-name}\n- **模块名**: pmc-basic-{bank-code}\n\n### 配置管理\n- **多环境支持**: Maven profiles管理local/dev/test/uat/sit/vir/online环境\n- **配置中心**: Spring Cloud Config集中管理配置\n- **服务注册**: Eureka进行服务发现和注册\n- **网关路由**: Zuul统一路由转发和过滤处理\n\n## 关键开发模式\n\n### 银行适配器模式\n每个银行模块独立部署，通过策略模式实现统一调用：\n1. 定义BankStrategy接口规范\n2. 各银行实现具体的策略类\n3. 通过BankStrategyEnum选择具体实现\n4. 运行时动态绑定银行特定逻辑\n\n### 数据一致性保障\n- **事务边界**: Service层定义事务边界，跨银行操作使用最终一致性\n- **幂等性**: 支付指令使用唯一标识，支持重复提交校验\n- **状态管理**: 统一支付状态流转（待发送→已发送→处理中→成功/失败）\n\n### 异步处理机制\n- **异步日志**: 使用@Async注解实现操作日志异步写入\n- **消息推送**: 集成百度微云消息中心进行状态通知\n- **重试机制**: 银行接口调用支持可配置的重试策略\n\n## 环境配置\n\n### 端口分配\n各银行服务使用不同端口避免冲突：\n- 主服务: 8080\n- 招商银行: 8081\n- 工商银行: 8082\n- 建设银行: 8083\n- [需人工确认] 其他银行端口按顺序分配\n\n### 构建部署\n- **构建工具**: Maven多模块项目，Java 8编译\n- **CI/CD**: BCloud平台自动化构建\n- **构建脚本**: 各环境独立脚本（sitBuild.sh、uatBuild.sh等）\n- **产出物**: 统一输出到output目录\n\n## 集成规范\n\n### 百度内部系统集成\n- **认证系统**: UUAP统一认证，支持单点登录\n- **消息中心**: 百度微云消息中心推送状态变更通知\n- **工作流**: WK工作流引擎处理审批流程\n\n### 外部接口规范\n- **RESTful API**: 统一使用REST风格接口\n- **数据格式**: JSON为主，银行接口使用XML\n- **错误码**: 统一错误码规范，区分系统错误和业务错误\n\n## 注意事项\n\n1. **银行模块隔离**: 禁止跨银行模块直接调用，必须通过策略模式\n2. **环境配置**: 严格按Maven profile进行环境隔离，禁止配置混淆\n3. **安全要求**: 银行敏感信息（密钥、证书）按各银行要求独立管理\n4. **事务边界**: 避免跨银行事务，使用补偿机制保证最终一致性\n5. **版本兼容**: Spring Boot 1.5.9版本，注意依赖版本冲突\n\n---\n\n**最后更新**: 2025-11-09\n**适用范围**: 百度PMC支付管理中心所有开发活动\n**规则优先级**: 项目级规则 > 通用开发规范 > 个人编码习惯","completed":false,"isEnd":false,"failed":false}
[55864] [2026-01-09 19:59:18] [INFO] [ENGINE]  ---------> ENGINE REC: COMATE_AGENT_NEW_MESSAGE {"data":"{\"agentPayload\":{\"messageType\":\"refresh-messages\",\"conversationId\":\"20fec48e-734a-4cda-b6a7-4b56823ff21d\",\"payload\":{}}}"}
[55864] [2026-01-09 19:59:18] [INFO] [CONVERSATIONMANAGER]  onConversationMessage {"messageType":"refresh-messages","conversationId":"20fec48e-734a-4cda-b6a7-4b56823ff21d","payload":{}}
[55864] [2026-01-09 19:59:18] [VERBOSE] [VIRTUALEDITOR]  VirtualEditor.getDocument, args: absolutePath=/Users/xiaoliu/baidu/bpit-proc-apps/pmc/FinalParser.java
[55864] [2026-01-09 19:59:18] [INFO] [ENGINE]  <--------- ENGINE SEND: VIRTUAL_EDITOR_EVENT {"action":"getDocument","payload":{"absolutePath":"/Users/xiaoliu/baidu/bpit-proc-apps/pmc/FinalParser.java","uuid":"d5fc84f8-a431-457a-a022-00b089f02411"}}
[55864] [2026-01-09 19:59:18] [INFO] [ENGINE]  ---------> ENGINE REC: VIRTUAL_EDITOR_EVENT {"uuid":"d5fc84f8-a431-457a-a022-00b089f02411","existed":false,"content":"","completed":false,"isEnd":false,"failed":false}
[55864] [2026-01-09 19:59:18] [VERBOSE] [VIRTUALEDITOR]  VirtualEditor.getDocument, args: absolutePath=/Users/xiaoliu/baidu/bpit-proc-apps/pmc/FinalParser.java
[55864] [2026-01-09 19:59:18] [INFO] [ENGINE]  <--------- ENGINE SEND: VIRTUAL_EDITOR_EVENT {"action":"getDocument","payload":{"absolutePath":"/Users/xiaoliu/baidu/bpit-proc-apps/pmc/FinalParser.java","uuid":"167a9bc0-3058-4fc8-8a1b-8b701ea40083"}}
[55864] [2026-01-09 19:59:18] [INFO] [ENGINE]  ---------> ENGINE REC: VIRTUAL_EDITOR_EVENT {"uuid":"167a9bc0-3058-4fc8-8a1b-8b701ea40083","existed":false,"content":"","completed":false,"isEnd":false,"failed":false}
[55864] [2026-01-09 19:59:26] [INFO] [ENGINE]  ---------> ENGINE REC: COMATE_AGENT_NEW_MESSAGE {"data":"{\"agentPayload\":{\"messageType\":\"refresh-messages\",\"conversationId\":\"20fec48e-734a-4cda-b6a7-4b56823ff21d\",\"payload\":{}}}"}
[55864] [2026-01-09 19:59:26] [INFO] [CONVERSATIONMANAGER]  onConversationMessage {"messageType":"refresh-messages","conversationId":"20fec48e-734a-4cda-b6a7-4b56823ff21d","payload":{}}
[55864] [2026-01-09 19:59:27] [INFO] [ENGINE]  ---------> ENGINE REC: COMATE_AGENT_NEW_MESSAGE {"data":"{\"agentPayload\":{\"messageType\":\"refresh-messages\",\"conversationId\":\"20fec48e-734a-4cda-b6a7-4b56823ff21d\",\"payload\":{}}}"}
[55864] [2026-01-09 19:59:27] [INFO] [CONVERSATIONMANAGER]  onConversationMessage {"messageType":"refresh-messages","conversationId":"20fec48e-734a-4cda-b6a7-4b56823ff21d","payload":{}}
[55864] [2026-01-09 19:59:28] [INFO] [ENGINE]  ---------> ENGINE REC: COMATE_AGENT_NEW_MESSAGE {"data":"{\"agentPayload\":{\"messageType\":\"refresh-messages\",\"conversationId\":\"20fec48e-734a-4cda-b6a7-4b56823ff21d\",\"payload\":{}}}"}
[55864] [2026-01-09 19:59:28] [INFO] [CONVERSATIONMANAGER]  onConversationMessage {"messageType":"refresh-messages","conversationId":"20fec48e-734a-4cda-b6a7-4b56823ff21d","payload":{}}
[55864] [2026-01-09 19:59:29] [INFO] [ENGINE]  ---------> ENGINE REC: COMATE_AGENT_NEW_MESSAGE {"data":"{\"agentPayload\":{\"messageType\":\"refresh-messages\",\"conversationId\":\"20fec48e-734a-4cda-b6a7-4b56823ff21d\",\"payload\":{}}}"}
[55864] [2026-01-09 19:59:29] [INFO] [CONVERSATIONMANAGER]  onConversationMessage {"messageType":"refresh-messages","conversationId":"20fec48e-734a-4cda-b6a7-4b56823ff21d","payload":{}}
[55864] [2026-01-09 19:59:31] [INFO] [ENGINE]  ---------> ENGINE REC: COMATE_AGENT_NEW_MESSAGE {"data":"{\"agentPayload\":{\"messageType\":\"refresh-messages\",\"conversationId\":\"20fec48e-734a-4cda-b6a7-4b56823ff21d\",\"payload\":{}}}"}
[55864] [2026-01-09 19:59:31] [INFO] [CONVERSATIONMANAGER]  onConversationMessage {"messageType":"refresh-messages","conversationId":"20fec48e-734a-4cda-b6a7-4b56823ff21d","payload":{}}
[55864] [2026-01-09 20:00:19] [VERBOSE] [VIRTUALEDITOR]  VirtualEditor.getActiveDocument, args: 
[55864] [2026-01-09 20:00:19] [INFO] [ENGINE]  <--------- ENGINE SEND: VIRTUAL_EDITOR_EVENT {"action":"getActiveDocument","payload":{"uuid":"7e346d80-7dca-4e85-9091-f275c9608716"}}
[55864] [2026-01-09 20:00:19] [INFO] [ENGINE]  ---------> ENGINE REC: VIRTUAL_EDITOR_EVENT {"uuid":"7e346d80-7dca-4e85-9091-f275c9608716","existed":true,"absolutePath":"/Users/xiaoliu/baidu/bpit-proc-apps/pmc/DebugDataFormat.java","content":"public class DebugDataFormat {\n    public static void main(String[] args) {\n        // 用户提供的原始数据\n        String userData = \"状态|交易日期|交易时间|业务类型|流水号|流水序号|账号|户名|收支标志|币种|交易金额|余额|可用余额|对方账号|对方户名|对方地址|对方开户行行号|对方开户行行名|票据种类|票据号码|票据名称|票据签发日期|附言|备注|交易码|备用\\n\" +\n                \"0|20251105|093003|2|EBB0001P70190041|1|310069079018800073806|怒访址撵鉴遮斌粤惨佣|D|CNY|100.00|11991096.17|0|81100614850188002002204|僧铃抬鲸届系括冉翘损御缎缠||01110146999|交通银行北京广渠路支行||||||q2yuyh5004#测试1|101700||\\n\" +\n                \"0|20251105|093022|2|EBB0001P70080041|2|310069079018800073806|怒访址撵鉴遮斌粤惨佣|D|CNY|100.00|11990996.17|0|81100614850188002002205|僧铃抬鲸届系括冉翘损御缎缠||01110146999|交通银行北京广渠路支行||||||q2yuyh50054#测试1|101700||\";\n\n        System.out.println(\"=== 数据格式分析 ===\");\n\n        String[] lines = userData.split(\"\\n\");\n        System.out.println(\"总行数: \" + lines.length);\n        System.out.println();\n\n        // 分析表头\n        System.out.println(\"📋 表头分析:\");\n        String headerLine = lines[0];\n        String[] headerFields = headerLine.split(\"\\\\|\", -1);\n        System.out.println(\"表头字段数量: \" + headerFields.length);\n        for (int i = 0; i < headerFields.length; i++) {\n            System.out.println(\"  \" + i + \": '\" + headerFields[i] + \"'\");\n        }\n\n        System.out.println();\n\n        // 分析数据行\n        for (int i = 1; i < lines.length; i++) {\n            System.out.println(\"📊 第\" + i + \"行数据分析:\");\n            String dataLine = lines[i];\n            String[] dataFields = dataLine.split(\"\\\\|\", -1);\n            System.out.println(\"数据字段数量: \" + dataFields.length);\n\n            for (int j = 0; j < dataFields.length; j++) {\n                System.out.println(\"  \" + j + \": '\" + dataFields[j] + \"'\");\n            }\n            System.out.println();\n\n            // 检查是否存在字段数量不一致的问题\n            if (dataFields.length != headerFields.length) {\n                System.out.println(\"⚠️ 字段数量不匹配: 表头\" + headerFields.length + \"个 vs 数据\" + dataFields.length + \"个\");\n            }\n        }\n\n        System.out.println(\"=== 字段对应关系分析 ===\");\n        String[] headerFields2 = lines[0].split(\"\\\\|\", -1);\n        String[] dataFields2 = lines[1].split(\"\\\\|\", -1);\n\n        int maxLen = Math.max(headerFields2.length, dataFields2.length);\n        for (int i = 0; i < maxLen; i++) {\n            String header = i < headerFields2.length ? headerFields2[i] : \"[无]\";\n            String data = i < dataFields2.length ? dataFields2[i] : \"[无]\";\n            System.out.printf(\"%2d. %-15s => %s%n\", i, header, data);\n        }\n    }\n}","scheme":"file","completed":false,"isEnd":false,"failed":false}
[55864] [2026-01-09 20:00:19] [VERBOSE] [VIRTUALEDITOR]  VirtualEditor.openVirtualDiffDocument, args: absolutePath=/Users/xiaoliu/baidu/bpit-proc-apps/pmc/FinalParser.java,stream=true,source=E2EBotConversation,acceptable=true,action=edit,openFileDiff=false,conversationId=20fec48e-734a-4cda-b6a7-4b56823ff21d,elementId=6960ed932c401c23d1a35700,inlineView=true
[55864] [2026-01-09 20:00:20] [INFO] [ENGINE]  ---------> ENGINE REC: COMATE_AGENT_NEW_MESSAGE {"data":"{\"agentPayload\":{\"messageType\":\"refresh-messages\",\"conversationId\":\"20fec48e-734a-4cda-b6a7-4b56823ff21d\",\"payload\":{}}}"}
[55864] [2026-01-09 20:00:20] [INFO] [CONVERSATIONMANAGER]  onConversationMessage {"messageType":"refresh-messages","conversationId":"20fec48e-734a-4cda-b6a7-4b56823ff21d","payload":{}}
[55864] [2026-01-09 20:00:22] [VERBOSE] [VIRTUALEDITOR]  VirtualEditor.getDocument, args: absolutePath=/Users/xiaoliu/baidu/bpit-proc-apps/pmc/FinalParser.java
[55864] [2026-01-09 20:00:22] [INFO] [ENGINE]  <--------- ENGINE SEND: VIRTUAL_EDITOR_EVENT {"action":"getDocument","payload":{"absolutePath":"/Users/xiaoliu/baidu/bpit-proc-apps/pmc/FinalParser.java","uuid":"45f3fc4d-f399-4a1a-b44c-aa4659b15d94"}}
[55864] [2026-01-09 20:00:22] [VERBOSE] [VIRTUALEDITOR]  VirtualEditor.getDocument, args: absolutePath=/Users/xiaoliu/baidu/bpit-proc-apps/pmc/.comate/rules/rules.mdr
[55864] [2026-01-09 20:00:22] [INFO] [ENGINE]  <--------- ENGINE SEND: VIRTUAL_EDITOR_EVENT {"action":"getDocument","payload":{"absolutePath":"/Users/xiaoliu/baidu/bpit-proc-apps/pmc/.comate/rules/rules.mdr","uuid":"48b1a394-3f7f-4702-85ec-2cbb059c3820"}}
[55864] [2026-01-09 20:00:22] [INFO] [ENGINE]  ---------> ENGINE REC: VIRTUAL_EDITOR_EVENT {"uuid":"48b1a394-3f7f-4702-85ec-2cbb059c3820","existed":true,"content":"---\n alwaysApply: true \n---\n# 百度PMC支付管理中心项目规则\n\n## 项目概览\n\n**项目定位**: 百度企业金融支付管理中心，处理多银行渠道的企业支付业务\n**架构模式**: Spring Cloud微服务架构，按银行维度模块化设计\n**技术栈**: Spring Boot 1.5.9 + MyBatis + Spring Cloud Netflix + Hessian\n\n## 核心架构规则\n\n### 模块划分原则\n- **银行独立模块**: 每个银行对应独立服务模块（pmc-basic-{bank-code}）\n- **通用支撑模块**: pmc-basic-common（基础设施）、pmc-basic-pojo（数据模型）、pmc-basic-persistence（数据访问）\n- **业务核心模块**: pmc-basic-service（核心业务）、pmc-basic-web（网关层）\n- **策略模式**: 所有银行模块实现统一BankStrategy接口，运行时动态选择具体实现\n\n### 分层架构规范\n```\nController层 → Service层 → 银行策略层 → Persistence层\n```\n- Controller: 统一使用@RestController，返回ResponseMessage包装对象\n- Service: 接口+实现类模式，使用Spring声明式事务\n- 策略层: 通过BankStrategyEnum枚举选择具体银行实现\n- Persistence: MyBatis + 通用Mapper，XML映射文件位于resources/mapper/\n\n## 开发契约\n\n### 异常处理模式\n- 全局异常处理器: 使用@RestControllerAdvice统一处理FeignException、AccessDeniedException等\n- 统一响应: 所有API返回ResponseMessage对象（包含status、message、data字段）\n- 操作日志: 基于MyBatis拦截器自动记录DELETE/UPDATE操作，异步写入\n\n### 银行接口封装规范\n- **报文标准化**: 统一使用MessageBuilder构建银行报文，ResponseXmlParser解析响应\n- **XML处理**: 使用JDOM2处理银行XML报文，XPath进行节点操作\n- **安全机制**: 各银行独立处理加密、证书、签名等安全要求\n- **通信协议**: 主要使用HTTP+XML，部分银行支持FTP/SFTP\n\n### 命名规范\n- **包名**: com.baidu.pmc.{bank-code}.{layer}\n- **类名**: {BankCode}{Function}（如：CmbController、IcbcService）\n- **方法名**: selectXxx、queryXxx、insertXxx、updateXxx、deleteXxx\n- **表名**: pmc_{bank-code}_{entity-name}\n- **模块名**: pmc-basic-{bank-code}\n\n### 配置管理\n- **多环境支持**: Maven profiles管理local/dev/test/uat/sit/vir/online环境\n- **配置中心**: Spring Cloud Config集中管理配置\n- **服务注册**: Eureka进行服务发现和注册\n- **网关路由**: Zuul统一路由转发和过滤处理\n\n## 关键开发模式\n\n### 银行适配器模式\n每个银行模块独立部署，通过策略模式实现统一调用：\n1. 定义BankStrategy接口规范\n2. 各银行实现具体的策略类\n3. 通过BankStrategyEnum选择具体实现\n4. 运行时动态绑定银行特定逻辑\n\n### 数据一致性保障\n- **事务边界**: Service层定义事务边界，跨银行操作使用最终一致性\n- **幂等性**: 支付指令使用唯一标识，支持重复提交校验\n- **状态管理**: 统一支付状态流转（待发送→已发送→处理中→成功/失败）\n\n### 异步处理机制\n- **异步日志**: 使用@Async注解实现操作日志异步写入\n- **消息推送**: 集成百度微云消息中心进行状态通知\n- **重试机制**: 银行接口调用支持可配置的重试策略\n\n## 环境配置\n\n### 端口分配\n各银行服务使用不同端口避免冲突：\n- 主服务: 8080\n- 招商银行: 8081\n- 工商银行: 8082\n- 建设银行: 8083\n- [需人工确认] 其他银行端口按顺序分配\n\n### 构建部署\n- **构建工具**: Maven多模块项目，Java 8编译\n- **CI/CD**: BCloud平台自动化构建\n- **构建脚本**: 各环境独立脚本（sitBuild.sh、uatBuild.sh等）\n- **产出物**: 统一输出到output目录\n\n## 集成规范\n\n### 百度内部系统集成\n- **认证系统**: UUAP统一认证，支持单点登录\n- **消息中心**: 百度微云消息中心推送状态变更通知\n- **工作流**: WK工作流引擎处理审批流程\n\n### 外部接口规范\n- **RESTful API**: 统一使用REST风格接口\n- **数据格式**: JSON为主，银行接口使用XML\n- **错误码**: 统一错误码规范，区分系统错误和业务错误\n\n## 注意事项\n\n1. **银行模块隔离**: 禁止跨银行模块直接调用，必须通过策略模式\n2. **环境配置**: 严格按Maven profile进行环境隔离，禁止配置混淆\n3. **安全要求**: 银行敏感信息（密钥、证书）按各银行要求独立管理\n4. **事务边界**: 避免跨银行事务，使用补偿机制保证最终一致性\n5. **版本兼容**: Spring Boot 1.5.9版本，注意依赖版本冲突\n\n---\n\n**最后更新**: 2025-11-09\n**适用范围**: 百度PMC支付管理中心所有开发活动\n**规则优先级**: 项目级规则 > 通用开发规范 > 个人编码习惯","completed":false,"isEnd":false,"failed":false}
[55864] [2026-01-09 20:00:23] [INFO] [ENGINE]  ---------> ENGINE REC: COMATE_AGENT_NEW_MESSAGE {"data":"{\"agentPayload\":{\"messageType\":\"refresh-messages\",\"conversationId\":\"20fec48e-734a-4cda-b6a7-4b56823ff21d\",\"payload\":{}}}"}
[55864] [2026-01-09 20:00:23] [INFO] [CONVERSATIONMANAGER]  onConversationMessage {"messageType":"refresh-messages","conversationId":"20fec48e-734a-4cda-b6a7-4b56823ff21d","payload":{}}
[55864] [2026-01-09 20:00:27] [INFO] [ENGINE]  ---------> ENGINE REC: COMATE_AGENT_NEW_MESSAGE {"data":"{\"agentPayload\":{\"messageType\":\"refresh-messages\",\"conversationId\":\"20fec48e-734a-4cda-b6a7-4b56823ff21d\",\"payload\":{}}}"}
[55864] [2026-01-09 20:00:27] [INFO] [CONVERSATIONMANAGER]  onConversationMessage {"messageType":"refresh-messages","conversationId":"20fec48e-734a-4cda-b6a7-4b56823ff21d","payload":{}}
[55864] [2026-01-09 20:01:14] [INFO] [ENGINE]  ---------> ENGINE REC: COMATE_AGENT_NEW_MESSAGE {"data":"{\"agentPayload\":{\"messageType\":\"message-operation\",\"conversationId\":\"20fec48e-734a-4cda-b6a7-4b56823ff21d\",\"payload\":{\"id\":\"c7509940-94c4-4fb9-9ab5-2349751efd6d\",\"elementId\":\"6960edd652ad0b146922d18f\",\"action\":\"tool-call-accept\"}}}"}
[55864] [2026-01-09 20:01:14] [INFO] [CONVERSATIONMANAGER]  onConversationMessage {"messageType":"message-operation","conversationId":"20fec48e-734a-4cda-b6a7-4b56823ff21d","payload":{"id":"c7509940-94c4-4fb9-9ab5-2349751efd6d","elementId":"6960edd652ad0b146922d18f","action":"tool-call-accept"}}
[55864] [2026-01-09 20:01:15] [VERBOSE] [VIRTUALEDITOR]  VirtualEditor.getDocument, args: absolutePath=/Users/xiaoliu/baidu/bpit-proc-apps/pmc/.comate/rules/rules.mdr
[55864] [2026-01-09 20:01:15] [INFO] [ENGINE]  <--------- ENGINE SEND: VIRTUAL_EDITOR_EVENT {"action":"getDocument","payload":{"absolutePath":"/Users/xiaoliu/baidu/bpit-proc-apps/pmc/.comate/rules/rules.mdr","uuid":"b73985be-e033-42af-a613-67c79005ebb2"}}
[55864] [2026-01-09 20:01:15] [INFO] [ENGINE]  ---------> ENGINE REC: VIRTUAL_EDITOR_EVENT {"uuid":"b73985be-e033-42af-a613-67c79005ebb2","existed":true,"content":"---\n alwaysApply: true \n---\n# 百度PMC支付管理中心项目规则\n\n## 项目概览\n\n**项目定位**: 百度企业金融支付管理中心，处理多银行渠道的企业支付业务\n**架构模式**: Spring Cloud微服务架构，按银行维度模块化设计\n**技术栈**: Spring Boot 1.5.9 + MyBatis + Spring Cloud Netflix + Hessian\n\n## 核心架构规则\n\n### 模块划分原则\n- **银行独立模块**: 每个银行对应独立服务模块（pmc-basic-{bank-code}）\n- **通用支撑模块**: pmc-basic-common（基础设施）、pmc-basic-pojo（数据模型）、pmc-basic-persistence（数据访问）\n- **业务核心模块**: pmc-basic-service（核心业务）、pmc-basic-web（网关层）\n- **策略模式**: 所有银行模块实现统一BankStrategy接口，运行时动态选择具体实现\n\n### 分层架构规范\n```\nController层 → Service层 → 银行策略层 → Persistence层\n```\n- Controller: 统一使用@RestController，返回ResponseMessage包装对象\n- Service: 接口+实现类模式，使用Spring声明式事务\n- 策略层: 通过BankStrategyEnum枚举选择具体银行实现\n- Persistence: MyBatis + 通用Mapper，XML映射文件位于resources/mapper/\n\n## 开发契约\n\n### 异常处理模式\n- 全局异常处理器: 使用@RestControllerAdvice统一处理FeignException、AccessDeniedException等\n- 统一响应: 所有API返回ResponseMessage对象（包含status、message、data字段）\n- 操作日志: 基于MyBatis拦截器自动记录DELETE/UPDATE操作，异步写入\n\n### 银行接口封装规范\n- **报文标准化**: 统一使用MessageBuilder构建银行报文，ResponseXmlParser解析响应\n- **XML处理**: 使用JDOM2处理银行XML报文，XPath进行节点操作\n- **安全机制**: 各银行独立处理加密、证书、签名等安全要求\n- **通信协议**: 主要使用HTTP+XML，部分银行支持FTP/SFTP\n\n### 命名规范\n- **包名**: com.baidu.pmc.{bank-code}.{layer}\n- **类名**: {BankCode}{Function}（如：CmbController、IcbcService）\n- **方法名**: selectXxx、queryXxx、insertXxx、updateXxx、deleteXxx\n- **表名**: pmc_{bank-code}_{entity-name}\n- **模块名**: pmc-basic-{bank-code}\n\n### 配置管理\n- **多环境支持**: Maven profiles管理local/dev/test/uat/sit/vir/online环境\n- **配置中心**: Spring Cloud Config集中管理配置\n- **服务注册**: Eureka进行服务发现和注册\n- **网关路由**: Zuul统一路由转发和过滤处理\n\n## 关键开发模式\n\n### 银行适配器模式\n每个银行模块独立部署，通过策略模式实现统一调用：\n1. 定义BankStrategy接口规范\n2. 各银行实现具体的策略类\n3. 通过BankStrategyEnum选择具体实现\n4. 运行时动态绑定银行特定逻辑\n\n### 数据一致性保障\n- **事务边界**: Service层定义事务边界，跨银行操作使用最终一致性\n- **幂等性**: 支付指令使用唯一标识，支持重复提交校验\n- **状态管理**: 统一支付状态流转（待发送→已发送→处理中→成功/失败）\n\n### 异步处理机制\n- **异步日志**: 使用@Async注解实现操作日志异步写入\n- **消息推送**: 集成百度微云消息中心进行状态通知\n- **重试机制**: 银行接口调用支持可配置的重试策略\n\n## 环境配置\n\n### 端口分配\n各银行服务使用不同端口避免冲突：\n- 主服务: 8080\n- 招商银行: 8081\n- 工商银行: 8082\n- 建设银行: 8083\n- [需人工确认] 其他银行端口按顺序分配\n\n### 构建部署\n- **构建工具**: Maven多模块项目，Java 8编译\n- **CI/CD**: BCloud平台自动化构建\n- **构建脚本**: 各环境独立脚本（sitBuild.sh、uatBuild.sh等）\n- **产出物**: 统一输出到output目录\n\n## 集成规范\n\n### 百度内部系统集成\n- **认证系统**: UUAP统一认证，支持单点登录\n- **消息中心**: 百度微云消息中心推送状态变更通知\n- **工作流**: WK工作流引擎处理审批流程\n\n### 外部接口规范\n- **RESTful API**: 统一使用REST风格接口\n- **数据格式**: JSON为主，银行接口使用XML\n- **错误码**: 统一错误码规范，区分系统错误和业务错误\n\n## 注意事项\n\n1. **银行模块隔离**: 禁止跨银行模块直接调用，必须通过策略模式\n2. **环境配置**: 严格按Maven profile进行环境隔离，禁止配置混淆\n3. **安全要求**: 银行敏感信息（密钥、证书）按各银行要求独立管理\n4. **事务边界**: 避免跨银行事务，使用补偿机制保证最终一致性\n5. **版本兼容**: Spring Boot 1.5.9版本，注意依赖版本冲突\n\n---\n\n**最后更新**: 2025-11-09\n**适用范围**: 百度PMC支付管理中心所有开发活动\n**规则优先级**: 项目级规则 > 通用开发规范 > 个人编码习惯","completed":false,"isEnd":false,"failed":false}
[55864] [2026-01-09 20:01:19] [INFO] [ENGINE]  ---------> ENGINE REC: COMATE_AGENT_NEW_MESSAGE {"data":"{\"agentPayload\":{\"messageType\":\"refresh-messages\",\"conversationId\":\"20fec48e-734a-4cda-b6a7-4b56823ff21d\",\"payload\":{}}}"}
[55864] [2026-01-09 20:01:19] [INFO] [CONVERSATIONMANAGER]  onConversationMessage {"messageType":"refresh-messages","conversationId":"20fec48e-734a-4cda-b6a7-4b56823ff21d","payload":{}}
[55864] [2026-01-09 20:01:19] [VERBOSE] [VIRTUALEDITOR]  VirtualEditor.getDocument, args: absolutePath=/Users/xiaoliu/baidu/bpit-proc-apps/pmc/pmc-basic-bankcommon/src/main/java/com/baidu/pmc/bankcommon/core/model/BankTransaction.java
[55864] [2026-01-09 20:01:19] [INFO] [ENGINE]  <--------- ENGINE SEND: VIRTUAL_EDITOR_EVENT {"action":"getDocument","payload":{"absolutePath":"/Users/xiaoliu/baidu/bpit-proc-apps/pmc/pmc-basic-bankcommon/src/main/java/com/baidu/pmc/bankcommon/core/model/BankTransaction.java","uuid":"ab94ac06-831a-450e-97fd-075eb2546519"}}
[55864] [2026-01-09 20:01:19] [INFO] [ENGINE]  ---------> ENGINE REC: VIRTUAL_EDITOR_EVENT {"uuid":"ab94ac06-831a-450e-97fd-075eb2546519","existed":true,"content":"package com.baidu.pmc.bankcommon.core.model;\n\nimport lombok.Data;\n\nimport java.io.Serializable;\n\n/**\n * 银行交易记录数据模型\n * 对应银行流水查询返回的交易明细记录\n */\n@Data\npublic class BankTransaction implements Serializable {\n    private static final long serialVersionUID = 1L;\n\n    /**\n     * 状态\n     */\n    private String status;\n\n    /**\n     * 交易日期 (格式: YYYYMMDD)\n     */\n    private String transactionDate;\n\n    /**\n     * 交易时间 (格式: HHmmss)\n     */\n    private String transactionTime;\n\n    /**\n     * 业务类型\n     */\n    private String businessType;\n\n    /**\n     * 流水号\n     */\n    private String serialNumber;\n\n    /**\n     * 流水序号\n     */\n    private String sequenceNumber;\n\n    /**\n     * 账号\n     */\n    private String accountNumber;\n\n    /**\n     * 户名\n     */\n    private String accountName;\n\n    /**\n     * 收支标志 (D:支出, C:收入)\n     */\n    private String incomeExpenseFlag;\n\n    /**\n     * 币种 (如: CNY)\n     */\n    private String currency;\n\n    /**\n     * 交易金额\n     */\n    private String transactionAmount;\n\n    /**\n     * 余额\n     */\n    private String balance;\n\n    /**\n     * 可用余额\n     */\n    private String availableBalance;\n\n    /**\n     * 对方账号\n     */\n    private String counterpartyAccount;\n\n    /**\n     * 对方户名\n     */\n    private String counterpartyName;\n\n    /**\n     * 对方地址\n     */\n    private String counterpartyAddress;\n\n    /**\n     * 对方开户行行号\n     */\n    private String counterpartyBankCode;\n\n    /**\n     * 对方开户行行名\n     */\n    private String counterpartyBankName;\n\n    /**\n     * 票据种类\n     */\n    private String billType;\n\n    /**\n     * 票据号码\n     */\n    private String billNumber;\n\n    /**\n     * 票据名称\n     */\n    private String billName;\n\n    /**\n     * 票据签发日期\n     */\n    private String billIssueDate;\n\n    /**\n     * 附言\n     */\n    private String remarkMemo;\n\n    /**\n     * 备注\n     */\n    private String additionalRemark;\n\n    /**\n     * 交易码\n     */\n    private String transactionCode;\n\n    /**\n     * 备用字段\n     */\n    private String backupField;\n}","completed":false,"isEnd":false,"failed":false}
[55864] [2026-01-09 20:01:19] [VERBOSE] [VIRTUALEDITOR]  VirtualEditor.deleteDocument, args: absolutePath=/Users/xiaoliu/baidu/bpit-proc-apps/pmc/pmc-basic-bankcommon/src/main/java/com/baidu/pmc/bankcommon/core/model/BankTransaction.java
[55864] [2026-01-09 20:01:19] [INFO] [ENGINE]  <--------- ENGINE SEND: VIRTUAL_EDITOR_EVENT {"action":"deleteDocument","payload":{"absolutePath":"/Users/xiaoliu/baidu/bpit-proc-apps/pmc/pmc-basic-bankcommon/src/main/java/com/baidu/pmc/bankcommon/core/model/BankTransaction.java","uuid":"d8d9e6e9-da9b-472f-a68d-03283fdfc457"}}
[55864] [2026-01-09 20:01:19] [VERBOSE] [VIRTUALEDITOR]  VirtualEditor.getDocument, args: absolutePath=/Users/xiaoliu/baidu/bpit-proc-apps/pmc/.comate/rules/rules.mdr
[55864] [2026-01-09 20:01:19] [INFO] [ENGINE]  <--------- ENGINE SEND: VIRTUAL_EDITOR_EVENT {"action":"getDocument","payload":{"absolutePath":"/Users/xiaoliu/baidu/bpit-proc-apps/pmc/.comate/rules/rules.mdr","uuid":"d6a2f1b8-1004-4724-9090-9d9f939241d6"}}
[55864] [2026-01-09 20:01:19] [INFO] [ENGINE]  ---------> ENGINE REC: VIRTUAL_EDITOR_EVENT {"uuid":"d6a2f1b8-1004-4724-9090-9d9f939241d6","existed":true,"content":"---\n alwaysApply: true \n---\n# 百度PMC支付管理中心项目规则\n\n## 项目概览\n\n**项目定位**: 百度企业金融支付管理中心，处理多银行渠道的企业支付业务\n**架构模式**: Spring Cloud微服务架构，按银行维度模块化设计\n**技术栈**: Spring Boot 1.5.9 + MyBatis + Spring Cloud Netflix + Hessian\n\n## 核心架构规则\n\n### 模块划分原则\n- **银行独立模块**: 每个银行对应独立服务模块（pmc-basic-{bank-code}）\n- **通用支撑模块**: pmc-basic-common（基础设施）、pmc-basic-pojo（数据模型）、pmc-basic-persistence（数据访问）\n- **业务核心模块**: pmc-basic-service（核心业务）、pmc-basic-web（网关层）\n- **策略模式**: 所有银行模块实现统一BankStrategy接口，运行时动态选择具体实现\n\n### 分层架构规范\n```\nController层 → Service层 → 银行策略层 → Persistence层\n```\n- Controller: 统一使用@RestController，返回ResponseMessage包装对象\n- Service: 接口+实现类模式，使用Spring声明式事务\n- 策略层: 通过BankStrategyEnum枚举选择具体银行实现\n- Persistence: MyBatis + 通用Mapper，XML映射文件位于resources/mapper/\n\n## 开发契约\n\n### 异常处理模式\n- 全局异常处理器: 使用@RestControllerAdvice统一处理FeignException、AccessDeniedException等\n- 统一响应: 所有API返回ResponseMessage对象（包含status、message、data字段）\n- 操作日志: 基于MyBatis拦截器自动记录DELETE/UPDATE操作，异步写入\n\n### 银行接口封装规范\n- **报文标准化**: 统一使用MessageBuilder构建银行报文，ResponseXmlParser解析响应\n- **XML处理**: 使用JDOM2处理银行XML报文，XPath进行节点操作\n- **安全机制**: 各银行独立处理加密、证书、签名等安全要求\n- **通信协议**: 主要使用HTTP+XML，部分银行支持FTP/SFTP\n\n### 命名规范\n- **包名**: com.baidu.pmc.{bank-code}.{layer}\n- **类名**: {BankCode}{Function}（如：CmbController、IcbcService）\n- **方法名**: selectXxx、queryXxx、insertXxx、updateXxx、deleteXxx\n- **表名**: pmc_{bank-code}_{entity-name}\n- **模块名**: pmc-basic-{bank-code}\n\n### 配置管理\n- **多环境支持**: Maven profiles管理local/dev/test/uat/sit/vir/online环境\n- **配置中心**: Spring Cloud Config集中管理配置\n- **服务注册**: Eureka进行服务发现和注册\n- **网关路由**: Zuul统一路由转发和过滤处理\n\n## 关键开发模式\n\n### 银行适配器模式\n每个银行模块独立部署，通过策略模式实现统一调用：\n1. 定义BankStrategy接口规范\n2. 各银行实现具体的策略类\n3. 通过BankStrategyEnum选择具体实现\n4. 运行时动态绑定银行特定逻辑\n\n### 数据一致性保障\n- **事务边界**: Service层定义事务边界，跨银行操作使用最终一致性\n- **幂等性**: 支付指令使用唯一标识，支持重复提交校验\n- **状态管理**: 统一支付状态流转（待发送→已发送→处理中→成功/失败）\n\n### 异步处理机制\n- **异步日志**: 使用@Async注解实现操作日志异步写入\n- **消息推送**: 集成百度微云消息中心进行状态通知\n- **重试机制**: 银行接口调用支持可配置的重试策略\n\n## 环境配置\n\n### 端口分配\n各银行服务使用不同端口避免冲突：\n- 主服务: 8080\n- 招商银行: 8081\n- 工商银行: 8082\n- 建设银行: 8083\n- [需人工确认] 其他银行端口按顺序分配\n\n### 构建部署\n- **构建工具**: Maven多模块项目，Java 8编译\n- **CI/CD**: BCloud平台自动化构建\n- **构建脚本**: 各环境独立脚本（sitBuild.sh、uatBuild.sh等）\n- **产出物**: 统一输出到output目录\n\n## 集成规范\n\n### 百度内部系统集成\n- **认证系统**: UUAP统一认证，支持单点登录\n- **消息中心**: 百度微云消息中心推送状态变更通知\n- **工作流**: WK工作流引擎处理审批流程\n\n### 外部接口规范\n- **RESTful API**: 统一使用REST风格接口\n- **数据格式**: JSON为主，银行接口使用XML\n- **错误码**: 统一错误码规范，区分系统错误和业务错误\n\n## 注意事项\n\n1. **银行模块隔离**: 禁止跨银行模块直接调用，必须通过策略模式\n2. **环境配置**: 严格按Maven profile进行环境隔离，禁止配置混淆\n3. **安全要求**: 银行敏感信息（密钥、证书）按各银行要求独立管理\n4. **事务边界**: 避免跨银行事务，使用补偿机制保证最终一致性\n5. **版本兼容**: Spring Boot 1.5.9版本，注意依赖版本冲突\n\n---\n\n**最后更新**: 2025-11-09\n**适用范围**: 百度PMC支付管理中心所有开发活动\n**规则优先级**: 项目级规则 > 通用开发规范 > 个人编码习惯","completed":false,"isEnd":false,"failed":false}
[55864] [2026-01-09 20:01:20] [INFO] [ENGINE]  ---------> ENGINE REC: COMATE_AGENT_NEW_MESSAGE {"data":"{\"agentPayload\":{\"messageType\":\"refresh-messages\",\"conversationId\":\"20fec48e-734a-4cda-b6a7-4b56823ff21d\",\"payload\":{}}}"}
[55864] [2026-01-09 20:01:20] [INFO] [CONVERSATIONMANAGER]  onConversationMessage {"messageType":"refresh-messages","conversationId":"20fec48e-734a-4cda-b6a7-4b56823ff21d","payload":{}}
[55864] [2026-01-09 20:01:22] [VERBOSE] [VIRTUALEDITOR]  VirtualEditor.getDocument, args: absolutePath=/Users/xiaoliu/baidu/bpit-proc-apps/pmc/pmc-basic-bankcommon/src/main/java/com/baidu/pmc/bankcommon/core/utils/BankTransactionParser.java
[55864] [2026-01-09 20:01:22] [INFO] [ENGINE]  <--------- ENGINE SEND: VIRTUAL_EDITOR_EVENT {"action":"getDocument","payload":{"absolutePath":"/Users/xiaoliu/baidu/bpit-proc-apps/pmc/pmc-basic-bankcommon/src/main/java/com/baidu/pmc/bankcommon/core/utils/BankTransactionParser.java","uuid":"2cd8fded-444d-4828-9678-18f01a0726c2"}}
[55864] [2026-01-09 20:01:22] [INFO] [ENGINE]  ---------> ENGINE REC: VIRTUAL_EDITOR_EVENT {"uuid":"2cd8fded-444d-4828-9678-18f01a0726c2","existed":true,"content":"package com.baidu.pmc.bankcommon.core.utils;\n\nimport com.baidu.pmc.bankcommon.core.model.BankTransaction;\nimport lombok.extern.slf4j.Slf4j;\nimport org.apache.commons.lang3.StringUtils;\n\nimport java.util.ArrayList;\nimport java.util.Arrays;\nimport java.util.List;\n\n/**\n * 银行交易记录解析工具类\n * 用于解析银行流水文本数据，按照固定分隔符分割字段\n */\n@Slf4j\npublic class BankTransactionParser {\n\n    private static final String FIELD_SEPARATOR = \"|\";\n    private static final int EXPECTED_FIELD_COUNT = 26;\n\n    /**\n     * 解析银行交易记录字符串\n     *\n     * @param dataString 包含表头和数据的完整字符串\n     * @return 解析后的交易记录列表\n     */\n    public static List<BankTransaction> parseBankTransactions(String dataString) {\n        List<BankTransaction> transactions = new ArrayList<>();\n\n        if (StringUtils.isBlank(dataString)) {\n            log.warn(\"银行交易记录字符串为空\");\n            return transactions;\n        }\n\n        // 按行分割字符串\n        String[] lines = dataString.split(\"\\n\");\n        if (lines.length < 2) {\n            log.warn(\"银行交易记录数据行数不足，至少需要表头和一行数据\");\n            return transactions;\n        }\n\n        try {\n            // 第一行是表头\n            String headerLine = lines[0].trim();\n            // 移除开头的\"状态|\"，并根据项目规则修正字段名\n            String[] headerFields = parseFields(headerLine.replaceFirst(\"^状态\\\\|\", \"\"));\n\n            // 处理数据行\n            for (int i = 1; i < lines.length; i++) {\n                String dataLine = lines[i].trim();\n                if (StringUtils.isBlank(dataLine)) {\n                    continue;\n                }\n\n                String[] dataFields = parseFields(dataLine);\n                if (dataFields.length == EXPECTED_FIELD_COUNT) {\n                    BankTransaction transaction = createTransaction(headerFields, dataFields);\n                    transactions.add(transaction);\n                } else {\n                    log.warn(\"第{}行数据字段数量不正确，期望{}个，实际{}个\",\n                            i + 1, EXPECTED_FIELD_COUNT, dataFields.length);\n                }\n            }\n\n        } catch (Exception e) {\n            log.error(\"解析银行交易记录时发生异常\", e);\n        }\n\n        return transactions;\n    }\n\n    /**\n     * 解析单行数据字段\n     *\n     * @param line 原始数据行\n     * @return 分割后的字段数组\n     */\n    private static String[] parseFields(String line) {\n        String[] fields = line.split(\"\\\\\" + FIELD_SEPARATOR, -1); // 保留空字段\n\n        // 处理字段值，去除前后空格\n        for (int i = 0; i < fields.length; i++) {\n            fields[i] = fields[i].trim();\n        }\n\n        return fields;\n    }\n\n    /**\n     * 根据表头和数据字段创建交易记录对象\n     *\n     * @param headerFields 表头字段\n     * @param dataFields 数据字段\n     * @return 交易记录对象\n     */\n    private static BankTransaction createTransaction(String[] headerFields, String[] dataFields) {\n        BankTransaction transaction = new BankTransaction();\n\n        // 根据索引设置字段值\n        if (headerFields.length >= 1) transaction.setStatus(getField(dataFields, 0)); // 状态\n        if (headerFields.length >= 2) transaction.setTransactionDate(getField(dataFields, 1)); // 交易日期\n        if (headerFields.length >= 3) transaction.setTransactionTime(getField(dataFields, 2)); // 交易时间\n        if (headerFields.length >= 4) transaction.setBusinessType(getField(dataFields, 3)); // 业务类型\n        if (headerFields.length >= 5) transaction.setSerialNumber(getField(dataFields, 4)); // 流水号\n        if (headerFields.length >= 6) transaction.setSequenceNumber(getField(dataFields, 5)); // 流水序号\n        if (headerFields.length >= 7) transaction.setAccountNumber(getField(dataFields, 6)); // 账号\n        if (headerFields.length >= 8) transaction.setAccountName(getField(dataFields, 7)); // 户名\n        if (headerFields.length >= 9) transaction.setIncomeExpenseFlag(getField(dataFields, 8)); // 收支标志\n        if (headerFields.length >= 10) transaction.setCurrency(getField(dataFields, 9)); // 币种\n        if (headerFields.length >= 11) transaction.setTransactionAmount(getField(dataFields, 10)); // 交易金额\n        if (headerFields.length >= 12) transaction.setBalance(getField(dataFields, 11)); // 余额\n        if (headerFields.length >= 13) transaction.setAvailableBalance(getField(dataFields, 12)); // 可用余额\n        if (headerFields.length >= 14) transaction.setCounterpartyAccount(getField(dataFields, 13)); // 对方账号\n        if (headerFields.length >= 15) transaction.setCounterpartyName(getField(dataFields, 14)); // 对方户名\n        if (headerFields.length >= 16) transaction.setCounterpartyAddress(getField(dataFields, 15)); // 对方地址\n        if (headerFields.length >= 17) transaction.setCounterpartyBankCode(getField(dataFields, 16)); // 对方开户行行号\n        if (headerFields.length >= 18) transaction.setCounterpartyBankName(getField(dataFields, 17)); // 对方开户行行名\n        if (headerFields.length >= 19) transaction.setBillType(getField(dataFields, 18)); // 票据种类\n        if (headerFields.length >= 20) transaction.setBillNumber(getField(dataFields, 19)); // 票据号码\n        if (headerFields.length >= 21) transaction.setBillName(getField(dataFields, 20)); // 票据名称\n        if (headerFields.length >= 22) transaction.setBillIssueDate(getField(dataFields, 21)); // 票据签发日期\n        if (headerFields.length >= 23) transaction.setRemarkMemo(getField(dataFields, 22)); // 附言\n        if (headerFields.length >= 24) transaction.setAdditionalRemark(getField(dataFields, 23)); // 备注\n        if (headerFields.length >= 25) transaction.setTransactionCode(getField(dataFields, 24)); // 交易码\n        if (headerFields.length >= 26) transaction.setBackupField(getField(dataFields, 25)); // 备用字段\n\n        return transaction;\n    }\n\n    /**\n     * 安全获取字段值\n     *\n     * @param fields 字段数组\n     * @param index 索引\n     * @return 字段值，如果索引越界返回空字符串\n     */\n    private static String getField(String[] fields, int index) {\n        return (index >= 0 && index < fields.length) ? fields[index] : \"\";\n    }\n\n    /**\n     * 打印解析结果（用于调试和验证）\n     *\n     * @param transactions 交易记录列表\n     */\n    public static void printParsingResult(List<BankTransaction> transactions) {\n        log.info(\"=== 银行交易记录解析结果 ===\");\n        log.info(\"共解析出 {} 条交易记录\", transactions.size());\n\n        for (int i = 0; i < transactions.size(); i++) {\n            BankTransaction transaction = transactions.get(i);\n            log.info(\"第 {} 条记录:\", i + 1);\n            log.info(\"  状态: {}\", transaction.getStatus());\n            log.info(\"  交易日期: {}\", transaction.getTransactionDate());\n            log.info(\"  交易时间: {}\", transaction.getTransactionTime());\n            log.info(\"  业务类型: {}\", transaction.getBusinessType());\n            log.info(\"  流水号: {}\", transaction.getSerialNumber());\n            log.info(\"  账号: {}\", maskAccountNumber(transaction.getAccountNumber()));\n            log.info(\"  户名: {}\", transaction.getAccountName());\n            log.info(\"  收支标志: {}\", transaction.getIncomeExpenseFlag());\n            log.info(\"  交易金额: {}\", transaction.getTransactionAmount());\n            log.info(\"  余额: {}\", transaction.getBalance());\n            log.info(\"  附言: {}\", transaction.getRemarkMemo());\n            log.info(\"---\");\n        }\n    }\n\n    /**\n     * 脱敏处理账号信息（用于日志输出）\n     *\n     * @param accountNumber 原始账号\n     * @return 脱敏后的账号\n     */\n    private static String maskAccountNumber(String accountNumber) {\n        if (StringUtils.isBlank(accountNumber) || accountNumber.length() <= 8) {\n            return accountNumber;\n        }\n        return accountNumber.substring(0, 4) + \"****\" + accountNumber.substring(accountNumber.length() - 4);\n    }\n}","completed":false,"isEnd":false,"failed":false}
[55864] [2026-01-09 20:01:22] [VERBOSE] [VIRTUALEDITOR]  VirtualEditor.deleteDocument, args: absolutePath=/Users/xiaoliu/baidu/bpit-proc-apps/pmc/pmc-basic-bankcommon/src/main/java/com/baidu/pmc/bankcommon/core/utils/BankTransactionParser.java
[55864] [2026-01-09 20:01:22] [INFO] [ENGINE]  <--------- ENGINE SEND: VIRTUAL_EDITOR_EVENT {"action":"deleteDocument","payload":{"absolutePath":"/Users/xiaoliu/baidu/bpit-proc-apps/pmc/pmc-basic-bankcommon/src/main/java/com/baidu/pmc/bankcommon/core/utils/BankTransactionParser.java","uuid":"baf7047e-9915-4f4e-8e82-4b79b43aef21"}}
[55864] [2026-01-09 20:01:22] [VERBOSE] [VIRTUALEDITOR]  VirtualEditor.getDocument, args: absolutePath=/Users/xiaoliu/baidu/bpit-proc-apps/pmc/.comate/rules/rules.mdr
[55864] [2026-01-09 20:01:22] [INFO] [ENGINE]  <--------- ENGINE SEND: VIRTUAL_EDITOR_EVENT {"action":"getDocument","payload":{"absolutePath":"/Users/xiaoliu/baidu/bpit-proc-apps/pmc/.comate/rules/rules.mdr","uuid":"e3f6110c-33b0-4a04-890d-42f508b3c7e5"}}
[55864] [2026-01-09 20:01:22] [INFO] [ENGINE]  ---------> ENGINE REC: VIRTUAL_EDITOR_EVENT {"uuid":"e3f6110c-33b0-4a04-890d-42f508b3c7e5","existed":true,"content":"---\n alwaysApply: true \n---\n# 百度PMC支付管理中心项目规则\n\n## 项目概览\n\n**项目定位**: 百度企业金融支付管理中心，处理多银行渠道的企业支付业务\n**架构模式**: Spring Cloud微服务架构，按银行维度模块化设计\n**技术栈**: Spring Boot 1.5.9 + MyBatis + Spring Cloud Netflix + Hessian\n\n## 核心架构规则\n\n### 模块划分原则\n- **银行独立模块**: 每个银行对应独立服务模块（pmc-basic-{bank-code}）\n- **通用支撑模块**: pmc-basic-common（基础设施）、pmc-basic-pojo（数据模型）、pmc-basic-persistence（数据访问）\n- **业务核心模块**: pmc-basic-service（核心业务）、pmc-basic-web（网关层）\n- **策略模式**: 所有银行模块实现统一BankStrategy接口，运行时动态选择具体实现\n\n### 分层架构规范\n```\nController层 → Service层 → 银行策略层 → Persistence层\n```\n- Controller: 统一使用@RestController，返回ResponseMessage包装对象\n- Service: 接口+实现类模式，使用Spring声明式事务\n- 策略层: 通过BankStrategyEnum枚举选择具体银行实现\n- Persistence: MyBatis + 通用Mapper，XML映射文件位于resources/mapper/\n\n## 开发契约\n\n### 异常处理模式\n- 全局异常处理器: 使用@RestControllerAdvice统一处理FeignException、AccessDeniedException等\n- 统一响应: 所有API返回ResponseMessage对象（包含status、message、data字段）\n- 操作日志: 基于MyBatis拦截器自动记录DELETE/UPDATE操作，异步写入\n\n### 银行接口封装规范\n- **报文标准化**: 统一使用MessageBuilder构建银行报文，ResponseXmlParser解析响应\n- **XML处理**: 使用JDOM2处理银行XML报文，XPath进行节点操作\n- **安全机制**: 各银行独立处理加密、证书、签名等安全要求\n- **通信协议**: 主要使用HTTP+XML，部分银行支持FTP/SFTP\n\n### 命名规范\n- **包名**: com.baidu.pmc.{bank-code}.{layer}\n- **类名**: {BankCode}{Function}（如：CmbController、IcbcService）\n- **方法名**: selectXxx、queryXxx、insertXxx、updateXxx、deleteXxx\n- **表名**: pmc_{bank-code}_{entity-name}\n- **模块名**: pmc-basic-{bank-code}\n\n### 配置管理\n- **多环境支持**: Maven profiles管理local/dev/test/uat/sit/vir/online环境\n- **配置中心**: Spring Cloud Config集中管理配置\n- **服务注册**: Eureka进行服务发现和注册\n- **网关路由**: Zuul统一路由转发和过滤处理\n\n## 关键开发模式\n\n### 银行适配器模式\n每个银行模块独立部署，通过策略模式实现统一调用：\n1. 定义BankStrategy接口规范\n2. 各银行实现具体的策略类\n3. 通过BankStrategyEnum选择具体实现\n4. 运行时动态绑定银行特定逻辑\n\n### 数据一致性保障\n- **事务边界**: Service层定义事务边界，跨银行操作使用最终一致性\n- **幂等性**: 支付指令使用唯一标识，支持重复提交校验\n- **状态管理**: 统一支付状态流转（待发送→已发送→处理中→成功/失败）\n\n### 异步处理机制\n- **异步日志**: 使用@Async注解实现操作日志异步写入\n- **消息推送**: 集成百度微云消息中心进行状态通知\n- **重试机制**: 银行接口调用支持可配置的重试策略\n\n## 环境配置\n\n### 端口分配\n各银行服务使用不同端口避免冲突：\n- 主服务: 8080\n- 招商银行: 8081\n- 工商银行: 8082\n- 建设银行: 8083\n- [需人工确认] 其他银行端口按顺序分配\n\n### 构建部署\n- **构建工具**: Maven多模块项目，Java 8编译\n- **CI/CD**: BCloud平台自动化构建\n- **构建脚本**: 各环境独立脚本（sitBuild.sh、uatBuild.sh等）\n- **产出物**: 统一输出到output目录\n\n## 集成规范\n\n### 百度内部系统集成\n- **认证系统**: UUAP统一认证，支持单点登录\n- **消息中心**: 百度微云消息中心推送状态变更通知\n- **工作流**: WK工作流引擎处理审批流程\n\n### 外部接口规范\n- **RESTful API**: 统一使用REST风格接口\n- **数据格式**: JSON为主，银行接口使用XML\n- **错误码**: 统一错误码规范，区分系统错误和业务错误\n\n## 注意事项\n\n1. **银行模块隔离**: 禁止跨银行模块直接调用，必须通过策略模式\n2. **环境配置**: 严格按Maven profile进行环境隔离，禁止配置混淆\n3. **安全要求**: 银行敏感信息（密钥、证书）按各银行要求独立管理\n4. **事务边界**: 避免跨银行事务，使用补偿机制保证最终一致性\n5. **版本兼容**: Spring Boot 1.5.9版本，注意依赖版本冲突\n\n---\n\n**最后更新**: 2025-11-09\n**适用范围**: 百度PMC支付管理中心所有开发活动\n**规则优先级**: 项目级规则 > 通用开发规范 > 个人编码习惯","completed":false,"isEnd":false,"failed":false}
[55864] [2026-01-09 20:01:22] [INFO] [ENGINE]  ---------> ENGINE REC: COMATE_AGENT_NEW_MESSAGE {"data":"{\"agentPayload\":{\"messageType\":\"message-operation\",\"conversationType\":null,\"conversationId\":\"20fec48e-734a-4cda-b6a7-4b56823ff21d\",\"payload\":{\"query\":null,\"action\":\"file-accept-block\",\"filePath\":\"/Users/xiaoliu/baidu/bpit-proc-apps/pmc/pmc-basic-bankcommon/src/main/java/com/baidu/pmc/bankcommon/core/utils/BankTransactionParser.java\",\"elementId\":\"6960eb13965cab162c60ac51\",\"knowledgeList\":null,\"source\":\"\",\"acceptance\":{\"addLines\":0,\"deleteLines\":0,\"source\":\"\"},\"accepted\":true}}}"}
[55864] [2026-01-09 20:01:22] [INFO] [CONVERSATIONMANAGER]  onConversationMessage {"messageType":"message-operation","conversationType":null,"conversationId":"20fec48e-734a-4cda-b6a7-4b56823ff21d","payload":{"query":null,"action":"file-accept-block","filePath":"/Users/xiaoliu/baidu/bpit-proc-apps/pmc/pmc-basic-bankcommon/src/main/java/com/baidu/pmc/bankcommon/core/utils/BankTransactionParser.java","elementId":"6960eb13965cab162c60ac51","knowledgeList":null,"source":"","acceptance":{"addLines":0,"deleteLines":0,"source":""},"accepted":true}}
[55864] [2026-01-09 20:01:22] [VERBOSE] [VIRTUALEDITOR]  VirtualEditor.closeDocument, args: absolutePath=/Users/xiaoliu/baidu/bpit-proc-apps/pmc/pmc-basic-bankcommon/src/main/java/com/baidu/pmc/bankcommon/core/model/BankTransaction.java
[55864] [2026-01-09 20:01:22] [INFO] [ENGINE]  <--------- ENGINE SEND: VIRTUAL_EDITOR_EVENT {"action":"closeDocument","payload":{"absolutePath":"/Users/xiaoliu/baidu/bpit-proc-apps/pmc/pmc-basic-bankcommon/src/main/java/com/baidu/pmc/bankcommon/core/model/BankTransaction.java","uuid":"f5fae2af-b540-403b-8313-e4500015bdee"}}
[55864] [2026-01-09 20:01:23] [INFO] [ENGINE]  ---------> ENGINE REC: COMATE_AGENT_NEW_MESSAGE {"data":"{\"agentPayload\":{\"messageType\":\"refresh-messages\",\"conversationId\":\"20fec48e-734a-4cda-b6a7-4b56823ff21d\",\"payload\":{}}}"}
[55864] [2026-01-09 20:01:23] [INFO] [CONVERSATIONMANAGER]  onConversationMessage {"messageType":"refresh-messages","conversationId":"20fec48e-734a-4cda-b6a7-4b56823ff21d","payload":{}}
[55864] [2026-01-09 20:01:25] [VERBOSE] [VIRTUALEDITOR]  VirtualEditor.closeDocument, args: absolutePath=/Users/xiaoliu/baidu/bpit-proc-apps/pmc/pmc-basic-bankcommon/src/main/java/com/baidu/pmc/bankcommon/core/utils/BankTransactionParser.java
[55864] [2026-01-09 20:01:25] [INFO] [ENGINE]  <--------- ENGINE SEND: VIRTUAL_EDITOR_EVENT {"action":"closeDocument","payload":{"absolutePath":"/Users/xiaoliu/baidu/bpit-proc-apps/pmc/pmc-basic-bankcommon/src/main/java/com/baidu/pmc/bankcommon/core/utils/BankTransactionParser.java","uuid":"d4bb7101-853a-40b4-a7e1-251a5a7c101f"}}
[55864] [2026-01-09 20:01:25] [VERBOSE] [VIRTUALEDITOR]  VirtualEditor.getDocument, args: absolutePath=/Users/xiaoliu/baidu/bpit-proc-apps/pmc/pmc-basic-bankcommon/src/test/java/com/baidu/pmc/bankcommon/core/utils/BankTransactionParserTest.java
[55864] [2026-01-09 20:01:25] [INFO] [ENGINE]  <--------- ENGINE SEND: VIRTUAL_EDITOR_EVENT {"action":"getDocument","payload":{"absolutePath":"/Users/xiaoliu/baidu/bpit-proc-apps/pmc/pmc-basic-bankcommon/src/test/java/com/baidu/pmc/bankcommon/core/utils/BankTransactionParserTest.java","uuid":"1c9039df-a0fb-47f3-91c2-1e2e1b22437a"}}
[55864] [2026-01-09 20:01:25] [INFO] [ENGINE]  ---------> ENGINE REC: VIRTUAL_EDITOR_EVENT {"uuid":"1c9039df-a0fb-47f3-91c2-1e2e1b22437a","existed":true,"content":"package com.baidu.pmc.bankcommon.core.utils;\n\nimport com.baidu.pmc.bankcommon.core.model.BankTransaction;\nimport lombok.extern.slf4j.Slf4j;\nimport org.junit.Test;\nimport org.springframework.boot.test.context.SpringBootTest;\n\nimport java.util.List;\n\nimport static org.junit.Assert.*;\n\n/**\n * 银行交易记录解析工具测试类\n */\n@Slf4j\n@SpringBootTest\npublic class BankTransactionParserTest {\n\n    @Test\n    public void testParseBankTransactions() {\n        // 测试数据 - 银行流水文本格式\n        String bankData = \"状态|交易日期|交易时间|业务类型|流水号|流水序号|账号|户名|收支标志|币种|交易金额|余额|可用余额|对方账号|对方户名|对方地址|对方开户行行号|对方开户行行名|票据种类|票据号码|票据名称|票据签发日期|附言|备注|交易码|备用\\n\" +\n                \"0|20251105|093003|2|EBB0001P70190041|1|310069079018800073806|怒访址撵鉴遮斌粤惨佣|D|CNY|100.00|11991096.17|0|81100614850188002002204|僧铃抬鲸届系括冉翘损御缎缠||01110146999|交通银行北京广渠路支行||||||q2yuyh5004#测试1|101700||\\n\" +\n                \"0|20251105|093022|2|EBB0001P70080041|2|310069079018800073806|怒访址撵鉴遮斌粤惨佣|D|CNY|100.00|11990996.17|0|81100614850188002002205|僧铃抬鲸届系括冉翘损御缎缠||01110146999|交通银行北京广渠路支行||||||q2yuyh50054#测试1|101700||\";\n\n        // 执行解析\n        List<BankTransaction> transactions = BankTransactionParser.parseBankTransactions(bankData);\n\n        // 断言验证\n        assertNotNull(\"交易记录列表不应为空\", transactions);\n        assertEquals(\"应解析出2条交易记录\", 2, transactions.size());\n\n        // 验证第一条记录\n        BankTransaction firstTransaction = transactions.get(0);\n        assertEquals(\"状态不正确\", \"0\", firstTransaction.getStatus());\n        assertEquals(\"交易日期不正确\", \"20251105\", firstTransaction.getTransactionDate());\n        assertEquals(\"交易时间不正确\", \"093003\", firstTransaction.getTransactionTime());\n        assertEquals(\"业务类型不正确\", \"2\", firstTransaction.getBusinessType());\n        assertEquals(\"流水号不正确\", \"EBB0001P70190041\", firstTransaction.getSerialNumber());\n        assertEquals(\"流水序号不正确\", \"1\", firstTransaction.getSequenceNumber());\n        assertEquals(\"账号不正确\", \"310069079018800073806\", firstTransaction.getAccountNumber());\n        assertEquals(\"户名不正确\", \"怒访址撵鉴遮斌粤惨佣\", firstTransaction.getAccountName());\n        assertEquals(\"收支标志不正确\", \"D\", firstTransaction.getIncomeExpenseFlag());\n        assertEquals(\"币种不正确\", \"CNY\", firstTransaction.getCurrency());\n        assertEquals(\"交易金额不正确\", \"100.00\", firstTransaction.getTransactionAmount());\n        assertEquals(\"余额不正确\", \"11991096.17\", firstTransaction.getBalance());\n        assertEquals(\"附言不正确\", \"q2yuyh5004#测试1\", firstTransaction.getRemarkMemo());\n        assertEquals(\"交易码不正确\", \"101700\", firstTransaction.getTransactionCode());\n\n        // 验证第二条记录\n        BankTransaction secondTransaction = transactions.get(1);\n        assertEquals(\"流水号不正确\", \"EBB0001P70080041\", secondTransaction.getSerialNumber());\n        assertEquals(\"流水序号不正确\", \"2\", secondTransaction.getSequenceNumber());\n        assertEquals(\"交易金额不正确\", \"100.00\", secondTransaction.getTransactionAmount());\n        assertEquals(\"余额不正确\", \"11990996.17\", secondTransaction.getBalance());\n\n        log.info(\"测试通过：成功解析 {} 条银行交易记录\", transactions.size());\n        BankTransactionParser.printParsingResult(transactions);\n    }\n\n    @Test\n    public void testParseEmptyData() {\n        String emptyData = \"\";\n        List<BankTransaction> transactions = BankTransactionParser.parseBankTransactions(emptyData);\n        assertNotNull(\"空数据应返回空列表\", transactions);\n        assertTrue(\"空数据应返回空列表\", transactions.isEmpty());\n    }\n\n    @Test\n    public void testParseMalformedData() {\n        // 测试字段数量不正确的数据行\n        String malformedData = \"状态|交易日期|交易时间|业务类型\\n\" +\n                \"0|20251105|093003|2|多余的字段|多余的字段\";\n\n        List<BankTransaction> transactions = BankTransactionParser.parseBankTransactions(malformedData);\n        assertNotNull(\"异常数据应返回空列表\", transactions);\n        assertTrue(\"异常数据应返回空列表\", transactions.isEmpty());\n    }\n\n    @Test\n    public void testParseUserProvidedData() {\n        // 使用用户提供的完整数据进行测试\n        String userData = \"状态|交易日期|交易时间|业务类型|流水号|流水序号|账号|户名|收支标志|币种|交易金额|余额|可用余额|对方账号|对方户名|对方地址|对方开户行行号|对方开户行行名|票据种类|票据号码|票据名称|票据签发日期|附言|备注|交易码|备用\\n\" +\n                \"0|20251105|093003|2|EBB0001P70190041|1|310069079018800073806|怒访址撵鉴遮斌粤惨佣|D|CNY|100.00|11991096.17|0|81100614850188002002204|僧铃抬鲸届系括冉翘损御缎缠||01110146999|交通银行北京广渠路支行||||||q2yuyh5004#测试1|101700||\\n\" +\n                \"0|20251105|093022|2|EBB0001P70080041|2|310069079018800073806|怒访址撵鉴遮斌粤惨佣|D|CNY|100.00|11990996.17|0|81100614850188002002205|僧铃抬鲸届系括冉翘损御缎缠||01110146999|交通银行北京广渠路支行||||||q2yuyh50054#测试1|101700||\\n\" +\n                \"0|20251105|093041|2|EBB0001P70160051|3|310069079018800073806|怒访址撵鉴遮斌粤惨佣|D|CNY|100.00|11990896.17|0|81100614850188002002206|僧铃抬鲸届系括冉翘损御缎缠||01110146999|交通银行北京广渠路支行||||||q2yuy454#测试1|101700||\\n\" +\n                \"0|20251105|093058|2|EBB0001P70160052|4|310069079018800073806|怒访址撵鉴遮斌粤惨佣|D|CNY|100.00|11990796.17|0|81100614850188002002207|僧铃抬鲸届系括冉翘损御缎缠||01110146999|交通银行北京广渠路支行||||||q2yuy4554#测试1|101700||\";\n\n        List<BankTransaction> transactions = BankTransactionParser.parseBankTransactions(userData);\n\n        assertEquals(\"应解析出完整的23条交易记录\", 23, transactions.size());\n\n        // 验证解析的数据完整性\n        for (int i = 0; i < transactions.size(); i++) {\n            BankTransaction transaction = transactions.get(i);\n            assertNotNull(\"交易记录不应为空\", transaction);\n            assertEquals(\"账号应一致\", \"310069079018800073806\", transaction.getAccountNumber());\n            assertEquals(\"户名应一致\", \"怒访址撵鉴遮斌粤惨佣\", transaction.getAccountName());\n            assertEquals(\"币种应一致\", \"CNY\", transaction.getCurrency());\n        }\n\n        log.info(\"用户数据测试通过：成功解析 {} 条完整交易记录\", transactions.size());\n    }\n}","completed":false,"isEnd":false,"failed":false}
[55864] [2026-01-09 20:01:25] [VERBOSE] [VIRTUALEDITOR]  VirtualEditor.deleteDocument, args: absolutePath=/Users/xiaoliu/baidu/bpit-proc-apps/pmc/pmc-basic-bankcommon/src/test/java/com/baidu/pmc/bankcommon/core/utils/BankTransactionParserTest.java
[55864] [2026-01-09 20:01:25] [INFO] [ENGINE]  <--------- ENGINE SEND: VIRTUAL_EDITOR_EVENT {"action":"deleteDocument","payload":{"absolutePath":"/Users/xiaoliu/baidu/bpit-proc-apps/pmc/pmc-basic-bankcommon/src/test/java/com/baidu/pmc/bankcommon/core/utils/BankTransactionParserTest.java","uuid":"f01dbc26-b0bd-41f8-9492-541b867c4059"}}
[55864] [2026-01-09 20:01:25] [VERBOSE] [VIRTUALEDITOR]  VirtualEditor.getDocument, args: absolutePath=/Users/xiaoliu/baidu/bpit-proc-apps/pmc/.comate/rules/rules.mdr
[55864] [2026-01-09 20:01:25] [INFO] [ENGINE]  <--------- ENGINE SEND: VIRTUAL_EDITOR_EVENT {"action":"getDocument","payload":{"absolutePath":"/Users/xiaoliu/baidu/bpit-proc-apps/pmc/.comate/rules/rules.mdr","uuid":"0908b12e-ceab-431e-998d-81442eb996cf"}}
[55864] [2026-01-09 20:01:25] [INFO] [ENGINE]  ---------> ENGINE REC: VIRTUAL_EDITOR_EVENT {"uuid":"0908b12e-ceab-431e-998d-81442eb996cf","existed":true,"content":"---\n alwaysApply: true \n---\n# 百度PMC支付管理中心项目规则\n\n## 项目概览\n\n**项目定位**: 百度企业金融支付管理中心，处理多银行渠道的企业支付业务\n**架构模式**: Spring Cloud微服务架构，按银行维度模块化设计\n**技术栈**: Spring Boot 1.5.9 + MyBatis + Spring Cloud Netflix + Hessian\n\n## 核心架构规则\n\n### 模块划分原则\n- **银行独立模块**: 每个银行对应独立服务模块（pmc-basic-{bank-code}）\n- **通用支撑模块**: pmc-basic-common（基础设施）、pmc-basic-pojo（数据模型）、pmc-basic-persistence（数据访问）\n- **业务核心模块**: pmc-basic-service（核心业务）、pmc-basic-web（网关层）\n- **策略模式**: 所有银行模块实现统一BankStrategy接口，运行时动态选择具体实现\n\n### 分层架构规范\n```\nController层 → Service层 → 银行策略层 → Persistence层\n```\n- Controller: 统一使用@RestController，返回ResponseMessage包装对象\n- Service: 接口+实现类模式，使用Spring声明式事务\n- 策略层: 通过BankStrategyEnum枚举选择具体银行实现\n- Persistence: MyBatis + 通用Mapper，XML映射文件位于resources/mapper/\n\n## 开发契约\n\n### 异常处理模式\n- 全局异常处理器: 使用@RestControllerAdvice统一处理FeignException、AccessDeniedException等\n- 统一响应: 所有API返回ResponseMessage对象（包含status、message、data字段）\n- 操作日志: 基于MyBatis拦截器自动记录DELETE/UPDATE操作，异步写入\n\n### 银行接口封装规范\n- **报文标准化**: 统一使用MessageBuilder构建银行报文，ResponseXmlParser解析响应\n- **XML处理**: 使用JDOM2处理银行XML报文，XPath进行节点操作\n- **安全机制**: 各银行独立处理加密、证书、签名等安全要求\n- **通信协议**: 主要使用HTTP+XML，部分银行支持FTP/SFTP\n\n### 命名规范\n- **包名**: com.baidu.pmc.{bank-code}.{layer}\n- **类名**: {BankCode}{Function}（如：CmbController、IcbcService）\n- **方法名**: selectXxx、queryXxx、insertXxx、updateXxx、deleteXxx\n- **表名**: pmc_{bank-code}_{entity-name}\n- **模块名**: pmc-basic-{bank-code}\n\n### 配置管理\n- **多环境支持**: Maven profiles管理local/dev/test/uat/sit/vir/online环境\n- **配置中心**: Spring Cloud Config集中管理配置\n- **服务注册**: Eureka进行服务发现和注册\n- **网关路由**: Zuul统一路由转发和过滤处理\n\n## 关键开发模式\n\n### 银行适配器模式\n每个银行模块独立部署，通过策略模式实现统一调用：\n1. 定义BankStrategy接口规范\n2. 各银行实现具体的策略类\n3. 通过BankStrategyEnum选择具体实现\n4. 运行时动态绑定银行特定逻辑\n\n### 数据一致性保障\n- **事务边界**: Service层定义事务边界，跨银行操作使用最终一致性\n- **幂等性**: 支付指令使用唯一标识，支持重复提交校验\n- **状态管理**: 统一支付状态流转（待发送→已发送→处理中→成功/失败）\n\n### 异步处理机制\n- **异步日志**: 使用@Async注解实现操作日志异步写入\n- **消息推送**: 集成百度微云消息中心进行状态通知\n- **重试机制**: 银行接口调用支持可配置的重试策略\n\n## 环境配置\n\n### 端口分配\n各银行服务使用不同端口避免冲突：\n- 主服务: 8080\n- 招商银行: 8081\n- 工商银行: 8082\n- 建设银行: 8083\n- [需人工确认] 其他银行端口按顺序分配\n\n### 构建部署\n- **构建工具**: Maven多模块项目，Java 8编译\n- **CI/CD**: BCloud平台自动化构建\n- **构建脚本**: 各环境独立脚本（sitBuild.sh、uatBuild.sh等）\n- **产出物**: 统一输出到output目录\n\n## 集成规范\n\n### 百度内部系统集成\n- **认证系统**: UUAP统一认证，支持单点登录\n- **消息中心**: 百度微云消息中心推送状态变更通知\n- **工作流**: WK工作流引擎处理审批流程\n\n### 外部接口规范\n- **RESTful API**: 统一使用REST风格接口\n- **数据格式**: JSON为主，银行接口使用XML\n- **错误码**: 统一错误码规范，区分系统错误和业务错误\n\n## 注意事项\n\n1. **银行模块隔离**: 禁止跨银行模块直接调用，必须通过策略模式\n2. **环境配置**: 严格按Maven profile进行环境隔离，禁止配置混淆\n3. **安全要求**: 银行敏感信息（密钥、证书）按各银行要求独立管理\n4. **事务边界**: 避免跨银行事务，使用补偿机制保证最终一致性\n5. **版本兼容**: Spring Boot 1.5.9版本，注意依赖版本冲突\n\n---\n\n**最后更新**: 2025-11-09\n**适用范围**: 百度PMC支付管理中心所有开发活动\n**规则优先级**: 项目级规则 > 通用开发规范 > 个人编码习惯","completed":false,"isEnd":false,"failed":false}
[55864] [2026-01-09 20:01:26] [INFO] [ENGINE]  ---------> ENGINE REC: COMATE_AGENT_NEW_MESSAGE {"data":"{\"agentPayload\":{\"messageType\":\"refresh-messages\",\"conversationId\":\"20fec48e-734a-4cda-b6a7-4b56823ff21d\",\"payload\":{}}}"}
[55864] [2026-01-09 20:01:26] [INFO] [CONVERSATIONMANAGER]  onConversationMessage {"messageType":"refresh-messages","conversationId":"20fec48e-734a-4cda-b6a7-4b56823ff21d","payload":{}}
[55864] [2026-01-09 20:01:28] [VERBOSE] [VIRTUALEDITOR]  VirtualEditor.closeDocument, args: absolutePath=/Users/xiaoliu/baidu/bpit-proc-apps/pmc/pmc-basic-bankcommon/src/test/java/com/baidu/pmc/bankcommon/core/utils/BankTransactionParserTest.java
[55864] [2026-01-09 20:01:28] [INFO] [ENGINE]  <--------- ENGINE SEND: VIRTUAL_EDITOR_EVENT {"action":"closeDocument","payload":{"absolutePath":"/Users/xiaoliu/baidu/bpit-proc-apps/pmc/pmc-basic-bankcommon/src/test/java/com/baidu/pmc/bankcommon/core/utils/BankTransactionParserTest.java","uuid":"ce40f746-80f6-43f2-b028-565ec86fd122"}}
[55864] [2026-01-09 20:01:30] [INFO] [ENGINE]  ---------> ENGINE REC: COMATE_AGENT_NEW_MESSAGE {"data":"{\"agentPayload\":{\"messageType\":\"refresh-messages\",\"conversationId\":\"20fec48e-734a-4cda-b6a7-4b56823ff21d\",\"payload\":{}}}"}
[55864] [2026-01-09 20:01:30] [INFO] [CONVERSATIONMANAGER]  onConversationMessage {"messageType":"refresh-messages","conversationId":"20fec48e-734a-4cda-b6a7-4b56823ff21d","payload":{}}
[55864] [2026-01-09 20:01:30] [VERBOSE] [VIRTUALEDITOR]  VirtualEditor.getDocument, args: absolutePath=/Users/xiaoliu/baidu/bpit-proc-apps/pmc/pmc-basic-bankcommon/src/main/java/com/baidu/pmc/bankcommon/core/model/BankTransaction.java
[55864] [2026-01-09 20:01:30] [INFO] [ENGINE]  <--------- ENGINE SEND: VIRTUAL_EDITOR_EVENT {"action":"getDocument","payload":{"absolutePath":"/Users/xiaoliu/baidu/bpit-proc-apps/pmc/pmc-basic-bankcommon/src/main/java/com/baidu/pmc/bankcommon/core/model/BankTransaction.java","uuid":"dd73a10a-e39f-49f3-b8dd-4fad271ba91d"}}
[55864] [2026-01-09 20:01:30] [INFO] [ENGINE]  ---------> ENGINE REC: VIRTUAL_EDITOR_EVENT {"uuid":"dd73a10a-e39f-49f3-b8dd-4fad271ba91d","existed":false,"content":"","completed":false,"isEnd":false,"failed":false}
[55864] [2026-01-09 20:01:30] [VERBOSE] [VIRTUALEDITOR]  VirtualEditor.getDocument, args: absolutePath=/Users/xiaoliu/baidu/bpit-proc-apps/pmc/pmc-basic-bankcommon/src/main/java/com/baidu/pmc/bankcommon/core/model/BankTransaction.java
[55864] [2026-01-09 20:01:30] [INFO] [ENGINE]  <--------- ENGINE SEND: VIRTUAL_EDITOR_EVENT {"action":"getDocument","payload":{"absolutePath":"/Users/xiaoliu/baidu/bpit-proc-apps/pmc/pmc-basic-bankcommon/src/main/java/com/baidu/pmc/bankcommon/core/model/BankTransaction.java","uuid":"801a327e-5562-409c-987d-393baa69467f"}}
[55864] [2026-01-09 20:01:30] [INFO] [ENGINE]  ---------> ENGINE REC: VIRTUAL_EDITOR_EVENT {"uuid":"801a327e-5562-409c-987d-393baa69467f","existed":false,"content":"","completed":false,"isEnd":false,"failed":false}
[55864] [2026-01-09 20:01:38] [INFO] [ENGINE]  ---------> ENGINE REC: COMATE_AGENT_NEW_MESSAGE {"data":"{\"agentPayload\":{\"messageType\":\"refresh-messages\",\"conversationId\":\"20fec48e-734a-4cda-b6a7-4b56823ff21d\",\"payload\":{}}}"}
[55864] [2026-01-09 20:01:38] [INFO] [CONVERSATIONMANAGER]  onConversationMessage {"messageType":"refresh-messages","conversationId":"20fec48e-734a-4cda-b6a7-4b56823ff21d","payload":{}}
[55864] [2026-01-09 20:01:40] [VERBOSE] [VIRTUALEDITOR]  VirtualEditor.getActiveDocument, args: 
[55864] [2026-01-09 20:01:40] [INFO] [ENGINE]  <--------- ENGINE SEND: VIRTUAL_EDITOR_EVENT {"action":"getActiveDocument","payload":{"uuid":"9a6d84dd-3287-4519-ba69-bf30c2346b93"}}
[55864] [2026-01-09 20:01:40] [VERBOSE] [VIRTUALEDITOR]  VirtualEditor.openVirtualDiffDocument, args: absolutePath=/Users/xiaoliu/baidu/bpit-proc-apps/pmc/pmc-basic-bankcommon/src/main/java/com/baidu/pmc/bankcommon/core/model/BankTransaction.java,stream=true,source=E2EBotConversation,acceptable=true,action=edit,openFileDiff=false,conversationId=20fec48e-734a-4cda-b6a7-4b56823ff21d,elementId=6960ee1652ad0b146922d32d,inlineView=true
[55864] [2026-01-09 20:01:40] [INFO] [ENGINE]  <--------- ENGINE SEND: VIRTUAL_EDITOR_EVENT {"action":"openVirtualDiffDocument","payload":{"absolutePath":"/Users/xiaoliu/baidu/bpit-proc-apps/pmc/pmc-basic-bankcommon/src/main/java/com/baidu/pmc/bankcommon/core/model/BankTransaction.java","content":"","modified":"package com.baidu.pmc.bankcommon.core.model;\n\nimport lombok.Data;\n\nimport java.io.Serializable;\n\n/**\n * 银行交易记录数据模型\n * 对应银行流水查询返回的交易明细记录\n * \n * @author baidu.pmc\n * @since 2025-01-09\n */\n@Data\npublic class BankTransaction implements Serializable {\n    private static final long serialVersionUID = 1L;\n\n    /**\n     * 状态\n     */\n    private String status;\n\n    /**\n     * 交易日期 (格式: YYYYMMDD)\n     */\n    private String transactionDate;\n\n    /**\n     * 交易时间 (格式: HHmmss)\n     */\n    private String transactionTime;\n\n    /**\n     * 业务类型\n     */\n    private String businessType;\n\n    /**\n     * 流水号\n     */\n    private String serialNumber;\n\n    /**\n     * 流水序号\n     */\n    private String sequenceNumber;\n\n    /**\n     * 账号\n     */\n    private String accountNumber;\n\n    /**\n     * 户名\n     */\n    private String accountName;\n\n    /**\n     * 收支标志 (D:支出, C:收入)\n     */\n    private String incomeExpenseFlag;\n\n    /**\n     * 币种 (如: CNY)\n     */\n    private String currency;\n\n    /**\n     * 交易金额\n     */\n    private String transactionAmount;\n\n    /**\n     * 余额\n     */\n    private String balance;\n\n    /**\n     * 可用余额\n     */\n    private String availableBalance;\n\n    /**\n     * 对方账号\n     */\n    private String counterpartyAccount;\n\n    /**\n     * 对方户名\n     */\n    private String counterpartyName;\n\n    /**\n     * 对方地址\n     */\n    private String counterpartyAddress;\n\n    /**\n     * 对方开户行行号\n     */\n    private String counterpartyBankCode;\n\n    /**\n     * 对方开户行行名\n     */\n    private String counterpartyBankName;\n\n    /**\n     * 票据种类\n     */\n    private String billType;\n\n    /**\n     * 票据号码\n     */\n    private String billNumber;\n\n    /**\n     * 票据名称\n     */\n    private String billName;\n\n    /**\n     * 票据签发日期\n     */\n    private String billIssueDate;\n\n    /**\n     * 附言\n     */\n    private String remarkMemo;\n\n    /**\n     * 备注\n     */\n    private String additionalRemark;\n\n    /**\n     * 交易码\n     */\n    private String transactionCode;\n\n    /**\n     * 备用字段\n     */\n    private String backupField;\n}\n","stream":true,"source":"E2EBotConversation","acceptable":true,"action":"edit","openFileDiff":false,"conversationId":"20fec48e-734a-4cda-b6a7-4b56823ff21d","elementId":"6960ee1652ad0b146922d32d","inlineView":true,"uuid":"c7a97508-6ff5-48b0-b29e-76dc43bd53ca"}}
[55864] [2026-01-09 20:01:41] [INFO] [ENGINE]  ---------> ENGINE REC: COMATE_AGENT_NEW_MESSAGE {"data":"{\"agentPayload\":{\"messageType\":\"refresh-messages\",\"conversationId\":\"20fec48e-734a-4cda-b6a7-4b56823ff21d\",\"payload\":{}}}"}
[55864] [2026-01-09 20:01:41] [INFO] [CONVERSATIONMANAGER]  onConversationMessage {"messageType":"refresh-messages","conversationId":"20fec48e-734a-4cda-b6a7-4b56823ff21d","payload":{}}
[55864] [2026-01-09 20:01:41] [INFO] [PLUGINCHANNEL]  {"level":"system","source":"IdeSession","action":"HandleMessage","detail":{"actionName":"DIAGNOSTIC_SCAN"}}
[55864] [2026-01-09 20:01:41] [INFO] [PLUGINCHANNEL]  {"level":"error","source":"IdeSession","action":"PluginNotFound","detail":{"pluginName":""}}
[55864] [2026-01-09 20:01:43] [VERBOSE] [VIRTUALEDITOR]  VirtualEditor.getDocument, args: absolutePath=/Users/xiaoliu/baidu/bpit-proc-apps/pmc/pmc-basic-bankcommon/src/main/java/com/baidu/pmc/bankcommon/core/model/BankTransaction.java
[55864] [2026-01-09 20:01:43] [INFO] [ENGINE]  <--------- ENGINE SEND: VIRTUAL_EDITOR_EVENT {"action":"getDocument","payload":{"absolutePath":"/Users/xiaoliu/baidu/bpit-proc-apps/pmc/pmc-basic-bankcommon/src/main/java/com/baidu/pmc/bankcommon/core/model/BankTransaction.java","uuid":"213bbf20-52db-4479-a13b-fcb940d8898f"}}
[55864] [2026-01-09 20:01:44] [INFO] [ENGINE]  ---------> ENGINE REC: VIRTUAL_EDITOR_EVENT {"uuid":"213bbf20-52db-4479-a13b-fcb940d8898f","existed":true,"content":"package com.baidu.pmc.bankcommon.core.model;\n\nimport lombok.Data;\n\nimport java.io.Serializable;\n\n/**\n * 银行交易记录数据模型\n * 对应银行流水查询返回的交易明细记录\n *\n * @author baidu.pmc\n * @since 2025-01-09\n */\n@Data\npublic class BankTransaction implements Serializable {\n    private static final long serialVersionUID = 1L;\n\n    /**\n     * 状态\n     */\n    private String status;\n\n    /**\n     * 交易日期 (格式: YYYYMMDD)\n     */\n    private String transactionDate;\n\n    /**\n     * 交易时间 (格式: HHmmss)\n     */\n    private String transactionTime;\n\n    /**\n     * 业务类型\n     */\n    private String businessType;\n\n    /**\n     * 流水号\n     */\n    private String serialNumber;\n\n    /**\n     * 流水序号\n     */\n    private String sequenceNumber;\n\n    /**\n     * 账号\n     */\n    private String accountNumber;\n\n    /**\n     * 户名\n     */\n    private String accountName;\n\n    /**\n     * 收支标志 (D:支出, C:收入)\n     */\n    private String incomeExpenseFlag;\n\n    /**\n     * 币种 (如: CNY)\n     */\n    private String currency;\n\n    /**\n     * 交易金额\n     */\n    private String transactionAmount;\n\n    /**\n     * 余额\n     */\n    private String balance;\n\n    /**\n     * 可用余额\n     */\n    private String availableBalance;\n\n    /**\n     * 对方账号\n     */\n    private String counterpartyAccount;\n\n    /**\n     * 对方户名\n     */\n    private String counterpartyName;\n\n    /**\n     * 对方地址\n     */\n    private String counterpartyAddress;\n\n    /**\n     * 对方开户行行号\n     */\n    private String counterpartyBankCode;\n\n    /**\n     * 对方开户行行名\n     */\n    private String counterpartyBankName;\n\n    /**\n     * 票据种类\n     */\n    private String billType;\n\n    /**\n     * 票据号码\n     */\n    private String billNumber;\n\n    /**\n     * 票据名称\n     */\n    private String billName;\n\n    /**\n     * 票据签发日期\n     */\n    private String billIssueDate;\n\n    /**\n     * 附言\n     */\n    private String remarkMemo;\n\n    /**\n     * 备注\n     */\n    private String additionalRemark;\n\n    /**\n     * 交易码\n     */\n    private String transactionCode;\n\n    /**\n     * 备用字段\n     */\n    private String backupField;\n}\n","completed":false,"isEnd":false,"failed":false}
[55864] [2026-01-09 20:01:44] [VERBOSE] [VIRTUALEDITOR]  VirtualEditor.getDocument, args: absolutePath=/Users/xiaoliu/baidu/bpit-proc-apps/pmc/.comate/rules/rules.mdr
[55864] [2026-01-09 20:01:44] [INFO] [ENGINE]  <--------- ENGINE SEND: VIRTUAL_EDITOR_EVENT {"action":"getDocument","payload":{"absolutePath":"/Users/xiaoliu/baidu/bpit-proc-apps/pmc/.comate/rules/rules.mdr","uuid":"d8959a3f-e1dc-4e7d-9897-2277144a63a5"}}
[55864] [2026-01-09 20:01:44] [INFO] [ENGINE]  ---------> ENGINE REC: VIRTUAL_EDITOR_EVENT {"uuid":"d8959a3f-e1dc-4e7d-9897-2277144a63a5","existed":true,"content":"---\n alwaysApply: true \n---\n# 百度PMC支付管理中心项目规则\n\n## 项目概览\n\n**项目定位**: 百度企业金融支付管理中心，处理多银行渠道的企业支付业务\n**架构模式**: Spring Cloud微服务架构，按银行维度模块化设计\n**技术栈**: Spring Boot 1.5.9 + MyBatis + Spring Cloud Netflix + Hessian\n\n## 核心架构规则\n\n### 模块划分原则\n- **银行独立模块**: 每个银行对应独立服务模块（pmc-basic-{bank-code}）\n- **通用支撑模块**: pmc-basic-common（基础设施）、pmc-basic-pojo（数据模型）、pmc-basic-persistence（数据访问）\n- **业务核心模块**: pmc-basic-service（核心业务）、pmc-basic-web（网关层）\n- **策略模式**: 所有银行模块实现统一BankStrategy接口，运行时动态选择具体实现\n\n### 分层架构规范\n```\nController层 → Service层 → 银行策略层 → Persistence层\n```\n- Controller: 统一使用@RestController，返回ResponseMessage包装对象\n- Service: 接口+实现类模式，使用Spring声明式事务\n- 策略层: 通过BankStrategyEnum枚举选择具体银行实现\n- Persistence: MyBatis + 通用Mapper，XML映射文件位于resources/mapper/\n\n## 开发契约\n\n### 异常处理模式\n- 全局异常处理器: 使用@RestControllerAdvice统一处理FeignException、AccessDeniedException等\n- 统一响应: 所有API返回ResponseMessage对象（包含status、message、data字段）\n- 操作日志: 基于MyBatis拦截器自动记录DELETE/UPDATE操作，异步写入\n\n### 银行接口封装规范\n- **报文标准化**: 统一使用MessageBuilder构建银行报文，ResponseXmlParser解析响应\n- **XML处理**: 使用JDOM2处理银行XML报文，XPath进行节点操作\n- **安全机制**: 各银行独立处理加密、证书、签名等安全要求\n- **通信协议**: 主要使用HTTP+XML，部分银行支持FTP/SFTP\n\n### 命名规范\n- **包名**: com.baidu.pmc.{bank-code}.{layer}\n- **类名**: {BankCode}{Function}（如：CmbController、IcbcService）\n- **方法名**: selectXxx、queryXxx、insertXxx、updateXxx、deleteXxx\n- **表名**: pmc_{bank-code}_{entity-name}\n- **模块名**: pmc-basic-{bank-code}\n\n### 配置管理\n- **多环境支持**: Maven profiles管理local/dev/test/uat/sit/vir/online环境\n- **配置中心**: Spring Cloud Config集中管理配置\n- **服务注册**: Eureka进行服务发现和注册\n- **网关路由**: Zuul统一路由转发和过滤处理\n\n## 关键开发模式\n\n### 银行适配器模式\n每个银行模块独立部署，通过策略模式实现统一调用：\n1. 定义BankStrategy接口规范\n2. 各银行实现具体的策略类\n3. 通过BankStrategyEnum选择具体实现\n4. 运行时动态绑定银行特定逻辑\n\n### 数据一致性保障\n- **事务边界**: Service层定义事务边界，跨银行操作使用最终一致性\n- **幂等性**: 支付指令使用唯一标识，支持重复提交校验\n- **状态管理**: 统一支付状态流转（待发送→已发送→处理中→成功/失败）\n\n### 异步处理机制\n- **异步日志**: 使用@Async注解实现操作日志异步写入\n- **消息推送**: 集成百度微云消息中心进行状态通知\n- **重试机制**: 银行接口调用支持可配置的重试策略\n\n## 环境配置\n\n### 端口分配\n各银行服务使用不同端口避免冲突：\n- 主服务: 8080\n- 招商银行: 8081\n- 工商银行: 8082\n- 建设银行: 8083\n- [需人工确认] 其他银行端口按顺序分配\n\n### 构建部署\n- **构建工具**: Maven多模块项目，Java 8编译\n- **CI/CD**: BCloud平台自动化构建\n- **构建脚本**: 各环境独立脚本（sitBuild.sh、uatBuild.sh等）\n- **产出物**: 统一输出到output目录\n\n## 集成规范\n\n### 百度内部系统集成\n- **认证系统**: UUAP统一认证，支持单点登录\n- **消息中心**: 百度微云消息中心推送状态变更通知\n- **工作流**: WK工作流引擎处理审批流程\n\n### 外部接口规范\n- **RESTful API**: 统一使用REST风格接口\n- **数据格式**: JSON为主，银行接口使用XML\n- **错误码**: 统一错误码规范，区分系统错误和业务错误\n\n## 注意事项\n\n1. **银行模块隔离**: 禁止跨银行模块直接调用，必须通过策略模式\n2. **环境配置**: 严格按Maven profile进行环境隔离，禁止配置混淆\n3. **安全要求**: 银行敏感信息（密钥、证书）按各银行要求独立管理\n4. **事务边界**: 避免跨银行事务，使用补偿机制保证最终一致性\n5. **版本兼容**: Spring Boot 1.5.9版本，注意依赖版本冲突\n\n---\n\n**最后更新**: 2025-11-09\n**适用范围**: 百度PMC支付管理中心所有开发活动\n**规则优先级**: 项目级规则 > 通用开发规范 > 个人编码习惯","completed":false,"isEnd":false,"failed":false}
[55864] [2026-01-09 20:01:45] [INFO] [ENGINE]  ---------> ENGINE REC: COMATE_AGENT_NEW_MESSAGE {"data":"{\"agentPayload\":{\"messageType\":\"refresh-messages\",\"conversationId\":\"20fec48e-734a-4cda-b6a7-4b56823ff21d\",\"payload\":{}}}"}
[55864] [2026-01-09 20:01:45] [INFO] [CONVERSATIONMANAGER]  onConversationMessage {"messageType":"refresh-messages","conversationId":"20fec48e-734a-4cda-b6a7-4b56823ff21d","payload":{}}
[55864] [2026-01-09 20:01:47] [VERBOSE] [VIRTUALEDITOR]  VirtualEditor.getDocument, args: absolutePath=/Users/xiaoliu/baidu/bpit-proc-apps/pmc/pmc-basic-bankcommon/src/main/java/com/baidu/pmc/bankcommon/core/utils/BankTransactionParser.java
[55864] [2026-01-09 20:01:47] [INFO] [ENGINE]  <--------- ENGINE SEND: VIRTUAL_EDITOR_EVENT {"action":"getDocument","payload":{"absolutePath":"/Users/xiaoliu/baidu/bpit-proc-apps/pmc/pmc-basic-bankcommon/src/main/java/com/baidu/pmc/bankcommon/core/utils/BankTransactionParser.java","uuid":"7890df4a-4bab-4c61-85b9-63ccbc2b7fd9"}}
[55864] [2026-01-09 20:01:47] [INFO] [ENGINE]  ---------> ENGINE REC: VIRTUAL_EDITOR_EVENT {"uuid":"7890df4a-4bab-4c61-85b9-63ccbc2b7fd9","existed":false,"content":"","completed":false,"isEnd":false,"failed":false}
[55864] [2026-01-09 20:01:47] [VERBOSE] [VIRTUALEDITOR]  VirtualEditor.getDocument, args: absolutePath=/Users/xiaoliu/baidu/bpit-proc-apps/pmc/pmc-basic-bankcommon/src/main/java/com/baidu/pmc/bankcommon/core/utils/BankTransactionParser.java
[55864] [2026-01-09 20:01:47] [INFO] [ENGINE]  <--------- ENGINE SEND: VIRTUAL_EDITOR_EVENT {"action":"getDocument","payload":{"absolutePath":"/Users/xiaoliu/baidu/bpit-proc-apps/pmc/pmc-basic-bankcommon/src/main/java/com/baidu/pmc/bankcommon/core/utils/BankTransactionParser.java","uuid":"82c9e529-b94e-42f2-8a02-0cf6c1325989"}}
[55864] [2026-01-09 20:01:47] [INFO] [ENGINE]  ---------> ENGINE REC: VIRTUAL_EDITOR_EVENT {"uuid":"82c9e529-b94e-42f2-8a02-0cf6c1325989","existed":false,"content":"","completed":false,"isEnd":false,"failed":false}
[55864] [2026-01-09 20:02:08] [INFO] [ENGINE]  ---------> ENGINE REC: COMATE_AGENT_NEW_MESSAGE {"data":"{\"agentPayload\":{\"messageType\":\"refresh-messages\",\"conversationId\":\"20fec48e-734a-4cda-b6a7-4b56823ff21d\",\"payload\":{}}}"}
[55864] [2026-01-09 20:02:08] [INFO] [CONVERSATIONMANAGER]  onConversationMessage {"messageType":"refresh-messages","conversationId":"20fec48e-734a-4cda-b6a7-4b56823ff21d","payload":{}}
[55864] [2026-01-09 20:02:14] [INFO] [ENGINE]  ---------> ENGINE REC: COMATE_AGENT_NEW_MESSAGE {"data":"{\"agentPayload\":{\"messageType\":\"refresh-messages\",\"conversationId\":\"20fec48e-734a-4cda-b6a7-4b56823ff21d\",\"payload\":{}}}"}
[55864] [2026-01-09 20:02:14] [INFO] [CONVERSATIONMANAGER]  onConversationMessage {"messageType":"refresh-messages","conversationId":"20fec48e-734a-4cda-b6a7-4b56823ff21d","payload":{}}
[55864] [2026-01-09 20:02:17] [INFO] [ENGINE]  ---------> ENGINE REC: COMATE_AGENT_NEW_MESSAGE {"data":"{\"agentPayload\":{\"messageType\":\"refresh-messages\",\"conversationId\":\"20fec48e-734a-4cda-b6a7-4b56823ff21d\",\"payload\":{}}}"}
[55864] [2026-01-09 20:02:17] [INFO] [CONVERSATIONMANAGER]  onConversationMessage {"messageType":"refresh-messages","conversationId":"20fec48e-734a-4cda-b6a7-4b56823ff21d","payload":{}}
[55864] [2026-01-09 20:02:18] [VERBOSE] [VIRTUALEDITOR]  VirtualEditor.getActiveDocument, args: 
[55864] [2026-01-09 20:02:18] [INFO] [ENGINE]  <--------- ENGINE SEND: VIRTUAL_EDITOR_EVENT {"action":"getActiveDocument","payload":{"uuid":"e417c4ad-15af-4e64-9b55-ee6e5ed99236"}}
[55864] [2026-01-09 20:02:18] [INFO] [ENGINE]  ---------> ENGINE REC: VIRTUAL_EDITOR_EVENT {"uuid":"e417c4ad-15af-4e64-9b55-ee6e5ed99236","existed":true,"absolutePath":"/Users/xiaoliu/baidu/bpit-proc-apps/pmc/pmc-basic-bankcommon/src/main/java/com/baidu/pmc/bankcommon/core/model/BankTransaction.java","content":"package com.baidu.pmc.bankcommon.core.model;\n\nimport lombok.Data;\n\nimport java.io.Serializable;\n\n/**\n * 银行交易记录数据模型\n * 对应银行流水查询返回的交易明细记录\n *\n * @author baidu.pmc\n * @since 2025-01-09\n */\n@Data\npublic class BankTransaction implements Serializable {\n    private static final long serialVersionUID = 1L;\n\n    /**\n     * 状态\n     */\n    private String status;\n\n    /**\n     * 交易日期 (格式: YYYYMMDD)\n     */\n    private String transactionDate;\n\n    /**\n     * 交易时间 (格式: HHmmss)\n     */\n    private String transactionTime;\n\n    /**\n     * 业务类型\n     */\n    private String businessType;\n\n    /**\n     * 流水号\n     */\n    private String serialNumber;\n\n    /**\n     * 流水序号\n     */\n    private String sequenceNumber;\n\n    /**\n     * 账号\n     */\n    private String accountNumber;\n\n    /**\n     * 户名\n     */\n    private String accountName;\n\n    /**\n     * 收支标志 (D:支出, C:收入)\n     */\n    private String incomeExpenseFlag;\n\n    /**\n     * 币种 (如: CNY)\n     */\n    private String currency;\n\n    /**\n     * 交易金额\n     */\n    private String transactionAmount;\n\n    /**\n     * 余额\n     */\n    private String balance;\n\n    /**\n     * 可用余额\n     */\n    private String availableBalance;\n\n    /**\n     * 对方账号\n     */\n    private String counterpartyAccount;\n\n    /**\n     * 对方户名\n     */\n    private String counterpartyName;\n\n    /**\n     * 对方地址\n     */\n    private String counterpartyAddress;\n\n    /**\n     * 对方开户行行号\n     */\n    private String counterpartyBankCode;\n\n    /**\n     * 对方开户行行名\n     */\n    private String counterpartyBankName;\n\n    /**\n     * 票据种类\n     */\n    private String billType;\n\n    /**\n     * 票据号码\n     */\n    private String billNumber;\n\n    /**\n     * 票据名称\n     */\n    private String billName;\n\n    /**\n     * 票据签发日期\n     */\n    private String billIssueDate;\n\n    /**\n     * 附言\n     */\n    private String remarkMemo;\n\n    /**\n     * 备注\n     */\n    private String additionalRemark;\n\n    /**\n     * 交易码\n     */\n    private String transactionCode;\n\n    /**\n     * 备用字段\n     */\n    private String backupField;\n}\n","scheme":"file","completed":false,"isEnd":false,"failed":false}
[55864] [2026-01-09 20:02:18] [VERBOSE] [VIRTUALEDITOR]  VirtualEditor.openVirtualDiffDocument, args: absolutePath=/Users/xiaoliu/baidu/bpit-proc-apps/pmc/pmc-basic-bankcommon/src/main/java/com/baidu/pmc/bankcommon/core/utils/BankTransactionParser.java,stream=true,source=E2EBotConversation,acceptable=true,action=edit,openFileDiff=false,conversationId=20fec48e-734a-4cda-b6a7-4b56823ff21d,elementId=6960ee282c401c23d1a35967,inlineView=true
[55864] [2026-01-09 20:02:18] [INFO] [ENGINE]  <--------- ENGINE SEND: VIRTUAL_EDITOR_EVENT {"action":"openVirtualDiffDocument","payload":{"absolutePath":"/Users/xiaoliu/baidu/bpit-proc-apps/pmc/pmc-basic-bankcommon/src/main/java/com/baidu/pmc/bankcommon/core/utils/BankTransactionParser.java","content":"","modified":"package com.baidu.pmc.bankcommon.core.utils;\n\nimport com.baidu.pmc.bankcommon.core.model.BankTransaction;\nimport lombok.extern.slf4j.Slf4j;\nimport org.apache.commons.lang3.StringUtils;\n\nimport java.util.ArrayList;\nimport java.util.Arrays;\nimport java.util.List;\n\n/**\n * 银行交易记录解析工具类\n * 用于解析银行流水文本数据，按照固定分隔符分割字段\n * \n * @author baidu.pmc\n * @since 2025-01-09\n */\n@Slf4j\npublic class BankTransactionParser {\n\n    private static final String FIELD_SEPARATOR = \"\\\\|\";\n    private static final int EXPECTED_FIELD_COUNT = 26;\n\n    /**\n     * 解析银行交易记录字符串\n     *\n     * @param dataString 包含表头和数据的完整字符串\n     * @return 解析后的交易记录列表\n     */\n    public static List<BankTransaction> parseBankTransactions(String dataString) {\n        List<BankTransaction> transactions = new ArrayList<>();\n        \n        if (StringUtils.isBlank(dataString)) {\n            log.warn(\"银行交易记录字符串为空\");\n            return transactions;\n        }\n\n        // 按行分割字符串\n        String[] lines = dataString.split(\"\\n\");\n        if (lines.length < 2) {\n            log.warn(\"银行交易记录数据行数不足，至少需要表头和一行数据\");\n            return transactions;\n        }\n\n        try {\n            log.info(\"开始解析银行交易记录，共发现 {} 条数据记录\", lines.length - 1);\n            \n            // 跳过表头，直接处理数据行\n            for (int i = 1; i < lines.length; i++) {\n                String dataLine = lines[i].trim();\n                if (StringUtils.isBlank(dataLine)) {\n                    continue;\n                }\n                \n                BankTransaction transaction = parseDataLine(dataLine, i);\n                if (transaction != null) {\n                    transactions.add(transaction);\n                    log.info(\"成功解析第{}行数据：流水号={}, 交易金额={}\", \n                            i, transaction.getSerialNumber(), transaction.getTransactionAmount());\n                }\n            }\n            \n        } catch (Exception e) {\n            log.error(\"解析银行交易记录时发生异常\", e);\n        }\n\n        log.info(\"银行交易记录解析完成，共解析 {} 条记录\", transactions.size());\n        return transactions;\n    }\n\n    /**\n     * 解析单行数据\n     *\n     * @param line 数据行内容\n     * @param lineNumber 行号\n     * @return 解析后的交易记录对象，解析失败返回null\n     */\n    private static BankTransaction parseDataLine(String line, int lineNumber) {\n        try {\n            // 使用固定分隔符分割，保留所有空字段\n            String[] fields = line.split(FIELD_SEPARATOR, -1);\n            \n            // 如果字段多于预期，可能是末尾有额外的空字段，截取前26个\n            if (fields.length > EXPECTED_FIELD_COUNT) {\n                log.warn(\"第{}行发现{}个字段，截取前{}个字段\", lineNumber, fields.length, EXPECTED_FIELD_COUNT);\n                fields = Arrays.copyOf(fields, EXPECTED_FIELD_COUNT);\n            } else if (fields.length < EXPECTED_FIELD_COUNT) {\n                log.error(\"第{}行字段不足：期望{}个，实际{}个\", lineNumber, EXPECTED_FIELD_COUNT, fields.length);\n                return null;\n            }\n            \n            // 创建交易记录对象\n            BankTransaction transaction = new BankTransaction();\n            \n            // 按固定位置设置字段值\n            transaction.setStatus(cleanField(fields[0]));\n            transaction.setTransactionDate(cleanField(fields[1]));\n            transaction.setTransactionTime(cleanField(fields[2]));\n            transaction.setBusinessType(cleanField(fields[3]));\n            transaction.setSerialNumber(cleanField(fields[4]));\n            transaction.setSequenceNumber(cleanField(fields[5]));\n            transaction.setAccountNumber(cleanField(fields[6]));\n            transaction.setAccountName(cleanField(fields[7]));\n            transaction.setIncomeExpenseFlag(cleanField(fields[8]));\n            transaction.setCurrency(cleanField(fields[9]));\n            transaction.setTransactionAmount(cleanField(fields[10]));\n            transaction.setBalance(cleanField(fields[11]));\n            transaction.setAvailableBalance(cleanField(fields[12]));\n            transaction.setCounterpartyAccount(cleanField(fields[13]));\n            transaction.setCounterpartyName(cleanField(fields[14]));\n            transaction.setCounterpartyAddress(cleanField(fields[15]));\n            transaction.setCounterpartyBankCode(cleanField(fields[16]));\n            transaction.setCounterpartyBankName(cleanField(fields[17]));\n            transaction.setBillType(cleanField(fields[18]));\n            transaction.setBillNumber(cleanField(fields[19]));\n            transaction.setBillName(cleanField(fields[20]));\n            transaction.setBillIssueDate(cleanField(fields[21]));\n            transaction.setRemarkMemo(cleanField(fields[22]));\n            transaction.setAdditionalRemark(cleanField(fields[23]));\n            transaction.setTransactionCode(cleanField(fields[24]));\n            transaction.setBackupField(cleanField(fields[25]));\n            \n            return transaction;\n            \n        } catch (Exception e) {\n            log.error(\"解析第{}行数据时发生异常\", lineNumber, e);\n            return null;\n        }\n    }\n    \n    /**\n     * 清理字段值\n     *\n     * @param field 原始字段值\n     * @return 清理后的字段值\n     */\n    private static String cleanField(String field) {\n        return field != null ? field.trim() : \"\";\n    }\n\n    /**\n     * 打印解析结果（用于调试和验证）\n     *\n     * @param transactions 交易记录列表\n     */\n    public static void printParsingResult(List<BankTransaction> transactions) {\n        log.info(\"=== 银行交易记录解析结果 ===\");\n        log.info(\"共解析出 {} 条交易记录\", transactions.size());\n        \n        if (transactions.isEmpty()) {\n            log.info(\"没有解析到有效的交易记录\");\n            return;\n        }\n        \n        for (int i = 0; i < Math.min(transactions.size(), 5); i++) {\n            BankTransaction transaction = transactions.get(i);\n            log.info(\"第 {} 条记录:\", i + 1);\n            log.info(\"  状态: {}\", transaction.getStatus());\n            log.info(\"  交易日期: {}\", transaction.getTransactionDate());\n            log.info(\"  交易时间: {}\", transaction.getTransactionTime());\n            log.info(\"  业务类型: {}\", transaction.getBusinessType());\n            log.info(\"  流水号: {}\", transaction.getSerialNumber());\n            log.info(\"  账号: {}\", maskAccountNumber(transaction.getAccountNumber()));\n            log.info(\"  户名: {}\", transaction.getAccountName());\n            log.info(\"  收支标志: {}\", transaction.getIncomeExpenseFlag());\n            log.info(\"  交易金额: {}\", transaction.getTransactionAmount());\n            log.info(\"  余额: {}\", transaction.getBalance());\n            log.info(\"  附言: {}\", transaction.getRemarkMemo());\n            log.info(\"---\");\n        }\n        if (transactions.size() > 5) {\n            log.info(\"... 省略 {} 条记录\", transactions.size() - 5);\n        }\n    }\n\n    /**\n     * 脱敏处理账号信息（用于日志输出）\n     *\n     * @param accountNumber 原始账号\n     * @return 脱敏后的账号\n     */\n    private static String maskAccountNumber(String accountNumber) {\n        if (StringUtils.isBlank(accountNumber) || accountNumber.length() <= 8) {\n            return accountNumber;\n        }\n        return accountNumber.substring(0, 4) + \"****\" + accountNumber.substring(accountNumber.length() - 4);\n    }\n}","stream":true,"source":"E2EBotConversation","acceptable":true,"action":"edit","openFileDiff":false,"conversationId":"20fec48e-734a-4cda-b6a7-4b56823ff21d","elementId":"6960ee282c401c23d1a35967","inlineView":true,"uuid":"5b90caa1-e22c-4895-aabe-79ae928db9bd"}}
[55864] [2026-01-09 20:02:19] [INFO] [ENGINE]  ---------> ENGINE REC: COMATE_AGENT_NEW_MESSAGE {"data":"{\"agentPayload\":{\"messageType\":\"refresh-messages\",\"conversationId\":\"20fec48e-734a-4cda-b6a7-4b56823ff21d\",\"payload\":{}}}"}
[55864] [2026-01-09 20:02:19] [INFO] [CONVERSATIONMANAGER]  onConversationMessage {"messageType":"refresh-messages","conversationId":"20fec48e-734a-4cda-b6a7-4b56823ff21d","payload":{}}
[55864] [2026-01-09 20:02:19] [INFO] [PLUGINCHANNEL]  {"level":"system","source":"IdeSession","action":"HandleMessage","detail":{"actionName":"DIAGNOSTIC_SCAN"}}
[55864] [2026-01-09 20:02:19] [INFO] [PLUGINCHANNEL]  {"level":"error","source":"IdeSession","action":"PluginNotFound","detail":{"pluginName":""}}
[55864] [2026-01-09 20:02:21] [VERBOSE] [VIRTUALEDITOR]  VirtualEditor.getDocument, args: absolutePath=/Users/xiaoliu/baidu/bpit-proc-apps/pmc/pmc-basic-bankcommon/src/main/java/com/baidu/pmc/bankcommon/core/utils/BankTransactionParser.java
[55864] [2026-01-09 20:02:21] [INFO] [ENGINE]  <--------- ENGINE SEND: VIRTUAL_EDITOR_EVENT {"action":"getDocument","payload":{"absolutePath":"/Users/xiaoliu/baidu/bpit-proc-apps/pmc/pmc-basic-bankcommon/src/main/java/com/baidu/pmc/bankcommon/core/utils/BankTransactionParser.java","uuid":"d13c290f-e271-47f8-b662-422b4236c992"}}
[55864] [2026-01-09 20:02:21] [INFO] [ENGINE]  ---------> ENGINE REC: VIRTUAL_EDITOR_EVENT {"uuid":"d13c290f-e271-47f8-b662-422b4236c992","existed":true,"content":"package com.baidu.pmc.bankcommon.core.utils;\n\nimport com.baidu.pmc.bankcommon.core.model.BankTransaction;\nimport lombok.extern.slf4j.Slf4j;\nimport org.apache.commons.lang3.StringUtils;\n\nimport java.util.ArrayList;\nimport java.util.Arrays;\nimport java.util.List;\n\n/**\n * 银行交易记录解析工具类\n * 用于解析银行流水文本数据，按照固定分隔符分割字段\n *\n * @author baidu.pmc\n * @since 2025-01-09\n */\n@Slf4j\npublic class BankTransactionParser {\n\n    private static final String FIELD_SEPARATOR = \"\\\\|\";\n    private static final int EXPECTED_FIELD_COUNT = 26;\n\n    /**\n     * 解析银行交易记录字符串\n     *\n     * @param dataString 包含表头和数据的完整字符串\n     * @return 解析后的交易记录列表\n     */\n    public static List<BankTransaction> parseBankTransactions(String dataString) {\n        List<BankTransaction> transactions = new ArrayList<>();\n\n        if (StringUtils.isBlank(dataString)) {\n            log.warn(\"银行交易记录字符串为空\");\n            return transactions;\n        }\n\n        // 按行分割字符串\n        String[] lines = dataString.split(\"\\n\");\n        if (lines.length < 2) {\n            log.warn(\"银行交易记录数据行数不足，至少需要表头和一行数据\");\n            return transactions;\n        }\n\n        try {\n            log.info(\"开始解析银行交易记录，共发现 {} 条数据记录\", lines.length - 1);\n\n            // 跳过表头，直接处理数据行\n            for (int i = 1; i < lines.length; i++) {\n                String dataLine = lines[i].trim();\n                if (StringUtils.isBlank(dataLine)) {\n                    continue;\n                }\n\n                BankTransaction transaction = parseDataLine(dataLine, i);\n                if (transaction != null) {\n                    transactions.add(transaction);\n                    log.info(\"成功解析第{}行数据：流水号={}, 交易金额={}\",\n                            i, transaction.getSerialNumber(), transaction.getTransactionAmount());\n                }\n            }\n\n        } catch (Exception e) {\n            log.error(\"解析银行交易记录时发生异常\", e);\n        }\n\n        log.info(\"银行交易记录解析完成，共解析 {} 条记录\", transactions.size());\n        return transactions;\n    }\n\n    /**\n     * 解析单行数据\n     *\n     * @param line 数据行内容\n     * @param lineNumber 行号\n     * @return 解析后的交易记录对象，解析失败返回null\n     */\n    private static BankTransaction parseDataLine(String line, int lineNumber) {\n        try {\n            // 使用固定分隔符分割，保留所有空字段\n            String[] fields = line.split(FIELD_SEPARATOR, -1);\n\n            // 如果字段多于预期，可能是末尾有额外的空字段，截取前26个\n            if (fields.length > EXPECTED_FIELD_COUNT) {\n                log.warn(\"第{}行发现{}个字段，截取前{}个字段\", lineNumber, fields.length, EXPECTED_FIELD_COUNT);\n                fields = Arrays.copyOf(fields, EXPECTED_FIELD_COUNT);\n            } else if (fields.length < EXPECTED_FIELD_COUNT) {\n                log.error(\"第{}行字段不足：期望{}个，实际{}个\", lineNumber, EXPECTED_FIELD_COUNT, fields.length);\n                return null;\n            }\n\n            // 创建交易记录对象\n            BankTransaction transaction = new BankTransaction();\n\n            // 按固定位置设置字段值\n            transaction.setStatus(cleanField(fields[0]));\n            transaction.setTransactionDate(cleanField(fields[1]));\n            transaction.setTransactionTime(cleanField(fields[2]));\n            transaction.setBusinessType(cleanField(fields[3]));\n            transaction.setSerialNumber(cleanField(fields[4]));\n            transaction.setSequenceNumber(cleanField(fields[5]));\n            transaction.setAccountNumber(cleanField(fields[6]));\n            transaction.setAccountName(cleanField(fields[7]));\n            transaction.setIncomeExpenseFlag(cleanField(fields[8]));\n            transaction.setCurrency(cleanField(fields[9]));\n            transaction.setTransactionAmount(cleanField(fields[10]));\n            transaction.setBalance(cleanField(fields[11]));\n            transaction.setAvailableBalance(cleanField(fields[12]));\n            transaction.setCounterpartyAccount(cleanField(fields[13]));\n            transaction.setCounterpartyName(cleanField(fields[14]));\n            transaction.setCounterpartyAddress(cleanField(fields[15]));\n            transaction.setCounterpartyBankCode(cleanField(fields[16]));\n            transaction.setCounterpartyBankName(cleanField(fields[17]));\n            transaction.setBillType(cleanField(fields[18]));\n            transaction.setBillNumber(cleanField(fields[19]));\n            transaction.setBillName(cleanField(fields[20]));\n            transaction.setBillIssueDate(cleanField(fields[21]));\n            transaction.setRemarkMemo(cleanField(fields[22]));\n            transaction.setAdditionalRemark(cleanField(fields[23]));\n            transaction.setTransactionCode(cleanField(fields[24]));\n            transaction.setBackupField(cleanField(fields[25]));\n\n            return transaction;\n\n        } catch (Exception e) {\n            log.error(\"解析第{}行数据时发生异常\", lineNumber, e);\n            return null;\n        }\n    }\n\n    /**\n     * 清理字段值\n     *\n     * @param field 原始字段值\n     * @return 清理后的字段值\n     */\n    private static String cleanField(String field) {\n        return field != null ? field.trim() : \"\";\n    }\n\n    /**\n     * 打印解析结果（用于调试和验证）\n     *\n     * @param transactions 交易记录列表\n     */\n    public static void printParsingResult(List<BankTransaction> transactions) {\n        log.info(\"=== 银行交易记录解析结果 ===\");\n        log.info(\"共解析出 {} 条交易记录\", transactions.size());\n\n        if (transactions.isEmpty()) {\n            log.info(\"没有解析到有效的交易记录\");\n            return;\n        }\n\n        for (int i = 0; i < Math.min(transactions.size(), 5); i++) {\n            BankTransaction transaction = transactions.get(i);\n            log.info(\"第 {} 条记录:\", i + 1);\n            log.info(\"  状态: {}\", transaction.getStatus());\n            log.info(\"  交易日期: {}\", transaction.getTransactionDate());\n            log.info(\"  交易时间: {}\", transaction.getTransactionTime());\n            log.info(\"  业务类型: {}\", transaction.getBusinessType());\n            log.info(\"  流水号: {}\", transaction.getSerialNumber());\n            log.info(\"  账号: {}\", maskAccountNumber(transaction.getAccountNumber()));\n            log.info(\"  户名: {}\", transaction.getAccountName());\n            log.info(\"  收支标志: {}\", transaction.getIncomeExpenseFlag());\n            log.info(\"  交易金额: {}\", transaction.getTransactionAmount());\n            log.info(\"  余额: {}\", transaction.getBalance());\n            log.info(\"  附言: {}\", transaction.getRemarkMemo());\n            log.info(\"---\");\n        }\n        if (transactions.size() > 5) {\n            log.info(\"... 省略 {} 条记录\", transactions.size() - 5);\n        }\n    }\n\n    /**\n     * 脱敏处理账号信息（用于日志输出）\n     *\n     * @param accountNumber 原始账号\n     * @return 脱敏后的账号\n     */\n    private static String maskAccountNumber(String accountNumber) {\n        if (StringUtils.isBlank(accountNumber) || accountNumber.length() <= 8) {\n            return accountNumber;\n        }\n        return accountNumber.substring(0, 4) + \"****\" + accountNumber.substring(accountNumber.length() - 4);\n    }\n}","completed":false,"isEnd":false,"failed":false}
[55864] [2026-01-09 20:02:21] [VERBOSE] [VIRTUALEDITOR]  VirtualEditor.getDocument, args: absolutePath=/Users/xiaoliu/baidu/bpit-proc-apps/pmc/.comate/rules/rules.mdr
[55864] [2026-01-09 20:02:21] [INFO] [ENGINE]  <--------- ENGINE SEND: VIRTUAL_EDITOR_EVENT {"action":"getDocument","payload":{"absolutePath":"/Users/xiaoliu/baidu/bpit-proc-apps/pmc/.comate/rules/rules.mdr","uuid":"8547c74f-389c-442f-b6ff-e129a8330e69"}}
[55864] [2026-01-09 20:02:21] [INFO] [ENGINE]  ---------> ENGINE REC: VIRTUAL_EDITOR_EVENT {"uuid":"8547c74f-389c-442f-b6ff-e129a8330e69","existed":true,"content":"---\n alwaysApply: true \n---\n# 百度PMC支付管理中心项目规则\n\n## 项目概览\n\n**项目定位**: 百度企业金融支付管理中心，处理多银行渠道的企业支付业务\n**架构模式**: Spring Cloud微服务架构，按银行维度模块化设计\n**技术栈**: Spring Boot 1.5.9 + MyBatis + Spring Cloud Netflix + Hessian\n\n## 核心架构规则\n\n### 模块划分原则\n- **银行独立模块**: 每个银行对应独立服务模块（pmc-basic-{bank-code}）\n- **通用支撑模块**: pmc-basic-common（基础设施）、pmc-basic-pojo（数据模型）、pmc-basic-persistence（数据访问）\n- **业务核心模块**: pmc-basic-service（核心业务）、pmc-basic-web（网关层）\n- **策略模式**: 所有银行模块实现统一BankStrategy接口，运行时动态选择具体实现\n\n### 分层架构规范\n```\nController层 → Service层 → 银行策略层 → Persistence层\n```\n- Controller: 统一使用@RestController，返回ResponseMessage包装对象\n- Service: 接口+实现类模式，使用Spring声明式事务\n- 策略层: 通过BankStrategyEnum枚举选择具体银行实现\n- Persistence: MyBatis + 通用Mapper，XML映射文件位于resources/mapper/\n\n## 开发契约\n\n### 异常处理模式\n- 全局异常处理器: 使用@RestControllerAdvice统一处理FeignException、AccessDeniedException等\n- 统一响应: 所有API返回ResponseMessage对象（包含status、message、data字段）\n- 操作日志: 基于MyBatis拦截器自动记录DELETE/UPDATE操作，异步写入\n\n### 银行接口封装规范\n- **报文标准化**: 统一使用MessageBuilder构建银行报文，ResponseXmlParser解析响应\n- **XML处理**: 使用JDOM2处理银行XML报文，XPath进行节点操作\n- **安全机制**: 各银行独立处理加密、证书、签名等安全要求\n- **通信协议**: 主要使用HTTP+XML，部分银行支持FTP/SFTP\n\n### 命名规范\n- **包名**: com.baidu.pmc.{bank-code}.{layer}\n- **类名**: {BankCode}{Function}（如：CmbController、IcbcService）\n- **方法名**: selectXxx、queryXxx、insertXxx、updateXxx、deleteXxx\n- **表名**: pmc_{bank-code}_{entity-name}\n- **模块名**: pmc-basic-{bank-code}\n\n### 配置管理\n- **多环境支持**: Maven profiles管理local/dev/test/uat/sit/vir/online环境\n- **配置中心**: Spring Cloud Config集中管理配置\n- **服务注册**: Eureka进行服务发现和注册\n- **网关路由**: Zuul统一路由转发和过滤处理\n\n## 关键开发模式\n\n### 银行适配器模式\n每个银行模块独立部署，通过策略模式实现统一调用：\n1. 定义BankStrategy接口规范\n2. 各银行实现具体的策略类\n3. 通过BankStrategyEnum选择具体实现\n4. 运行时动态绑定银行特定逻辑\n\n### 数据一致性保障\n- **事务边界**: Service层定义事务边界，跨银行操作使用最终一致性\n- **幂等性**: 支付指令使用唯一标识，支持重复提交校验\n- **状态管理**: 统一支付状态流转（待发送→已发送→处理中→成功/失败）\n\n### 异步处理机制\n- **异步日志**: 使用@Async注解实现操作日志异步写入\n- **消息推送**: 集成百度微云消息中心进行状态通知\n- **重试机制**: 银行接口调用支持可配置的重试策略\n\n## 环境配置\n\n### 端口分配\n各银行服务使用不同端口避免冲突：\n- 主服务: 8080\n- 招商银行: 8081\n- 工商银行: 8082\n- 建设银行: 8083\n- [需人工确认] 其他银行端口按顺序分配\n\n### 构建部署\n- **构建工具**: Maven多模块项目，Java 8编译\n- **CI/CD**: BCloud平台自动化构建\n- **构建脚本**: 各环境独立脚本（sitBuild.sh、uatBuild.sh等）\n- **产出物**: 统一输出到output目录\n\n## 集成规范\n\n### 百度内部系统集成\n- **认证系统**: UUAP统一认证，支持单点登录\n- **消息中心**: 百度微云消息中心推送状态变更通知\n- **工作流**: WK工作流引擎处理审批流程\n\n### 外部接口规范\n- **RESTful API**: 统一使用REST风格接口\n- **数据格式**: JSON为主，银行接口使用XML\n- **错误码**: 统一错误码规范，区分系统错误和业务错误\n\n## 注意事项\n\n1. **银行模块隔离**: 禁止跨银行模块直接调用，必须通过策略模式\n2. **环境配置**: 严格按Maven profile进行环境隔离，禁止配置混淆\n3. **安全要求**: 银行敏感信息（密钥、证书）按各银行要求独立管理\n4. **事务边界**: 避免跨银行事务，使用补偿机制保证最终一致性\n5. **版本兼容**: Spring Boot 1.5.9版本，注意依赖版本冲突\n\n---\n\n**最后更新**: 2025-11-09\n**适用范围**: 百度PMC支付管理中心所有开发活动\n**规则优先级**: 项目级规则 > 通用开发规范 > 个人编码习惯","completed":false,"isEnd":false,"failed":false}
[55864] [2026-01-09 20:02:25] [VERBOSE] [VIRTUALEDITOR]  VirtualEditor.getDocument, args: absolutePath=/Users/xiaoliu/baidu/bpit-proc-apps/pmc/pmc-basic-bankcommon/src/test/java/com/baidu/pmc/bankcommon/core/utils/BankTransactionParserTest.java
[55864] [2026-01-09 20:02:25] [INFO] [ENGINE]  <--------- ENGINE SEND: VIRTUAL_EDITOR_EVENT {"action":"getDocument","payload":{"absolutePath":"/Users/xiaoliu/baidu/bpit-proc-apps/pmc/pmc-basic-bankcommon/src/test/java/com/baidu/pmc/bankcommon/core/utils/BankTransactionParserTest.java","uuid":"21a5d875-3b7a-412f-88f9-595fe42f4fcc"}}
[55864] [2026-01-09 20:02:25] [INFO] [ENGINE]  ---------> ENGINE REC: VIRTUAL_EDITOR_EVENT {"uuid":"21a5d875-3b7a-412f-88f9-595fe42f4fcc","existed":false,"content":"","completed":false,"isEnd":false,"failed":false}
[55864] [2026-01-09 20:02:25] [VERBOSE] [VIRTUALEDITOR]  VirtualEditor.getDocument, args: absolutePath=/Users/xiaoliu/baidu/bpit-proc-apps/pmc/pmc-basic-bankcommon/src/test/java/com/baidu/pmc/bankcommon/core/utils/BankTransactionParserTest.java
[55864] [2026-01-09 20:02:25] [INFO] [ENGINE]  <--------- ENGINE SEND: VIRTUAL_EDITOR_EVENT {"action":"getDocument","payload":{"absolutePath":"/Users/xiaoliu/baidu/bpit-proc-apps/pmc/pmc-basic-bankcommon/src/test/java/com/baidu/pmc/bankcommon/core/utils/BankTransactionParserTest.java","uuid":"b478ec9e-f897-4618-8a16-4437ebe48162"}}
[55864] [2026-01-09 20:02:25] [INFO] [ENGINE]  ---------> ENGINE REC: VIRTUAL_EDITOR_EVENT {"uuid":"b478ec9e-f897-4618-8a16-4437ebe48162","existed":false,"content":"","completed":false,"isEnd":false,"failed":false}
[55864] [2026-01-09 20:02:28] [INFO] [PLUGINCHANNEL]  {"level":"warn","source":"IdeSession","action":"SessionTimeout","detail":{}}
[55864] [2026-01-09 20:02:30] [INFO] [ENGINE]  ---------> ENGINE REC: COMATE_AGENT_NEW_MESSAGE {"data":"{\"agentPayload\":{\"messageType\":\"refresh-messages\",\"conversationId\":\"20fec48e-734a-4cda-b6a7-4b56823ff21d\",\"payload\":{}}}"}
[55864] [2026-01-09 20:02:30] [INFO] [CONVERSATIONMANAGER]  onConversationMessage {"messageType":"refresh-messages","conversationId":"20fec48e-734a-4cda-b6a7-4b56823ff21d","payload":{}}
[55864] [2026-01-09 20:03:09] [VERBOSE] [VIRTUALEDITOR]  VirtualEditor.getActiveDocument, args: 
[55864] [2026-01-09 20:03:09] [INFO] [ENGINE]  <--------- ENGINE SEND: VIRTUAL_EDITOR_EVENT {"action":"getActiveDocument","payload":{"uuid":"57a1578e-79e3-49af-af0c-0e34e6edf0fa"}}
[55864] [2026-01-09 20:03:09] [INFO] [ENGINE]  ---------> ENGINE REC: VIRTUAL_EDITOR_EVENT {"uuid":"57a1578e-79e3-49af-af0c-0e34e6edf0fa","existed":true,"absolutePath":"/Users/xiaoliu/baidu/bpit-proc-apps/pmc/pmc-basic-bankcommon/src/main/java/com/baidu/pmc/bankcommon/core/utils/BankTransactionParser.java","content":"package com.baidu.pmc.bankcommon.core.utils;\n\nimport com.baidu.pmc.bankcommon.core.model.BankTransaction;\nimport lombok.extern.slf4j.Slf4j;\nimport org.apache.commons.lang3.StringUtils;\n\nimport java.util.ArrayList;\nimport java.util.Arrays;\nimport java.util.List;\n\n/**\n * 银行交易记录解析工具类\n * 用于解析银行流水文本数据，按照固定分隔符分割字段\n *\n * @author baidu.pmc\n * @since 2025-01-09\n */\n@Slf4j\npublic class BankTransactionParser {\n\n    private static final String FIELD_SEPARATOR = \"\\\\|\";\n    private static final int EXPECTED_FIELD_COUNT = 26;\n\n    /**\n     * 解析银行交易记录字符串\n     *\n     * @param dataString 包含表头和数据的完整字符串\n     * @return 解析后的交易记录列表\n     */\n    public static List<BankTransaction> parseBankTransactions(String dataString) {\n        List<BankTransaction> transactions = new ArrayList<>();\n\n        if (StringUtils.isBlank(dataString)) {\n            log.warn(\"银行交易记录字符串为空\");\n            return transactions;\n        }\n\n        // 按行分割字符串\n        String[] lines = dataString.split(\"\\n\");\n        if (lines.length < 2) {\n            log.warn(\"银行交易记录数据行数不足，至少需要表头和一行数据\");\n            return transactions;\n        }\n\n        try {\n            log.info(\"开始解析银行交易记录，共发现 {} 条数据记录\", lines.length - 1);\n\n            // 跳过表头，直接处理数据行\n            for (int i = 1; i < lines.length; i++) {\n                String dataLine = lines[i].trim();\n                if (StringUtils.isBlank(dataLine)) {\n                    continue;\n                }\n\n                BankTransaction transaction = parseDataLine(dataLine, i);\n                if (transaction != null) {\n                    transactions.add(transaction);\n                    log.info(\"成功解析第{}行数据：流水号={}, 交易金额={}\",\n                            i, transaction.getSerialNumber(), transaction.getTransactionAmount());\n                }\n            }\n\n        } catch (Exception e) {\n            log.error(\"解析银行交易记录时发生异常\", e);\n        }\n\n        log.info(\"银行交易记录解析完成，共解析 {} 条记录\", transactions.size());\n        return transactions;\n    }\n\n    /**\n     * 解析单行数据\n     *\n     * @param line 数据行内容\n     * @param lineNumber 行号\n     * @return 解析后的交易记录对象，解析失败返回null\n     */\n    private static BankTransaction parseDataLine(String line, int lineNumber) {\n        try {\n            // 使用固定分隔符分割，保留所有空字段\n            String[] fields = line.split(FIELD_SEPARATOR, -1);\n\n            // 如果字段多于预期，可能是末尾有额外的空字段，截取前26个\n            if (fields.length > EXPECTED_FIELD_COUNT) {\n                log.warn(\"第{}行发现{}个字段，截取前{}个字段\", lineNumber, fields.length, EXPECTED_FIELD_COUNT);\n                fields = Arrays.copyOf(fields, EXPECTED_FIELD_COUNT);\n            } else if (fields.length < EXPECTED_FIELD_COUNT) {\n                log.error(\"第{}行字段不足：期望{}个，实际{}个\", lineNumber, EXPECTED_FIELD_COUNT, fields.length);\n                return null;\n            }\n\n            // 创建交易记录对象\n            BankTransaction transaction = new BankTransaction();\n\n            // 按固定位置设置字段值\n            transaction.setStatus(cleanField(fields[0]));\n            transaction.setTransactionDate(cleanField(fields[1]));\n            transaction.setTransactionTime(cleanField(fields[2]));\n            transaction.setBusinessType(cleanField(fields[3]));\n            transaction.setSerialNumber(cleanField(fields[4]));\n            transaction.setSequenceNumber(cleanField(fields[5]));\n            transaction.setAccountNumber(cleanField(fields[6]));\n            transaction.setAccountName(cleanField(fields[7]));\n            transaction.setIncomeExpenseFlag(cleanField(fields[8]));\n            transaction.setCurrency(cleanField(fields[9]));\n            transaction.setTransactionAmount(cleanField(fields[10]));\n            transaction.setBalance(cleanField(fields[11]));\n            transaction.setAvailableBalance(cleanField(fields[12]));\n            transaction.setCounterpartyAccount(cleanField(fields[13]));\n            transaction.setCounterpartyName(cleanField(fields[14]));\n            transaction.setCounterpartyAddress(cleanField(fields[15]));\n            transaction.setCounterpartyBankCode(cleanField(fields[16]));\n            transaction.setCounterpartyBankName(cleanField(fields[17]));\n            transaction.setBillType(cleanField(fields[18]));\n            transaction.setBillNumber(cleanField(fields[19]));\n            transaction.setBillName(cleanField(fields[20]));\n            transaction.setBillIssueDate(cleanField(fields[21]));\n            transaction.setRemarkMemo(cleanField(fields[22]));\n            transaction.setAdditionalRemark(cleanField(fields[23]));\n            transaction.setTransactionCode(cleanField(fields[24]));\n            transaction.setBackupField(cleanField(fields[25]));\n\n            return transaction;\n\n        } catch (Exception e) {\n            log.error(\"解析第{}行数据时发生异常\", lineNumber, e);\n            return null;\n        }\n    }\n\n    /**\n     * 清理字段值\n     *\n     * @param field 原始字段值\n     * @return 清理后的字段值\n     */\n    private static String cleanField(String field) {\n        return field != null ? field.trim() : \"\";\n    }\n\n    /**\n     * 打印解析结果（用于调试和验证）\n     *\n     * @param transactions 交易记录列表\n     */\n    public static void printParsingResult(List<BankTransaction> transactions) {\n        log.info(\"=== 银行交易记录解析结果 ===\");\n        log.info(\"共解析出 {} 条交易记录\", transactions.size());\n\n        if (transactions.isEmpty()) {\n            log.info(\"没有解析到有效的交易记录\");\n            return;\n        }\n\n        for (int i = 0; i < Math.min(transactions.size(), 5); i++) {\n            BankTransaction transaction = transactions.get(i);\n            log.info(\"第 {} 条记录:\", i + 1);\n            log.info(\"  状态: {}\", transaction.getStatus());\n            log.info(\"  交易日期: {}\", transaction.getTransactionDate());\n            log.info(\"  交易时间: {}\", transaction.getTransactionTime());\n            log.info(\"  业务类型: {}\", transaction.getBusinessType());\n            log.info(\"  流水号: {}\", transaction.getSerialNumber());\n            log.info(\"  账号: {}\", maskAccountNumber(transaction.getAccountNumber()));\n            log.info(\"  户名: {}\", transaction.getAccountName());\n            log.info(\"  收支标志: {}\", transaction.getIncomeExpenseFlag());\n            log.info(\"  交易金额: {}\", transaction.getTransactionAmount());\n            log.info(\"  余额: {}\", transaction.getBalance());\n            log.info(\"  附言: {}\", transaction.getRemarkMemo());\n            log.info(\"---\");\n        }\n        if (transactions.size() > 5) {\n            log.info(\"... 省略 {} 条记录\", transactions.size() - 5);\n        }\n    }\n\n    /**\n     * 脱敏处理账号信息（用于日志输出）\n     *\n     * @param accountNumber 原始账号\n     * @return 脱敏后的账号\n     */\n    private static String maskAccountNumber(String accountNumber) {\n        if (StringUtils.isBlank(accountNumber) || accountNumber.length() <= 8) {\n            return accountNumber;\n        }\n        return accountNumber.substring(0, 4) + \"****\" + accountNumber.substring(accountNumber.length() - 4);\n    }\n}","scheme":"file","completed":false,"isEnd":false,"failed":false}
[55864] [2026-01-09 20:03:09] [VERBOSE] [VIRTUALEDITOR]  VirtualEditor.openVirtualDiffDocument, args: absolutePath=/Users/xiaoliu/baidu/bpit-proc-apps/pmc/pmc-basic-bankcommon/src/test/java/com/baidu/pmc/bankcommon/core/utils/BankTransactionParserTest.java,stream=true,source=E2EBotConversation,acceptable=true,action=edit,openFileDiff=false,conversationId=20fec48e-734a-4cda-b6a7-4b56823ff21d,elementId=6960ee4d52ad0b146922d3dc,inlineView=true
[55864] [2026-01-09 20:03:09] [INFO] [ENGINE]  <--------- ENGINE SEND: VIRTUAL_EDITOR_EVENT {"action":"openVirtualDiffDocument","payload":{"absolutePath":"/Users/xiaoliu/baidu/bpit-proc-apps/pmc/pmc-basic-bankcommon/src/test/java/com/baidu/pmc/bankcommon/core/utils/BankTransactionParserTest.java","content":"","modified":"package com.baidu.pmc.bankcommon.core.utils;\n\nimport com.baidu.pmc.bankcommon.core.model.BankTransaction;\nimport lombok.extern.slf4j.Slf4j;\nimport org.junit.Test;\nimport org.junit.runner.RunWith;\nimport org.springframework.boot.test.context.SpringBootTest;\nimport org.springframework.test.context.junit4.SpringRunner;\n\nimport java.util.List;\n\nimport static org.junit.Assert.*;\n\n/**\n * 银行交易记录解析工具测试类\n * \n * @author baidu.pmc\n * @since 2025-01-09\n */\n@Slf4j\n@RunWith(SpringRunner.class)\n@SpringBootTest\npublic class BankTransactionParserTest {\n\n    /**\n     * 测试正常银行流水数据解析\n     */\n    @Test\n    public void testParseNormalBankTransactions() {\n        // 测试数据 - 银行流水文本格式\n        String bankData = \"状态|交易日期|交易时间|业务类型|流水号|流水序号|账号|户名|收支标志|币种|交易金额|余额|可用余额|对方账号|对方户名|对方地址|对方开户行行号|对方开户行行名|票据种类|票据号码|票据名称|票据签发日期|附言|备注|交易码|备用\\n\" +\n                \"0|20251105|093003|2|EBB0001P70190041|1|310069079018800073806|怒访址撵鉴遮斌粤惨佣|D|CNY|100.00|11991096.17|0|81100614850188002002204|僧铃抬鲸届系括冉翘损御缎缠||01110146999|交通银行北京广渠路支行||||||q2yuyh5004#测试1|101700||\\n\" +\n                \"0|20251105|093022|2|EBB0001P70080041|2|310069079018800073806|怒访址撵鉴遮斌粤惨佣|D|CNY|100.00|11990996.17|0|81100614850188002002205|僧铃抬鲸届系括冉翘损御缎缠||01110146999|交通银行北京广渠路支行||||||q2yuyh50054#测试1|101700||\";\n\n        // 执行解析\n        List<BankTransaction> transactions = BankTransactionParser.parseBankTransactions(bankData);\n\n        // 断言验证\n        assertNotNull(\"交易记录列表不应为空\", transactions);\n        assertEquals(\"应解析出2条交易记录\", 2, transactions.size());\n\n        // 验证第一条记录\n        BankTransaction firstTransaction = transactions.get(0);\n        assertNotNull(\"第一条交易记录不应为空\", firstTransaction);\n        assertEquals(\"状态不正确\", \"0\", firstTransaction.getStatus());\n        assertEquals(\"交易日期不正确\", \"20251105\", firstTransaction.getTransactionDate());\n        assertEquals(\"交易时间不正确\", \"093003\", firstTransaction.getTransactionTime());\n        assertEquals(\"业务类型不正确\", \"2\", firstTransaction.getBusinessType());\n        assertEquals(\"流水号不正确\", \"EBB0001P70190041\", firstTransaction.getSerialNumber());\n        assertEquals(\"流水序号不正确\", \"1\", firstTransaction.getSequenceNumber());\n        assertEquals(\"账号不正确\", \"310069079018800073806\", firstTransaction.getAccountNumber());\n        assertEquals(\"户名不正确\", \"怒访址撵鉴遮斌粤惨佣\", firstTransaction.getAccountName());\n        assertEquals(\"收支标志不正确\", \"D\", firstTransaction.getIncomeExpenseFlag());\n        assertEquals(\"币种不正确\", \"CNY\", firstTransaction.getCurrency());\n        assertEquals(\"交易金额不正确\", \"100.00\", firstTransaction.getTransactionAmount());\n        assertEquals(\"余额不正确\", \"11991096.17\", firstTransaction.getBalance());\n        assertEquals(\"可用余额不正确\", \"0\", firstTransaction.getAvailableBalance());\n        assertEquals(\"附言不正确\", \"q2yuyh5004#测试1\", firstTransaction.getRemarkMemo());\n        assertEquals(\"交易码不正确\", \"101700\", firstTransaction.getTransactionCode());\n\n        // 验证第二条记录\n        BankTransaction secondTransaction = transactions.get(1);\n        assertEquals(\"第二条记录的流水号不正确\", \"EBB0001P70080041\", secondTransaction.getSerialNumber());\n        assertEquals(\"第二条记录的流水序号不正确\", \"2\", secondTransaction.getSequenceNumber());\n        assertEquals(\"第二条记录的余额不正确\", \"11990996.17\", secondTransaction.getBalance());\n\n        log.info(\"✅ 测试通过：成功解析 {} 条银行交易记录\", transactions.size());\n        BankTransactionParser.printParsingResult(transactions);\n    }\n\n    /**\n     * 测试空数据解析\n     */\n    @Test\n    public void testParseEmptyData() {\n        String emptyData = \"\";\n        List<BankTransaction> transactions = BankTransactionParser.parseBankTransactions(emptyData);\n        assertNotNull(\"空数据应返回空列表\", transactions);\n        assertTrue(\"空数据应返回空列表\", transactions.isEmpty());\n        \n        log.info(\"✅ 空数据解析测试通过\");\n    }\n\n    /**\n     * 测试格式异常数据\n     */\n    @Test\n    public void testParseMalformedData() {\n        // 测试字段数量不正确的数据行\n        String malformedData = \"状态|交易日期|交易时间|业务类型\\n\" +\n                \"0|20251105|093003|2|多余的字段|多余的字段\";\n        \n        List<BankTransaction> transactions = BankTransactionParser.parseBankTransactions(malformedData);\n        assertNotNull(\"异常数据应返回空列表\", transactions);\n        assertTrue(\"异常数据应返回空列表\", transactions.isEmpty());\n        \n        log.info(\"✅ 格式异常数据解析测试通过\");\n    }\n\n    /**\n     * 测试用户提供的完整数据\n     */\n    @Test\n    public void testParseUserProvidedData() {\n        // 使用用户提供的完整数据进行测试（截取前几条）\n        String userData = \"状态|交易日期|交易时间|业务类型|流水号|流水序号|账号|户名|收支标志|币种|交易金额|余额|可用余额|对方账号|对方户名|对方地址|对方开户行行号|对方开户行行名|票据种类|票据号码|票据名称|票据签发日期|附言|备注|交易码|备用\\n\" +\n                \"0|20251105|093003|2|EBB0001P70190041|1|310069079018800073806|怒访址撵鉴遮斌粤惨佣|D|CNY|100.00|11991096.17|0|81100614850188002002204|僧铃抬鲸届系括冉翘损御缎缠||01110146999|交通银行北京广渠路支行||||||q2yuyh5004#测试1|101700||\\n\" +\n                \"0|20251105|093022|2|EBB0001P70080041|2|310069079018800073806|怒访址撵鉴遮斌粤惨佣|D|CNY|100.00|11990996.17|0|81100614850188002002205|僧铃抬鲸届系括冉翘损御缎缠||01110146999|交通银行北京广渠路支行||||||q2yuyh50054#测试1|101700||\\n\" +\n                \"0|20251105|093041|2|EBB0001P70160051|3|310069079018800073806|怒访址撵鉴遮斌粤惨佣|D|CNY|100.00|11990896.17|0|81100614850188002002206|僧铃抬鲸届系括冉翘损御缎缠||01110146999|交通银行北京广渠路支行||||||q2yuy454#测试1|101700||\\n\" +\n                \"0|20251105|093058|2|EBB0001P70160052|4|310069079018800073806|怒访址撵鉴遮斌粤惨佣|D|CNY|100.00|11990796.17|0|81100614850188002002207|僧铃抬鲸届系括冉翘损御缎缠||01110146999|交通银行北京广渠路支行||||||q2yuy4554#测试1|101700||\";\n\n        List<BankTransaction> transactions = BankTransactionParser.parseBankTransactions(userData);\n        \n        assertEquals(\"应解析出完整的4条交易记录\", 4, transactions.size());\n        \n        // 验证解析的数据完整性\n        for (int i = 0; i < transactions.size(); i++) {\n            BankTransaction transaction = transactions.get(i);\n            assertNotNull(\"交易记录不应为空\", transaction);\n            assertEquals(\"账号应一致\", \"310069079018800073806\", transaction.getAccountNumber());\n            assertEquals(\"户名应一致\", \"怒访址撵鉴遮斌粤惨佣\", transaction.getAccountName());\n            assertEquals(\"币种应一致\", \"CNY\", transaction.getCurrency());\n            assertEquals(\"收支标志应一致\", \"D\", transaction.getIncomeExpenseFlag());\n        }\n        \n        log.info(\"✅ 用户数据测试通过：成功解析 {} 条完整交易记录\", transactions.size());\n    }\n\n    /**\n     * 测试账号脱敏功能\n     */\n    @Test\n    public void testAccountNumberMasking() {\n        String testData = \"状态|交易日期|交易时间|业务类型|流水号|流水序号|账号|户名|收支标志|币种|交易金额|余额|可用余额|对方账号|对方户名|对方地址|对方开户行行号|对方开户行行名|票据种类|票据号码|票据名称|票据签发日期|附言|备注|交易码|备用\\n\" +\n                \"0|20251105|093003|2|EBB0001P70190041|1|310069079018800073806|测试户名|D|CNY|100.00|11991096.17|0|81100614850188002002204|对方户名||01110146999|开户行名称||||||测试附言|101700||\";\n\n        List<BankTransaction> transactions = BankTransactionParser.parseBankTransactions(testData);\n        Transaction transaction = transactions.get(0);\n        \n        // 验证账号不应为空\n        assertNotNull(\"账号不应为空\", transaction.getAccountNumber());\n        assertNotNull(\"对方账号不应为空\", transaction.getCounterpartyAccount());\n        \n        log.info(\"✅ 账号脱敏测试通过\");\n    }\n}","stream":true,"source":"E2EBotConversation","acceptable":true,"action":"edit","openFileDiff":false,"conversationId":"20fec48e-734a-4cda-b6a7-4b56823ff21d","elementId":"6960ee4d52ad0b146922d3dc","inlineView":true,"uuid":"0b1ecc64-2489-474e-9b5c-144e83afb491"}}
[55864] [2026-01-09 20:03:10] [INFO] [PLUGINCHANNEL]  {"level":"system","source":"IdeSession","action":"HandleMessage","detail":{"actionName":"DIAGNOSTIC_SCAN"}}
[55864] [2026-01-09 20:03:10] [INFO] [PLUGINCHANNEL]  {"level":"error","source":"IdeSession","action":"PluginNotFound","detail":{"pluginName":""}}
[55864] [2026-01-09 20:03:10] [INFO] [ENGINE]  ---------> ENGINE REC: COMATE_AGENT_NEW_MESSAGE {"data":"{\"agentPayload\":{\"messageType\":\"refresh-messages\",\"conversationId\":\"20fec48e-734a-4cda-b6a7-4b56823ff21d\",\"payload\":{}}}"}
[55864] [2026-01-09 20:03:10] [INFO] [CONVERSATIONMANAGER]  onConversationMessage {"messageType":"refresh-messages","conversationId":"20fec48e-734a-4cda-b6a7-4b56823ff21d","payload":{}}
[55864] [2026-01-09 20:03:12] [VERBOSE] [VIRTUALEDITOR]  VirtualEditor.getDocument, args: absolutePath=/Users/xiaoliu/baidu/bpit-proc-apps/pmc/pmc-basic-bankcommon/src/test/java/com/baidu/pmc/bankcommon/core/utils/BankTransactionParserTest.java
[55864] [2026-01-09 20:03:12] [INFO] [ENGINE]  <--------- ENGINE SEND: VIRTUAL_EDITOR_EVENT {"action":"getDocument","payload":{"absolutePath":"/Users/xiaoliu/baidu/bpit-proc-apps/pmc/pmc-basic-bankcommon/src/test/java/com/baidu/pmc/bankcommon/core/utils/BankTransactionParserTest.java","uuid":"3ff661c7-de94-4eb9-822e-f924d6dcad4f"}}
[55864] [2026-01-09 20:03:12] [INFO] [ENGINE]  ---------> ENGINE REC: VIRTUAL_EDITOR_EVENT {"uuid":"3ff661c7-de94-4eb9-822e-f924d6dcad4f","existed":true,"content":"package com.baidu.pmc.bankcommon.core.utils;\n\nimport com.baidu.pmc.bankcommon.core.model.BankTransaction;\nimport lombok.extern.slf4j.Slf4j;\nimport org.junit.Test;\nimport org.junit.runner.RunWith;\nimport org.springframework.boot.test.context.SpringBootTest;\nimport org.springframework.test.context.junit4.SpringRunner;\n\nimport java.util.List;\n\nimport static org.junit.Assert.*;\n\n/**\n * 银行交易记录解析工具测试类\n *\n * @author baidu.pmc\n * @since 2025-01-09\n */\n@Slf4j\n@RunWith(SpringRunner.class)\n@SpringBootTest\npublic class BankTransactionParserTest {\n\n    /**\n     * 测试正常银行流水数据解析\n     */\n    @Test\n    public void testParseNormalBankTransactions() {\n        // 测试数据 - 银行流水文本格式\n        String bankData = \"状态|交易日期|交易时间|业务类型|流水号|流水序号|账号|户名|收支标志|币种|交易金额|余额|可用余额|对方账号|对方户名|对方地址|对方开户行行号|对方开户行行名|票据种类|票据号码|票据名称|票据签发日期|附言|备注|交易码|备用\\n\" +\n                \"0|20251105|093003|2|EBB0001P70190041|1|310069079018800073806|怒访址撵鉴遮斌粤惨佣|D|CNY|100.00|11991096.17|0|81100614850188002002204|僧铃抬鲸届系括冉翘损御缎缠||01110146999|交通银行北京广渠路支行||||||q2yuyh5004#测试1|101700||\\n\" +\n                \"0|20251105|093022|2|EBB0001P70080041|2|310069079018800073806|怒访址撵鉴遮斌粤惨佣|D|CNY|100.00|11990996.17|0|81100614850188002002205|僧铃抬鲸届系括冉翘损御缎缠||01110146999|交通银行北京广渠路支行||||||q2yuyh50054#测试1|101700||\";\n\n        // 执行解析\n        List<BankTransaction> transactions = BankTransactionParser.parseBankTransactions(bankData);\n\n        // 断言验证\n        assertNotNull(\"交易记录列表不应为空\", transactions);\n        assertEquals(\"应解析出2条交易记录\", 2, transactions.size());\n\n        // 验证第一条记录\n        BankTransaction firstTransaction = transactions.get(0);\n        assertNotNull(\"第一条交易记录不应为空\", firstTransaction);\n        assertEquals(\"状态不正确\", \"0\", firstTransaction.getStatus());\n        assertEquals(\"交易日期不正确\", \"20251105\", firstTransaction.getTransactionDate());\n        assertEquals(\"交易时间不正确\", \"093003\", firstTransaction.getTransactionTime());\n        assertEquals(\"业务类型不正确\", \"2\", firstTransaction.getBusinessType());\n        assertEquals(\"流水号不正确\", \"EBB0001P70190041\", firstTransaction.getSerialNumber());\n        assertEquals(\"流水序号不正确\", \"1\", firstTransaction.getSequenceNumber());\n        assertEquals(\"账号不正确\", \"310069079018800073806\", firstTransaction.getAccountNumber());\n        assertEquals(\"户名不正确\", \"怒访址撵鉴遮斌粤惨佣\", firstTransaction.getAccountName());\n        assertEquals(\"收支标志不正确\", \"D\", firstTransaction.getIncomeExpenseFlag());\n        assertEquals(\"币种不正确\", \"CNY\", firstTransaction.getCurrency());\n        assertEquals(\"交易金额不正确\", \"100.00\", firstTransaction.getTransactionAmount());\n        assertEquals(\"余额不正确\", \"11991096.17\", firstTransaction.getBalance());\n        assertEquals(\"可用余额不正确\", \"0\", firstTransaction.getAvailableBalance());\n        assertEquals(\"附言不正确\", \"q2yuyh5004#测试1\", firstTransaction.getRemarkMemo());\n        assertEquals(\"交易码不正确\", \"101700\", firstTransaction.getTransactionCode());\n\n        // 验证第二条记录\n        BankTransaction secondTransaction = transactions.get(1);\n        assertEquals(\"第二条记录的流水号不正确\", \"EBB0001P70080041\", secondTransaction.getSerialNumber());\n        assertEquals(\"第二条记录的流水序号不正确\", \"2\", secondTransaction.getSequenceNumber());\n        assertEquals(\"第二条记录的余额不正确\", \"11990996.17\", secondTransaction.getBalance());\n\n        log.info(\"✅ 测试通过：成功解析 {} 条银行交易记录\", transactions.size());\n        BankTransactionParser.printParsingResult(transactions);\n    }\n\n    /**\n     * 测试空数据解析\n     */\n    @Test\n    public void testParseEmptyData() {\n        String emptyData = \"\";\n        List<BankTransaction> transactions = BankTransactionParser.parseBankTransactions(emptyData);\n        assertNotNull(\"空数据应返回空列表\", transactions);\n        assertTrue(\"空数据应返回空列表\", transactions.isEmpty());\n\n        log.info(\"✅ 空数据解析测试通过\");\n    }\n\n    /**\n     * 测试格式异常数据\n     */\n    @Test\n    public void testParseMalformedData() {\n        // 测试字段数量不正确的数据行\n        String malformedData = \"状态|交易日期|交易时间|业务类型\\n\" +\n                \"0|20251105|093003|2|多余的字段|多余的字段\";\n\n        List<BankTransaction> transactions = BankTransactionParser.parseBankTransactions(malformedData);\n        assertNotNull(\"异常数据应返回空列表\", transactions);\n        assertTrue(\"异常数据应返回空列表\", transactions.isEmpty());\n\n        log.info(\"✅ 格式异常数据解析测试通过\");\n    }\n\n    /**\n     * 测试用户提供的完整数据\n     */\n    @Test\n    public void testParseUserProvidedData() {\n        // 使用用户提供的完整数据进行测试（截取前几条）\n        String userData = \"状态|交易日期|交易时间|业务类型|流水号|流水序号|账号|户名|收支标志|币种|交易金额|余额|可用余额|对方账号|对方户名|对方地址|对方开户行行号|对方开户行行名|票据种类|票据号码|票据名称|票据签发日期|附言|备注|交易码|备用\\n\" +\n                \"0|20251105|093003|2|EBB0001P70190041|1|310069079018800073806|怒访址撵鉴遮斌粤惨佣|D|CNY|100.00|11991096.17|0|81100614850188002002204|僧铃抬鲸届系括冉翘损御缎缠||01110146999|交通银行北京广渠路支行||||||q2yuyh5004#测试1|101700||\\n\" +\n                \"0|20251105|093022|2|EBB0001P70080041|2|310069079018800073806|怒访址撵鉴遮斌粤惨佣|D|CNY|100.00|11990996.17|0|81100614850188002002205|僧铃抬鲸届系括冉翘损御缎缠||01110146999|交通银行北京广渠路支行||||||q2yuyh50054#测试1|101700||\\n\" +\n                \"0|20251105|093041|2|EBB0001P70160051|3|310069079018800073806|怒访址撵鉴遮斌粤惨佣|D|CNY|100.00|11990896.17|0|81100614850188002002206|僧铃抬鲸届系括冉翘损御缎缠||01110146999|交通银行北京广渠路支行||||||q2yuy454#测试1|101700||\\n\" +\n                \"0|20251105|093058|2|EBB0001P70160052|4|310069079018800073806|怒访址撵鉴遮斌粤惨佣|D|CNY|100.00|11990796.17|0|81100614850188002002207|僧铃抬鲸届系括冉翘损御缎缠||01110146999|交通银行北京广渠路支行||||||q2yuy4554#测试1|101700||\";\n\n        List<BankTransaction> transactions = BankTransactionParser.parseBankTransactions(userData);\n\n        assertEquals(\"应解析出完整的4条交易记录\", 4, transactions.size());\n\n        // 验证解析的数据完整性\n        for (int i = 0; i < transactions.size(); i++) {\n            BankTransaction transaction = transactions.get(i);\n            assertNotNull(\"交易记录不应为空\", transaction);\n            assertEquals(\"账号应一致\", \"310069079018800073806\", transaction.getAccountNumber());\n            assertEquals(\"户名应一致\", \"怒访址撵鉴遮斌粤惨佣\", transaction.getAccountName());\n            assertEquals(\"币种应一致\", \"CNY\", transaction.getCurrency());\n            assertEquals(\"收支标志应一致\", \"D\", transaction.getIncomeExpenseFlag());\n        }\n\n        log.info(\"✅ 用户数据测试通过：成功解析 {} 条完整交易记录\", transactions.size());\n    }\n\n    /**\n     * 测试账号脱敏功能\n     */\n    @Test\n    public void testAccountNumberMasking() {\n        String testData = \"状态|交易日期|交易时间|业务类型|流水号|流水序号|账号|户名|收支标志|币种|交易金额|余额|可用余额|对方账号|对方户名|对方地址|对方开户行行号|对方开户行行名|票据种类|票据号码|票据名称|票据签发日期|附言|备注|交易码|备用\\n\" +\n                \"0|20251105|093003|2|EBB0001P70190041|1|310069079018800073806|测试户名|D|CNY|100.00|11991096.17|0|81100614850188002002204|对方户名||01110146999|开户行名称||||||测试附言|101700||\";\n\n        List<BankTransaction> transactions = BankTransactionParser.parseBankTransactions(testData);\n        Transaction transaction = transactions.get(0);\n\n        // 验证账号不应为空\n        assertNotNull(\"账号不应为空\", transaction.getAccountNumber());\n        assertNotNull(\"对方账号不应为空\", transaction.getCounterpartyAccount());\n\n        log.info(\"✅ 账号脱敏测试通过\");\n    }\n}","completed":false,"isEnd":false,"failed":false}
[55864] [2026-01-09 20:03:12] [VERBOSE] [VIRTUALEDITOR]  VirtualEditor.getDocument, args: absolutePath=/Users/xiaoliu/baidu/bpit-proc-apps/pmc/.comate/rules/rules.mdr
[55864] [2026-01-09 20:03:12] [INFO] [ENGINE]  <--------- ENGINE SEND: VIRTUAL_EDITOR_EVENT {"action":"getDocument","payload":{"absolutePath":"/Users/xiaoliu/baidu/bpit-proc-apps/pmc/.comate/rules/rules.mdr","uuid":"831639ae-9d39-49cb-851f-5db0988e5cda"}}
[55864] [2026-01-09 20:03:12] [INFO] [ENGINE]  ---------> ENGINE REC: VIRTUAL_EDITOR_EVENT {"uuid":"831639ae-9d39-49cb-851f-5db0988e5cda","existed":true,"content":"---\n alwaysApply: true \n---\n# 百度PMC支付管理中心项目规则\n\n## 项目概览\n\n**项目定位**: 百度企业金融支付管理中心，处理多银行渠道的企业支付业务\n**架构模式**: Spring Cloud微服务架构，按银行维度模块化设计\n**技术栈**: Spring Boot 1.5.9 + MyBatis + Spring Cloud Netflix + Hessian\n\n## 核心架构规则\n\n### 模块划分原则\n- **银行独立模块**: 每个银行对应独立服务模块（pmc-basic-{bank-code}）\n- **通用支撑模块**: pmc-basic-common（基础设施）、pmc-basic-pojo（数据模型）、pmc-basic-persistence（数据访问）\n- **业务核心模块**: pmc-basic-service（核心业务）、pmc-basic-web（网关层）\n- **策略模式**: 所有银行模块实现统一BankStrategy接口，运行时动态选择具体实现\n\n### 分层架构规范\n```\nController层 → Service层 → 银行策略层 → Persistence层\n```\n- Controller: 统一使用@RestController，返回ResponseMessage包装对象\n- Service: 接口+实现类模式，使用Spring声明式事务\n- 策略层: 通过BankStrategyEnum枚举选择具体银行实现\n- Persistence: MyBatis + 通用Mapper，XML映射文件位于resources/mapper/\n\n## 开发契约\n\n### 异常处理模式\n- 全局异常处理器: 使用@RestControllerAdvice统一处理FeignException、AccessDeniedException等\n- 统一响应: 所有API返回ResponseMessage对象（包含status、message、data字段）\n- 操作日志: 基于MyBatis拦截器自动记录DELETE/UPDATE操作，异步写入\n\n### 银行接口封装规范\n- **报文标准化**: 统一使用MessageBuilder构建银行报文，ResponseXmlParser解析响应\n- **XML处理**: 使用JDOM2处理银行XML报文，XPath进行节点操作\n- **安全机制**: 各银行独立处理加密、证书、签名等安全要求\n- **通信协议**: 主要使用HTTP+XML，部分银行支持FTP/SFTP\n\n### 命名规范\n- **包名**: com.baidu.pmc.{bank-code}.{layer}\n- **类名**: {BankCode}{Function}（如：CmbController、IcbcService）\n- **方法名**: selectXxx、queryXxx、insertXxx、updateXxx、deleteXxx\n- **表名**: pmc_{bank-code}_{entity-name}\n- **模块名**: pmc-basic-{bank-code}\n\n### 配置管理\n- **多环境支持**: Maven profiles管理local/dev/test/uat/sit/vir/online环境\n- **配置中心**: Spring Cloud Config集中管理配置\n- **服务注册**: Eureka进行服务发现和注册\n- **网关路由**: Zuul统一路由转发和过滤处理\n\n## 关键开发模式\n\n### 银行适配器模式\n每个银行模块独立部署，通过策略模式实现统一调用：\n1. 定义BankStrategy接口规范\n2. 各银行实现具体的策略类\n3. 通过BankStrategyEnum选择具体实现\n4. 运行时动态绑定银行特定逻辑\n\n### 数据一致性保障\n- **事务边界**: Service层定义事务边界，跨银行操作使用最终一致性\n- **幂等性**: 支付指令使用唯一标识，支持重复提交校验\n- **状态管理**: 统一支付状态流转（待发送→已发送→处理中→成功/失败）\n\n### 异步处理机制\n- **异步日志**: 使用@Async注解实现操作日志异步写入\n- **消息推送**: 集成百度微云消息中心进行状态通知\n- **重试机制**: 银行接口调用支持可配置的重试策略\n\n## 环境配置\n\n### 端口分配\n各银行服务使用不同端口避免冲突：\n- 主服务: 8080\n- 招商银行: 8081\n- 工商银行: 8082\n- 建设银行: 8083\n- [需人工确认] 其他银行端口按顺序分配\n\n### 构建部署\n- **构建工具**: Maven多模块项目，Java 8编译\n- **CI/CD**: BCloud平台自动化构建\n- **构建脚本**: 各环境独立脚本（sitBuild.sh、uatBuild.sh等）\n- **产出物**: 统一输出到output目录\n\n## 集成规范\n\n### 百度内部系统集成\n- **认证系统**: UUAP统一认证，支持单点登录\n- **消息中心**: 百度微云消息中心推送状态变更通知\n- **工作流**: WK工作流引擎处理审批流程\n\n### 外部接口规范\n- **RESTful API**: 统一使用REST风格接口\n- **数据格式**: JSON为主，银行接口使用XML\n- **错误码**: 统一错误码规范，区分系统错误和业务错误\n\n## 注意事项\n\n1. **银行模块隔离**: 禁止跨银行模块直接调用，必须通过策略模式\n2. **环境配置**: 严格按Maven profile进行环境隔离，禁止配置混淆\n3. **安全要求**: 银行敏感信息（密钥、证书）按各银行要求独立管理\n4. **事务边界**: 避免跨银行事务，使用补偿机制保证最终一致性\n5. **版本兼容**: Spring Boot 1.5.9版本，注意依赖版本冲突\n\n---\n\n**最后更新**: 2025-11-09\n**适用范围**: 百度PMC支付管理中心所有开发活动\n**规则优先级**: 项目级规则 > 通用开发规范 > 个人编码习惯","completed":false,"isEnd":false,"failed":false}
[55864] [2026-01-09 20:03:13] [INFO] [ENGINE]  ---------> ENGINE REC: COMATE_AGENT_NEW_MESSAGE {"data":"{\"agentPayload\":{\"messageType\":\"refresh-messages\",\"conversationId\":\"20fec48e-734a-4cda-b6a7-4b56823ff21d\",\"payload\":{}}}"}
[55864] [2026-01-09 20:03:13] [INFO] [CONVERSATIONMANAGER]  onConversationMessage {"messageType":"refresh-messages","conversationId":"20fec48e-734a-4cda-b6a7-4b56823ff21d","payload":{}}
[55864] [2026-01-09 20:03:16] [INFO] [ENGINE]  ---------> ENGINE REC: COMATE_AGENT_NEW_MESSAGE {"data":"{\"agentPayload\":{\"messageType\":\"refresh-messages\",\"conversationId\":\"20fec48e-734a-4cda-b6a7-4b56823ff21d\",\"payload\":{}}}"}
[55864] [2026-01-09 20:03:16] [INFO] [CONVERSATIONMANAGER]  onConversationMessage {"messageType":"refresh-messages","conversationId":"20fec48e-734a-4cda-b6a7-4b56823ff21d","payload":{}}
[55864] [2026-01-09 20:03:16] [VERBOSE] [VIRTUALEDITOR]  VirtualEditor.getDocument, args: absolutePath=/Users/xiaoliu/baidu/bpit-proc-apps/pmc/pmc-basic-bankcommon/src/main/java/com/baidu/pmc/bankcommon/core/utils/BankTransactionDemo.java
[55864] [2026-01-09 20:03:16] [INFO] [ENGINE]  <--------- ENGINE SEND: VIRTUAL_EDITOR_EVENT {"action":"getDocument","payload":{"absolutePath":"/Users/xiaoliu/baidu/bpit-proc-apps/pmc/pmc-basic-bankcommon/src/main/java/com/baidu/pmc/bankcommon/core/utils/BankTransactionDemo.java","uuid":"6cffa394-c466-48ff-a94a-f6b5eedcfc33"}}
[55864] [2026-01-09 20:03:16] [INFO] [ENGINE]  ---------> ENGINE REC: VIRTUAL_EDITOR_EVENT {"uuid":"6cffa394-c466-48ff-a94a-f6b5eedcfc33","existed":false,"content":"","completed":false,"isEnd":false,"failed":false}
[55864] [2026-01-09 20:03:16] [VERBOSE] [VIRTUALEDITOR]  VirtualEditor.getDocument, args: absolutePath=/Users/xiaoliu/baidu/bpit-proc-apps/pmc/pmc-basic-bankcommon/src/main/java/com/baidu/pmc/bankcommon/core/utils/BankTransactionDemo.java
[55864] [2026-01-09 20:03:16] [INFO] [ENGINE]  <--------- ENGINE SEND: VIRTUAL_EDITOR_EVENT {"action":"getDocument","payload":{"absolutePath":"/Users/xiaoliu/baidu/bpit-proc-apps/pmc/pmc-basic-bankcommon/src/main/java/com/baidu/pmc/bankcommon/core/utils/BankTransactionDemo.java","uuid":"5f9cc598-5b1d-437b-b717-c4f489613e5f"}}
[55864] [2026-01-09 20:03:16] [INFO] [ENGINE]  ---------> ENGINE REC: VIRTUAL_EDITOR_EVENT {"uuid":"5f9cc598-5b1d-437b-b717-c4f489613e5f","existed":false,"content":"","completed":false,"isEnd":false,"failed":false}
[55864] [2026-01-09 20:03:52] [VERBOSE] [VIRTUALEDITOR]  VirtualEditor.getActiveDocument, args: 
[55864] [2026-01-09 20:03:52] [INFO] [ENGINE]  <--------- ENGINE SEND: VIRTUAL_EDITOR_EVENT {"action":"getActiveDocument","payload":{"uuid":"de0bc53f-64e4-4d51-a361-4a85790860c6"}}
[55864] [2026-01-09 20:03:52] [INFO] [ENGINE]  ---------> ENGINE REC: VIRTUAL_EDITOR_EVENT {"uuid":"de0bc53f-64e4-4d51-a361-4a85790860c6","existed":true,"absolutePath":"/Users/xiaoliu/baidu/bpit-proc-apps/pmc/pmc-basic-bankcommon/src/test/java/com/baidu/pmc/bankcommon/core/utils/BankTransactionParserTest.java","content":"package com.baidu.pmc.bankcommon.core.utils;\n\nimport com.baidu.pmc.bankcommon.core.model.BankTransaction;\nimport lombok.extern.slf4j.Slf4j;\nimport org.junit.Test;\nimport org.junit.runner.RunWith;\nimport org.springframework.boot.test.context.SpringBootTest;\nimport org.springframework.test.context.junit4.SpringRunner;\n\nimport java.util.List;\n\nimport static org.junit.Assert.*;\n\n/**\n * 银行交易记录解析工具测试类\n *\n * @author baidu.pmc\n * @since 2025-01-09\n */\n@Slf4j\n@RunWith(SpringRunner.class)\n@SpringBootTest\npublic class BankTransactionParserTest {\n\n    /**\n     * 测试正常银行流水数据解析\n     */\n    @Test\n    public void testParseNormalBankTransactions() {\n        // 测试数据 - 银行流水文本格式\n        String bankData = \"状态|交易日期|交易时间|业务类型|流水号|流水序号|账号|户名|收支标志|币种|交易金额|余额|可用余额|对方账号|对方户名|对方地址|对方开户行行号|对方开户行行名|票据种类|票据号码|票据名称|票据签发日期|附言|备注|交易码|备用\\n\" +\n                \"0|20251105|093003|2|EBB0001P70190041|1|310069079018800073806|怒访址撵鉴遮斌粤惨佣|D|CNY|100.00|11991096.17|0|81100614850188002002204|僧铃抬鲸届系括冉翘损御缎缠||01110146999|交通银行北京广渠路支行||||||q2yuyh5004#测试1|101700||\\n\" +\n                \"0|20251105|093022|2|EBB0001P70080041|2|310069079018800073806|怒访址撵鉴遮斌粤惨佣|D|CNY|100.00|11990996.17|0|81100614850188002002205|僧铃抬鲸届系括冉翘损御缎缠||01110146999|交通银行北京广渠路支行||||||q2yuyh50054#测试1|101700||\";\n\n        // 执行解析\n        List<BankTransaction> transactions = BankTransactionParser.parseBankTransactions(bankData);\n\n        // 断言验证\n        assertNotNull(\"交易记录列表不应为空\", transactions);\n        assertEquals(\"应解析出2条交易记录\", 2, transactions.size());\n\n        // 验证第一条记录\n        BankTransaction firstTransaction = transactions.get(0);\n        assertNotNull(\"第一条交易记录不应为空\", firstTransaction);\n        assertEquals(\"状态不正确\", \"0\", firstTransaction.getStatus());\n        assertEquals(\"交易日期不正确\", \"20251105\", firstTransaction.getTransactionDate());\n        assertEquals(\"交易时间不正确\", \"093003\", firstTransaction.getTransactionTime());\n        assertEquals(\"业务类型不正确\", \"2\", firstTransaction.getBusinessType());\n        assertEquals(\"流水号不正确\", \"EBB0001P70190041\", firstTransaction.getSerialNumber());\n        assertEquals(\"流水序号不正确\", \"1\", firstTransaction.getSequenceNumber());\n        assertEquals(\"账号不正确\", \"310069079018800073806\", firstTransaction.getAccountNumber());\n        assertEquals(\"户名不正确\", \"怒访址撵鉴遮斌粤惨佣\", firstTransaction.getAccountName());\n        assertEquals(\"收支标志不正确\", \"D\", firstTransaction.getIncomeExpenseFlag());\n        assertEquals(\"币种不正确\", \"CNY\", firstTransaction.getCurrency());\n        assertEquals(\"交易金额不正确\", \"100.00\", firstTransaction.getTransactionAmount());\n        assertEquals(\"余额不正确\", \"11991096.17\", firstTransaction.getBalance());\n        assertEquals(\"可用余额不正确\", \"0\", firstTransaction.getAvailableBalance());\n        assertEquals(\"附言不正确\", \"q2yuyh5004#测试1\", firstTransaction.getRemarkMemo());\n        assertEquals(\"交易码不正确\", \"101700\", firstTransaction.getTransactionCode());\n\n        // 验证第二条记录\n        BankTransaction secondTransaction = transactions.get(1);\n        assertEquals(\"第二条记录的流水号不正确\", \"EBB0001P70080041\", secondTransaction.getSerialNumber());\n        assertEquals(\"第二条记录的流水序号不正确\", \"2\", secondTransaction.getSequenceNumber());\n        assertEquals(\"第二条记录的余额不正确\", \"11990996.17\", secondTransaction.getBalance());\n\n        log.info(\"✅ 测试通过：成功解析 {} 条银行交易记录\", transactions.size());\n        BankTransactionParser.printParsingResult(transactions);\n    }\n\n    /**\n     * 测试空数据解析\n     */\n    @Test\n    public void testParseEmptyData() {\n        String emptyData = \"\";\n        List<BankTransaction> transactions = BankTransactionParser.parseBankTransactions(emptyData);\n        assertNotNull(\"空数据应返回空列表\", transactions);\n        assertTrue(\"空数据应返回空列表\", transactions.isEmpty());\n\n        log.info(\"✅ 空数据解析测试通过\");\n    }\n\n    /**\n     * 测试格式异常数据\n     */\n    @Test\n    public void testParseMalformedData() {\n        // 测试字段数量不正确的数据行\n        String malformedData = \"状态|交易日期|交易时间|业务类型\\n\" +\n                \"0|20251105|093003|2|多余的字段|多余的字段\";\n\n        List<BankTransaction> transactions = BankTransactionParser.parseBankTransactions(malformedData);\n        assertNotNull(\"异常数据应返回空列表\", transactions);\n        assertTrue(\"异常数据应返回空列表\", transactions.isEmpty());\n\n        log.info(\"✅ 格式异常数据解析测试通过\");\n    }\n\n    /**\n     * 测试用户提供的完整数据\n     */\n    @Test\n    public void testParseUserProvidedData() {\n        // 使用用户提供的完整数据进行测试（截取前几条）\n        String userData = \"状态|交易日期|交易时间|业务类型|流水号|流水序号|账号|户名|收支标志|币种|交易金额|余额|可用余额|对方账号|对方户名|对方地址|对方开户行行号|对方开户行行名|票据种类|票据号码|票据名称|票据签发日期|附言|备注|交易码|备用\\n\" +\n                \"0|20251105|093003|2|EBB0001P70190041|1|310069079018800073806|怒访址撵鉴遮斌粤惨佣|D|CNY|100.00|11991096.17|0|81100614850188002002204|僧铃抬鲸届系括冉翘损御缎缠||01110146999|交通银行北京广渠路支行||||||q2yuyh5004#测试1|101700||\\n\" +\n                \"0|20251105|093022|2|EBB0001P70080041|2|310069079018800073806|怒访址撵鉴遮斌粤惨佣|D|CNY|100.00|11990996.17|0|81100614850188002002205|僧铃抬鲸届系括冉翘损御缎缠||01110146999|交通银行北京广渠路支行||||||q2yuyh50054#测试1|101700||\\n\" +\n                \"0|20251105|093041|2|EBB0001P70160051|3|310069079018800073806|怒访址撵鉴遮斌粤惨佣|D|CNY|100.00|11990896.17|0|81100614850188002002206|僧铃抬鲸届系括冉翘损御缎缠||01110146999|交通银行北京广渠路支行||||||q2yuy454#测试1|101700||\\n\" +\n                \"0|20251105|093058|2|EBB0001P70160052|4|310069079018800073806|怒访址撵鉴遮斌粤惨佣|D|CNY|100.00|11990796.17|0|81100614850188002002207|僧铃抬鲸届系括冉翘损御缎缠||01110146999|交通银行北京广渠路支行||||||q2yuy4554#测试1|101700||\";\n\n        List<BankTransaction> transactions = BankTransactionParser.parseBankTransactions(userData);\n\n        assertEquals(\"应解析出完整的4条交易记录\", 4, transactions.size());\n\n        // 验证解析的数据完整性\n        for (int i = 0; i < transactions.size(); i++) {\n            BankTransaction transaction = transactions.get(i);\n            assertNotNull(\"交易记录不应为空\", transaction);\n            assertEquals(\"账号应一致\", \"310069079018800073806\", transaction.getAccountNumber());\n            assertEquals(\"户名应一致\", \"怒访址撵鉴遮斌粤惨佣\", transaction.getAccountName());\n            assertEquals(\"币种应一致\", \"CNY\", transaction.getCurrency());\n            assertEquals(\"收支标志应一致\", \"D\", transaction.getIncomeExpenseFlag());\n        }\n\n        log.info(\"✅ 用户数据测试通过：成功解析 {} 条完整交易记录\", transactions.size());\n    }\n\n    /**\n     * 测试账号脱敏功能\n     */\n    @Test\n    public void testAccountNumberMasking() {\n        String testData = \"状态|交易日期|交易时间|业务类型|流水号|流水序号|账号|户名|收支标志|币种|交易金额|余额|可用余额|对方账号|对方户名|对方地址|对方开户行行号|对方开户行行名|票据种类|票据号码|票据名称|票据签发日期|附言|备注|交易码|备用\\n\" +\n                \"0|20251105|093003|2|EBB0001P70190041|1|310069079018800073806|测试户名|D|CNY|100.00|11991096.17|0|81100614850188002002204|对方户名||01110146999|开户行名称||||||测试附言|101700||\";\n\n        List<BankTransaction> transactions = BankTransactionParser.parseBankTransactions(testData);\n        Transaction transaction = transactions.get(0);\n\n        // 验证账号不应为空\n        assertNotNull(\"账号不应为空\", transaction.getAccountNumber());\n        assertNotNull(\"对方账号不应为空\", transaction.getCounterpartyAccount());\n\n        log.info(\"✅ 账号脱敏测试通过\");\n    }\n}","scheme":"file","completed":false,"isEnd":false,"failed":false}
[55864] [2026-01-09 20:03:52] [VERBOSE] [VIRTUALEDITOR]  VirtualEditor.openVirtualDiffDocument, args: absolutePath=/Users/xiaoliu/baidu/bpit-proc-apps/pmc/pmc-basic-bankcommon/src/main/java/com/baidu/pmc/bankcommon/core/utils/BankTransactionDemo.java,stream=true,source=E2EBotConversation,acceptable=true,action=edit,openFileDiff=false,conversationId=20fec48e-734a-4cda-b6a7-4b56823ff21d,elementId=6960ee80f87c787b160b3fb2,inlineView=true
[55864] [2026-01-09 20:03:52] [INFO] [ENGINE]  <--------- ENGINE SEND: VIRTUAL_EDITOR_EVENT {"action":"openVirtualDiffDocument","payload":{"absolutePath":"/Users/xiaoliu/baidu/bpit-proc-apps/pmc/pmc-basic-bankcommon/src/main/java/com/baidu/pmc/bankcommon/core/utils/BankTransactionDemo.java","content":"","modified":"package com.baidu.pmc.bankcommon.core.utils;\n\nimport com.baidu.pmc.bankcommon.core.model.BankTransaction;\nimport lombok.extern.slf4j.Slf4j;\n\nimport java.util.List;\n\n/**\n * 银行交易记录解析演示类\n * 展示如何使用BankTransactionParser解析银行流水数据\n * \n * @author baidu.pmc\n * @since 2025-01-09\n */\n@Slf4j\npublic class BankTransactionDemo {\n\n    /**\n     * 演示银行流水数据解析\n     */\n    public static void main(String[] args) {\n        // 模拟银行流水数据（用户提供的实际数据）\n        String bankTransactionData = \"状态|交易日期|交易时间|业务类型|流水号|流水序号|账号|户名|收支标志|币种|交易金额|余额|可用余额|对方账号|对方户名|对方地址|对方开户行行号|对方开户行行名|票据种类|票据号码|票据名称|票据签发日期|附言|备注|交易码|备用\\n\" +\n                \"0|20251105|093003|2|EBB0001P70190041|1|310069079018800073806|怒访址撵鉴遮斌粤惨佣|D|CNY|100.00|11991096.17|0|81100614850188002002204|僧铃抬鲸届系括冉翘损御缎缠||01110146999|交通银行北京广渠路支行||||||q2yuyh5004#测试1|101700||\\n\" +\n                \"0|20251105|093022|2|EBB0001P70080041|2|310069079018800073806|怒访址撵鉴遮斌粤惨佣|D|CNY|100.00|11990996.17|0|81100614850188002002205|僧铃抬鲸届系括冉翘损御缎缠||01110146999|交通银行北京广渠路支行||||||q2yuyh50054#测试1|101700||\\n\" +\n                \"0|20251105|093041|2|EBB0001P70160051|3|310069079018800073806|怒访址撵鉴遮斌粤惨佣|D|CNY|100.00|11990896.17|0|81100614850188002002206|僧铃抬鲸届系括冉翘损御缎缠||01110146999|交通银行北京广渠路支行||||||q2yuy454#测试1|101700||\\n\" +\n                \"0|20251105|093058|2|EBB0001P70160052|4|310069079018800073806|怒访址撵鉴遮斌粤惨佣|D|CNY|100.00|11990796.17|0|81100614850188002002207|僧铃抬鲸届系括冉翘损御缎缠||01110146999|交通银行北京广渠路支行||||||q2yuy4554#测试1|101700||\";\n\n        log.info(\"🎯 开始演示银行交易记录解析...\");\n        \n        // 解析银行交易记录\n        List<BankTransaction> transactions = BankTransactionParser.parseBankTransactions(bankTransactionData);\n        \n        // 打印解析结果\n        log.info(\"✅ 解析完成！共处理 {} 条交易记录\", transactions.size());\n        \n        // 展示详细解析结果\n        displayParsingResults(transactions);\n        \n        // 统计信息\n        displayStatistics(transactions);\n        \n        // 业务逻辑示例：统计收支情况\n        analyzeTransactionTrends(transactions);\n    }\n    \n    /**\n     * 展示解析结果\n     */\n    private static void displayParsingResults(List<BankTransaction> transactions) {\n        log.info(\"\\n📊 详细解析结果:\");\n        log.info(\"=\".repeat(80));\n        \n        for (int i = 0; i < Math.min(transactions.size(), 3); i++) {\n            BankTransaction transaction = transactions.get(i);\n            log.info(\"第 {} 条交易记录:\", i + 1);\n            log.info(\"  交易时间: {} {}\", transaction.getTransactionDate(), transaction.getTransactionTime());\n            log.info(\"  流水信息: {}(序号:{})\", transaction.getSerialNumber(), transaction.getSequenceNumber());\n            log.info(\"  账户信息: {} - {}\", \n                    maskAccountNumber(transaction.getAccountNumber()), \n                    transaction.getAccountName());\n            log.info(\"  交易详情: {} {} {}\", \n                    transaction.getIncomeExpenseFlag(), \n                    transaction.getCurrency(), \n                    transaction.getTransactionAmount());\n            log.info(\"  余额变化: {}\", transaction.getBalance());\n            log.info(\"  对方账户: {} - {}\", \n                    maskAccountNumber(transaction.getCounterpartyAccount()),\n                    transaction.getCounterpartyName());\n            log.info(\"  附言说明: {}\", transaction.getRemarkMemo());\n            log.info(\"-\".repeat(60));\n        }\n        \n        if (transactions.size() > 3) {\n            log.info(\"... 省略 {} 条记录\", transactions.size() - 3);\n        }\n    }\n    \n    /**\n     * 展示统计分析\n     */\n    private static void displayStatistics(List<BankTransaction> transactions) {\n        log.info(\"\\n📈 交易统计信息:\");\n        log.info(\"=\".repeat(80));\n        \n        // 统计交易笔数\n        int totalCount = transactions.size();\n        \n        // 统计收支金额\n        double totalExpense = 0.0;\n        double totalIncome = 0.0;\n        \n        for (BankTransaction transaction : transactions) {\n            try {\n                Double amount = Double.parseDouble(transaction.getTransactionAmount());\n                if (\"D\".equals(transaction.getIncomeExpenseFlag())) {\n                    totalExpense += amount;\n                } else if (\"C\".equals(transaction.getIncomeExpenseFlag())) {\n                    totalIncome += amount;\n                }\n            } catch (NumberFormatException e) {\n                log.warn(\"金额格式异常: {}\", transaction.getTransactionAmount());\n            }\n        }\n        \n        log.info(\"总交易笔数: {}\", totalCount);\n        log.info(\"总支出金额: {:.2f} CNY\", totalExpense);\n        log.info(\"总收入金额: {:.2f} CNY\", totalIncome);\n        log.info(\"净收支金额: {:.2f} CNY\", totalIncome - totalExpense);\n        \n        // 账户余额变化\n        if (transactions.size() >= 2) {\n            try {\n                double startBalance = Double.parseDouble(transactions.get(0).getBalance());\n                double endBalance = Double.parseDouble(transactions.get(transactions.size() - 1).getBalance());\n                log.info(\"期初余额: {:.2f} CNY\", startBalance);\n                log.info(\"期末余额: {:.2f} CNY\", endBalance);\n                log.info(\"余额变化: {:.2f} CNY\", endBalance - startBalance);\n            } catch (NumberFormatException e) {\n                log.warn(\"余额格式解析异常\");\n            }\n        }\n    }\n    \n    /**\n     * 分析交易趋势\n     */\n    private static void analyzeTransactionTrends(List<BankTransaction> transactions) {\n        log.info(\"\\n🔍 交易趋势分析:\");\n        log.info(\"=\".repeat(80));\n        \n        // 按交易时间统计\n        log.info(\"交易时间分布:\");\n        transactions.stream()\n                .map(t -> t.getTransactionDate() + \" \" + t.getTransactionTime())\n                .distinct()\n                .sorted()\n                .forEach(time -> log.info(\"  {}\", time));\n        \n        // 统计交易类型\n        long expenseCount = transactions.stream()\n                .filter(t -> \"D\".equals(t.getIncomeExpenseFlag()))\n                .count();\n        long incomeCount = transactions.stream()\n                .filter(t -> \"C\".equals(t.getIncomeExpenseFlag()))\n                .count();\n        \n        log.info(\"交易类型统计:\");\n        log.info(\"  支出交易: {} 笔 ({:.1f}%)\", expenseCount, (expenseCount * 100.0 / transactions.size()));\n        log.info(\"  收入交易: {} 笔 ({:.1f}%)\", incomeCount, (incomeCount * 100.0 / transactions.size()));\n    }\n    \n    /**\n     * 账号脱敏处理\n     */\n    private static String maskAccountNumber(String accountNumber) {\n        if (accountNumber == null || accountNumber.length() <= 8) {\n            return accountNumber;\n        }\n        return accountNumber.substring(0, 4) + \"****\" + accountNumber.substring(accountNumber.length() - 4);\n    }\n}","stream":true,"source":"E2EBotConversation","acceptable":true,"action":"edit","openFileDiff":false,"conversationId":"20fec48e-734a-4cda-b6a7-4b56823ff21d","elementId":"6960ee80f87c787b160b3fb2","inlineView":true,"uuid":"a4524131-c820-45e6-ae0c-d7fa6773b09b"}}
[55864] [2026-01-09 20:03:53] [INFO] [ENGINE]  ---------> ENGINE REC: COMATE_AGENT_NEW_MESSAGE {"data":"{\"agentPayload\":{\"messageType\":\"refresh-messages\",\"conversationId\":\"20fec48e-734a-4cda-b6a7-4b56823ff21d\",\"payload\":{}}}"}
[55864] [2026-01-09 20:03:53] [INFO] [CONVERSATIONMANAGER]  onConversationMessage {"messageType":"refresh-messages","conversationId":"20fec48e-734a-4cda-b6a7-4b56823ff21d","payload":{}}
[55864] [2026-01-09 20:03:55] [VERBOSE] [VIRTUALEDITOR]  VirtualEditor.getDocument, args: absolutePath=/Users/xiaoliu/baidu/bpit-proc-apps/pmc/pmc-basic-bankcommon/src/main/java/com/baidu/pmc/bankcommon/core/utils/BankTransactionDemo.java
[55864] [2026-01-09 20:03:55] [INFO] [ENGINE]  <--------- ENGINE SEND: VIRTUAL_EDITOR_EVENT {"action":"getDocument","payload":{"absolutePath":"/Users/xiaoliu/baidu/bpit-proc-apps/pmc/pmc-basic-bankcommon/src/main/java/com/baidu/pmc/bankcommon/core/utils/BankTransactionDemo.java","uuid":"997b9545-1039-47f0-8740-2779e76727b5"}}
[55864] [2026-01-09 20:03:55] [INFO] [ENGINE]  ---------> ENGINE REC: VIRTUAL_EDITOR_EVENT {"uuid":"997b9545-1039-47f0-8740-2779e76727b5","existed":true,"content":"package com.baidu.pmc.bankcommon.core.utils;\n\nimport com.baidu.pmc.bankcommon.core.model.BankTransaction;\nimport lombok.extern.slf4j.Slf4j;\n\nimport java.util.List;\n\n/**\n * 银行交易记录解析演示类\n * 展示如何使用BankTransactionParser解析银行流水数据\n *\n * @author baidu.pmc\n * @since 2025-01-09\n */\n@Slf4j\npublic class BankTransactionDemo {\n\n    /**\n     * 演示银行流水数据解析\n     */\n    public static void main(String[] args) {\n        // 模拟银行流水数据（用户提供的实际数据）\n        String bankTransactionData = \"状态|交易日期|交易时间|业务类型|流水号|流水序号|账号|户名|收支标志|币种|交易金额|余额|可用余额|对方账号|对方户名|对方地址|对方开户行行号|对方开户行行名|票据种类|票据号码|票据名称|票据签发日期|附言|备注|交易码|备用\\n\" +\n                \"0|20251105|093003|2|EBB0001P70190041|1|310069079018800073806|怒访址撵鉴遮斌粤惨佣|D|CNY|100.00|11991096.17|0|81100614850188002002204|僧铃抬鲸届系括冉翘损御缎缠||01110146999|交通银行北京广渠路支行||||||q2yuyh5004#测试1|101700||\\n\" +\n                \"0|20251105|093022|2|EBB0001P70080041|2|310069079018800073806|怒访址撵鉴遮斌粤惨佣|D|CNY|100.00|11990996.17|0|81100614850188002002205|僧铃抬鲸届系括冉翘损御缎缠||01110146999|交通银行北京广渠路支行||||||q2yuyh50054#测试1|101700||\\n\" +\n                \"0|20251105|093041|2|EBB0001P70160051|3|310069079018800073806|怒访址撵鉴遮斌粤惨佣|D|CNY|100.00|11990896.17|0|81100614850188002002206|僧铃抬鲸届系括冉翘损御缎缠||01110146999|交通银行北京广渠路支行||||||q2yuy454#测试1|101700||\\n\" +\n                \"0|20251105|093058|2|EBB0001P70160052|4|310069079018800073806|怒访址撵鉴遮斌粤惨佣|D|CNY|100.00|11990796.17|0|81100614850188002002207|僧铃抬鲸届系括冉翘损御缎缠||01110146999|交通银行北京广渠路支行||||||q2yuy4554#测试1|101700||\";\n\n        log.info(\"🎯 开始演示银行交易记录解析...\");\n\n        // 解析银行交易记录\n        List<BankTransaction> transactions = BankTransactionParser.parseBankTransactions(bankTransactionData);\n\n        // 打印解析结果\n        log.info(\"✅ 解析完成！共处理 {} 条交易记录\", transactions.size());\n\n        // 展示详细解析结果\n        displayParsingResults(transactions);\n\n        // 统计信息\n        displayStatistics(transactions);\n\n        // 业务逻辑示例：统计收支情况\n        analyzeTransactionTrends(transactions);\n    }\n\n    /**\n     * 展示解析结果\n     */\n    private static void displayParsingResults(List<BankTransaction> transactions) {\n        log.info(\"\\n📊 详细解析结果:\");\n        log.info(\"=\".repeat(80));\n\n        for (int i = 0; i < Math.min(transactions.size(), 3); i++) {\n            BankTransaction transaction = transactions.get(i);\n            log.info(\"第 {} 条交易记录:\", i + 1);\n            log.info(\"  交易时间: {} {}\", transaction.getTransactionDate(), transaction.getTransactionTime());\n            log.info(\"  流水信息: {}(序号:{})\", transaction.getSerialNumber(), transaction.getSequenceNumber());\n            log.info(\"  账户信息: {} - {}\",\n                    maskAccountNumber(transaction.getAccountNumber()),\n                    transaction.getAccountName());\n            log.info(\"  交易详情: {} {} {}\",\n                    transaction.getIncomeExpenseFlag(),\n                    transaction.getCurrency(),\n                    transaction.getTransactionAmount());\n            log.info(\"  余额变化: {}\", transaction.getBalance());\n            log.info(\"  对方账户: {} - {}\",\n                    maskAccountNumber(transaction.getCounterpartyAccount()),\n                    transaction.getCounterpartyName());\n            log.info(\"  附言说明: {}\", transaction.getRemarkMemo());\n            log.info(\"-\".repeat(60));\n        }\n\n        if (transactions.size() > 3) {\n            log.info(\"... 省略 {} 条记录\", transactions.size() - 3);\n        }\n    }\n\n    /**\n     * 展示统计分析\n     */\n    private static void displayStatistics(List<BankTransaction> transactions) {\n        log.info(\"\\n📈 交易统计信息:\");\n        log.info(\"=\".repeat(80));\n\n        // 统计交易笔数\n        int totalCount = transactions.size();\n\n        // 统计收支金额\n        double totalExpense = 0.0;\n        double totalIncome = 0.0;\n\n        for (BankTransaction transaction : transactions) {\n            try {\n                Double amount = Double.parseDouble(transaction.getTransactionAmount());\n                if (\"D\".equals(transaction.getIncomeExpenseFlag())) {\n                    totalExpense += amount;\n                } else if (\"C\".equals(transaction.getIncomeExpenseFlag())) {\n                    totalIncome += amount;\n                }\n            } catch (NumberFormatException e) {\n                log.warn(\"金额格式异常: {}\", transaction.getTransactionAmount());\n            }\n        }\n\n        log.info(\"总交易笔数: {}\", totalCount);\n        log.info(\"总支出金额: {:.2f} CNY\", totalExpense);\n        log.info(\"总收入金额: {:.2f} CNY\", totalIncome);\n        log.info(\"净收支金额: {:.2f} CNY\", totalIncome - totalExpense);\n\n        // 账户余额变化\n        if (transactions.size() >= 2) {\n            try {\n                double startBalance = Double.parseDouble(transactions.get(0).getBalance());\n                double endBalance = Double.parseDouble(transactions.get(transactions.size() - 1).getBalance());\n                log.info(\"期初余额: {:.2f} CNY\", startBalance);\n                log.info(\"期末余额: {:.2f} CNY\", endBalance);\n                log.info(\"余额变化: {:.2f} CNY\", endBalance - startBalance);\n            } catch (NumberFormatException e) {\n                log.warn(\"余额格式解析异常\");\n            }\n        }\n    }\n\n    /**\n     * 分析交易趋势\n     */\n    private static void analyzeTransactionTrends(List<BankTransaction> transactions) {\n        log.info(\"\\n🔍 交易趋势分析:\");\n        log.info(\"=\".repeat(80));\n\n        // 按交易时间统计\n        log.info(\"交易时间分布:\");\n        transactions.stream()\n                .map(t -> t.getTransactionDate() + \" \" + t.getTransactionTime())\n                .distinct()\n                .sorted()\n                .forEach(time -> log.info(\"  {}\", time));\n\n        // 统计交易类型\n        long expenseCount = transactions.stream()\n                .filter(t -> \"D\".equals(t.getIncomeExpenseFlag()))\n                .count();\n        long incomeCount = transactions.stream()\n                .filter(t -> \"C\".equals(t.getIncomeExpenseFlag()))\n                .count();\n\n        log.info(\"交易类型统计:\");\n        log.info(\"  支出交易: {} 笔 ({:.1f}%)\", expenseCount, (expenseCount * 100.0 / transactions.size()));\n        log.info(\"  收入交易: {} 笔 ({:.1f}%)\", incomeCount, (incomeCount * 100.0 / transactions.size()));\n    }\n\n    /**\n     * 账号脱敏处理\n     */\n    private static String maskAccountNumber(String accountNumber) {\n        if (accountNumber == null || accountNumber.length() <= 8) {\n            return accountNumber;\n        }\n        return accountNumber.substring(0, 4) + \"****\" + accountNumber.substring(accountNumber.length() - 4);\n    }\n}","completed":false,"isEnd":false,"failed":false}
[55864] [2026-01-09 20:03:55] [VERBOSE] [VIRTUALEDITOR]  VirtualEditor.getDocument, args: absolutePath=/Users/xiaoliu/baidu/bpit-proc-apps/pmc/.comate/rules/rules.mdr
[55864] [2026-01-09 20:03:55] [INFO] [ENGINE]  <--------- ENGINE SEND: VIRTUAL_EDITOR_EVENT {"action":"getDocument","payload":{"absolutePath":"/Users/xiaoliu/baidu/bpit-proc-apps/pmc/.comate/rules/rules.mdr","uuid":"022d7ed5-6e2d-4fda-8838-c0568b4f4ca4"}}
[55864] [2026-01-09 20:03:55] [INFO] [ENGINE]  ---------> ENGINE REC: VIRTUAL_EDITOR_EVENT {"uuid":"022d7ed5-6e2d-4fda-8838-c0568b4f4ca4","existed":true,"content":"---\n alwaysApply: true \n---\n# 百度PMC支付管理中心项目规则\n\n## 项目概览\n\n**项目定位**: 百度企业金融支付管理中心，处理多银行渠道的企业支付业务\n**架构模式**: Spring Cloud微服务架构，按银行维度模块化设计\n**技术栈**: Spring Boot 1.5.9 + MyBatis + Spring Cloud Netflix + Hessian\n\n## 核心架构规则\n\n### 模块划分原则\n- **银行独立模块**: 每个银行对应独立服务模块（pmc-basic-{bank-code}）\n- **通用支撑模块**: pmc-basic-common（基础设施）、pmc-basic-pojo（数据模型）、pmc-basic-persistence（数据访问）\n- **业务核心模块**: pmc-basic-service（核心业务）、pmc-basic-web（网关层）\n- **策略模式**: 所有银行模块实现统一BankStrategy接口，运行时动态选择具体实现\n\n### 分层架构规范\n```\nController层 → Service层 → 银行策略层 → Persistence层\n```\n- Controller: 统一使用@RestController，返回ResponseMessage包装对象\n- Service: 接口+实现类模式，使用Spring声明式事务\n- 策略层: 通过BankStrategyEnum枚举选择具体银行实现\n- Persistence: MyBatis + 通用Mapper，XML映射文件位于resources/mapper/\n\n## 开发契约\n\n### 异常处理模式\n- 全局异常处理器: 使用@RestControllerAdvice统一处理FeignException、AccessDeniedException等\n- 统一响应: 所有API返回ResponseMessage对象（包含status、message、data字段）\n- 操作日志: 基于MyBatis拦截器自动记录DELETE/UPDATE操作，异步写入\n\n### 银行接口封装规范\n- **报文标准化**: 统一使用MessageBuilder构建银行报文，ResponseXmlParser解析响应\n- **XML处理**: 使用JDOM2处理银行XML报文，XPath进行节点操作\n- **安全机制**: 各银行独立处理加密、证书、签名等安全要求\n- **通信协议**: 主要使用HTTP+XML，部分银行支持FTP/SFTP\n\n### 命名规范\n- **包名**: com.baidu.pmc.{bank-code}.{layer}\n- **类名**: {BankCode}{Function}（如：CmbController、IcbcService）\n- **方法名**: selectXxx、queryXxx、insertXxx、updateXxx、deleteXxx\n- **表名**: pmc_{bank-code}_{entity-name}\n- **模块名**: pmc-basic-{bank-code}\n\n### 配置管理\n- **多环境支持**: Maven profiles管理local/dev/test/uat/sit/vir/online环境\n- **配置中心**: Spring Cloud Config集中管理配置\n- **服务注册**: Eureka进行服务发现和注册\n- **网关路由**: Zuul统一路由转发和过滤处理\n\n## 关键开发模式\n\n### 银行适配器模式\n每个银行模块独立部署，通过策略模式实现统一调用：\n1. 定义BankStrategy接口规范\n2. 各银行实现具体的策略类\n3. 通过BankStrategyEnum选择具体实现\n4. 运行时动态绑定银行特定逻辑\n\n### 数据一致性保障\n- **事务边界**: Service层定义事务边界，跨银行操作使用最终一致性\n- **幂等性**: 支付指令使用唯一标识，支持重复提交校验\n- **状态管理**: 统一支付状态流转（待发送→已发送→处理中→成功/失败）\n\n### 异步处理机制\n- **异步日志**: 使用@Async注解实现操作日志异步写入\n- **消息推送**: 集成百度微云消息中心进行状态通知\n- **重试机制**: 银行接口调用支持可配置的重试策略\n\n## 环境配置\n\n### 端口分配\n各银行服务使用不同端口避免冲突：\n- 主服务: 8080\n- 招商银行: 8081\n- 工商银行: 8082\n- 建设银行: 8083\n- [需人工确认] 其他银行端口按顺序分配\n\n### 构建部署\n- **构建工具**: Maven多模块项目，Java 8编译\n- **CI/CD**: BCloud平台自动化构建\n- **构建脚本**: 各环境独立脚本（sitBuild.sh、uatBuild.sh等）\n- **产出物**: 统一输出到output目录\n\n## 集成规范\n\n### 百度内部系统集成\n- **认证系统**: UUAP统一认证，支持单点登录\n- **消息中心**: 百度微云消息中心推送状态变更通知\n- **工作流**: WK工作流引擎处理审批流程\n\n### 外部接口规范\n- **RESTful API**: 统一使用REST风格接口\n- **数据格式**: JSON为主，银行接口使用XML\n- **错误码**: 统一错误码规范，区分系统错误和业务错误\n\n## 注意事项\n\n1. **银行模块隔离**: 禁止跨银行模块直接调用，必须通过策略模式\n2. **环境配置**: 严格按Maven profile进行环境隔离，禁止配置混淆\n3. **安全要求**: 银行敏感信息（密钥、证书）按各银行要求独立管理\n4. **事务边界**: 避免跨银行事务，使用补偿机制保证最终一致性\n5. **版本兼容**: Spring Boot 1.5.9版本，注意依赖版本冲突\n\n---\n\n**最后更新**: 2025-11-09\n**适用范围**: 百度PMC支付管理中心所有开发活动\n**规则优先级**: 项目级规则 > 通用开发规范 > 个人编码习惯","completed":false,"isEnd":false,"failed":false}
[55864] [2026-01-09 20:03:56] [INFO] [ENGINE]  ---------> ENGINE REC: COMATE_AGENT_NEW_MESSAGE {"data":"{\"agentPayload\":{\"messageType\":\"refresh-messages\",\"conversationId\":\"20fec48e-734a-4cda-b6a7-4b56823ff21d\",\"payload\":{}}}"}
[55864] [2026-01-09 20:03:56] [INFO] [CONVERSATIONMANAGER]  onConversationMessage {"messageType":"refresh-messages","conversationId":"20fec48e-734a-4cda-b6a7-4b56823ff21d","payload":{}}
[55864] [2026-01-09 20:04:00] [VERBOSE] [VIRTUALEDITOR]  VirtualEditor.getDocument, args: absolutePath=/Users/xiaoliu/baidu/bpit-proc-apps/pmc/TestBankTransactionParser.java
[55864] [2026-01-09 20:04:00] [INFO] [ENGINE]  <--------- ENGINE SEND: VIRTUAL_EDITOR_EVENT {"action":"getDocument","payload":{"absolutePath":"/Users/xiaoliu/baidu/bpit-proc-apps/pmc/TestBankTransactionParser.java","uuid":"39067608-e65e-4606-92ef-7108bd17defa"}}
[55864] [2026-01-09 20:04:00] [VERBOSE] [VIRTUALEDITOR]  VirtualEditor.deleteDocument, args: absolutePath=/Users/xiaoliu/baidu/bpit-proc-apps/pmc/TestBankTransactionParser.java
[55864] [2026-01-09 20:04:00] [INFO] [ENGINE]  <--------- ENGINE SEND: VIRTUAL_EDITOR_EVENT {"action":"deleteDocument","payload":{"absolutePath":"/Users/xiaoliu/baidu/bpit-proc-apps/pmc/TestBankTransactionParser.java","uuid":"79e3ef78-9c87-4183-bae1-5aba03c29d4d"}}
[55864] [2026-01-09 20:04:00] [VERBOSE] [VIRTUALEDITOR]  VirtualEditor.getDocument, args: absolutePath=/Users/xiaoliu/baidu/bpit-proc-apps/pmc/.comate/rules/rules.mdr
[55864] [2026-01-09 20:04:00] [INFO] [ENGINE]  <--------- ENGINE SEND: VIRTUAL_EDITOR_EVENT {"action":"getDocument","payload":{"absolutePath":"/Users/xiaoliu/baidu/bpit-proc-apps/pmc/.comate/rules/rules.mdr","uuid":"0b671894-c137-45af-9e92-83a455724e4e"}}
[55864] [2026-01-09 20:04:00] [INFO] [ENGINE]  ---------> ENGINE REC: VIRTUAL_EDITOR_EVENT {"uuid":"0b671894-c137-45af-9e92-83a455724e4e","existed":true,"content":"---\n alwaysApply: true \n---\n# 百度PMC支付管理中心项目规则\n\n## 项目概览\n\n**项目定位**: 百度企业金融支付管理中心，处理多银行渠道的企业支付业务\n**架构模式**: Spring Cloud微服务架构，按银行维度模块化设计\n**技术栈**: Spring Boot 1.5.9 + MyBatis + Spring Cloud Netflix + Hessian\n\n## 核心架构规则\n\n### 模块划分原则\n- **银行独立模块**: 每个银行对应独立服务模块（pmc-basic-{bank-code}）\n- **通用支撑模块**: pmc-basic-common（基础设施）、pmc-basic-pojo（数据模型）、pmc-basic-persistence（数据访问）\n- **业务核心模块**: pmc-basic-service（核心业务）、pmc-basic-web（网关层）\n- **策略模式**: 所有银行模块实现统一BankStrategy接口，运行时动态选择具体实现\n\n### 分层架构规范\n```\nController层 → Service层 → 银行策略层 → Persistence层\n```\n- Controller: 统一使用@RestController，返回ResponseMessage包装对象\n- Service: 接口+实现类模式，使用Spring声明式事务\n- 策略层: 通过BankStrategyEnum枚举选择具体银行实现\n- Persistence: MyBatis + 通用Mapper，XML映射文件位于resources/mapper/\n\n## 开发契约\n\n### 异常处理模式\n- 全局异常处理器: 使用@RestControllerAdvice统一处理FeignException、AccessDeniedException等\n- 统一响应: 所有API返回ResponseMessage对象（包含status、message、data字段）\n- 操作日志: 基于MyBatis拦截器自动记录DELETE/UPDATE操作，异步写入\n\n### 银行接口封装规范\n- **报文标准化**: 统一使用MessageBuilder构建银行报文，ResponseXmlParser解析响应\n- **XML处理**: 使用JDOM2处理银行XML报文，XPath进行节点操作\n- **安全机制**: 各银行独立处理加密、证书、签名等安全要求\n- **通信协议**: 主要使用HTTP+XML，部分银行支持FTP/SFTP\n\n### 命名规范\n- **包名**: com.baidu.pmc.{bank-code}.{layer}\n- **类名**: {BankCode}{Function}（如：CmbController、IcbcService）\n- **方法名**: selectXxx、queryXxx、insertXxx、updateXxx、deleteXxx\n- **表名**: pmc_{bank-code}_{entity-name}\n- **模块名**: pmc-basic-{bank-code}\n\n### 配置管理\n- **多环境支持**: Maven profiles管理local/dev/test/uat/sit/vir/online环境\n- **配置中心**: Spring Cloud Config集中管理配置\n- **服务注册**: Eureka进行服务发现和注册\n- **网关路由**: Zuul统一路由转发和过滤处理\n\n## 关键开发模式\n\n### 银行适配器模式\n每个银行模块独立部署，通过策略模式实现统一调用：\n1. 定义BankStrategy接口规范\n2. 各银行实现具体的策略类\n3. 通过BankStrategyEnum选择具体实现\n4. 运行时动态绑定银行特定逻辑\n\n### 数据一致性保障\n- **事务边界**: Service层定义事务边界，跨银行操作使用最终一致性\n- **幂等性**: 支付指令使用唯一标识，支持重复提交校验\n- **状态管理**: 统一支付状态流转（待发送→已发送→处理中→成功/失败）\n\n### 异步处理机制\n- **异步日志**: 使用@Async注解实现操作日志异步写入\n- **消息推送**: 集成百度微云消息中心进行状态通知\n- **重试机制**: 银行接口调用支持可配置的重试策略\n\n## 环境配置\n\n### 端口分配\n各银行服务使用不同端口避免冲突：\n- 主服务: 8080\n- 招商银行: 8081\n- 工商银行: 8082\n- 建设银行: 8083\n- [需人工确认] 其他银行端口按顺序分配\n\n### 构建部署\n- **构建工具**: Maven多模块项目，Java 8编译\n- **CI/CD**: BCloud平台自动化构建\n- **构建脚本**: 各环境独立脚本（sitBuild.sh、uatBuild.sh等）\n- **产出物**: 统一输出到output目录\n\n## 集成规范\n\n### 百度内部系统集成\n- **认证系统**: UUAP统一认证，支持单点登录\n- **消息中心**: 百度微云消息中心推送状态变更通知\n- **工作流**: WK工作流引擎处理审批流程\n\n### 外部接口规范\n- **RESTful API**: 统一使用REST风格接口\n- **数据格式**: JSON为主，银行接口使用XML\n- **错误码**: 统一错误码规范，区分系统错误和业务错误\n\n## 注意事项\n\n1. **银行模块隔离**: 禁止跨银行模块直接调用，必须通过策略模式\n2. **环境配置**: 严格按Maven profile进行环境隔离，禁止配置混淆\n3. **安全要求**: 银行敏感信息（密钥、证书）按各银行要求独立管理\n4. **事务边界**: 避免跨银行事务，使用补偿机制保证最终一致性\n5. **版本兼容**: Spring Boot 1.5.9版本，注意依赖版本冲突\n\n---\n\n**最后更新**: 2025-11-09\n**适用范围**: 百度PMC支付管理中心所有开发活动\n**规则优先级**: 项目级规则 > 通用开发规范 > 个人编码习惯","completed":false,"isEnd":false,"failed":false}
[55864] [2026-01-09 20:04:01] [INFO] [ENGINE]  ---------> ENGINE REC: COMATE_AGENT_NEW_MESSAGE {"data":"{\"agentPayload\":{\"messageType\":\"refresh-messages\",\"conversationId\":\"20fec48e-734a-4cda-b6a7-4b56823ff21d\",\"payload\":{}}}"}
[55864] [2026-01-09 20:04:01] [INFO] [CONVERSATIONMANAGER]  onConversationMessage {"messageType":"refresh-messages","conversationId":"20fec48e-734a-4cda-b6a7-4b56823ff21d","payload":{}}
[55864] [2026-01-09 20:04:03] [VERBOSE] [VIRTUALEDITOR]  VirtualEditor.getDocument, args: absolutePath=/Users/xiaoliu/baidu/bpit-proc-apps/pmc/FixParseLogic.java
[55864] [2026-01-09 20:04:03] [INFO] [ENGINE]  <--------- ENGINE SEND: VIRTUAL_EDITOR_EVENT {"action":"getDocument","payload":{"absolutePath":"/Users/xiaoliu/baidu/bpit-proc-apps/pmc/FixParseLogic.java","uuid":"bda38901-4745-43f7-94ab-75b402dffc74"}}
[55864] [2026-01-09 20:04:03] [VERBOSE] [VIRTUALEDITOR]  VirtualEditor.deleteDocument, args: absolutePath=/Users/xiaoliu/baidu/bpit-proc-apps/pmc/FixParseLogic.java
[55864] [2026-01-09 20:04:03] [INFO] [ENGINE]  <--------- ENGINE SEND: VIRTUAL_EDITOR_EVENT {"action":"deleteDocument","payload":{"absolutePath":"/Users/xiaoliu/baidu/bpit-proc-apps/pmc/FixParseLogic.java","uuid":"95d452fc-6fce-4ec4-8677-85fcaa095f37"}}
[55864] [2026-01-09 20:04:03] [VERBOSE] [VIRTUALEDITOR]  VirtualEditor.getDocument, args: absolutePath=/Users/xiaoliu/baidu/bpit-proc-apps/pmc/.comate/rules/rules.mdr
[55864] [2026-01-09 20:04:03] [INFO] [ENGINE]  <--------- ENGINE SEND: VIRTUAL_EDITOR_EVENT {"action":"getDocument","payload":{"absolutePath":"/Users/xiaoliu/baidu/bpit-proc-apps/pmc/.comate/rules/rules.mdr","uuid":"6ce1a1a2-e3f8-4ef5-b43c-321ed9dfdfd7"}}
[55864] [2026-01-09 20:04:03] [INFO] [ENGINE]  ---------> ENGINE REC: VIRTUAL_EDITOR_EVENT {"uuid":"6ce1a1a2-e3f8-4ef5-b43c-321ed9dfdfd7","existed":true,"content":"---\n alwaysApply: true \n---\n# 百度PMC支付管理中心项目规则\n\n## 项目概览\n\n**项目定位**: 百度企业金融支付管理中心，处理多银行渠道的企业支付业务\n**架构模式**: Spring Cloud微服务架构，按银行维度模块化设计\n**技术栈**: Spring Boot 1.5.9 + MyBatis + Spring Cloud Netflix + Hessian\n\n## 核心架构规则\n\n### 模块划分原则\n- **银行独立模块**: 每个银行对应独立服务模块（pmc-basic-{bank-code}）\n- **通用支撑模块**: pmc-basic-common（基础设施）、pmc-basic-pojo（数据模型）、pmc-basic-persistence（数据访问）\n- **业务核心模块**: pmc-basic-service（核心业务）、pmc-basic-web（网关层）\n- **策略模式**: 所有银行模块实现统一BankStrategy接口，运行时动态选择具体实现\n\n### 分层架构规范\n```\nController层 → Service层 → 银行策略层 → Persistence层\n```\n- Controller: 统一使用@RestController，返回ResponseMessage包装对象\n- Service: 接口+实现类模式，使用Spring声明式事务\n- 策略层: 通过BankStrategyEnum枚举选择具体银行实现\n- Persistence: MyBatis + 通用Mapper，XML映射文件位于resources/mapper/\n\n## 开发契约\n\n### 异常处理模式\n- 全局异常处理器: 使用@RestControllerAdvice统一处理FeignException、AccessDeniedException等\n- 统一响应: 所有API返回ResponseMessage对象（包含status、message、data字段）\n- 操作日志: 基于MyBatis拦截器自动记录DELETE/UPDATE操作，异步写入\n\n### 银行接口封装规范\n- **报文标准化**: 统一使用MessageBuilder构建银行报文，ResponseXmlParser解析响应\n- **XML处理**: 使用JDOM2处理银行XML报文，XPath进行节点操作\n- **安全机制**: 各银行独立处理加密、证书、签名等安全要求\n- **通信协议**: 主要使用HTTP+XML，部分银行支持FTP/SFTP\n\n### 命名规范\n- **包名**: com.baidu.pmc.{bank-code}.{layer}\n- **类名**: {BankCode}{Function}（如：CmbController、IcbcService）\n- **方法名**: selectXxx、queryXxx、insertXxx、updateXxx、deleteXxx\n- **表名**: pmc_{bank-code}_{entity-name}\n- **模块名**: pmc-basic-{bank-code}\n\n### 配置管理\n- **多环境支持**: Maven profiles管理local/dev/test/uat/sit/vir/online环境\n- **配置中心**: Spring Cloud Config集中管理配置\n- **服务注册**: Eureka进行服务发现和注册\n- **网关路由**: Zuul统一路由转发和过滤处理\n\n## 关键开发模式\n\n### 银行适配器模式\n每个银行模块独立部署，通过策略模式实现统一调用：\n1. 定义BankStrategy接口规范\n2. 各银行实现具体的策略类\n3. 通过BankStrategyEnum选择具体实现\n4. 运行时动态绑定银行特定逻辑\n\n### 数据一致性保障\n- **事务边界**: Service层定义事务边界，跨银行操作使用最终一致性\n- **幂等性**: 支付指令使用唯一标识，支持重复提交校验\n- **状态管理**: 统一支付状态流转（待发送→已发送→处理中→成功/失败）\n\n### 异步处理机制\n- **异步日志**: 使用@Async注解实现操作日志异步写入\n- **消息推送**: 集成百度微云消息中心进行状态通知\n- **重试机制**: 银行接口调用支持可配置的重试策略\n\n## 环境配置\n\n### 端口分配\n各银行服务使用不同端口避免冲突：\n- 主服务: 8080\n- 招商银行: 8081\n- 工商银行: 8082\n- 建设银行: 8083\n- [需人工确认] 其他银行端口按顺序分配\n\n### 构建部署\n- **构建工具**: Maven多模块项目，Java 8编译\n- **CI/CD**: BCloud平台自动化构建\n- **构建脚本**: 各环境独立脚本（sitBuild.sh、uatBuild.sh等）\n- **产出物**: 统一输出到output目录\n\n## 集成规范\n\n### 百度内部系统集成\n- **认证系统**: UUAP统一认证，支持单点登录\n- **消息中心**: 百度微云消息中心推送状态变更通知\n- **工作流**: WK工作流引擎处理审批流程\n\n### 外部接口规范\n- **RESTful API**: 统一使用REST风格接口\n- **数据格式**: JSON为主，银行接口使用XML\n- **错误码**: 统一错误码规范，区分系统错误和业务错误\n\n## 注意事项\n\n1. **银行模块隔离**: 禁止跨银行模块直接调用，必须通过策略模式\n2. **环境配置**: 严格按Maven profile进行环境隔离，禁止配置混淆\n3. **安全要求**: 银行敏感信息（密钥、证书）按各银行要求独立管理\n4. **事务边界**: 避免跨银行事务，使用补偿机制保证最终一致性\n5. **版本兼容**: Spring Boot 1.5.9版本，注意依赖版本冲突\n\n---\n\n**最后更新**: 2025-11-09\n**适用范围**: 百度PMC支付管理中心所有开发活动\n**规则优先级**: 项目级规则 > 通用开发规范 > 个人编码习惯","completed":false,"isEnd":false,"failed":false}
[55864] [2026-01-09 20:04:03] [VERBOSE] [VIRTUALEDITOR]  VirtualEditor.closeDocument, args: absolutePath=/Users/xiaoliu/baidu/bpit-proc-apps/pmc/TestBankTransactionParser.java
[55864] [2026-01-09 20:04:03] [INFO] [ENGINE]  <--------- ENGINE SEND: VIRTUAL_EDITOR_EVENT {"action":"closeDocument","payload":{"absolutePath":"/Users/xiaoliu/baidu/bpit-proc-apps/pmc/TestBankTransactionParser.java","uuid":"5fd1e917-c47c-4719-884b-2b6feedec23d"}}
[55864] [2026-01-09 20:04:04] [INFO] [ENGINE]  ---------> ENGINE REC: COMATE_AGENT_NEW_MESSAGE {"data":"{\"agentPayload\":{\"messageType\":\"refresh-messages\",\"conversationId\":\"20fec48e-734a-4cda-b6a7-4b56823ff21d\",\"payload\":{}}}"}
[55864] [2026-01-09 20:04:04] [INFO] [CONVERSATIONMANAGER]  onConversationMessage {"messageType":"refresh-messages","conversationId":"20fec48e-734a-4cda-b6a7-4b56823ff21d","payload":{}}
[55864] [2026-01-09 20:04:06] [VERBOSE] [VIRTUALEDITOR]  VirtualEditor.closeDocument, args: absolutePath=/Users/xiaoliu/baidu/bpit-proc-apps/pmc/FixParseLogic.java
[55864] [2026-01-09 20:04:06] [INFO] [ENGINE]  <--------- ENGINE SEND: VIRTUAL_EDITOR_EVENT {"action":"closeDocument","payload":{"absolutePath":"/Users/xiaoliu/baidu/bpit-proc-apps/pmc/FixParseLogic.java","uuid":"8bfde1d1-9e50-404f-aee1-6d07c92b6491"}}
[55864] [2026-01-09 20:04:08] [VERBOSE] [VIRTUALEDITOR]  VirtualEditor.getDocument, args: absolutePath=/Users/xiaoliu/baidu/bpit-proc-apps/pmc/DebugDataFormat.java
[55864] [2026-01-09 20:04:08] [INFO] [ENGINE]  <--------- ENGINE SEND: VIRTUAL_EDITOR_EVENT {"action":"getDocument","payload":{"absolutePath":"/Users/xiaoliu/baidu/bpit-proc-apps/pmc/DebugDataFormat.java","uuid":"a1b6ff7b-b9a7-4865-944e-91c92dfc9f7c"}}
[55864] [2026-01-09 20:04:08] [INFO] [ENGINE]  ---------> ENGINE REC: VIRTUAL_EDITOR_EVENT {"uuid":"a1b6ff7b-b9a7-4865-944e-91c92dfc9f7c","existed":true,"content":"public class DebugDataFormat {\n    public static void main(String[] args) {\n        // 用户提供的原始数据\n        String userData = \"状态|交易日期|交易时间|业务类型|流水号|流水序号|账号|户名|收支标志|币种|交易金额|余额|可用余额|对方账号|对方户名|对方地址|对方开户行行号|对方开户行行名|票据种类|票据号码|票据名称|票据签发日期|附言|备注|交易码|备用\\n\" +\n                \"0|20251105|093003|2|EBB0001P70190041|1|310069079018800073806|怒访址撵鉴遮斌粤惨佣|D|CNY|100.00|11991096.17|0|81100614850188002002204|僧铃抬鲸届系括冉翘损御缎缠||01110146999|交通银行北京广渠路支行||||||q2yuyh5004#测试1|101700||\\n\" +\n                \"0|20251105|093022|2|EBB0001P70080041|2|310069079018800073806|怒访址撵鉴遮斌粤惨佣|D|CNY|100.00|11990996.17|0|81100614850188002002205|僧铃抬鲸届系括冉翘损御缎缠||01110146999|交通银行北京广渠路支行||||||q2yuyh50054#测试1|101700||\";\n\n        System.out.println(\"=== 数据格式分析 ===\");\n\n        String[] lines = userData.split(\"\\n\");\n        System.out.println(\"总行数: \" + lines.length);\n        System.out.println();\n\n        // 分析表头\n        System.out.println(\"📋 表头分析:\");\n        String headerLine = lines[0];\n        String[] headerFields = headerLine.split(\"\\\\|\", -1);\n        System.out.println(\"表头字段数量: \" + headerFields.length);\n        for (int i = 0; i < headerFields.length; i++) {\n            System.out.println(\"  \" + i + \": '\" + headerFields[i] + \"'\");\n        }\n\n        System.out.println();\n\n        // 分析数据行\n        for (int i = 1; i < lines.length; i++) {\n            System.out.println(\"📊 第\" + i + \"行数据分析:\");\n            String dataLine = lines[i];\n            String[] dataFields = dataLine.split(\"\\\\|\", -1);\n            System.out.println(\"数据字段数量: \" + dataFields.length);\n\n            for (int j = 0; j < dataFields.length; j++) {\n                System.out.println(\"  \" + j + \": '\" + dataFields[j] + \"'\");\n            }\n            System.out.println();\n\n            // 检查是否存在字段数量不一致的问题\n            if (dataFields.length != headerFields.length) {\n                System.out.println(\"⚠️ 字段数量不匹配: 表头\" + headerFields.length + \"个 vs 数据\" + dataFields.length + \"个\");\n            }\n        }\n\n        System.out.println(\"=== 字段对应关系分析 ===\");\n        String[] headerFields2 = lines[0].split(\"\\\\|\", -1);\n        String[] dataFields2 = lines[1].split(\"\\\\|\", -1);\n\n        int maxLen = Math.max(headerFields2.length, dataFields2.length);\n        for (int i = 0; i < maxLen; i++) {\n            String header = i < headerFields2.length ? headerFields2[i] : \"[无]\";\n            String data = i < dataFields2.length ? dataFields2[i] : \"[无]\";\n            System.out.printf(\"%2d. %-15s => %s%n\", i, header, data);\n        }\n    }\n}","completed":false,"isEnd":false,"failed":false}
[55864] [2026-01-09 20:04:08] [VERBOSE] [VIRTUALEDITOR]  VirtualEditor.deleteDocument, args: absolutePath=/Users/xiaoliu/baidu/bpit-proc-apps/pmc/DebugDataFormat.java
[55864] [2026-01-09 20:04:08] [INFO] [ENGINE]  <--------- ENGINE SEND: VIRTUAL_EDITOR_EVENT {"action":"deleteDocument","payload":{"absolutePath":"/Users/xiaoliu/baidu/bpit-proc-apps/pmc/DebugDataFormat.java","uuid":"aa8fe5a1-17e0-4775-892c-13bfc5f308a8"}}
[55864] [2026-01-09 20:04:08] [VERBOSE] [VIRTUALEDITOR]  VirtualEditor.getDocument, args: absolutePath=/Users/xiaoliu/baidu/bpit-proc-apps/pmc/.comate/rules/rules.mdr
[55864] [2026-01-09 20:04:08] [INFO] [ENGINE]  <--------- ENGINE SEND: VIRTUAL_EDITOR_EVENT {"action":"getDocument","payload":{"absolutePath":"/Users/xiaoliu/baidu/bpit-proc-apps/pmc/.comate/rules/rules.mdr","uuid":"8578134c-57b8-41d7-a338-f54a604bb0ae"}}
[55864] [2026-01-09 20:04:08] [INFO] [ENGINE]  ---------> ENGINE REC: VIRTUAL_EDITOR_EVENT {"uuid":"8578134c-57b8-41d7-a338-f54a604bb0ae","existed":true,"content":"---\n alwaysApply: true \n---\n# 百度PMC支付管理中心项目规则\n\n## 项目概览\n\n**项目定位**: 百度企业金融支付管理中心，处理多银行渠道的企业支付业务\n**架构模式**: Spring Cloud微服务架构，按银行维度模块化设计\n**技术栈**: Spring Boot 1.5.9 + MyBatis + Spring Cloud Netflix + Hessian\n\n## 核心架构规则\n\n### 模块划分原则\n- **银行独立模块**: 每个银行对应独立服务模块（pmc-basic-{bank-code}）\n- **通用支撑模块**: pmc-basic-common（基础设施）、pmc-basic-pojo（数据模型）、pmc-basic-persistence（数据访问）\n- **业务核心模块**: pmc-basic-service（核心业务）、pmc-basic-web（网关层）\n- **策略模式**: 所有银行模块实现统一BankStrategy接口，运行时动态选择具体实现\n\n### 分层架构规范\n```\nController层 → Service层 → 银行策略层 → Persistence层\n```\n- Controller: 统一使用@RestController，返回ResponseMessage包装对象\n- Service: 接口+实现类模式，使用Spring声明式事务\n- 策略层: 通过BankStrategyEnum枚举选择具体银行实现\n- Persistence: MyBatis + 通用Mapper，XML映射文件位于resources/mapper/\n\n## 开发契约\n\n### 异常处理模式\n- 全局异常处理器: 使用@RestControllerAdvice统一处理FeignException、AccessDeniedException等\n- 统一响应: 所有API返回ResponseMessage对象（包含status、message、data字段）\n- 操作日志: 基于MyBatis拦截器自动记录DELETE/UPDATE操作，异步写入\n\n### 银行接口封装规范\n- **报文标准化**: 统一使用MessageBuilder构建银行报文，ResponseXmlParser解析响应\n- **XML处理**: 使用JDOM2处理银行XML报文，XPath进行节点操作\n- **安全机制**: 各银行独立处理加密、证书、签名等安全要求\n- **通信协议**: 主要使用HTTP+XML，部分银行支持FTP/SFTP\n\n### 命名规范\n- **包名**: com.baidu.pmc.{bank-code}.{layer}\n- **类名**: {BankCode}{Function}（如：CmbController、IcbcService）\n- **方法名**: selectXxx、queryXxx、insertXxx、updateXxx、deleteXxx\n- **表名**: pmc_{bank-code}_{entity-name}\n- **模块名**: pmc-basic-{bank-code}\n\n### 配置管理\n- **多环境支持**: Maven profiles管理local/dev/test/uat/sit/vir/online环境\n- **配置中心**: Spring Cloud Config集中管理配置\n- **服务注册**: Eureka进行服务发现和注册\n- **网关路由**: Zuul统一路由转发和过滤处理\n\n## 关键开发模式\n\n### 银行适配器模式\n每个银行模块独立部署，通过策略模式实现统一调用：\n1. 定义BankStrategy接口规范\n2. 各银行实现具体的策略类\n3. 通过BankStrategyEnum选择具体实现\n4. 运行时动态绑定银行特定逻辑\n\n### 数据一致性保障\n- **事务边界**: Service层定义事务边界，跨银行操作使用最终一致性\n- **幂等性**: 支付指令使用唯一标识，支持重复提交校验\n- **状态管理**: 统一支付状态流转（待发送→已发送→处理中→成功/失败）\n\n### 异步处理机制\n- **异步日志**: 使用@Async注解实现操作日志异步写入\n- **消息推送**: 集成百度微云消息中心进行状态通知\n- **重试机制**: 银行接口调用支持可配置的重试策略\n\n## 环境配置\n\n### 端口分配\n各银行服务使用不同端口避免冲突：\n- 主服务: 8080\n- 招商银行: 8081\n- 工商银行: 8082\n- 建设银行: 8083\n- [需人工确认] 其他银行端口按顺序分配\n\n### 构建部署\n- **构建工具**: Maven多模块项目，Java 8编译\n- **CI/CD**: BCloud平台自动化构建\n- **构建脚本**: 各环境独立脚本（sitBuild.sh、uatBuild.sh等）\n- **产出物**: 统一输出到output目录\n\n## 集成规范\n\n### 百度内部系统集成\n- **认证系统**: UUAP统一认证，支持单点登录\n- **消息中心**: 百度微云消息中心推送状态变更通知\n- **工作流**: WK工作流引擎处理审批流程\n\n### 外部接口规范\n- **RESTful API**: 统一使用REST风格接口\n- **数据格式**: JSON为主，银行接口使用XML\n- **错误码**: 统一错误码规范，区分系统错误和业务错误\n\n## 注意事项\n\n1. **银行模块隔离**: 禁止跨银行模块直接调用，必须通过策略模式\n2. **环境配置**: 严格按Maven profile进行环境隔离，禁止配置混淆\n3. **安全要求**: 银行敏感信息（密钥、证书）按各银行要求独立管理\n4. **事务边界**: 避免跨银行事务，使用补偿机制保证最终一致性\n5. **版本兼容**: Spring Boot 1.5.9版本，注意依赖版本冲突\n\n---\n\n**最后更新**: 2025-11-09\n**适用范围**: 百度PMC支付管理中心所有开发活动\n**规则优先级**: 项目级规则 > 通用开发规范 > 个人编码习惯","completed":false,"isEnd":false,"failed":false}
[55864] [2026-01-09 20:04:08] [INFO] [ENGINE]  ---------> ENGINE REC: COMATE_AGENT_NEW_MESSAGE {"data":"{\"agentPayload\":{\"messageType\":\"refresh-messages\",\"conversationId\":\"20fec48e-734a-4cda-b6a7-4b56823ff21d\",\"payload\":{}}}"}
[55864] [2026-01-09 20:04:08] [INFO] [CONVERSATIONMANAGER]  onConversationMessage {"messageType":"refresh-messages","conversationId":"20fec48e-734a-4cda-b6a7-4b56823ff21d","payload":{}}
[55864] [2026-01-09 20:04:11] [VERBOSE] [VIRTUALEDITOR]  VirtualEditor.closeDocument, args: absolutePath=/Users/xiaoliu/baidu/bpit-proc-apps/pmc/DebugDataFormat.java
[55864] [2026-01-09 20:04:11] [INFO] [ENGINE]  <--------- ENGINE SEND: VIRTUAL_EDITOR_EVENT {"action":"closeDocument","payload":{"absolutePath":"/Users/xiaoliu/baidu/bpit-proc-apps/pmc/DebugDataFormat.java","uuid":"7618e312-4253-4e9c-ae0c-4e8d54dc73df"}}
[55864] [2026-01-09 20:04:11] [VERBOSE] [VIRTUALEDITOR]  VirtualEditor.getDocument, args: absolutePath=/Users/xiaoliu/baidu/bpit-proc-apps/pmc/CorrectParser.java
[55864] [2026-01-09 20:04:11] [INFO] [ENGINE]  <--------- ENGINE SEND: VIRTUAL_EDITOR_EVENT {"action":"getDocument","payload":{"absolutePath":"/Users/xiaoliu/baidu/bpit-proc-apps/pmc/CorrectParser.java","uuid":"cb2367dd-e7a2-454c-a75e-eab5006608d5"}}
[55864] [2026-01-09 20:04:11] [VERBOSE] [VIRTUALEDITOR]  VirtualEditor.deleteDocument, args: absolutePath=/Users/xiaoliu/baidu/bpit-proc-apps/pmc/CorrectParser.java
[55864] [2026-01-09 20:04:11] [INFO] [ENGINE]  <--------- ENGINE SEND: VIRTUAL_EDITOR_EVENT {"action":"deleteDocument","payload":{"absolutePath":"/Users/xiaoliu/baidu/bpit-proc-apps/pmc/CorrectParser.java","uuid":"20b0b625-a729-448b-81d8-769eeb67736b"}}
[55864] [2026-01-09 20:04:11] [VERBOSE] [VIRTUALEDITOR]  VirtualEditor.getDocument, args: absolutePath=/Users/xiaoliu/baidu/bpit-proc-apps/pmc/.comate/rules/rules.mdr
[55864] [2026-01-09 20:04:11] [INFO] [ENGINE]  <--------- ENGINE SEND: VIRTUAL_EDITOR_EVENT {"action":"getDocument","payload":{"absolutePath":"/Users/xiaoliu/baidu/bpit-proc-apps/pmc/.comate/rules/rules.mdr","uuid":"0149cafc-65e6-4aac-afd5-3793187905e1"}}
[55864] [2026-01-09 20:04:11] [INFO] [ENGINE]  ---------> ENGINE REC: VIRTUAL_EDITOR_EVENT {"uuid":"0149cafc-65e6-4aac-afd5-3793187905e1","existed":true,"content":"---\n alwaysApply: true \n---\n# 百度PMC支付管理中心项目规则\n\n## 项目概览\n\n**项目定位**: 百度企业金融支付管理中心，处理多银行渠道的企业支付业务\n**架构模式**: Spring Cloud微服务架构，按银行维度模块化设计\n**技术栈**: Spring Boot 1.5.9 + MyBatis + Spring Cloud Netflix + Hessian\n\n## 核心架构规则\n\n### 模块划分原则\n- **银行独立模块**: 每个银行对应独立服务模块（pmc-basic-{bank-code}）\n- **通用支撑模块**: pmc-basic-common（基础设施）、pmc-basic-pojo（数据模型）、pmc-basic-persistence（数据访问）\n- **业务核心模块**: pmc-basic-service（核心业务）、pmc-basic-web（网关层）\n- **策略模式**: 所有银行模块实现统一BankStrategy接口，运行时动态选择具体实现\n\n### 分层架构规范\n```\nController层 → Service层 → 银行策略层 → Persistence层\n```\n- Controller: 统一使用@RestController，返回ResponseMessage包装对象\n- Service: 接口+实现类模式，使用Spring声明式事务\n- 策略层: 通过BankStrategyEnum枚举选择具体银行实现\n- Persistence: MyBatis + 通用Mapper，XML映射文件位于resources/mapper/\n\n## 开发契约\n\n### 异常处理模式\n- 全局异常处理器: 使用@RestControllerAdvice统一处理FeignException、AccessDeniedException等\n- 统一响应: 所有API返回ResponseMessage对象（包含status、message、data字段）\n- 操作日志: 基于MyBatis拦截器自动记录DELETE/UPDATE操作，异步写入\n\n### 银行接口封装规范\n- **报文标准化**: 统一使用MessageBuilder构建银行报文，ResponseXmlParser解析响应\n- **XML处理**: 使用JDOM2处理银行XML报文，XPath进行节点操作\n- **安全机制**: 各银行独立处理加密、证书、签名等安全要求\n- **通信协议**: 主要使用HTTP+XML，部分银行支持FTP/SFTP\n\n### 命名规范\n- **包名**: com.baidu.pmc.{bank-code}.{layer}\n- **类名**: {BankCode}{Function}（如：CmbController、IcbcService）\n- **方法名**: selectXxx、queryXxx、insertXxx、updateXxx、deleteXxx\n- **表名**: pmc_{bank-code}_{entity-name}\n- **模块名**: pmc-basic-{bank-code}\n\n### 配置管理\n- **多环境支持**: Maven profiles管理local/dev/test/uat/sit/vir/online环境\n- **配置中心**: Spring Cloud Config集中管理配置\n- **服务注册**: Eureka进行服务发现和注册\n- **网关路由**: Zuul统一路由转发和过滤处理\n\n## 关键开发模式\n\n### 银行适配器模式\n每个银行模块独立部署，通过策略模式实现统一调用：\n1. 定义BankStrategy接口规范\n2. 各银行实现具体的策略类\n3. 通过BankStrategyEnum选择具体实现\n4. 运行时动态绑定银行特定逻辑\n\n### 数据一致性保障\n- **事务边界**: Service层定义事务边界，跨银行操作使用最终一致性\n- **幂等性**: 支付指令使用唯一标识，支持重复提交校验\n- **状态管理**: 统一支付状态流转（待发送→已发送→处理中→成功/失败）\n\n### 异步处理机制\n- **异步日志**: 使用@Async注解实现操作日志异步写入\n- **消息推送**: 集成百度微云消息中心进行状态通知\n- **重试机制**: 银行接口调用支持可配置的重试策略\n\n## 环境配置\n\n### 端口分配\n各银行服务使用不同端口避免冲突：\n- 主服务: 8080\n- 招商银行: 8081\n- 工商银行: 8082\n- 建设银行: 8083\n- [需人工确认] 其他银行端口按顺序分配\n\n### 构建部署\n- **构建工具**: Maven多模块项目，Java 8编译\n- **CI/CD**: BCloud平台自动化构建\n- **构建脚本**: 各环境独立脚本（sitBuild.sh、uatBuild.sh等）\n- **产出物**: 统一输出到output目录\n\n## 集成规范\n\n### 百度内部系统集成\n- **认证系统**: UUAP统一认证，支持单点登录\n- **消息中心**: 百度微云消息中心推送状态变更通知\n- **工作流**: WK工作流引擎处理审批流程\n\n### 外部接口规范\n- **RESTful API**: 统一使用REST风格接口\n- **数据格式**: JSON为主，银行接口使用XML\n- **错误码**: 统一错误码规范，区分系统错误和业务错误\n\n## 注意事项\n\n1. **银行模块隔离**: 禁止跨银行模块直接调用，必须通过策略模式\n2. **环境配置**: 严格按Maven profile进行环境隔离，禁止配置混淆\n3. **安全要求**: 银行敏感信息（密钥、证书）按各银行要求独立管理\n4. **事务边界**: 避免跨银行事务，使用补偿机制保证最终一致性\n5. **版本兼容**: Spring Boot 1.5.9版本，注意依赖版本冲突\n\n---\n\n**最后更新**: 2025-11-09\n**适用范围**: 百度PMC支付管理中心所有开发活动\n**规则优先级**: 项目级规则 > 通用开发规范 > 个人编码习惯","completed":false,"isEnd":false,"failed":false}
[55864] [2026-01-09 20:04:12] [INFO] [ENGINE]  ---------> ENGINE REC: COMATE_AGENT_NEW_MESSAGE {"data":"{\"agentPayload\":{\"messageType\":\"refresh-messages\",\"conversationId\":\"20fec48e-734a-4cda-b6a7-4b56823ff21d\",\"payload\":{}}}"}
[55864] [2026-01-09 20:04:12] [INFO] [CONVERSATIONMANAGER]  onConversationMessage {"messageType":"refresh-messages","conversationId":"20fec48e-734a-4cda-b6a7-4b56823ff21d","payload":{}}
[55864] [2026-01-09 20:04:14] [VERBOSE] [VIRTUALEDITOR]  VirtualEditor.getDocument, args: absolutePath=/Users/xiaoliu/baidu/bpit-proc-apps/pmc/FinalParser.java
[55864] [2026-01-09 20:04:14] [INFO] [ENGINE]  <--------- ENGINE SEND: VIRTUAL_EDITOR_EVENT {"action":"getDocument","payload":{"absolutePath":"/Users/xiaoliu/baidu/bpit-proc-apps/pmc/FinalParser.java","uuid":"209cb613-b429-4a74-a03b-8b6064d243a0"}}
[55864] [2026-01-09 20:04:14] [VERBOSE] [VIRTUALEDITOR]  VirtualEditor.deleteDocument, args: absolutePath=/Users/xiaoliu/baidu/bpit-proc-apps/pmc/FinalParser.java
[55864] [2026-01-09 20:04:14] [INFO] [ENGINE]  <--------- ENGINE SEND: VIRTUAL_EDITOR_EVENT {"action":"deleteDocument","payload":{"absolutePath":"/Users/xiaoliu/baidu/bpit-proc-apps/pmc/FinalParser.java","uuid":"7f11619a-6c97-40b3-b180-6e0ba7e2c49e"}}
[55864] [2026-01-09 20:04:14] [VERBOSE] [VIRTUALEDITOR]  VirtualEditor.getDocument, args: absolutePath=/Users/xiaoliu/baidu/bpit-proc-apps/pmc/.comate/rules/rules.mdr
[55864] [2026-01-09 20:04:14] [INFO] [ENGINE]  <--------- ENGINE SEND: VIRTUAL_EDITOR_EVENT {"action":"getDocument","payload":{"absolutePath":"/Users/xiaoliu/baidu/bpit-proc-apps/pmc/.comate/rules/rules.mdr","uuid":"8b2c98f4-9d9d-4ec5-a3c8-bc4c7539966c"}}
[55864] [2026-01-09 20:04:14] [INFO] [ENGINE]  ---------> ENGINE REC: VIRTUAL_EDITOR_EVENT {"uuid":"8b2c98f4-9d9d-4ec5-a3c8-bc4c7539966c","existed":true,"content":"---\n alwaysApply: true \n---\n# 百度PMC支付管理中心项目规则\n\n## 项目概览\n\n**项目定位**: 百度企业金融支付管理中心，处理多银行渠道的企业支付业务\n**架构模式**: Spring Cloud微服务架构，按银行维度模块化设计\n**技术栈**: Spring Boot 1.5.9 + MyBatis + Spring Cloud Netflix + Hessian\n\n## 核心架构规则\n\n### 模块划分原则\n- **银行独立模块**: 每个银行对应独立服务模块（pmc-basic-{bank-code}）\n- **通用支撑模块**: pmc-basic-common（基础设施）、pmc-basic-pojo（数据模型）、pmc-basic-persistence（数据访问）\n- **业务核心模块**: pmc-basic-service（核心业务）、pmc-basic-web（网关层）\n- **策略模式**: 所有银行模块实现统一BankStrategy接口，运行时动态选择具体实现\n\n### 分层架构规范\n```\nController层 → Service层 → 银行策略层 → Persistence层\n```\n- Controller: 统一使用@RestController，返回ResponseMessage包装对象\n- Service: 接口+实现类模式，使用Spring声明式事务\n- 策略层: 通过BankStrategyEnum枚举选择具体银行实现\n- Persistence: MyBatis + 通用Mapper，XML映射文件位于resources/mapper/\n\n## 开发契约\n\n### 异常处理模式\n- 全局异常处理器: 使用@RestControllerAdvice统一处理FeignException、AccessDeniedException等\n- 统一响应: 所有API返回ResponseMessage对象（包含status、message、data字段）\n- 操作日志: 基于MyBatis拦截器自动记录DELETE/UPDATE操作，异步写入\n\n### 银行接口封装规范\n- **报文标准化**: 统一使用MessageBuilder构建银行报文，ResponseXmlParser解析响应\n- **XML处理**: 使用JDOM2处理银行XML报文，XPath进行节点操作\n- **安全机制**: 各银行独立处理加密、证书、签名等安全要求\n- **通信协议**: 主要使用HTTP+XML，部分银行支持FTP/SFTP\n\n### 命名规范\n- **包名**: com.baidu.pmc.{bank-code}.{layer}\n- **类名**: {BankCode}{Function}（如：CmbController、IcbcService）\n- **方法名**: selectXxx、queryXxx、insertXxx、updateXxx、deleteXxx\n- **表名**: pmc_{bank-code}_{entity-name}\n- **模块名**: pmc-basic-{bank-code}\n\n### 配置管理\n- **多环境支持**: Maven profiles管理local/dev/test/uat/sit/vir/online环境\n- **配置中心**: Spring Cloud Config集中管理配置\n- **服务注册**: Eureka进行服务发现和注册\n- **网关路由**: Zuul统一路由转发和过滤处理\n\n## 关键开发模式\n\n### 银行适配器模式\n每个银行模块独立部署，通过策略模式实现统一调用：\n1. 定义BankStrategy接口规范\n2. 各银行实现具体的策略类\n3. 通过BankStrategyEnum选择具体实现\n4. 运行时动态绑定银行特定逻辑\n\n### 数据一致性保障\n- **事务边界**: Service层定义事务边界，跨银行操作使用最终一致性\n- **幂等性**: 支付指令使用唯一标识，支持重复提交校验\n- **状态管理**: 统一支付状态流转（待发送→已发送→处理中→成功/失败）\n\n### 异步处理机制\n- **异步日志**: 使用@Async注解实现操作日志异步写入\n- **消息推送**: 集成百度微云消息中心进行状态通知\n- **重试机制**: 银行接口调用支持可配置的重试策略\n\n## 环境配置\n\n### 端口分配\n各银行服务使用不同端口避免冲突：\n- 主服务: 8080\n- 招商银行: 8081\n- 工商银行: 8082\n- 建设银行: 8083\n- [需人工确认] 其他银行端口按顺序分配\n\n### 构建部署\n- **构建工具**: Maven多模块项目，Java 8编译\n- **CI/CD**: BCloud平台自动化构建\n- **构建脚本**: 各环境独立脚本（sitBuild.sh、uatBuild.sh等）\n- **产出物**: 统一输出到output目录\n\n## 集成规范\n\n### 百度内部系统集成\n- **认证系统**: UUAP统一认证，支持单点登录\n- **消息中心**: 百度微云消息中心推送状态变更通知\n- **工作流**: WK工作流引擎处理审批流程\n\n### 外部接口规范\n- **RESTful API**: 统一使用REST风格接口\n- **数据格式**: JSON为主，银行接口使用XML\n- **错误码**: 统一错误码规范，区分系统错误和业务错误\n\n## 注意事项\n\n1. **银行模块隔离**: 禁止跨银行模块直接调用，必须通过策略模式\n2. **环境配置**: 严格按Maven profile进行环境隔离，禁止配置混淆\n3. **安全要求**: 银行敏感信息（密钥、证书）按各银行要求独立管理\n4. **事务边界**: 避免跨银行事务，使用补偿机制保证最终一致性\n5. **版本兼容**: Spring Boot 1.5.9版本，注意依赖版本冲突\n\n---\n\n**最后更新**: 2025-11-09\n**适用范围**: 百度PMC支付管理中心所有开发活动\n**规则优先级**: 项目级规则 > 通用开发规范 > 个人编码习惯","completed":false,"isEnd":false,"failed":false}
[55864] [2026-01-09 20:04:14] [INFO] [ENGINE]  ---------> ENGINE REC: COMATE_AGENT_NEW_MESSAGE {"data":"{\"agentPayload\":{\"messageType\":\"message-operation\",\"conversationType\":null,\"conversationId\":\"20fec48e-734a-4cda-b6a7-4b56823ff21d\",\"payload\":{\"query\":null,\"action\":\"file-accept-block\",\"filePath\":\"/Users/xiaoliu/baidu/bpit-proc-apps/pmc/FinalParser.java\",\"elementId\":\"6960ed932c401c23d1a35700\",\"knowledgeList\":null,\"source\":\"\",\"acceptance\":{\"addLines\":0,\"deleteLines\":0,\"source\":\"\"},\"accepted\":true}}}"}
[55864] [2026-01-09 20:04:14] [INFO] [CONVERSATIONMANAGER]  onConversationMessage {"messageType":"message-operation","conversationType":null,"conversationId":"20fec48e-734a-4cda-b6a7-4b56823ff21d","payload":{"query":null,"action":"file-accept-block","filePath":"/Users/xiaoliu/baidu/bpit-proc-apps/pmc/FinalParser.java","elementId":"6960ed932c401c23d1a35700","knowledgeList":null,"source":"","acceptance":{"addLines":0,"deleteLines":0,"source":""},"accepted":true}}
[55864] [2026-01-09 20:04:14] [VERBOSE] [VIRTUALEDITOR]  VirtualEditor.closeDocument, args: absolutePath=/Users/xiaoliu/baidu/bpit-proc-apps/pmc/CorrectParser.java
[55864] [2026-01-09 20:04:14] [INFO] [ENGINE]  <--------- ENGINE SEND: VIRTUAL_EDITOR_EVENT {"action":"closeDocument","payload":{"absolutePath":"/Users/xiaoliu/baidu/bpit-proc-apps/pmc/CorrectParser.java","uuid":"9a5c33d1-9f6f-41cd-8a3d-0c3fc356eaa1"}}
[55864] [2026-01-09 20:04:15] [INFO] [ENGINE]  ---------> ENGINE REC: COMATE_AGENT_NEW_MESSAGE {"data":"{\"agentPayload\":{\"messageType\":\"refresh-messages\",\"conversationId\":\"20fec48e-734a-4cda-b6a7-4b56823ff21d\",\"payload\":{}}}"}
[55864] [2026-01-09 20:04:15] [INFO] [CONVERSATIONMANAGER]  onConversationMessage {"messageType":"refresh-messages","conversationId":"20fec48e-734a-4cda-b6a7-4b56823ff21d","payload":{}}
[55864] [2026-01-09 20:04:17] [VERBOSE] [VIRTUALEDITOR]  VirtualEditor.closeDocument, args: absolutePath=/Users/xiaoliu/baidu/bpit-proc-apps/pmc/FinalParser.java
[55864] [2026-01-09 20:04:17] [INFO] [ENGINE]  <--------- ENGINE SEND: VIRTUAL_EDITOR_EVENT {"action":"closeDocument","payload":{"absolutePath":"/Users/xiaoliu/baidu/bpit-proc-apps/pmc/FinalParser.java","uuid":"31860ab1-5c0a-4b6b-aaac-2d9e2c31fc3e"}}
[55864] [2026-01-09 20:04:19] [VERBOSE] [VIRTUALEDITOR]  VirtualEditor.getDocument, args: absolutePath=/Users/xiaoliu/baidu/bpit-proc-apps/pmc/pmc-basic-bankcommon/src/main/java/com/baidu/pmc/bankcommon/core/utils/BankTransactionDemo.java
[55864] [2026-01-09 20:04:19] [INFO] [ENGINE]  <--------- ENGINE SEND: VIRTUAL_EDITOR_EVENT {"action":"getDocument","payload":{"absolutePath":"/Users/xiaoliu/baidu/bpit-proc-apps/pmc/pmc-basic-bankcommon/src/main/java/com/baidu/pmc/bankcommon/core/utils/BankTransactionDemo.java","uuid":"65c9140a-bf12-42a1-8901-5def47ef267a"}}
[55864] [2026-01-09 20:04:19] [INFO] [ENGINE]  ---------> ENGINE REC: VIRTUAL_EDITOR_EVENT {"uuid":"65c9140a-bf12-42a1-8901-5def47ef267a","existed":true,"content":"package com.baidu.pmc.bankcommon.core.utils;\n\nimport com.baidu.pmc.bankcommon.core.model.BankTransaction;\nimport lombok.extern.slf4j.Slf4j;\n\nimport java.util.List;\n\n/**\n * 银行交易记录解析演示类\n * 展示如何使用BankTransactionParser解析银行流水数据\n *\n * @author baidu.pmc\n * @since 2025-01-09\n */\n@Slf4j\npublic class BankTransactionDemo {\n\n    /**\n     * 演示银行流水数据解析\n     */\n    public static void main(String[] args) {\n        // 模拟银行流水数据（用户提供的实际数据）\n        String bankTransactionData = \"状态|交易日期|交易时间|业务类型|流水号|流水序号|账号|户名|收支标志|币种|交易金额|余额|可用余额|对方账号|对方户名|对方地址|对方开户行行号|对方开户行行名|票据种类|票据号码|票据名称|票据签发日期|附言|备注|交易码|备用\\n\" +\n                \"0|20251105|093003|2|EBB0001P70190041|1|310069079018800073806|怒访址撵鉴遮斌粤惨佣|D|CNY|100.00|11991096.17|0|81100614850188002002204|僧铃抬鲸届系括冉翘损御缎缠||01110146999|交通银行北京广渠路支行||||||q2yuyh5004#测试1|101700||\\n\" +\n                \"0|20251105|093022|2|EBB0001P70080041|2|310069079018800073806|怒访址撵鉴遮斌粤惨佣|D|CNY|100.00|11990996.17|0|81100614850188002002205|僧铃抬鲸届系括冉翘损御缎缠||01110146999|交通银行北京广渠路支行||||||q2yuyh50054#测试1|101700||\\n\" +\n                \"0|20251105|093041|2|EBB0001P70160051|3|310069079018800073806|怒访址撵鉴遮斌粤惨佣|D|CNY|100.00|11990896.17|0|81100614850188002002206|僧铃抬鲸届系括冉翘损御缎缠||01110146999|交通银行北京广渠路支行||||||q2yuy454#测试1|101700||\\n\" +\n                \"0|20251105|093058|2|EBB0001P70160052|4|310069079018800073806|怒访址撵鉴遮斌粤惨佣|D|CNY|100.00|11990796.17|0|81100614850188002002207|僧铃抬鲸届系括冉翘损御缎缠||01110146999|交通银行北京广渠路支行||||||q2yuy4554#测试1|101700||\";\n\n        log.info(\"🎯 开始演示银行交易记录解析...\");\n\n        // 解析银行交易记录\n        List<BankTransaction> transactions = BankTransactionParser.parseBankTransactions(bankTransactionData);\n\n        // 打印解析结果\n        log.info(\"✅ 解析完成！共处理 {} 条交易记录\", transactions.size());\n\n        // 展示详细解析结果\n        displayParsingResults(transactions);\n\n        // 统计信息\n        displayStatistics(transactions);\n\n        // 业务逻辑示例：统计收支情况\n        analyzeTransactionTrends(transactions);\n    }\n\n    /**\n     * 展示解析结果\n     */\n    private static void displayParsingResults(List<BankTransaction> transactions) {\n        log.info(\"\\n📊 详细解析结果:\");\n        log.info(\"=\".repeat(80));\n\n        for (int i = 0; i < Math.min(transactions.size(), 3); i++) {\n            BankTransaction transaction = transactions.get(i);\n            log.info(\"第 {} 条交易记录:\", i + 1);\n            log.info(\"  交易时间: {} {}\", transaction.getTransactionDate(), transaction.getTransactionTime());\n            log.info(\"  流水信息: {}(序号:{})\", transaction.getSerialNumber(), transaction.getSequenceNumber());\n            log.info(\"  账户信息: {} - {}\",\n                    maskAccountNumber(transaction.getAccountNumber()),\n                    transaction.getAccountName());\n            log.info(\"  交易详情: {} {} {}\",\n                    transaction.getIncomeExpenseFlag(),\n                    transaction.getCurrency(),\n                    transaction.getTransactionAmount());\n            log.info(\"  余额变化: {}\", transaction.getBalance());\n            log.info(\"  对方账户: {} - {}\",\n                    maskAccountNumber(transaction.getCounterpartyAccount()),\n                    transaction.getCounterpartyName());\n            log.info(\"  附言说明: {}\", transaction.getRemarkMemo());\n            log.info(\"-\".repeat(60));\n        }\n\n        if (transactions.size() > 3) {\n            log.info(\"... 省略 {} 条记录\", transactions.size() - 3);\n        }\n    }\n\n    /**\n     * 展示统计分析\n     */\n    private static void displayStatistics(List<BankTransaction> transactions) {\n        log.info(\"\\n📈 交易统计信息:\");\n        log.info(\"=\".repeat(80));\n\n        // 统计交易笔数\n        int totalCount = transactions.size();\n\n        // 统计收支金额\n        double totalExpense = 0.0;\n        double totalIncome = 0.0;\n\n        for (BankTransaction transaction : transactions) {\n            try {\n                Double amount = Double.parseDouble(transaction.getTransactionAmount());\n                if (\"D\".equals(transaction.getIncomeExpenseFlag())) {\n                    totalExpense += amount;\n                } else if (\"C\".equals(transaction.getIncomeExpenseFlag())) {\n                    totalIncome += amount;\n                }\n            } catch (NumberFormatException e) {\n                log.warn(\"金额格式异常: {}\", transaction.getTransactionAmount());\n            }\n        }\n\n        log.info(\"总交易笔数: {}\", totalCount);\n        log.info(\"总支出金额: {:.2f} CNY\", totalExpense);\n        log.info(\"总收入金额: {:.2f} CNY\", totalIncome);\n        log.info(\"净收支金额: {:.2f} CNY\", totalIncome - totalExpense);\n\n        // 账户余额变化\n        if (transactions.size() >= 2) {\n            try {\n                double startBalance = Double.parseDouble(transactions.get(0).getBalance());\n                double endBalance = Double.parseDouble(transactions.get(transactions.size() - 1).getBalance());\n                log.info(\"期初余额: {:.2f} CNY\", startBalance);\n                log.info(\"期末余额: {:.2f} CNY\", endBalance);\n                log.info(\"余额变化: {:.2f} CNY\", endBalance - startBalance);\n            } catch (NumberFormatException e) {\n                log.warn(\"余额格式解析异常\");\n            }\n        }\n    }\n\n    /**\n     * 分析交易趋势\n     */\n    private static void analyzeTransactionTrends(List<BankTransaction> transactions) {\n        log.info(\"\\n🔍 交易趋势分析:\");\n        log.info(\"=\".repeat(80));\n\n        // 按交易时间统计\n        log.info(\"交易时间分布:\");\n        transactions.stream()\n                .map(t -> t.getTransactionDate() + \" \" + t.getTransactionTime())\n                .distinct()\n                .sorted()\n                .forEach(time -> log.info(\"  {}\", time));\n\n        // 统计交易类型\n        long expenseCount = transactions.stream()\n                .filter(t -> \"D\".equals(t.getIncomeExpenseFlag()))\n                .count();\n        long incomeCount = transactions.stream()\n                .filter(t -> \"C\".equals(t.getIncomeExpenseFlag()))\n                .count();\n\n        log.info(\"交易类型统计:\");\n        log.info(\"  支出交易: {} 笔 ({:.1f}%)\", expenseCount, (expenseCount * 100.0 / transactions.size()));\n        log.info(\"  收入交易: {} 笔 ({:.1f}%)\", incomeCount, (incomeCount * 100.0 / transactions.size()));\n    }\n\n    /**\n     * 账号脱敏处理\n     */\n    private static String maskAccountNumber(String accountNumber) {\n        if (accountNumber == null || accountNumber.length() <= 8) {\n            return accountNumber;\n        }\n        return accountNumber.substring(0, 4) + \"****\" + accountNumber.substring(accountNumber.length() - 4);\n    }\n}","completed":false,"isEnd":false,"failed":false}
[55864] [2026-01-09 20:04:19] [VERBOSE] [VIRTUALEDITOR]  VirtualEditor.deleteDocument, args: absolutePath=/Users/xiaoliu/baidu/bpit-proc-apps/pmc/pmc-basic-bankcommon/src/main/java/com/baidu/pmc/bankcommon/core/utils/BankTransactionDemo.java
[55864] [2026-01-09 20:04:19] [INFO] [ENGINE]  <--------- ENGINE SEND: VIRTUAL_EDITOR_EVENT {"action":"deleteDocument","payload":{"absolutePath":"/Users/xiaoliu/baidu/bpit-proc-apps/pmc/pmc-basic-bankcommon/src/main/java/com/baidu/pmc/bankcommon/core/utils/BankTransactionDemo.java","uuid":"5c37c7f5-e137-48aa-8cf7-67c5df5794f9"}}
[55864] [2026-01-09 20:04:19] [VERBOSE] [VIRTUALEDITOR]  VirtualEditor.getDocument, args: absolutePath=/Users/xiaoliu/baidu/bpit-proc-apps/pmc/.comate/rules/rules.mdr
[55864] [2026-01-09 20:04:19] [INFO] [ENGINE]  <--------- ENGINE SEND: VIRTUAL_EDITOR_EVENT {"action":"getDocument","payload":{"absolutePath":"/Users/xiaoliu/baidu/bpit-proc-apps/pmc/.comate/rules/rules.mdr","uuid":"d790fa6f-513b-4ca0-ad21-3076435f2c32"}}
[55864] [2026-01-09 20:04:19] [INFO] [ENGINE]  ---------> ENGINE REC: VIRTUAL_EDITOR_EVENT {"uuid":"d790fa6f-513b-4ca0-ad21-3076435f2c32","existed":true,"content":"---\n alwaysApply: true \n---\n# 百度PMC支付管理中心项目规则\n\n## 项目概览\n\n**项目定位**: 百度企业金融支付管理中心，处理多银行渠道的企业支付业务\n**架构模式**: Spring Cloud微服务架构，按银行维度模块化设计\n**技术栈**: Spring Boot 1.5.9 + MyBatis + Spring Cloud Netflix + Hessian\n\n## 核心架构规则\n\n### 模块划分原则\n- **银行独立模块**: 每个银行对应独立服务模块（pmc-basic-{bank-code}）\n- **通用支撑模块**: pmc-basic-common（基础设施）、pmc-basic-pojo（数据模型）、pmc-basic-persistence（数据访问）\n- **业务核心模块**: pmc-basic-service（核心业务）、pmc-basic-web（网关层）\n- **策略模式**: 所有银行模块实现统一BankStrategy接口，运行时动态选择具体实现\n\n### 分层架构规范\n```\nController层 → Service层 → 银行策略层 → Persistence层\n```\n- Controller: 统一使用@RestController，返回ResponseMessage包装对象\n- Service: 接口+实现类模式，使用Spring声明式事务\n- 策略层: 通过BankStrategyEnum枚举选择具体银行实现\n- Persistence: MyBatis + 通用Mapper，XML映射文件位于resources/mapper/\n\n## 开发契约\n\n### 异常处理模式\n- 全局异常处理器: 使用@RestControllerAdvice统一处理FeignException、AccessDeniedException等\n- 统一响应: 所有API返回ResponseMessage对象（包含status、message、data字段）\n- 操作日志: 基于MyBatis拦截器自动记录DELETE/UPDATE操作，异步写入\n\n### 银行接口封装规范\n- **报文标准化**: 统一使用MessageBuilder构建银行报文，ResponseXmlParser解析响应\n- **XML处理**: 使用JDOM2处理银行XML报文，XPath进行节点操作\n- **安全机制**: 各银行独立处理加密、证书、签名等安全要求\n- **通信协议**: 主要使用HTTP+XML，部分银行支持FTP/SFTP\n\n### 命名规范\n- **包名**: com.baidu.pmc.{bank-code}.{layer}\n- **类名**: {BankCode}{Function}（如：CmbController、IcbcService）\n- **方法名**: selectXxx、queryXxx、insertXxx、updateXxx、deleteXxx\n- **表名**: pmc_{bank-code}_{entity-name}\n- **模块名**: pmc-basic-{bank-code}\n\n### 配置管理\n- **多环境支持**: Maven profiles管理local/dev/test/uat/sit/vir/online环境\n- **配置中心**: Spring Cloud Config集中管理配置\n- **服务注册**: Eureka进行服务发现和注册\n- **网关路由**: Zuul统一路由转发和过滤处理\n\n## 关键开发模式\n\n### 银行适配器模式\n每个银行模块独立部署，通过策略模式实现统一调用：\n1. 定义BankStrategy接口规范\n2. 各银行实现具体的策略类\n3. 通过BankStrategyEnum选择具体实现\n4. 运行时动态绑定银行特定逻辑\n\n### 数据一致性保障\n- **事务边界**: Service层定义事务边界，跨银行操作使用最终一致性\n- **幂等性**: 支付指令使用唯一标识，支持重复提交校验\n- **状态管理**: 统一支付状态流转（待发送→已发送→处理中→成功/失败）\n\n### 异步处理机制\n- **异步日志**: 使用@Async注解实现操作日志异步写入\n- **消息推送**: 集成百度微云消息中心进行状态通知\n- **重试机制**: 银行接口调用支持可配置的重试策略\n\n## 环境配置\n\n### 端口分配\n各银行服务使用不同端口避免冲突：\n- 主服务: 8080\n- 招商银行: 8081\n- 工商银行: 8082\n- 建设银行: 8083\n- [需人工确认] 其他银行端口按顺序分配\n\n### 构建部署\n- **构建工具**: Maven多模块项目，Java 8编译\n- **CI/CD**: BCloud平台自动化构建\n- **构建脚本**: 各环境独立脚本（sitBuild.sh、uatBuild.sh等）\n- **产出物**: 统一输出到output目录\n\n## 集成规范\n\n### 百度内部系统集成\n- **认证系统**: UUAP统一认证，支持单点登录\n- **消息中心**: 百度微云消息中心推送状态变更通知\n- **工作流**: WK工作流引擎处理审批流程\n\n### 外部接口规范\n- **RESTful API**: 统一使用REST风格接口\n- **数据格式**: JSON为主，银行接口使用XML\n- **错误码**: 统一错误码规范，区分系统错误和业务错误\n\n## 注意事项\n\n1. **银行模块隔离**: 禁止跨银行模块直接调用，必须通过策略模式\n2. **环境配置**: 严格按Maven profile进行环境隔离，禁止配置混淆\n3. **安全要求**: 银行敏感信息（密钥、证书）按各银行要求独立管理\n4. **事务边界**: 避免跨银行事务，使用补偿机制保证最终一致性\n5. **版本兼容**: Spring Boot 1.5.9版本，注意依赖版本冲突\n\n---\n\n**最后更新**: 2025-11-09\n**适用范围**: 百度PMC支付管理中心所有开发活动\n**规则优先级**: 项目级规则 > 通用开发规范 > 个人编码习惯","completed":false,"isEnd":false,"failed":false}
[55864] [2026-01-09 20:04:20] [INFO] [ENGINE]  ---------> ENGINE REC: COMATE_AGENT_NEW_MESSAGE {"data":"{\"agentPayload\":{\"messageType\":\"refresh-messages\",\"conversationId\":\"20fec48e-734a-4cda-b6a7-4b56823ff21d\",\"payload\":{}}}"}
[55864] [2026-01-09 20:04:20] [INFO] [CONVERSATIONMANAGER]  onConversationMessage {"messageType":"refresh-messages","conversationId":"20fec48e-734a-4cda-b6a7-4b56823ff21d","payload":{}}
[55864] [2026-01-09 20:04:22] [INFO] [ENGINE]  ---------> ENGINE REC: COMATE_AGENT_NEW_MESSAGE {"data":"{\"agentPayload\":{\"messageType\":\"refresh-messages\",\"conversationId\":\"20fec48e-734a-4cda-b6a7-4b56823ff21d\",\"payload\":{}}}"}
[55864] [2026-01-09 20:04:22] [INFO] [CONVERSATIONMANAGER]  onConversationMessage {"messageType":"refresh-messages","conversationId":"20fec48e-734a-4cda-b6a7-4b56823ff21d","payload":{}}
[55864] [2026-01-09 20:04:22] [VERBOSE] [VIRTUALEDITOR]  VirtualEditor.closeDocument, args: absolutePath=/Users/xiaoliu/baidu/bpit-proc-apps/pmc/pmc-basic-bankcommon/src/main/java/com/baidu/pmc/bankcommon/core/utils/BankTransactionDemo.java
[55864] [2026-01-09 20:04:22] [INFO] [ENGINE]  <--------- ENGINE SEND: VIRTUAL_EDITOR_EVENT {"action":"closeDocument","payload":{"absolutePath":"/Users/xiaoliu/baidu/bpit-proc-apps/pmc/pmc-basic-bankcommon/src/main/java/com/baidu/pmc/bankcommon/core/utils/BankTransactionDemo.java","uuid":"dcdf38d4-8ef5-4564-b3e7-a0ff5460ce59"}}
[55864] [2026-01-09 20:04:30] [VERBOSE] [VIRTUALEDITOR]  VirtualEditor.endConversationEditSession, args: conversationId=20fec48e-734a-4cda-b6a7-4b56823ff21d
[55864] [2026-01-09 20:04:30] [INFO] [ENGINE]  <--------- ENGINE SEND: VIRTUAL_EDITOR_EVENT {"action":"endConversationEditSession","payload":{"conversationId":"20fec48e-734a-4cda-b6a7-4b56823ff21d","uuid":"c2395101-f633-48e2-aeb7-bbf87c77afc6"}}
[55864] [2026-01-09 20:04:30] [INFO] [ENGINE]  <--------- ENGINE SEND: COMATE_AGENT_UPDATE_MESSAGE {"data":{"type":"conversation-status","conversationInfo":{"id":"20fec48e-734a-4cda-b6a7-4b56823ff21d","status":"Completed","type":"E2EBotConversation","utime":1767959309478,"ctime":1767959309460}}}
[55864] [2026-01-09 20:04:30] [INFO] [CONVERSATIONMANAGER]  [Zulu] reported 10 suggestions successfully
[55864] [2026-01-09 20:04:30] [INFO] [CONVERSATIONMANAGER]  [Zulu] Roundtrip completed: uuid= 9c49b4f0-c014-4cf8-907d-eef422e0f5b6
[55864] [2026-01-09 20:04:30] [INFO] [CONVERSATIONMANAGER]  [Zulu] Track roundtrip completed: reportedId= 9c49b4f0-c014-4cf8-907d-eef422e0f5b6
[55864] [2026-01-09 20:04:32] [INFO] [ENGINE]  ---------> ENGINE REC: COMATE_AGENT_NEW_MESSAGE {"data":"{\"agentPayload\":{\"messageType\":\"refresh-messages\",\"conversationId\":\"20fec48e-734a-4cda-b6a7-4b56823ff21d\",\"payload\":{}}}"}
[55864] [2026-01-09 20:04:32] [INFO] [CONVERSATIONMANAGER]  onConversationMessage {"messageType":"refresh-messages","conversationId":"20fec48e-734a-4cda-b6a7-4b56823ff21d","payload":{}}
[55864] [2026-01-09 20:05:49] [INFO] [ENGINE]  ---------> ENGINE REC: COMATE_AGENT_NEW_MESSAGE {"data":"{\"agentPayload\":{\"messageType\":\"message-operation\",\"conversationType\":null,\"conversationId\":\"20fec48e-734a-4cda-b6a7-4b56823ff21d\",\"payload\":{\"query\":null,\"action\":\"file-accept-block\",\"filePath\":\"/Users/xiaoliu/baidu/bpit-proc-apps/pmc/pmc-basic-bankcommon/src/test/java/com/baidu/pmc/bankcommon/core/utils/BankTransactionParserTest.java\",\"elementId\":\"6960ee4d52ad0b146922d3dc\",\"knowledgeList\":null,\"source\":\"\",\"acceptance\":{\"addLines\":0,\"deleteLines\":0,\"source\":\"\"},\"accepted\":true}}}"}
[55864] [2026-01-09 20:05:49] [INFO] [CONVERSATIONMANAGER]  onConversationMessage {"messageType":"message-operation","conversationType":null,"conversationId":"20fec48e-734a-4cda-b6a7-4b56823ff21d","payload":{"query":null,"action":"file-accept-block","filePath":"/Users/xiaoliu/baidu/bpit-proc-apps/pmc/pmc-basic-bankcommon/src/test/java/com/baidu/pmc/bankcommon/core/utils/BankTransactionParserTest.java","elementId":"6960ee4d52ad0b146922d3dc","knowledgeList":null,"source":"","acceptance":{"addLines":0,"deleteLines":0,"source":""},"accepted":true}}
[55864] [2026-01-09 20:05:49] [INFO] [PLUGINCHANNEL]  {"level":"system","source":"IdeSession","action":"HandleMessage","detail":{"actionName":"DIAGNOSTIC_SCAN"}}
[55864] [2026-01-09 20:05:49] [INFO] [PLUGINCHANNEL]  {"level":"error","source":"IdeSession","action":"PluginNotFound","detail":{"pluginName":""}}
[55864] [2026-01-09 20:05:50] [INFO] [ENGINE]  ---------> ENGINE REC: COMATE_AGENT_NEW_MESSAGE {"data":"{\"agentPayload\":{\"messageType\":\"refresh-messages\",\"conversationId\":\"20fec48e-734a-4cda-b6a7-4b56823ff21d\",\"payload\":{}}}"}
[55864] [2026-01-09 20:05:50] [INFO] [CONVERSATIONMANAGER]  onConversationMessage {"messageType":"refresh-messages","conversationId":"20fec48e-734a-4cda-b6a7-4b56823ff21d","payload":{}}
[55864] [2026-01-09 20:06:12] [INFO] [PLUGINCHANNEL]  {"level":"system","source":"IdeSession","action":"HandleMessage","detail":{"actionName":"DIAGNOSTIC_SCAN"}}
[55864] [2026-01-09 20:06:12] [INFO] [PLUGINCHANNEL]  {"level":"error","source":"IdeSession","action":"PluginNotFound","detail":{"pluginName":""}}
[55864] [2026-01-09 20:06:35] [INFO] [PLUGINCHANNEL]  {"level":"system","source":"IdeSession","action":"HandleMessage","detail":{"actionName":"DIAGNOSTIC_SCAN"}}
[55864] [2026-01-09 20:06:35] [INFO] [PLUGINCHANNEL]  {"level":"error","source":"IdeSession","action":"PluginNotFound","detail":{"pluginName":""}}
[55864] [2026-01-09 20:06:41] [INFO] [PLUGINCHANNEL]  {"level":"warn","source":"IdeSession","action":"SessionTimeout","detail":{}}
[55864] [2026-01-09 20:06:54] [INFO] [PLUGINCHANNEL]  {"level":"system","source":"IdeSession","action":"HandleMessage","detail":{"actionName":"DIAGNOSTIC_SCAN"}}
[55864] [2026-01-09 20:06:54] [INFO] [PLUGINCHANNEL]  {"level":"error","source":"IdeSession","action":"PluginNotFound","detail":{"pluginName":""}}
[55864] [2026-01-09 20:07:03] [INFO] [PLUGINCHANNEL]  {"level":"system","source":"IdeSession","action":"HandleMessage","detail":{"actionName":"DIAGNOSTIC_SCAN"}}
[55864] [2026-01-09 20:07:03] [INFO] [PLUGINCHANNEL]  {"level":"error","source":"IdeSession","action":"PluginNotFound","detail":{"pluginName":""}}
[55864] [2026-01-09 20:07:06] [INFO] [PLUGINCHANNEL]  {"level":"system","source":"IdeSession","action":"HandleMessage","detail":{"actionName":"DIAGNOSTIC_SCAN"}}
[55864] [2026-01-09 20:07:06] [INFO] [PLUGINCHANNEL]  {"level":"error","source":"IdeSession","action":"PluginNotFound","detail":{"pluginName":""}}
[55864] [2026-01-09 20:07:09] [INFO] [PLUGINCHANNEL]  {"level":"system","source":"IdeSession","action":"HandleMessage","detail":{"actionName":"DIAGNOSTIC_SCAN"}}
[55864] [2026-01-09 20:07:09] [INFO] [PLUGINCHANNEL]  {"level":"error","source":"IdeSession","action":"PluginNotFound","detail":{"pluginName":""}}
[55864] [2026-01-09 20:07:11] [INFO] [PLUGINCHANNEL]  {"level":"system","source":"IdeSession","action":"HandleMessage","detail":{"actionName":"DIAGNOSTIC_SCAN"}}
[55864] [2026-01-09 20:07:11] [INFO] [PLUGINCHANNEL]  {"level":"error","source":"IdeSession","action":"PluginNotFound","detail":{"pluginName":""}}
[55864] [2026-01-09 20:07:15] [INFO] [PLUGINCHANNEL]  {"level":"system","source":"IdeSession","action":"HandleMessage","detail":{"actionName":"DIAGNOSTIC_SCAN"}}
[55864] [2026-01-09 20:07:15] [INFO] [PLUGINCHANNEL]  {"level":"error","source":"IdeSession","action":"PluginNotFound","detail":{"pluginName":""}}
[55864] [2026-01-09 20:07:19] [INFO] [PLUGINCHANNEL]  {"level":"warn","source":"IdeSession","action":"SessionTimeout","detail":{}}
[55864] [2026-01-09 20:07:30] [INFO] [PLUGINCHANNEL]  {"level":"system","source":"IdeSession","action":"HandleMessage","detail":{"actionName":"DIAGNOSTIC_SCAN"}}
[55864] [2026-01-09 20:07:30] [INFO] [PLUGINCHANNEL]  {"level":"error","source":"IdeSession","action":"PluginNotFound","detail":{"pluginName":""}}
[55864] [2026-01-09 20:07:32] [INFO] [PLUGINCHANNEL]  {"level":"system","source":"IdeSession","action":"HandleMessage","detail":{"actionName":"DIAGNOSTIC_SCAN"}}
[55864] [2026-01-09 20:07:32] [INFO] [PLUGINCHANNEL]  {"level":"error","source":"IdeSession","action":"PluginNotFound","detail":{"pluginName":""}}
[55864] [2026-01-09 20:07:36] [INFO] [PLUGINCHANNEL]  {"level":"system","source":"IdeSession","action":"HandleMessage","detail":{"actionName":"DIAGNOSTIC_SCAN"}}
[55864] [2026-01-09 20:07:36] [INFO] [PLUGINCHANNEL]  {"level":"error","source":"IdeSession","action":"PluginNotFound","detail":{"pluginName":""}}
[55864] [2026-01-09 20:07:38] [INFO] [PLUGINCHANNEL]  {"level":"system","source":"IdeSession","action":"HandleMessage","detail":{"actionName":"DIAGNOSTIC_SCAN"}}
[55864] [2026-01-09 20:07:38] [INFO] [PLUGINCHANNEL]  {"level":"error","source":"IdeSession","action":"PluginNotFound","detail":{"pluginName":""}}
[55864] [2026-01-09 20:07:46] [INFO] [PLUGINCHANNEL]  {"level":"system","source":"IdeSession","action":"HandleMessage","detail":{"actionName":"DIAGNOSTIC_SCAN"}}
[55864] [2026-01-09 20:07:46] [INFO] [PLUGINCHANNEL]  {"level":"error","source":"IdeSession","action":"PluginNotFound","detail":{"pluginName":""}}
[55864] [2026-01-09 20:07:52] [INFO] [PLUGINCHANNEL]  {"level":"system","source":"IdeSession","action":"HandleMessage","detail":{"actionName":"DIAGNOSTIC_SCAN"}}
[55864] [2026-01-09 20:07:52] [INFO] [PLUGINCHANNEL]  {"level":"error","source":"IdeSession","action":"PluginNotFound","detail":{"pluginName":""}}
[55864] [2026-01-09 20:08:10] [INFO] [PLUGINCHANNEL]  {"level":"warn","source":"IdeSession","action":"SessionTimeout","detail":{}}
[55864] [2026-01-09 20:08:13] [INFO] [PLUGINCHANNEL]  {"level":"system","source":"IdeSession","action":"HandleMessage","detail":{"actionName":"DIAGNOSTIC_SCAN"}}
[55864] [2026-01-09 20:08:13] [INFO] [PLUGINCHANNEL]  {"level":"error","source":"IdeSession","action":"PluginNotFound","detail":{"pluginName":""}}
[55864] [2026-01-09 20:08:15] [INFO] [PLUGINCHANNEL]  {"level":"system","source":"IdeSession","action":"HandleMessage","detail":{"actionName":"DIAGNOSTIC_SCAN"}}
[55864] [2026-01-09 20:08:15] [INFO] [PLUGINCHANNEL]  {"level":"error","source":"IdeSession","action":"PluginNotFound","detail":{"pluginName":""}}
[55864] [2026-01-09 20:08:17] [INFO] [PLUGINCHANNEL]  {"level":"system","source":"IdeSession","action":"HandleMessage","detail":{"actionName":"DIAGNOSTIC_SCAN"}}
[55864] [2026-01-09 20:08:17] [INFO] [PLUGINCHANNEL]  {"level":"error","source":"IdeSession","action":"PluginNotFound","detail":{"pluginName":""}}
[55864] [2026-01-09 20:08:20] [INFO] [PLUGINCHANNEL]  {"level":"system","source":"IdeSession","action":"HandleMessage","detail":{"actionName":"DIAGNOSTIC_SCAN"}}
[55864] [2026-01-09 20:08:20] [INFO] [PLUGINCHANNEL]  {"level":"error","source":"IdeSession","action":"PluginNotFound","detail":{"pluginName":""}}
[55864] [2026-01-09 20:08:26] [INFO] [PLUGINCHANNEL]  {"level":"system","source":"IdeSession","action":"HandleMessage","detail":{"actionName":"DIAGNOSTIC_SCAN"}}
[55864] [2026-01-09 20:08:26] [INFO] [PLUGINCHANNEL]  {"level":"error","source":"IdeSession","action":"PluginNotFound","detail":{"pluginName":""}}
[55864] [2026-01-09 20:08:36] [INFO] [PLUGINCHANNEL]  {"level":"system","source":"IdeSession","action":"HandleMessage","detail":{"actionName":"DIAGNOSTIC_SCAN"}}
[55864] [2026-01-09 20:08:36] [INFO] [PLUGINCHANNEL]  {"level":"error","source":"IdeSession","action":"PluginNotFound","detail":{"pluginName":""}}
[55864] [2026-01-09 20:08:37] [INFO] [PLUGINCHANNEL]  {"level":"system","source":"IdeSession","action":"HandleMessage","detail":{"actionName":"DIAGNOSTIC_SCAN"}}
[55864] [2026-01-09 20:08:37] [INFO] [PLUGINCHANNEL]  {"level":"error","source":"IdeSession","action":"PluginNotFound","detail":{"pluginName":""}}
[55864] [2026-01-09 20:08:39] [INFO] [PLUGINCHANNEL]  {"level":"system","source":"IdeSession","action":"HandleMessage","detail":{"actionName":"DIAGNOSTIC_SCAN"}}
[55864] [2026-01-09 20:08:39] [INFO] [PLUGINCHANNEL]  {"level":"error","source":"IdeSession","action":"PluginNotFound","detail":{"pluginName":""}}
[55864] [2026-01-09 20:08:40] [INFO] [PLUGINCHANNEL]  {"level":"system","source":"IdeSession","action":"HandleMessage","detail":{"actionName":"DIAGNOSTIC_SCAN"}}
[55864] [2026-01-09 20:08:40] [INFO] [PLUGINCHANNEL]  {"level":"error","source":"IdeSession","action":"PluginNotFound","detail":{"pluginName":""}}
[55864] [2026-01-09 20:08:41] [INFO] [PLUGINCHANNEL]  {"level":"system","source":"IdeSession","action":"HandleMessage","detail":{"actionName":"DIAGNOSTIC_SCAN"}}
[55864] [2026-01-09 20:08:41] [INFO] [PLUGINCHANNEL]  {"level":"error","source":"IdeSession","action":"PluginNotFound","detail":{"pluginName":""}}
[55864] [2026-01-09 20:08:42] [INFO] [PLUGINCHANNEL]  {"level":"system","source":"IdeSession","action":"HandleMessage","detail":{"actionName":"DIAGNOSTIC_SCAN"}}
[55864] [2026-01-09 20:08:42] [INFO] [PLUGINCHANNEL]  {"level":"error","source":"IdeSession","action":"PluginNotFound","detail":{"pluginName":""}}
[55864] [2026-01-09 20:08:43] [INFO] [PLUGINCHANNEL]  {"level":"system","source":"IdeSession","action":"HandleMessage","detail":{"actionName":"DIAGNOSTIC_SCAN"}}
[55864] [2026-01-09 20:08:43] [INFO] [PLUGINCHANNEL]  {"level":"error","source":"IdeSession","action":"PluginNotFound","detail":{"pluginName":""}}
[55864] [2026-01-09 20:08:44] [INFO] [PLUGINCHANNEL]  {"level":"system","source":"IdeSession","action":"HandleMessage","detail":{"actionName":"DIAGNOSTIC_SCAN"}}
[55864] [2026-01-09 20:08:44] [INFO] [PLUGINCHANNEL]  {"level":"error","source":"IdeSession","action":"PluginNotFound","detail":{"pluginName":""}}
[55864] [2026-01-09 20:08:46] [INFO] [PLUGINCHANNEL]  {"level":"system","source":"IdeSession","action":"HandleMessage","detail":{"actionName":"DIAGNOSTIC_SCAN"}}
[55864] [2026-01-09 20:08:46] [INFO] [PLUGINCHANNEL]  {"level":"error","source":"IdeSession","action":"PluginNotFound","detail":{"pluginName":""}}
[55864] [2026-01-09 20:08:49] [INFO] [PLUGINCHANNEL]  {"level":"system","source":"IdeSession","action":"HandleMessage","detail":{"actionName":"DIAGNOSTIC_SCAN"}}
[55864] [2026-01-09 20:08:49] [INFO] [PLUGINCHANNEL]  {"level":"error","source":"IdeSession","action":"PluginNotFound","detail":{"pluginName":""}}
[55864] [2026-01-09 20:08:50] [INFO] [PLUGINCHANNEL]  {"level":"system","source":"IdeSession","action":"HandleMessage","detail":{"actionName":"DIAGNOSTIC_SCAN"}}
[55864] [2026-01-09 20:08:50] [INFO] [PLUGINCHANNEL]  {"level":"error","source":"IdeSession","action":"PluginNotFound","detail":{"pluginName":""}}
[55864] [2026-01-09 20:08:55] [INFO] [PLUGINCHANNEL]  {"level":"system","source":"IdeSession","action":"HandleMessage","detail":{"actionName":"DIAGNOSTIC_SCAN"}}
[55864] [2026-01-09 20:08:55] [INFO] [PLUGINCHANNEL]  {"level":"error","source":"IdeSession","action":"PluginNotFound","detail":{"pluginName":""}}
[55864] [2026-01-09 20:09:21] [INFO] [PLUGINCHANNEL]  {"level":"system","source":"IdeSession","action":"HandleMessage","detail":{"actionName":"DIAGNOSTIC_SCAN"}}
[55864] [2026-01-09 20:09:21] [INFO] [PLUGINCHANNEL]  {"level":"error","source":"IdeSession","action":"PluginNotFound","detail":{"pluginName":""}}
[55864] [2026-01-09 20:09:29] [INFO] [PLUGINCHANNEL]  {"level":"system","source":"IdeSession","action":"HandleMessage","detail":{"actionName":"DIAGNOSTIC_SCAN"}}
[55864] [2026-01-09 20:09:29] [INFO] [PLUGINCHANNEL]  {"level":"error","source":"IdeSession","action":"PluginNotFound","detail":{"pluginName":""}}
[55864] [2026-01-09 20:09:32] [INFO] [PLUGINCHANNEL]  {"level":"system","source":"IdeSession","action":"HandleMessage","detail":{"actionName":"DIAGNOSTIC_SCAN"}}
[55864] [2026-01-09 20:09:32] [INFO] [PLUGINCHANNEL]  {"level":"error","source":"IdeSession","action":"PluginNotFound","detail":{"pluginName":""}}
[55864] [2026-01-09 20:09:33] [INFO] [PLUGINCHANNEL]  {"level":"system","source":"IdeSession","action":"HandleMessage","detail":{"actionName":"DIAGNOSTIC_SCAN"}}
[55864] [2026-01-09 20:09:33] [INFO] [PLUGINCHANNEL]  {"level":"error","source":"IdeSession","action":"PluginNotFound","detail":{"pluginName":""}}
[55864] [2026-01-09 20:09:35] [INFO] [PLUGINCHANNEL]  {"level":"system","source":"IdeSession","action":"HandleMessage","detail":{"actionName":"DIAGNOSTIC_SCAN"}}
[55864] [2026-01-09 20:09:35] [INFO] [PLUGINCHANNEL]  {"level":"error","source":"IdeSession","action":"PluginNotFound","detail":{"pluginName":""}}
[55864] [2026-01-09 20:09:41] [INFO] [PLUGINCHANNEL]  {"level":"system","source":"IdeSession","action":"HandleMessage","detail":{"actionName":"DIAGNOSTIC_SCAN"}}
[55864] [2026-01-09 20:09:41] [INFO] [PLUGINCHANNEL]  {"level":"error","source":"IdeSession","action":"PluginNotFound","detail":{"pluginName":""}}
[55864] [2026-01-09 20:09:44] [INFO] [PLUGINCHANNEL]  {"level":"system","source":"IdeSession","action":"HandleMessage","detail":{"actionName":"DIAGNOSTIC_SCAN"}}
[55864] [2026-01-09 20:09:44] [INFO] [PLUGINCHANNEL]  {"level":"error","source":"IdeSession","action":"PluginNotFound","detail":{"pluginName":""}}
[55864] [2026-01-09 20:09:48] [INFO] [PLUGINCHANNEL]  {"level":"system","source":"IdeSession","action":"HandleMessage","detail":{"actionName":"DIAGNOSTIC_SCAN"}}
[55864] [2026-01-09 20:09:48] [INFO] [PLUGINCHANNEL]  {"level":"error","source":"IdeSession","action":"PluginNotFound","detail":{"pluginName":""}}
[55864] [2026-01-09 20:09:49] [INFO] [PLUGINCHANNEL]  {"level":"system","source":"IdeSession","action":"HandleMessage","detail":{"actionName":"DIAGNOSTIC_SCAN"}}
[55864] [2026-01-09 20:09:49] [INFO] [PLUGINCHANNEL]  {"level":"error","source":"IdeSession","action":"PluginNotFound","detail":{"pluginName":""}}
[55864] [2026-01-09 20:09:49] [INFO] [PLUGINCHANNEL]  {"level":"system","source":"IdeSession","action":"HandleMessage","detail":{"actionName":"DIAGNOSTIC_SCAN"}}
[55864] [2026-01-09 20:09:49] [INFO] [PLUGINCHANNEL]  {"level":"error","source":"IdeSession","action":"PluginNotFound","detail":{"pluginName":""}}
[55864] [2026-01-09 20:09:55] [INFO] [PLUGINCHANNEL]  {"level":"system","source":"IdeSession","action":"HandleMessage","detail":{"actionName":"DIAGNOSTIC_SCAN"}}
[55864] [2026-01-09 20:09:55] [INFO] [PLUGINCHANNEL]  {"level":"error","source":"IdeSession","action":"PluginNotFound","detail":{"pluginName":""}}
[55864] [2026-01-09 20:10:00] [INFO] [PLUGINCHANNEL]  {"level":"system","source":"IdeSession","action":"HandleMessage","detail":{"actionName":"DIAGNOSTIC_SCAN"}}
[55864] [2026-01-09 20:10:00] [INFO] [PLUGINCHANNEL]  {"level":"error","source":"IdeSession","action":"PluginNotFound","detail":{"pluginName":""}}
[55864] [2026-01-09 20:10:49] [INFO] [PLUGINCHANNEL]  {"level":"warn","source":"IdeSession","action":"SessionTimeout","detail":{}}
[55864] [2026-01-09 20:11:12] [INFO] [PLUGINCHANNEL]  {"level":"warn","source":"IdeSession","action":"SessionTimeout","detail":{}}
[55864] [2026-01-09 20:11:35] [INFO] [PLUGINCHANNEL]  {"level":"warn","source":"IdeSession","action":"SessionTimeout","detail":{}}
[55864] [2026-01-09 20:11:54] [INFO] [PLUGINCHANNEL]  {"level":"warn","source":"IdeSession","action":"SessionTimeout","detail":{}}
[55864] [2026-01-09 20:12:03] [INFO] [PLUGINCHANNEL]  {"level":"warn","source":"IdeSession","action":"SessionTimeout","detail":{}}
[55864] [2026-01-09 20:12:06] [INFO] [PLUGINCHANNEL]  {"level":"warn","source":"IdeSession","action":"SessionTimeout","detail":{}}
[55864] [2026-01-09 20:12:09] [INFO] [PLUGINCHANNEL]  {"level":"warn","source":"IdeSession","action":"SessionTimeout","detail":{}}
[55864] [2026-01-09 20:12:11] [INFO] [PLUGINCHANNEL]  {"level":"warn","source":"IdeSession","action":"SessionTimeout","detail":{}}
[55864] [2026-01-09 20:12:15] [INFO] [PLUGINCHANNEL]  {"level":"warn","source":"IdeSession","action":"SessionTimeout","detail":{}}
[55864] [2026-01-09 20:12:30] [INFO] [PLUGINCHANNEL]  {"level":"warn","source":"IdeSession","action":"SessionTimeout","detail":{}}
[55864] [2026-01-09 20:12:32] [INFO] [PLUGINCHANNEL]  {"level":"warn","source":"IdeSession","action":"SessionTimeout","detail":{}}
[55864] [2026-01-09 20:12:36] [INFO] [PLUGINCHANNEL]  {"level":"warn","source":"IdeSession","action":"SessionTimeout","detail":{}}
[55864] [2026-01-09 20:12:38] [INFO] [PLUGINCHANNEL]  {"level":"warn","source":"IdeSession","action":"SessionTimeout","detail":{}}
[55864] [2026-01-09 20:12:46] [INFO] [PLUGINCHANNEL]  {"level":"warn","source":"IdeSession","action":"SessionTimeout","detail":{}}
[55864] [2026-01-09 20:12:52] [INFO] [PLUGINCHANNEL]  {"level":"warn","source":"IdeSession","action":"SessionTimeout","detail":{}}
[55864] [2026-01-09 20:13:13] [INFO] [PLUGINCHANNEL]  {"level":"warn","source":"IdeSession","action":"SessionTimeout","detail":{}}
[55864] [2026-01-09 20:13:15] [INFO] [PLUGINCHANNEL]  {"level":"warn","source":"IdeSession","action":"SessionTimeout","detail":{}}
[55864] [2026-01-09 20:13:17] [INFO] [PLUGINCHANNEL]  {"level":"warn","source":"IdeSession","action":"SessionTimeout","detail":{}}
[55864] [2026-01-09 20:13:20] [INFO] [PLUGINCHANNEL]  {"level":"warn","source":"IdeSession","action":"SessionTimeout","detail":{}}
[55864] [2026-01-09 20:13:26] [INFO] [PLUGINCHANNEL]  {"level":"warn","source":"IdeSession","action":"SessionTimeout","detail":{}}
[55864] [2026-01-09 20:13:36] [INFO] [PLUGINCHANNEL]  {"level":"warn","source":"IdeSession","action":"SessionTimeout","detail":{}}
[55864] [2026-01-09 20:13:37] [INFO] [PLUGINCHANNEL]  {"level":"warn","source":"IdeSession","action":"SessionTimeout","detail":{}}
[55864] [2026-01-09 20:13:39] [INFO] [PLUGINCHANNEL]  {"level":"warn","source":"IdeSession","action":"SessionTimeout","detail":{}}
[55864] [2026-01-09 20:13:40] [INFO] [PLUGINCHANNEL]  {"level":"warn","source":"IdeSession","action":"SessionTimeout","detail":{}}
[55864] [2026-01-09 20:13:41] [INFO] [PLUGINCHANNEL]  {"level":"warn","source":"IdeSession","action":"SessionTimeout","detail":{}}
[55864] [2026-01-09 20:13:42] [INFO] [PLUGINCHANNEL]  {"level":"warn","source":"IdeSession","action":"SessionTimeout","detail":{}}
[55864] [2026-01-09 20:13:43] [INFO] [PLUGINCHANNEL]  {"level":"warn","source":"IdeSession","action":"SessionTimeout","detail":{}}
[55864] [2026-01-09 20:13:44] [INFO] [PLUGINCHANNEL]  {"level":"warn","source":"IdeSession","action":"SessionTimeout","detail":{}}
[55864] [2026-01-09 20:13:46] [INFO] [PLUGINCHANNEL]  {"level":"warn","source":"IdeSession","action":"SessionTimeout","detail":{}}
[55864] [2026-01-09 20:13:49] [INFO] [PLUGINCHANNEL]  {"level":"warn","source":"IdeSession","action":"SessionTimeout","detail":{}}
[55864] [2026-01-09 20:13:50] [INFO] [PLUGINCHANNEL]  {"level":"warn","source":"IdeSession","action":"SessionTimeout","detail":{}}
[55864] [2026-01-09 20:13:55] [INFO] [PLUGINCHANNEL]  {"level":"warn","source":"IdeSession","action":"SessionTimeout","detail":{}}
[55864] [2026-01-09 20:14:21] [INFO] [PLUGINCHANNEL]  {"level":"warn","source":"IdeSession","action":"SessionTimeout","detail":{}}
[55864] [2026-01-09 20:14:29] [INFO] [PLUGINCHANNEL]  {"level":"warn","source":"IdeSession","action":"SessionTimeout","detail":{}}
[55864] [2026-01-09 20:14:32] [INFO] [PLUGINCHANNEL]  {"level":"warn","source":"IdeSession","action":"SessionTimeout","detail":{}}
[55864] [2026-01-09 20:14:33] [INFO] [PLUGINCHANNEL]  {"level":"warn","source":"IdeSession","action":"SessionTimeout","detail":{}}
[55864] [2026-01-09 20:14:35] [INFO] [PLUGINCHANNEL]  {"level":"warn","source":"IdeSession","action":"SessionTimeout","detail":{}}
[55864] [2026-01-09 20:14:41] [INFO] [PLUGINCHANNEL]  {"level":"warn","source":"IdeSession","action":"SessionTimeout","detail":{}}
[55864] [2026-01-09 20:14:44] [INFO] [PLUGINCHANNEL]  {"level":"warn","source":"IdeSession","action":"SessionTimeout","detail":{}}
[55864] [2026-01-09 20:14:48] [INFO] [PLUGINCHANNEL]  {"level":"warn","source":"IdeSession","action":"SessionTimeout","detail":{}}
[55864] [2026-01-09 20:14:49] [INFO] [PLUGINCHANNEL]  {"level":"warn","source":"IdeSession","action":"SessionTimeout","detail":{}}
[55864] [2026-01-09 20:14:49] [INFO] [PLUGINCHANNEL]  {"level":"warn","source":"IdeSession","action":"SessionTimeout","detail":{}}
[55864] [2026-01-09 20:14:55] [INFO] [PLUGINCHANNEL]  {"level":"warn","source":"IdeSession","action":"SessionTimeout","detail":{}}
[55864] [2026-01-09 20:15:00] [INFO] [PLUGINCHANNEL]  {"level":"warn","source":"IdeSession","action":"SessionTimeout","detail":{}}
[55864] [2026-01-09 20:57:08] [INFO] [BROWSERPLUGINSERVER]  服务端离线: xiaoliudeMacBook-Pro.local_61559_kh03x0g
[61559] [2026-01-09 20:57:08] [INFO] [BROWSERPLUGINSERVER]  服务端离线: xiaoliudeMacBook-Pro.local_55864_jzakmcm
[61559] [2026-01-09 20:57:08] [INFO] [BROWSERPLUGINSERVER]  迁移到main port作为主服务器
[61559] [2026-01-09 20:57:08] [INFO] [BROWSERPLUGINSERVER]  WebSocket服务器启动成功: 49153
[55864] [2026-01-09 21:13:34] [INFO] [BROWSERPLUGINSERVER]  服务端离线: xiaoliudeMacBook-Pro.local_61559_kh03x0g
[61559] [2026-01-09 21:13:34] [INFO] [BROWSERPLUGINSERVER]  服务端离线: xiaoliudeMacBook-Pro.local_55864_jzakmcm
[61559] [2026-01-09 21:13:34] [INFO] [BROWSERPLUGINSERVER]  迁移到main port作为主服务器
[61559] [2026-01-09 21:13:34] [INFO] [BROWSERPLUGINSERVER]  WebSocket服务器启动成功: 49153
[55864] [2026-01-09 22:20:59] [INFO] [BROWSERPLUGINSERVER]  服务端离线: xiaoliudeMacBook-Pro.local_61559_kh03x0g
[61559] [2026-01-09 22:20:59] [INFO] [BROWSERPLUGINSERVER]  服务端离线: xiaoliudeMacBook-Pro.local_55864_jzakmcm
[61559] [2026-01-09 22:20:59] [INFO] [BROWSERPLUGINSERVER]  迁移到main port作为主服务器
[61559] [2026-01-09 22:20:59] [INFO] [BROWSERPLUGINSERVER]  WebSocket服务器启动成功: 49153
[61559] [2026-01-09 22:39:01] [INFO] [BROWSERPLUGINSERVER]  服务端离线: xiaoliudeMacBook-Pro.local_55864_jzakmcm
[55864] [2026-01-09 22:39:01] [INFO] [BROWSERPLUGINSERVER]  服务端离线: xiaoliudeMacBook-Pro.local_61559_kh03x0g
[61559] [2026-01-09 22:39:01] [INFO] [BROWSERPLUGINSERVER]  迁移到main port作为主服务器
[61559] [2026-01-09 22:39:01] [INFO] [BROWSERPLUGINSERVER]  WebSocket服务器启动成功: 49153
[55864] [2026-01-09 22:56:19] [INFO] [BROWSERPLUGINSERVER]  服务端离线: xiaoliudeMacBook-Pro.local_61559_kh03x0g
[61559] [2026-01-09 22:56:19] [INFO] [BROWSERPLUGINSERVER]  服务端离线: xiaoliudeMacBook-Pro.local_55864_jzakmcm
[61559] [2026-01-09 22:56:19] [INFO] [BROWSERPLUGINSERVER]  迁移到main port作为主服务器
[61559] [2026-01-09 22:56:19] [INFO] [BROWSERPLUGINSERVER]  WebSocket服务器启动成功: 49153
[55864] [2026-01-09 23:12:46] [INFO] [BROWSERPLUGINSERVER]  服务端离线: xiaoliudeMacBook-Pro.local_61559_kh03x0g
[61559] [2026-01-09 23:12:46] [INFO] [BROWSERPLUGINSERVER]  服务端离线: xiaoliudeMacBook-Pro.local_55864_jzakmcm
[61559] [2026-01-09 23:12:46] [INFO] [BROWSERPLUGINSERVER]  迁移到main port作为主服务器
[61559] [2026-01-09 23:12:46] [INFO] [BROWSERPLUGINSERVER]  WebSocket服务器启动成功: 49153
[55864] [2026-01-09 23:29:01] [INFO] [BROWSERPLUGINSERVER]  服务端离线: xiaoliudeMacBook-Pro.local_61559_kh03x0g
[61559] [2026-01-09 23:29:01] [INFO] [BROWSERPLUGINSERVER]  服务端离线: xiaoliudeMacBook-Pro.local_55864_jzakmcm
[61559] [2026-01-09 23:29:01] [INFO] [BROWSERPLUGINSERVER]  迁移到main port作为主服务器
[61559] [2026-01-09 23:29:01] [INFO] [BROWSERPLUGINSERVER]  WebSocket服务器启动成功: 49153
[55864] [2026-01-09 23:45:59] [INFO] [BROWSERPLUGINSERVER]  服务端离线: xiaoliudeMacBook-Pro.local_61559_kh03x0g
[61559] [2026-01-09 23:45:59] [INFO] [BROWSERPLUGINSERVER]  服务端离线: xiaoliudeMacBook-Pro.local_55864_jzakmcm
[61559] [2026-01-09 23:45:59] [INFO] [BROWSERPLUGINSERVER]  迁移到main port作为主服务器
[61559] [2026-01-09 23:45:59] [INFO] [BROWSERPLUGINSERVER]  WebSocket服务器启动成功: 49153
[55864] [2026-01-10 00:58:20] [INFO] [BROWSERPLUGINSERVER]  服务端离线: xiaoliudeMacBook-Pro.local_61559_kh03x0g
[61559] [2026-01-10 00:58:20] [INFO] [BROWSERPLUGINSERVER]  服务端离线: xiaoliudeMacBook-Pro.local_55864_jzakmcm
[61559] [2026-01-10 00:58:20] [INFO] [BROWSERPLUGINSERVER]  迁移到main port作为主服务器
[61559] [2026-01-10 00:58:20] [INFO] [BROWSERPLUGINSERVER]  WebSocket服务器启动成功: 49153
[61559] [2026-01-10 01:14:26] [INFO] [BROWSERPLUGINSERVER]  服务端离线: xiaoliudeMacBook-Pro.local_55864_jzakmcm
[55864] [2026-01-10 01:14:26] [INFO] [BROWSERPLUGINSERVER]  服务端离线: xiaoliudeMacBook-Pro.local_61559_kh03x0g
[61559] [2026-01-10 01:14:26] [INFO] [BROWSERPLUGINSERVER]  迁移到main port作为主服务器
[61559] [2026-01-10 01:14:26] [INFO] [BROWSERPLUGINSERVER]  WebSocket服务器启动成功: 49153
[61559] [2026-01-10 01:31:10] [INFO] [BROWSERPLUGINSERVER]  服务端离线: xiaoliudeMacBook-Pro.local_55864_jzakmcm
[55864] [2026-01-10 01:31:10] [INFO] [BROWSERPLUGINSERVER]  服务端离线: xiaoliudeMacBook-Pro.local_61559_kh03x0g
[61559] [2026-01-10 01:31:10] [INFO] [BROWSERPLUGINSERVER]  迁移到main port作为主服务器
[61559] [2026-01-10 01:31:10] [INFO] [BROWSERPLUGINSERVER]  WebSocket服务器启动成功: 49153
[61559] [2026-01-10 01:48:42] [INFO] [BROWSERPLUGINSERVER]  服务端离线: xiaoliudeMacBook-Pro.local_55864_jzakmcm
[55864] [2026-01-10 01:48:42] [INFO] [BROWSERPLUGINSERVER]  服务端离线: xiaoliudeMacBook-Pro.local_61559_kh03x0g
[61559] [2026-01-10 01:48:42] [INFO] [BROWSERPLUGINSERVER]  迁移到main port作为主服务器
[61559] [2026-01-10 01:48:42] [INFO] [BROWSERPLUGINSERVER]  WebSocket服务器启动成功: 49153
[55864] [2026-01-10 01:51:17] [WARN] [ENGINE]  engine connection onExit
[61559] [2026-01-10 01:51:18] [WARN] [ENGINE]  engine connection onExit
